p_val,avg_log2FC,pct.1,pct.2,p_val_adj,gene
8.109298158567025e-288,-8.75697105457256,0.019,0.893,2.2624130932586145e-283,AREG
2.199587197447572e-211,3.487550317891958,0.977,0.545,6.13662832215898e-207,CFD
3.820702064528283e-206,1.7310551941689747,1,0.998,1.0659376689827458e-201,SRGN
2.074053482978629e-177,5.353158375366167,0.818,0.085,5.786401812162077e-173,JUN
2.858142399100031e-158,4.8370184208189375,0.772,0.083,7.973931479249176e-154,MARCKS
6.048851100145711e-148,-3.9079161744816355,0.077,0.663,1.687568968429652e-143,SELL
1.2152708114580481e-130,-1.989178096882248,0.439,0.918,3.390484036886808e-126,MPO
5.80204895732047e-130,1.8610102194948643,1,0.997,1.618713638602838e-125,MALAT1
7.670097505538554e-128,1.7610827424009492,0.939,0.763,2.1398805030702014e-123,EMB
1.058595578751928e-127,-3.4590858308098635,0.101,0.638,2.953375805160004e-123,RPL13AP20
4.003389507708466e-122,2.133570716647987,0.872,0.542,1.1169056387555848e-117,CAT
1.561450414239746e-121,1.3941637293005624,0.968,0.851,4.3562905106874674e-117,APLP2
5.0692771530693565e-120,-2.7613482798779208,0.193,0.71,1.4142776329348198e-115,TAPT1-AS1
3.117611964942589e-115,-2.9410797751898237,0.153,0.665,8.697825620993329e-111,TMEM70
1.305350633332696e-113,4.1397505563988535,0.65,0.09,3.641797731934889e-109,PLD3
4.06285678760216e-113,2.4673774476147012,0.872,0.554,1.1334964151731265e-108,CTSG
2.1028300613683314e-108,2.240479096039677,0.93,0.78,5.866685588211507e-104,HSPA5
8.915924044672196e-108,2.2795747651176166,0.812,0.401,2.487453649223096e-103,ZFR
2.4646732596767247e-105,3.1610316617198095,0.682,0.141,6.876191927172094e-101,LGALS3
7.155721229586198e-100,2.7819658148330397,0.796,0.381,1.9963746658422534e-95,NEAT1
1.095415894618688e-98,6.8584897614635265,0.532,0.021,3.0561008043966776e-94,DEFB1
8.714839173705235e-98,-7.433043187905382,0.009,0.381,2.4313529810720235e-93,THBS1
6.906296403533999e-96,2.992739666182928,0.706,0.247,1.9267876336219504e-91,VMP1
6.9205172013124645e-96,1.6116988402752628,0.922,0.74,1.9307550939941646e-91,UBC
1.3041884065999148e-92,-0.7855075523649626,0.98,0.994,3.638555235573102e-88,RPS29
1.788669772349587e-92,-1.2817625268513768,0.721,0.92,4.990209797878113e-88,RPS14P3
1.7103953033263386e-91,-3.887343811954227,0.031,0.42,4.771831856750152e-87,RPSAP9
2.8921403151591383e-90,-1.1773401477357144,0.822,0.954,8.06878226526248e-86,PCNP
5.5049843009517056e-90,2.912996955936272,0.667,0.215,1.5358355701225164e-85,SESN3
1.5922451047832883e-88,2.007237227403831,0.815,0.47,4.442204617834896e-84,PLEK
3.1234189361281406e-88,-2.419434607881757,0.213,0.675,8.714026489903899e-84,SAMSN1
8.423521470763613e-86,-4.553251826456892,0.02,0.373,2.3500782551283403e-81,PDE4B
1.5477878397531622e-85,5.500722636367907,0.494,0.03,4.318173294127347e-81,HOXA9
1.5762596501789952e-84,-5.4823423083944025,0.008,0.34,4.397606798034378e-80,CD48
1.5344574757546928e-83,-0.7434940215472867,0.97,0.99,4.2809829116080175e-79,RPL41
2.0123117586505423e-83,-2.7897908716418502,0.137,0.567,5.614148575459148e-79,HIST1H1D
4.815636653431291e-82,-2.8672150391483626,0.121,0.538,1.3435144699407958e-77,RPL13AP6
7.528146260923557e-79,-2.324695243157804,0.175,0.604,2.1002775253350632e-74,GPR183
3.6883518851390745e-78,2.422901694635622,0.673,0.264,1.0290132924349504e-73,SCPEP1
4.498129789040381e-77,3.825107774125065,0.497,0.056,1.2549332298443758e-72,LMNA
8.187857116661447e-75,-0.732461666441127,0.963,0.992,2.284330256977377e-70,RPS23
1.2278421904150974e-74,-0.6863452590235681,0.975,0.995,3.42555692703908e-70,RPS14
1.142788746914559e-73,-6.332417404291174,0.006,0.293,3.188266325016928e-69,LOC100996385
6.48803008276293e-70,-5.508355103026501,0.007,0.284,1.81009551279003e-65,APP
1.2956810622524662e-69,-0.9436920451238993,0.84,0.942,3.6148205955781556e-65,RPL13AP5
5.230416780084515e-69,-2.2433561743447514,0.222,0.622,1.4592339774757789e-64,RPS18P9
7.294921239000394e-69,-3.1256790695643497,0.105,0.49,2.03521007646872e-64,HBB
7.9936481162380215e-68,-1.7149372466237285,0.181,0.601,2.2301478879492456e-63,EREG
8.921330301050974e-68,-0.7382909486231224,0.971,0.998,2.488961940690211e-63,ACTB
4.4528871117140096e-67,3.123111223392973,0.531,0.128,1.2423109752970916e-62,FUT4
3.1718678164195384e-66,-1.1226495239514875,0.74,0.928,8.84919402102887e-62,SNHG5
9.453839809779513e-66,-3.3994752127686647,0.065,0.394,2.6375267685303864e-61,PRTN3
1.6626817745273398e-65,1.8774983799516174,0.705,0.37,4.638715882753825e-61,CLEC11A
4.81846257940266e-65,-0.5081070148295428,0.998,1,1.3443028750275483e-60,RPS6
9.138154140459026e-65,-2.2719153301642985,0.11,0.478,2.549453623646664e-60,DSE
4.2947931141217385e-64,1.8447251189782223,0.747,0.418,1.198204330908824e-59,BTG1
2.497731259730853e-63,-1.183578114669832,0.597,0.862,6.9684204415231065e-59,RPLP0P2
7.260046872540241e-63,-1.7816465086283737,0.26,0.647,2.025480476970002e-58,RPL19P12
1.9723241840639086e-61,-0.5988473320946746,0.968,0.99,5.502587241119898e-57,RPS24
4.3381639027492506e-61,-2.609449070431867,0.078,0.409,1.2103043472280134e-56,KLF9
7.917283180590516e-61,2.958818941016564,0.515,0.139,2.2088428345529484e-56,ATP8B4
1.8430395190340262e-60,-0.5742340133349355,0.981,1,5.14189595415303e-56,PTMA
2.7183502987151144e-60,-0.7302869401505805,0.911,0.981,7.583925498385297e-56,RPS21
9.401878367588799e-60,-2.218169846419478,0.119,0.473,2.623030045773599e-55,IL6R
2.2343476767760076e-58,1.752086451502811,0.745,0.473,6.233606583437383e-54,IRF2BP2
1.723918814062211e-57,-2.1469940868611634,0.17,0.526,4.8095610993521625e-53,SAP30
1.0859753614839627e-56,-1.6575454114379509,0.3,0.665,3.0297626610041074e-52,TPM4
7.6641232252303065e-56,-0.6151829621930993,0.951,0.982,2.1382137386070032e-51,RPL32
1.177780294889511e-55,-1.078249343889389,0.651,0.907,3.2858892447122465e-51,CALM2
1.5632887970781912e-55,1.8893546227145088,0.652,0.317,4.3614194149684457e-51,ADA2
1.363472704627386e-54,-2.4233119496100155,0.082,0.393,3.803952498639944e-50,IGSF6
3.40133143351477e-54,-1.3757523656011015,0.435,0.748,9.489374566362857e-50,LOC107984974
3.6622231962769463e-54,-0.7618717553111605,0.899,0.978,1.0217236495293053e-49,HMGB1
1.1077324725515668e-53,-0.5393170053944667,0.99,0.997,3.090462825171616e-49,TMSB4X
1.7232954529043724e-53,7.740765703069029,0.32,0.006,4.8078219840579085e-49,TP53INP2
5.350649813979808e-53,-1.9220740007712693,0.141,0.484,1.4927777916022266e-48,NACA2
1.7770807285053106e-52,-1.4299239063839218,0.372,0.715,4.957877524456966e-48,MXD1
3.5376599997345465e-52,-3.9131169251076017,0.015,0.245,9.869717633259411e-48,NAPSB
4.07809062512931e-52,-3.225158510030644,0.047,0.314,1.1377465035048263e-47,KCTD12
1.5134721686220352e-51,2.3366523870782894,0.559,0.232,4.2224360032386157e-47,CTSD
2.3765655150998654e-51,-3.7783438677403756,0.018,0.248,6.630380130577114e-47,CCND2
7.540691984466463e-51,2.6509195050219008,0.49,0.154,2.1037776567462988e-46,MSRB3
9.537287303805102e-51,-0.6804775919403907,0.926,0.982,2.6608077848885853e-46,RPLP0
2.6817078325482503e-50,5.407650256917302,0.315,0.011,7.481696682026363e-46,GTSF1
2.724144819269865e-50,-1.2184437447448884,0.533,0.832,7.600091631280997e-46,MT-ND6
4.411113353015055e-50,-0.9798391635975925,0.693,0.905,1.2306565143576702e-45,MT-CYTB
7.980578995053478e-50,-0.520050244579255,0.982,0.995,2.2265017338299697e-45,RPL21
1.3887302576675426e-49,-1.1699902219811287,0.49,0.787,3.874418545866677e-45,RPS26
9.145608335481117e-49,-0.5531357873221125,0.98,0.992,2.551533269515877e-44,RPS27A
9.397463277798174e-49,-2.0897117985301144,0.135,0.455,2.6217982798729127e-44,RPL31P11
1.070580681565295e-48,-0.5993493919351929,0.94,0.982,2.9868130434990165e-44,RPL35
1.1050265447104833e-48,-4.06362335465259,0.017,0.236,3.0829135570877774e-44,SGK1
1.2129563727515609e-48,-1.8684155304524577,0.217,0.55,3.3840269843395796e-44,CHML
1.3936769998793896e-48,1.3225865973954065,0.767,0.543,3.888219461963509e-44,ELF1
5.3525930919518394e-48,-5.547317562169337,0.007,0.207,1.4933199467236436e-43,C12orf75
2.538791288831115e-47,-0.7086073450905355,0.905,0.97,7.082973816709929e-43,MT-COX3
3.778532900017658e-47,-3.3098863363877937,0.028,0.258,1.0541728937759264e-42,JDP2
1.0006953150599546e-46,-1.8036752049421856,0.204,0.529,2.791839859485767e-42,FKBP5
1.727241660446962e-46,6.071116020448727,0.307,0.019,4.8188315084809793e-42,CXCL8
3.711955993626388e-46,-1.6720639963866466,0.15,0.478,1.035598602661826e-41,FTH1P3
7.83065936558576e-46,-2.9869519110790694,0.045,0.292,2.1846756564047713e-41,MIR4426
1.3304430598023463e-45,-0.6263045671838876,0.922,0.965,3.711803092542566e-41,RPS17
1.4413352755123173e-45,-0.8970455555624786,0.689,0.873,4.0211812851518137e-41,FOXP1
2.1925950487366607e-45,9.442155992073022,0.269,0,6.117120926470409e-41,HOXB-AS3
2.4498662713134393e-45,3.235533316113645,0.392,0.083,6.834881910337364e-41,DDIT3
9.994424759132256e-45,-0.6197117711108606,0.908,0.971,2.7883445635503084e-40,RPL22
1.2275121430391214e-44,-3.0820908913982277,0.026,0.245,3.424636127864845e-40,DDIT4
3.203759018828793e-44,2.9160702015887323,0.5,0.202,8.93816728663045e-40,PLIN2
3.692933906301232e-44,-2.995518942681699,0.036,0.266,1.0302916305189808e-39,H3F3C
4.072073238447336e-44,3.0364916906605224,0.438,0.133,1.1360677127944223e-39,CITED2
5.69760031872091e-44,5.900676734092639,0.269,0.003,1.589573512919947e-39,PCAT18
7.709536563229903e-44,0.7472914595998468,0.984,0.979,2.1508836057755107e-39,FTL
2.789998446648119e-43,-0.5097788489149195,0.984,0.984,7.783816666303587e-39,RPL34
4.4553396973311746e-43,-1.1553500451311467,0.425,0.745,1.2429952221584245e-38,STMN1
4.7947282260760014e-43,-2.453446000163747,0.052,0.295,1.3376812277929437e-38,RGS2
5.872585944817746e-43,-1.4467533194527722,0.275,0.593,1.638392752744703e-38,RPSAP58
7.0631207067187365e-43,3.380202232756054,0.364,0.074,1.9705400459674602e-38,RNU4ATAC
1.283606174480597e-42,-2.436680650562755,0.043,0.277,3.5811328661834175e-38,HBEGF
3.832044567822921e-42,1.594004601376725,0.655,0.385,1.0691021139769166e-37,AZU1
3.992457733674716e-42,-0.6678385025014149,0.811,0.936,1.1138557831179092e-37,RPSA
2.2918491054171603e-41,3.035059572290514,0.373,0.085,6.394029819203336e-37,ST8SIA4
7.928506718015741e-41,-1.0832717711541477,0.492,0.774,2.2119740892592113e-36,CD74
8.955720457917225e-41,-1.0299975704205007,0.614,0.835,2.4985564505543265e-36,DBI
2.537582495254965e-40,4.812202779350097,0.269,0.014,7.079601403511827e-36,PROK2
1.1913388402634529e-39,-3.0935154548693586,0.021,0.215,3.323716230451007e-35,RPS2P32
1.790522177455678e-39,-0.9522985246413103,0.561,0.808,4.995377822883597e-35,H3F3AP4
4.073264990502528e-39,2.501092300942563,0.333,0.054,1.1364001997003002e-34,CCL5
5.4705000816676406e-39,-4.31201644684161,0.009,0.179,1.526214817784455e-34,PRSS57
8.625965731872345e-39,-0.471766834227223,0.98,0.995,2.4065581795350653e-34,RPL31
1.1367082255548382e-38,-3.196963107664377,0.026,0.221,3.171302278475443e-34,MS4A10
1.7594498220798265e-38,-0.514025127774274,0.969,0.994,4.908689058620508e-34,RPL5
1.7607842597773027e-38,-1.8023692400363427,0.081,0.335,4.912412006352697e-34,FAM110A
4.050825404325096e-38,-0.44634880658784937,0.986,0.994,1.1301397795526586e-33,RPS27
1.9044199982094437e-37,-1.1813398303635312,0.347,0.657,5.313141353004527e-33,KCNJ3
2.242849693496431e-37,-2.5173207196703027,0.061,0.287,6.257326359885694e-33,MCUB
6.6035999583346746e-37,-1.460348995207541,0.229,0.521,1.842338352375791e-32,IRF8
8.627128652910743e-37,0.9220171917865483,0.873,0.769,2.4068826228755683e-32,PSAP
9.648386637221775e-37,-0.6728972169204388,0.796,0.939,2.691803387918503e-32,HNRNPA1
1.1977526042464242e-36,1.0440130074068086,0.781,0.663,3.341609990587099e-32,MRPL33
1.2861363251037893e-36,-2.188432088937253,0.049,0.264,3.5881917334070616e-32,ANKRD42
1.4654054490766389e-36,-0.7856938231786939,0.79,0.929,4.0883346623789147e-32,MT-ND5
1.680703578866084e-36,-1.7584979074899074,0.166,0.441,4.6889949146784877e-32,LINC00987
3.211139564629478e-36,3.289355713357962,0.279,0.032,8.95875827135978e-32,HOXA10
4.828689074969618e-36,-1.5748979767693925,0.177,0.457,1.3471559650257737e-31,HSP90B2P
1.7639343764826e-35,-3.582102972424207,0.018,0.188,4.921200516948806e-31,FAM111B
3.126933214552865e-35,-3.8725567355517274,0.007,0.16,8.72383097528104e-31,ARHGAP5
3.991669158777587e-35,3.4749949860158194,0.291,0.046,1.113635778607359e-30,MGLL
5.389006592512657e-35,-2.0087275771090645,0.077,0.309,1.5034789492451062e-30,RPL13AP3
6.315400168169592e-35,2.1098096776835806,0.44,0.17,1.7619334929176345e-30,DMXL2
9.877313021028663e-35,5.5958979482110784,0.232,0.011,2.7556715597367867e-30,MEIS1
3.202747431687154e-34,-2.9507470895597336,0.036,0.224,8.935345059663992e-30,PLBD1
3.226918205742221e-34,-1.4684916984674672,0.189,0.471,9.002779102200222e-30,RPL23P8
3.4416565342033702e-34,-0.4180532672942663,0.992,0.997,9.601877564773983e-30,RPS3A
3.451151129190059e-34,-2.7810164357787097,0.03,0.212,9.628366535327345e-30,ALDH2
6.305881749029261e-34,2.5843066269431545,0.429,0.171,1.7592779491616736e-29,FAM46A
7.289801763728674e-34,-0.46461523252183223,0.959,0.994,2.0337817940626628e-29,RPL6
8.453785673432376e-34,-0.4513968775142905,0.983,0.995,2.3585216650308986e-29,RPS12
8.80555690445957e-34,5.011839994872734,0.22,0.006,2.4566623207751753e-29,HOXB4
1.0061797800111735e-33,0.8938700551447276,0.823,0.7,2.807140968253173e-29,UBB
1.0906762776625263e-33,-2.724987455695887,0.046,0.242,3.0428777470506825e-29,LINC01623
1.1436953567582257e-33,0.9973604865484171,0.746,0.548,3.190795675819774e-29,TYROBP
1.3754319323123097e-33,-0.725051972644212,0.917,0.962,3.837317547958113e-29,HMGB2
1.615952889207683e-33,-0.5172016483298507,0.939,0.987,4.508346965600515e-29,MT-ND2
1.984977372447061e-33,-0.4348785996954625,0.983,0.995,5.537888371390055e-29,TMSB10
2.908042718856619e-33,5.347907254884559,0.222,0.01,8.113148381338082e-29,CD70
3.167036984730506e-33,-6.700019674674084,0.001,0.131,8.835716483699638e-29,PKP2
3.2436472984199276e-33,-1.0083868771058977,0.498,0.756,9.049451597861756e-29,NDUFS5
4.208457737606995e-33,-1.1225450786208544,0.284,0.583,1.1741176242149756e-28,RILPL2
4.335055560999457e-33,-0.9233610818830325,0.544,0.774,1.2094371509632384e-28,SNHG6
1.0227839456881787e-32,3.6796727318086946,0.278,0.048,2.8534649300754495e-28,RNU5F-1
1.3353468964899713e-32,1.3698983898028756,0.66,0.465,3.725484306517371e-28,CCNL1
2.257276955001113e-32,-1.8304119762708018,0.109,0.349,6.297576976757605e-28,MAP3K8
2.67491007980587e-32,1.5006091582188694,0.643,0.45,7.462731631650396e-28,PPP1R15A
6.879599184756779e-32,-2.1424415380980584,0.043,0.232,1.919339376555294e-27,BHLHE40
7.258414433057301e-32,4.675205282115717,0.218,0.011,2.0250250426786562e-27,FRMD3
1.5281624555487822e-31,-0.6690949200541332,0.775,0.917,4.263420434735548e-27,NCL
2.1919610849033827e-31,7.548585551156459,0.196,0.002,6.115352230771947e-27,HOXB3
2.2842415926871872e-31,1.860230496219339,0.415,0.152,6.372805619437984e-27,CCPG1
2.9505377112659276e-31,-1.8582515409709441,0.074,0.287,8.231705160660811e-27,UQCRBP1
3.969067923854013e-31,9.221652266627835,0.191,0,1.1073302600760311e-26,PCOLCE2
4.0658894385577006e-31,-0.439872537473887,0.97,0.981,1.1343424944632129e-26,RPL39
4.532168155629663e-31,-0.550439985068838,0.878,0.962,1.2644295937391198e-26,EEF1B2
6.250685880741633e-31,-0.45738269474521154,0.943,0.986,1.743878853868108e-26,RPS11
8.299507441212051e-31,-1.9196197594379676,0.591,0.809,2.3154795810237503e-26,HIST1H4C
9.398966863423638e-31,-3.3941432529408875,0.014,0.16,2.6222177652265605e-26,GPR65
9.50670765145609e-31,-0.7919347059940622,0.575,0.814,2.6522763676797345e-26,DEK
1.198109436620318e-30,-4.71279512077482,0.006,0.136,3.342605517227025e-26,RNF144B
1.2555889095719045e-30,-1.034162973346855,0.845,0.947,3.502967498814656e-26,S100A8
2.463340965722962e-30,-1.0007989180264634,0.399,0.665,6.872474960270492e-26,FLJ44635
2.556560000207912e-30,0.9596945892922029,0.793,0.662,7.132546744580053e-26,ANKRD28
2.607926197198397e-30,2.3833358658599506,0.36,0.12,7.275853297563808e-26,CLU
3.822293368983906e-30,-0.9985098572605832,0.358,0.641,1.06638162701282e-25,GLUL
3.9093395565473734e-30,0.9163095308929077,0.793,0.663,1.0906666428811516e-25,HLA-A
3.9336420138298444e-30,-3.8621833184831385,0.014,0.157,1.0974467854383883e-25,ARL4C
5.745545710467616e-30,-0.5741024131312282,0.88,0.941,1.6029497977633603e-25,HNRNPA2B1
7.141739339919992e-30,-1.0177573274209983,0.393,0.659,1.9924738584442787e-25,NDUFB1
7.352480164736067e-30,1.2232369619559011,0.64,0.462,2.0512684411597155e-25,ATG3
7.359912157413437e-30,-0.976019266261722,0.433,0.686,2.053341892796775e-25,GABARAP
1.1443507704073928e-29,1.1891806530687663,0.679,0.494,3.192624214359585e-25,HLA-E
1.4622755885767588e-29,-2.265815597633456,0.057,0.245,4.079602664570299e-25,B3GNT5
1.606046096795624e-29,-0.4762052844223277,0.915,0.96,4.480708005450112e-25,RPLP2
2.1105555671984165e-29,-1.3446239751120541,0.232,0.487,5.888238976926862e-25,SMAP2
2.4614486466787216e-29,-2.436234547464128,0.031,0.194,6.867195579368965e-25,CST7
4.207072266242512e-29,-2.26176677186434,0.031,0.194,1.1737310915589985e-24,NACAP1
4.4636449549094923e-29,4.008610344032794,0.206,0.013,1.2453123059701992e-24,SLPI
4.63863327199384e-29,1.7220546497161604,0.48,0.245,1.2941322965535615e-24,MYB
5.338051992811803e-29,1.7222737761177997,0.464,0.226,1.489263125474565e-24,CD68
7.228451013523636e-29,-1.4094559353103202,0.145,0.386,2.0166655482629594e-24,FAM105A
7.99593135524011e-29,1.146411085635564,0.652,0.465,2.2307848887984384e-24,LAMP2
8.141393772166964e-29,-1.5551507371888378,0.136,0.372,2.2713674484968613e-24,TRMT5
1.096597005664902e-28,-0.48898478417961044,0.945,0.973,3.0593959861045097e-24,RPL35A
1.3728708298236648e-28,-3.2216588357619393,0.017,0.159,3.830172328125042e-24,RPL21P44
1.4704583020764148e-28,-4.06645578876013,0.006,0.128,4.10243161696299e-24,BCAT1
2.382564248036398e-28,-1.8111146404759315,0.092,0.304,6.647115995596747e-24,REEP5
2.386991540468292e-28,1.8164965432773958,0.452,0.213,6.659467698752489e-24,RSRP1
3.7584606931007886e-28,-2.922407023500138,0.021,0.168,1.048572948768189e-23,DST
3.7850745253156375e-28,-0.39934288642886884,0.985,0.99,1.0559979418178097e-23,RPS25
4.143400275499972e-28,-0.5476265602409587,0.858,0.928,1.1559672428617372e-23,RPS16
5.913334654329872e-28,-5.324457380339766,0.006,0.125,1.6497612352114912e-23,OSM
6.202169203831586e-28,-2.434512712030309,0.047,0.221,1.7303431861769743e-23,WEE1
6.28018911856558e-28,-1.1028983104643555,0.333,0.596,1.7521099621886112e-23,RANBP1
7.073420870546031e-28,-1.4253265077905253,0.147,0.385,1.973413688673637e-23,HNRNPA1P10
1.0484444255827593e-27,-3.661833849220263,0.012,0.143,2.92505510293334e-23,CLEC7A
1.5152483148478414e-27,-2.9003423408241833,0.017,0.155,4.227391273593993e-23,HMGN5
1.5434365416889616e-27,-1.0766514656397852,0.21,0.478,4.3060336076580337e-23,CEBPD
1.812184489352635e-27,1.0236379110162452,0.709,0.562,5.055813506844917e-23,VAPA
3.1190879968667585e-27,3.579613386595074,0.269,0.064,8.70194360245857e-23,RNU4-2
3.537445391721707e-27,-1.1664914326978792,0.182,0.436,9.869118898364391e-23,ATP5L2
3.630674981407674e-27,0.5811891557120958,0.919,0.881,1.012922013062927e-22,LCP1
4.659250824467733e-27,-1.1341619744012206,0.298,0.574,1.2998843875182527e-22,PEBP1
4.924901870101731e-27,-2.997136951391866,0.02,0.159,1.3739983727396819e-22,CSF1R
5.030552325629231e-27,-0.8219216483354559,0.522,0.758,1.4034737933272991e-22,RBM3
5.3010243682668995e-27,3.084913105951042,0.233,0.035,1.4789327885027824e-22,MBNL1-AS1
5.388640892580264e-27,-0.8132331002531994,0.552,0.761,1.5033769226209677e-22,RPL36AL
5.4929128984512216e-27,-1.7286513221570428,0.091,0.296,1.5324677695389064e-22,LOC441454
5.615799297349637e-27,-2.044538206589194,0.054,0.232,1.5667518459675752e-22,ANXA2P1
7.477542122824143e-27,0.7433994135931234,0.888,0.814,2.0861594768467076e-22,LYST
8.717405925069888e-27,4.258856002624549,0.183,0.008,2.432069079035248e-22,HK3
9.40495245638068e-27,-0.6333262731839224,0.667,0.864,2.6238876858056456e-22,RPL8
1.0305221959885408e-26,3.8910956837052746,0.203,0.019,2.87505387458843e-22,NCAM1
1.7254238147264597e-26,-2.3780785167951595,0.022,0.165,4.81375990070535e-22,IER3
1.8963058167602575e-26,1.6413012466600436,0.428,0.202,5.2905035981794425e-22,EVI2A
1.9714981928725186e-26,-5.057195209606367,0.004,0.114,5.500282808295039e-22,PLD4
1.986541083337108e-26,-1.0026061073461368,0.306,0.574,5.542250968402198e-22,USP1
3.426385352761379e-26,-0.9035993395451518,0.49,0.712,9.559272495668971e-22,RPL21P28
3.470361324645643e-26,-0.9729888872497108,0.311,0.587,9.681961059628879e-22,HSPE1
3.8055396656784135e-26,-1.609614423279733,0.116,0.329,1.0617075113276206e-21,FBL
6.668919958361016e-26,-2.04906242454566,0.053,0.224,1.86056197918314e-21,PIM1
6.823069598569381e-26,-1.3081161381786481,0.227,0.474,1.9035681873048714e-21,IQGAP2
6.826476468594526e-26,-2.51233826276461,0.032,0.181,1.904518669973187e-21,RPS26P11
9.021727707950461e-26,0.8371305232865063,0.889,0.835,2.5169718132410993e-21,SERPINB1
9.684050470458965e-26,-1.455750584981137,0.143,0.364,2.701753240753347e-21,CDCA7L
1.0131746281955744e-25,-0.46320039268039626,0.993,0.995,2.8266558952028327e-21,MT-COX1
1.3100885155716921e-25,-1.4966189991317662,0.128,0.348,3.655015949593464e-21,S100A11
1.8472717137809802e-25,-5.391189113490959,0.002,0.104,5.153703354277557e-21,GRASP
1.95707702766723e-25,-5.802416320290764,0.001,0.101,5.460049199488805e-21,KCNE5
2.0248066634429179e-25,-1.0391787141960676,0.35,0.599,5.6490081103393966e-21,MS4A3
2.6818226495701733e-25,-0.8770545842990218,0.832,0.952,7.482017010035826e-21,S100A9
2.8180745674327894e-25,-1.7713187816903624,0.092,0.287,7.86214623568074e-21,CUL1
3.7292131420562935e-25,1.9169962901271749,0.414,0.2,1.0404131745022853e-20,TMEM107
6.004544178409836e-25,5.445592302236938,0.173,0.01,1.6752077803345603e-20,APOC2
7.131606571859894e-25,-1.1966583169002643,0.258,0.51,1.989646917483192e-20,DPYSL2
7.281431925305945e-25,-3.5394835291194893,0.008,0.122,2.0314466928411056e-20,FILIP1
7.528854273878569e-25,-0.6756030433310034,0.59,0.837,2.1004750538693818e-20,H2AFZ
1.0422806574058034e-24,-1.977062476914734,0.05,0.215,2.907858806096451e-20,RPL39L
1.0781863161606485e-24,2.0543532213000866,0.38,0.171,3.0080320034565934e-20,SMIM3
1.0943453357201877e-24,-0.3980813106637062,0.934,0.965,3.0531140521257516e-20,RPL37
1.690654726490619e-24,-3.8988548840945527,0.006,0.112,4.716757621436178e-20,SOCS3
1.7142999514963824e-24,-3.1104705534855897,0.017,0.141,4.7827254346797573e-20,LOC644936
2.2819336333965e-24,0.6186943071887803,0.899,0.821,6.366366643812896e-20,DDX5
2.892429952063296e-24,5.276395107165384,0.167,0.008,8.06959032326139e-20,HOXA5
3.787226779080184e-24,-4.202875307915292,0.006,0.111,1.0565983990955806e-19,FPR1
5.0083837956193195e-24,3.2997754068320337,0.225,0.043,1.397288995139834e-19,SNORD13
5.091157115151316e-24,-3.1475192150990834,0.014,0.133,1.4203819235560658e-19,TCEAL9
5.4028465347630314e-24,-0.5219053079994782,0.861,0.944,1.5073401547335382e-19,MT-ATP6
5.650225327749918e-24,-0.3916731018846349,0.956,0.984,1.5763563641889497e-19,MT-COX2
6.684434101677354e-24,-2.874952716804194,0.02,0.146,1.864890270026965e-19,HLA-DMB
7.555251304053395e-24,-4.916057194972706,0.006,0.109,2.1078395613178566e-19,SLC38A1
1.0516619592677073e-23,-0.31023085879966494,0.999,1,2.9340317001609765e-19,EEF1A1
1.0905031846062623e-23,1.9852444485423142,0.352,0.146,3.042394834733011e-19,MCTP1
1.1759698156187841e-23,1.6293640998698657,0.462,0.252,3.280838188594846e-19,CLK1
1.2578659371365292e-23,-1.2859780243675225,0.168,0.389,3.509320178017203e-19,HLA-DPA1
1.786921958692636e-23,1.220721173729585,0.791,0.745,4.985333572556585e-19,SAT1
2.120069056074938e-23,-2.4373866753392,0.04,0.186,5.914780659543469e-19,MPZL1
2.5429781738982522e-23,-1.3971041293287942,0.133,0.341,7.094654807358734e-19,UQCRHL
2.861543421703667e-23,1.0375019826270537,0.636,0.474,7.983419992211061e-19,GRN
3.325773773246762e-23,-1.0027660435264478,0.264,0.51,9.278576249981141e-19,TOMM5
3.550129969487898e-23,-2.7012342707781043,0.022,0.149,9.904507601874287e-19,C1orf21
3.583316246010399e-23,-1.4642936127147843,0.092,0.282,9.997093994744412e-19,NLRP3
3.75838397486663e-23,-1.9676120461088016,0.13,0.321,1.0485515451480412e-18,HIST1H2AJ
4.0143730737551297e-23,1.0471942163399417,0.646,0.511,1.1199699438469437e-18,AK2
4.2191219837669404e-23,-6.421664692872259,0.002,0.095,1.1770928422511387e-18,CALCRL
5.129529859387448e-23,-2.3443645190979754,0.025,0.155,1.431087535470504e-18,BEX3
5.250948777855918e-23,-0.8922021543268783,0.312,0.572,1.4649621995340224e-18,COTL1
5.317381087697099e-23,1.1469004229130588,0.595,0.425,1.4834961496566137e-18,EAF2
5.675114430178228e-23,-1.6992533331869146,0.085,0.266,1.5833001748754238e-18,TNFAIP3
5.684405801339665e-23,1.1382399552362756,0.615,0.462,1.5858923745157533e-18,TGOLN2
5.838266141004995e-23,-3.660014883202823,0.012,0.123,1.6288178706789837e-18,IGF1R
7.180080145811883e-23,6.1684450069287085,0.152,0.005,2.003170559880057e-18,LINC01268
8.32381511193276e-23,-1.0628008208774176,0.242,0.474,2.3222611780781207e-18,MLEC
8.431676828278257e-23,2.1572225977125656,0.289,0.091,2.352353518321351e-18,DDX60L
8.712017759147483e-23,-0.5002574690639792,0.818,0.921,2.4305658346245565e-18,RPL38
1.266499205238617e-22,-0.8969072557255156,0.418,0.657,3.5334061326952175e-18,NOP58
2.303848441853243e-22,-2.7307344544807872,0.014,0.127,6.427506767926363e-18,MTMR11
2.4330087609339846e-22,-0.3289995786132236,0.975,0.986,6.787851142129723e-18,RPL36A
3.04574097033219e-22,-8.17397587842872,0,0.085,8.497312733129776e-18,FMN1
3.2975323221487575e-22,-2.2507582661988703,0.052,0.204,9.199785425562818e-18,CDCA7
3.5327657295726474e-22,-0.6952007359648564,0.61,0.806,9.856063108934729e-18,NUCKS1
5.190106605239101e-22,-1.0964177263533743,0.183,0.405,1.447987841795657e-17,ATXN8OS
5.5056139437639665e-22,-0.42095331719215956,0.962,0.976,1.536011234170709e-17,RPL23
5.688613898954504e-22,5.8789006245325846,0.143,0.003,1.5870663916693172e-17,CDKN2A
6.519498880929338e-22,-5.381866192012313,0.003,0.093,1.818874992790476e-17,SNCA
7.641065123129149e-22,-0.9522212053232979,0.215,0.449,2.1317807587018012e-17,COX16
7.677533414921845e-22,-8.103442767537288,0,0.083,2.1419550474290456e-17,CCDC152
9.971224398971171e-22,1.267885810053555,0.547,0.372,2.781871895068967e-17,EIF4A2
1.0004054388929665e-21,1.2353044960155684,0.564,0.391,2.791031133967487e-17,RNASEH2C
1.1160269599813676e-21,0.991745718791895,0.631,0.473,3.113603615652017e-17,RPL22L1
1.1565229329970443e-21,6.054277747466914,0.142,0.003,3.226583330768454e-17,LPL
1.2869932995145466e-21,1.0610061104438842,0.586,0.423,3.5905826063156335e-17,LST1
1.4664346049461356e-21,1.6496656067249345,0.358,0.154,4.0912059043392237e-17,ZFC3H1
1.4793859625789451e-21,-3.0394440858744076,0.018,0.131,4.127338896998999e-17,SLC15A4
1.6442450283373758e-21,2.037901854010929,0.281,0.093,4.587279204558445e-17,P2RX1
1.6732902977860263e-21,-0.8090772548885612,0.467,0.676,4.668312601793235e-17,LOC100506675
2.452670791338209e-21,-1.5866089001585992,0.086,0.256,6.842706240754468e-17,RASGEF1B
2.550166401700928e-21,-3.3306298611013396,0.015,0.123,7.114709244105418e-17,EMP1
3.0914105236182934e-21,-0.5039640207287328,0.839,0.917,8.624726219842677e-17,RPS2
3.1329917280475533e-21,-1.643577544328541,0.061,0.215,8.740733622079868e-17,TRMT10C
3.762449232458402e-21,-1.1316937913394018,0.11,0.3,1.0496857113635696e-16,C16orf54
4.0797934618257565e-21,-0.38767526807291386,0.919,0.974,1.1382215779147678e-16,RPL7
4.6169182985954005e-21,1.0874459010848199,0.613,0.442,1.2880740361251307e-16,EVI2B
5.534367981570955e-21,-2.813637786014463,0.013,0.119,1.5440333231784807e-16,LOC101928663
5.802356859395448e-21,-1.174222478939805,0.159,0.365,1.618799540202736e-16,RAB8A
7.404050713006717e-21,-2.019302402360208,0.046,0.186,2.065656108421744e-16,MS4A4A
7.5979144228298e-21,1.294899792503926,0.481,0.287,2.1197421448252857e-16,FYB1
8.089922759318857e-21,1.6112923920823334,0.408,0.212,2.257007550622368e-16,IER2
8.90057217836759e-21,-2.5555546031656733,0.01,0.111,2.4831706320427736e-16,CD59
9.130344931805863e-21,-1.7273019656914756,0.053,0.2,2.547274932524518e-16,TMEM237
9.23167753482942e-21,-2.691570367049264,0.02,0.135,2.5755457154420595e-16,FCAR
1.3613533231101355e-20,-0.5796605631752256,0.827,0.915,3.7980396361449673e-16,MNDA
1.4458488049019066e-20,-4.055262746564913,0.006,0.096,4.0337735807958295e-16,BCL7A
1.519745534489097e-20,-1.3853189423399144,0.094,0.266,4.2399380666711313e-16,MAGOHB
1.9007147178872194e-20,1.0570385652638548,0.623,0.502,5.302803991433554e-16,RPS27L
3.5033253642376994e-20,-0.778568588579427,0.362,0.598,9.773927433686757e-16,NAA38
3.574615482812341e-20,-0.1131024144143078,1,1,9.97281973549815e-16,RNA18S
4.0464567147067076e-20,1.1685570520449793,0.513,0.333,1.1289209588360243e-15,TMEM30A
4.308676362866749e-20,3.156260312850924,0.208,0.048,1.2020776184761943e-15,HIST1H2AC
4.412003016857117e-20,-0.8971512641581096,0.321,0.554,1.230904721672967e-15,PPIB
4.6920801525110134e-20,-2.7369856565537183,0.02,0.131,1.3090434417490476e-15,GPX7
4.970078883897655e-20,-1.6571979185736572,0.055,0.2,1.3866023078186068e-15,EFCAB2
5.1277674049718867e-20,-4.845503166850891,0.005,0.091,1.4305958283131067e-15,IGLL5
5.2108227922896897e-20,-0.8302429231153142,0.356,0.58,1.4537674508209005e-15,CLEC2D
5.258438469416131e-20,-0.9522330232421667,0.229,0.447,1.4670517485824064e-15,PSMC3
5.834609132038918e-20,1.1572153800468568,0.523,0.34,1.627797601747538e-15,NUFIP2
6.741359743590381e-20,1.9283780848960266,0.351,0.16,1.8807719548642805e-15,DUSP6
7.572512346719694e-20,1.0729279536015608,0.568,0.391,2.1126552196113274e-15,LUC7L3
7.592192948749119e-20,-0.5497592021023956,0.728,0.854,2.1181459107715165e-15,RPS28
1.0340767990230153e-19,-2.067342658700854,0.031,0.152,2.8849708615943102e-15,PLEKHO1
1.213384726953761e-19,0.9805266363174274,0.669,0.54,3.3852220497282976e-15,ZFAND5
1.2970631323742598e-19,-1.271241111171276,0.152,0.346,3.618676433010948e-15,LINC02067
1.39846124748045e-19,-1.2319787109770455,0.117,0.3,3.9015670343457075e-15,MEF2C
1.4055661824290728e-19,3.119703474657527,0.169,0.024,3.92138909235887e-15,RNU12
1.553047174283397e-19,-0.9038595380346786,0.285,0.511,4.33284631153325e-15,MIF-AS1
1.6146605647513933e-19,-0.3343834361526392,0.971,0.992,4.504741509599912e-15,RPL26
1.660802657079128e-19,1.7408300126000522,0.392,0.208,4.633473332985059e-15,NFKBIZ
1.7399555429961775e-19,3.479303197675066,0.151,0.014,4.854301969405035e-15,MCTP2
1.8336417700357533e-19,2.8065622526246514,0.212,0.053,5.115677174222748e-15,CCL23
2.2369307682151405e-19,2.9704432236699705,0.197,0.043,6.24081315024342e-15,CDKN1A
2.246266395213391e-19,-2.2370748703531,0.057,0.196,6.26685861600584e-15,OPN3
2.2700676689019516e-19,-0.7420859631720752,0.323,0.566,6.3332617894695545e-15,DHFR
2.4035380168547826e-19,-0.676401538713366,0.459,0.696,6.705630713223158e-15,TMPO
2.9959056804724293e-19,-2.4069882570112084,0.02,0.128,8.358277257950031e-15,AFF3
3.052072894959395e-19,-2.340905752553237,0.033,0.152,8.514978169647215e-15,S100A12
3.276483561570226e-19,-0.8334824158137,0.402,0.628,9.141061488424773e-15,SNRPE
3.4328149943994156e-19,-1.0928675721797512,0.209,0.42,9.57721055287493e-15,FAM96A
3.818182587481373e-19,-0.6305124077798012,0.54,0.748,1.0652347600814282e-14,C14orf2
3.837952868202493e-19,1.7234853070781155,0.347,0.162,1.0707504706998135e-14,TNFAIP2
3.838502938496109e-19,-1.1609023663665279,0.116,0.296,1.0709039348110295e-14,HNRNPA3P1
5.030069957573515e-19,-0.996233643590854,0.24,0.458,1.4033392174634349e-14,SPCS2
5.130370418374254e-19,0.5492131417771908,0.846,0.78,1.4313220430222333e-14,CDC42
5.537905591616748e-19,-2.4083797395087454,0.023,0.133,1.5450202810051566e-14,H1F0
5.70088678893428e-19,-1.6846603521204933,0.048,0.184,1.590490405244775e-14,SH2B3
6.155589162741489e-19,-1.405648480630549,0.067,0.216,1.717347820513248e-14,HNRNPA1L2
6.46468321853374e-19,-1.7527854768698496,0.054,0.194,1.803581971138728e-14,PRKD3
6.532441163788914e-19,-0.9371588096176036,0.287,0.511,1.8224857602854692e-14,SSR3
7.659762979537859e-19,-0.8268837047898758,0.308,0.537,2.1369972736612672e-14,PET100
8.374217482606728e-19,6.783557148503656,0.12,0.002,2.336322935472451e-14,SCUBE1
1.4379015599199859e-18,-1.497273345885993,0.077,0.231,4.011601562020769e-14,DYNLT1
1.5045995262511685e-18,-0.883161524085337,0.35,0.572,4.197682218288135e-14,ERH
1.6520978943566216e-18,-1.2413882876668056,0.109,0.279,4.6091879154655384e-14,SVIP
1.67229035497816e-18,0.9391646319375422,0.596,0.446,4.6655228613535686e-14,PNN
1.7021677524021019e-18,-1.0502641500357002,0.187,0.383,4.748877812426624e-14,IFI16
1.7763689987002162e-18,2.367142307686498,0.257,0.091,4.9558918694737333e-14,PIWIL4
1.867127529148541e-18,3.562193937989916,0.153,0.019,5.2090990935715144e-14,SERPINA1
2.048916758251242e-18,-0.5898844724692562,0.665,0.809,5.716272863845139e-14,CBX3
2.1572658833681024e-18,-0.33252865557261657,0.948,0.978,6.018556088008668e-14,RPL37A
2.3029359761585335e-18,1.3883734395242064,0.385,0.199,6.424961079884692e-14,HIPK2
2.463754678503031e-18,-1.291222670296776,0.113,0.28,6.873629177555606e-14,SMIM19
2.6783259302431974e-18,1.9362719308645497,0.267,0.096,7.472261512785496e-14,PTGER4
2.7990299934462787e-18,-2.1009996856100503,0.031,0.146,7.809013778715773e-14,FAM26F
3.0628521573192004e-18,0.8612439609436551,0.703,0.612,8.545051233704837e-14,TNFSF13B
3.273311450946104e-18,-0.4282238594039307,0.883,0.952,9.132211616994536e-14,RPS7
3.2751684975544797e-18,3.562694133351052,0.159,0.024,9.137392591327242e-14,HOMER3
4.449303103041422e-18,2.6692326753754507,0.187,0.042,1.2413110727175264e-13,PTCH2
4.505368682590964e-18,-3.5508659179030024,0.007,0.091,1.256952808756053e-13,CC2D2B
4.517381507448081e-18,-0.4119322112837889,0.878,0.939,1.2603042667629402e-13,RPS10
4.5176903045494265e-18,-2.699869341305055,0.019,0.119,1.2603904180662444e-13,GNG2
4.629321279026182e-18,6.879020005807856,0.115,0.002,1.2915343436355147e-13,FEZ1
5.463668221556667e-18,2.313015344362106,0.222,0.066,1.5243087971320946e-13,CD82
6.099402514414235e-18,-0.3759531916309733,0.888,0.947,1.7016723074964273e-13,RPL18A
6.5122602703911794e-18,-1.8963920776339303,0.042,0.165,1.816855492836435e-13,ITM2C
6.897863022889139e-18,-4.46073371224659,0.003,0.077,1.924434804755841e-13,MLC1
7.430262101792631e-18,-6.361568945283944,0.001,0.071,2.0729688237791262e-13,SCRN1
7.556194625040175e-18,-0.5585551831601059,0.712,0.833,2.1081027384399583e-13,NAP1L1
7.618313690884557e-18,2.511207540495405,0.213,0.059,2.1254333366198824e-13,RHOB
7.688631659880953e-18,-2.743911991933288,0.02,0.122,2.145051346790187e-13,RPL23AP32
8.129763206896389e-18,-0.6920939348690329,0.506,0.72,2.2681226370920233e-13,NASP
8.321508925414476e-18,-1.0972019954427759,0.196,0.391,2.3216177751013844e-13,EDARADD
9.428600374431209e-18,-1.0937557569183716,0.098,0.26,2.630485218462563e-13,BBX
1.09370198876515e-17,-0.6765327449421219,0.486,0.704,3.051319178455892e-13,MT-ND3
1.1701428891540783e-17,-0.8653517933685579,0.243,0.46,3.2645816464509633e-13,SRSF7
1.413877512740378e-17,0.45593406452275875,0.901,0.899,3.9445768727943807e-13,CSTA
1.42201074305448e-17,-0.36402604528978433,0.939,0.979,3.9672677720476937e-13,RPL14
1.677879241841069e-17,-0.7937598295909511,0.304,0.519,4.681115296812398e-13,NDUFC2
1.818777844874064e-17,1.3638271324750797,0.4,0.224,5.074208309414151e-13,LRPAP1
1.9785645967857803e-17,-1.026759395870438,0.152,0.335,5.519997368572648e-13,MCM6
2.13416099778656e-17,2.4903629660416375,0.187,0.043,5.954095767724724e-13,RXFP2
2.2375938822656376e-17,3.3743312454810708,0.138,0.014,6.242663172132902e-13,RFX8
2.4104629529772807e-17,-1.8723106047407239,0.042,0.163,6.724950592511315e-13,MAN1A1
2.427943005339843e-17,0.5231415267032418,0.966,0.949,6.773718190597628e-13,ANXA1
2.5525146184756884e-17,-0.8726499915149643,0.169,0.362,7.121260534085323e-13,CD84
2.7578598929983206e-17,-1.3525676090441032,0.088,0.242,7.694153315476014e-13,KCNJ2
2.778251031077332e-17,-0.3350951502492272,0.956,0.981,7.751042551602649e-13,YBX1
3.0882996543862735e-17,2.744046300090883,0.194,0.05,8.616047205772264e-13,RNVU1-6
3.382099682309014e-17,1.8776761541664966,0.289,0.122,9.435719903673918e-13,CDKN1B
3.6117407935642574e-17,-0.2722634403371602,0.994,0.994,1.0076395639964922e-12,RPS8
3.6414380926939836e-17,-3.824121221701186,0.007,0.085,1.0159248134806944e-12,CD109
4.0397240678435513e-17,2.6515761902765327,0.172,0.035,1.1270426176876724e-12,CHD7
4.127827248521452e-17,-0.6776656124632332,0.547,0.734,1.1516225240649999e-12,H2AFY
4.676970018404222e-17,0.7345455723417293,0.741,0.611,1.3048278654345939e-12,ELANE
4.800363298729521e-17,-0.7247211094681008,0.374,0.599,1.3392533567125492e-12,CXCL14
5.099919711876369e-17,6.457611782368842,0.109,0.002,1.4228266004163883e-12,CTSL
5.3522773620436386e-17,3.527195370229202,0.156,0.027,1.4932318612365547e-12,HIST2H2BE
5.624073653555768e-17,-0.8477232270622255,0.286,0.503,1.5690603086055238e-12,C8orf59
5.645869827481692e-17,-0.32353743791031286,0.946,0.963,1.5751412231691173e-12,H3F3A
6.24635519991276e-17,0.841559830642199,0.632,0.5,1.7426706372236611e-12,SLC44A1
6.344994413294353e-17,-1.2174022346723004,0.115,0.284,1.7701899913649915e-12,TCEAL4
6.380622767258885e-17,-0.31121446264795605,0.974,0.986,1.7801299458375563e-12,RPS15A
6.6999947205478e-17,-0.9114417941804912,0.318,0.524,1.869231527085631e-12,XBP1
7.121802971102146e-17,-1.0913395167181568,0.288,0.487,1.986911810907788e-12,EZR
7.350296782366117e-17,-5.1159031363260485,0.004,0.075,2.050659299312323e-12,HDGFL3
8.288769740922715e-17,-3.4883375855737357,0.01,0.093,2.3124838700200283e-12,MBOAT2
1.078078055262338e-16,-4.3759468949057725,0.003,0.072,3.0077299663763967e-12,CLEC4A
1.0877534426055353e-16,-1.1845268759759535,0.092,0.244,3.034723329525183e-12,RFK
1.1556760989355519e-16,2.836433932761948,0.176,0.04,3.224220748420296e-12,CRNDE
1.18827200899979e-16,-1.3648714393855859,0.088,0.236,3.3151600779085143e-12,ARRDC3
1.2075983630514832e-16,-0.7111667242551171,0.356,0.567,3.369078673077333e-12,CD47
1.5250276340830404e-16,-1.4419087585759713,0.104,0.26,4.254674596328275e-12,MPEG1
1.5466960321425727e-16,-1.2875257362258674,0.059,0.191,4.315127260074564e-12,TPM3P9
1.8456853424660554e-16,-0.6305233349006598,0.479,0.681,5.149277536946048e-12,ATP5I
1.8606706056608863e-16,-0.7230891187098847,0.354,0.569,5.191084922733307e-12,RNASE3
1.866278209861035e-16,-0.569316361487503,0.594,0.777,5.206729577691301e-12,ATP5L
1.8907709039879144e-16,-1.0388841770389008,0.139,0.309,5.2750617450358825e-12,TFRC
2.0635778209912223e-16,-1.0180757637087554,0.198,0.386,5.757175762783411e-12,CEBPZ
2.156066853640787e-16,2.023742019209942,0.236,0.083,6.0152109149724314e-12,PBX3
2.287983895039901e-16,-0.5764061118664934,0.32,0.55,6.383246268771819e-12,PCLAF
2.314916421653548e-16,-0.859347442762463,0.173,0.364,6.458385324771233e-12,CPT1A
2.5760239828474004e-16,-4.619224773467526,0.003,0.071,7.1868493097459626e-12,GAS6
2.594504002969785e-16,-1.201318149593729,0.097,0.248,7.2384067178854036e-12,SORL1
2.820517459591786e-16,1.79482553893406,0.274,0.112,7.868961660515124e-12,RIPOR2
2.922428275058487e-16,-0.8234845201132546,0.323,0.529,8.153282644585672e-12,KIAA0825
2.9287479161562524e-16,-0.8250795311259714,0.376,0.587,8.170913811284329e-12,CCT6A
3.431152718628822e-16,-0.5914185612580574,0.632,0.78,9.572572969702552e-12,ANP32B
3.4469652452402045e-16,0.8123823739668057,0.709,0.598,9.616688337695647e-12,KLF6
3.723337354726201e-16,-0.4941659394101672,0.586,0.772,1.0387738885950629e-11,ZFP36L2
3.819636932093218e-16,1.552003551079336,0.45,0.295,1.065640507684687e-11,DUSP1
3.833507189754732e-16,-1.655611096447502,0.062,0.192,1.0695101708696727e-11,CBX6
3.9803533001302065e-16,-1.599889935553,0.078,0.215,1.1104787672033263e-11,MRPS28
4.062076182586771e-16,-1.6630366421617435,0.03,0.135,1.1332786341798833e-11,SKP1P2
4.1142910826086347e-16,-1.1835985818774497,0.119,0.279,1.147846069136983e-11,TIMM10
4.17072131236726e-16,-0.6299598247479044,0.445,0.659,1.1635895389373418e-11,SPN
4.429519705050473e-16,4.292930772270281,0.126,0.013,1.2357917025120315e-11,RNU5B-1
4.586553660889703e-16,-0.43329776085027794,0.755,0.87,1.2796026058516182e-11,MT-ND1
4.63316731798158e-16,-1.2923837317634184,0.097,0.248,1.2926073500436812e-11,NRIP1
4.650245995733859e-16,-0.75386574416458485,0.418,0.622,1.2973721303497892e-11,TUBB
5.581713823665623e-16,-0.30986070157491596,0.97,0.981,1.557242339664472e-11,RPL9
5.806778962294378e-16,1.410912377348401,0.392,0.229,1.6200332626905088e-11,AAK1
6.058328493680466e-16,-0.5388885171766882,0.622,0.798,1.690213066451913e-11,MT-ATP8
6.23486622519177e-16,1.650011915380791,0.315,0.154,1.739465328166252e-11,LOC100288203
6.565115298730148e-16,-0.4704608809638562,0.742,0.87,1.831601517192724e-11,RPL36
6.959382434215813e-16,-2.0879050598968716,0.021,0.115,1.9415981053218696e-11,HMGN2P46
7.000727784943846e-16,-1.8826080750960383,0.031,0.135,1.9531330447214834e-11,GPR85
7.305344649374963e-16,-7.783951122598111,0,0.059,2.038118103729121e-11,PMP22
7.469665150126074e-16,-1.241054158298146,0.076,0.215,2.0839618802336732e-11,NFE2L2
7.741870592710612e-16,-0.8330744352990739,0.332,0.54,2.1599044766603335e-11,SARNP
7.892124023946971e-16,-2.570809984829105,0.016,0.103,2.2018236814409656e-11,RPL32P3
8.097574502122863e-16,-0.8469108695404941,0.256,0.457,2.2591423103472576e-11,TIMM8B
8.186227745982831e-16,-0.3636652451982276,0.877,0.942,2.28387567885175e-11,RPS15
8.410451285559146e-16,-2.552852363526954,0.016,0.103,2.3464318041581462e-11,SPNS3
8.435540034428083e-16,-3.6332666165932244,0.007,0.082,2.353431314205091e-11,AHSP
8.940362658006872e-16,-3.2472524195605854,0.007,0.082,2.4942717779573374e-11,USP32P1
1.2859381428655712e-15,0.6521924172539668,0.739,0.655,3.587638824780657e-11,LAPTM5
1.2963037697313336e-15,-0.2984314180898373,0.943,0.979,3.6165578871734476e-11,RPS13
1.3707437950124486e-15,-0.8415551515270809,0.258,0.452,3.8242381137052305e-11,PABPC3
1.4250537039633907e-15,-2.1865833055002284,0.022,0.115,3.975757328687464e-11,PHACTR1
1.536138791517619e-15,1.383517281410728,0.401,0.245,4.2856736144550055e-11,TPP1
1.6405272927152057e-15,-0.6736364203752652,0.448,0.655,4.576907093946153e-11,MYADM
1.7959281369126374e-15,-0.992629041612026,0.151,0.322,5.010459909172567e-11,HLA-DPB1
1.895194946638194e-15,-1.8474221404657447,0.034,0.139,5.287404381625898e-11,ZNF534
1.903437938482424e-15,-5.487094419638537,0.001,0.061,5.310401504572115e-11,DPPA4
1.9080743050995825e-15,-0.7936200143367501,0.325,0.526,5.3233365037973255e-11,LMNB1
1.934884353035671e-15,-1.8624477981810785,0.062,0.186,5.398133856534218e-11,DLGAP5
2.155638914105546e-15,-1.373622792699523,0.071,0.202,6.014017006463063e-11,PA2G4P4
2.2200838686757712e-15,1.0198733343171837,0.519,0.375,6.193811985218534e-11,GLIPR1
2.374230583830312e-15,-1.1307479201860298,0.125,0.285,6.623865905828187e-11,VTRNA1-1
2.394854834733898e-15,-1.0170028018447645,0.326,0.511,6.681405503424102e-11,CENPF
2.429450599275054e-15,-1.0054980730710732,0.157,0.333,6.777924226917473e-11,EIF5AL1
2.5252078699717074e-15,1.4328873150202805,0.331,0.167,7.045077436434066e-11,HIP1
2.851975985524322e-15,-1.2481651308665445,0.158,0.324,7.956727802014306e-11,MRPS18C
2.9312517531741473e-15,1.6623227382114054,0.292,0.136,8.177899266180553e-11,CNST
2.9854284899855492e-15,8.67537229364204,0.094,0,8.329046944210684e-11,PTGFR
3.1497582687717207e-15,-0.541066607287352,0.551,0.739,8.787510594046223e-11,HSPD1
3.268895843173566e-15,-2.164314577565915,0.034,0.136,9.119892512869932e-11,RUFY3
3.2783720380076534e-15,2.083078063912801,0.196,0.058,9.146330148837552e-11,PRR34-AS1
3.333039337569832e-15,-1.78018840194005,0.031,0.131,9.298846447886074e-11,SPARC
3.721716940450493e-15,3.980005123782054,0.12,0.013,1.0383218092162831e-10,LINC-PINT
4.005623496477573e-15,-0.6736675803502887,0.446,0.659,1.117528899282278e-10,SNRPG
4.0579293409083696e-15,-0.8052706045404243,0.215,0.407,1.132121706820026e-10,CPVL
4.398260963032346e-15,-1.0617349864407408,0.161,0.327,1.2270708260763942e-10,GTF3C6
4.5186475184588875e-15,-7.270579353452295,0,0.056,1.260657471174845e-10,CAVIN2
4.6541403169018185e-15,-1.279958040125759,0.089,0.231,1.2984586070124382e-10,NDUFAF2
4.6985508325338524e-15,0.7879045725264728,0.65,0.534,1.3108486967686195e-10,NCOA4
4.706823195496863e-15,4.725730129954912,0.11,0.008,1.3131566033116697e-10,BPI
4.777767436665665e-15,-0.6407402336804564,0.468,0.662,1.3329493371553538e-10,EID1
5.310342448433957e-15,-0.9766879638501038,0.118,0.274,1.4815324396885896e-10,ZNF146
6.001271730846128e-15,0.814805382153188,0.625,0.514,1.6742948001887613e-10,ITGB1
6.657757235430458e-15,-1.4379144273341198,0.111,0.256,1.8574476911127433e-10,SLC31A2
6.815472100277408e-15,-2.547571039788318,0.015,0.096,1.9014485612563942e-10,LRRK2
7.472359858917498e-15,-4.273499101604081,0.004,0.067,2.0847136770393928e-10,HIST1H2BM
8.162667894966442e-15,0.6656085082098109,0.703,0.601,2.2773027160166877e-10,TLN1
8.920356964159213e-15,-1.0523098594741298,0.244,0.431,2.488690389430779e-10,SYAP1
9.108892263927264e-15,-0.4145147433528167,0.848,0.947,2.5412898527130677e-10,HMGN2
9.346410072750823e-15,-1.14618625609139,0.196,0.364,2.607554946196752e-10,CTSH
1.0394713085152728e-14,-0.9694258528873482,0.138,0.298,2.9000210036267597e-10,SLA
1.0690231809451324e-14,0.32985910635907345,0.973,0.97,2.982467772518825e-10,VIM
1.3204061243558305e-14,1.791037817133118,0.271,0.125,3.6838010463403315e-10,WDFY1
1.3247186182006992e-14,5.009742569552342,0.101,0.005,3.695832472918131e-10,HSPA1B
1.325832383751985e-14,-0.6971326543771663,0.273,0.476,3.698939767429663e-10,DNAJC9
1.4880145696614046e-14,-0.6425682396875485,0.522,0.7,4.1514118478983526e-10,FABP5
1.6768411536375988e-14,-1.1004157360575242,0.129,0.282,4.678219134533537e-10,EBNA1BP2
1.897902759732163e-14,3.3387980037084835,0.135,0.024,5.294958909376762e-10,RNU5A-1
2.1014882768925612e-14,-0.918909492248609,0.074,0.205,5.862942143702556e-10,NBR2
2.123248348489174e-14,1.5526726642374151,0.399,0.253,5.923650567449947e-10,MDM2
2.1374864171865064e-14,1.250115196091422,0.4,0.247,5.963373355308634e-10,MS4A7
2.1732626035898226e-14,-2.8757191794435855,0.011,0.085,6.063185337755246e-10,TMSB4Y
2.1795715112573052e-14,-1.9696076542003649,0.028,0.122,6.080786559256755e-10,MSI2
2.4856049066079002e-14,-1.731299432240876,0.044,0.151,6.934589128945381e-10,LIMA1
2.520456509485547e-14,0.7566771532354903,0.641,0.551,7.031821615813727e-10,ITGB2
2.608402221323096e-14,-1.7295338555410267,0.038,0.141,7.277181357269306e-10,MLLT3
2.7722514523663687e-14,-0.9423398034324686,0.181,0.351,7.734304326956933e-10,VDAC1
2.804977510359977e-14,0.5746228616174371,0.744,0.651,7.8256067561533e-10,PTPRC
2.8252648066134746e-14,3.8497751472873056,0.105,0.008,7.882206283970932e-10,PTPRN2
2.8274362149368685e-14,-1.4304333077316018,0.061,0.181,7.888264296052369e-10,SGPP2
2.8851569495831927e-14,-2.8667142969923813,0.009,0.08,8.049299373642149e-10,LY96
3.0181854692230094e-14,-4.485237522843709,0.001,0.056,8.420435640585274e-10,RETREG1
3.417916867776973e-14,1.3456370148719903,0.402,0.253,9.535646269410978e-10,FNDC3B
4.181022314925871e-14,-0.7071818797077398,0.372,0.58,1.1664634156411687e-9,MKI67
4.2090729634461624e-14,7.73156884656166,0.087,0,1.174289266071845e-9,FLJ30901
4.462779273246965e-14,-0.5932566563995578,0.486,0.679,1.2450707894431709e-9,PA2G4
4.757673816387019e-14,-0.7594912731638352,0.165,0.333,1.3273434180338145e-9,TCEAL8
4.8160360670199e-14,-0.7517141270701246,0.269,0.457,1.3436259023378818e-9,WDR43
5.0055198112372324e-14,-2.5013574022803735,0.013,0.088,1.3964899721370754e-9,PTTG3P
5.012787790739996e-14,-2.199013079538462,0.015,0.093,1.3985176657385514e-9,HIST1H4H
5.283319436790731e-14,0.427078637094386,0.914,0.875,1.473993289670246e-9,HLA-B
5.409375051893416e-14,-1.9708377414953326,0.023,0.111,1.5091615457277441e-9,PLXNC1
5.906927070063781e-14,-1.2245706680513715,0.102,0.242,1.6479735832770942e-9,HGF
6.000182429740807e-14,-1.5075592971762106,0.015,0.093,1.6739908960733877e-9,ANKRD18A
6.011308491313032e-14,1.4850462441023158,0.342,0.196,1.6770949559914228e-9,STX16
6.238799880471448e-14,0.5648299506911578,0.81,0.755,1.7405627786527292e-9,EIF1
6.301835553937923e-14,-0.7203833933007413,0.487,0.663,1.7581491011931411e-9,CCDC88A
6.498763230502259e-14,-0.782239660797768,0.275,0.47,1.8130899536778253e-9,HNRNPUL1
6.916717718095984e-14,-7.165749270103591,0,0.051,1.9296950761715985e-9,HLA-DOA
7.127796885464677e-14,-5.654968589278744,0.001,0.054,1.9885840530757903e-9,KIT
7.27863523241084e-14,-1.4359435616138763,0.03,0.123,2.0306664434903004e-9,CBR3-AS1
7.475470031901696e-14,-4.93305397701935,0.001,0.054,2.085581384200254e-9,RPS7P5
7.48627639086096e-14,0.4515122733800849,0.869,0.851,2.0885962502862993e-9,ARHGDIB
7.756466484668492e-14,2.338172390723283,0.165,0.045,2.1639765845576625e-9,MILR1
7.763367965587974e-14,0.49036664850540346,0.877,0.845,2.1659020287193886e-9,AIF1
7.78306617064557e-14,-1.2209394726607723,0.147,0.3,2.1713976309484074e-9,ING2
8.689647048374689e-14,-0.6017242978815529,0.308,0.513,2.4243246300260544e-9,RBX1
8.762358268409342e-14,-0.7841019110578618,0.321,0.505,2.4446103333035223e-9,GNL3
9.329958585531438e-14,-0.5250311669015426,0.475,0.681,2.6029651457774157e-9,TUBA1B
1.0335309106161165e-13,-0.2571576150460144,0.963,0.986,2.8834478875279036e-9,RPL27
1.0595353677856334e-13,-1.8134056970778352,0.03,0.122,2.9559977225851387e-9,DEPDC1B
1.0665384464203184e-13,-0.531569386078349,0.577,0.753,2.975535611668046e-9,MIF
1.1596959677240795e-13,1.1053455872179176,0.376,0.218,3.2354357803534096e-9,CHD9
1.1642887605749407e-13,-0.39851955649286586,0.781,0.905,3.248249213128027e-9,PPIA
1.408556741597122e-13,-1.0943700765974391,0.059,0.173,3.929732453381811e-9,MCMDC2
1.420439237877405e-13,-0.8259639655129125,0.236,0.418,3.962883429754172e-9,RSRC1
1.475515355718466e-13,-0.9752850474800139,0.192,0.359,4.116540290918949e-9,TOB1
1.5225138519140596e-13,1.9353484522409943,0.239,0.103,4.2476613954550344e-9,ATP2B1-AS1
1.5307177081301463e-13,-0.686015639446541,0.389,0.59,4.270549333912295e-9,LSM3
1.5307199456419072e-13,-1.0274258362654463,0.107,0.247,4.270555576346357e-9,MAP3K13
1.531499435046682e-13,1.102303386725873,0.373,0.215,4.2727302738367385e-9,CD36
1.5434321012645546e-13,-0.2949241979573598,0.949,0.979,4.306021219317981e-9,RPS19
1.6270365387388001e-13,-1.1665710362588957,0.127,0.269,4.5392692394273785e-9,RBBP8
1.754473549411801e-13,-3.721804506752358,0.002,0.056,4.894805755503984e-9,MIR4458HG
1.7643102966669182e-13,-5.620146563938546,0.001,0.053,4.922249296671035e-9,CLDN10
1.7649122141568016e-13,-1.8140889103368572,0.024,0.111,4.923928586276061e-9,RARA
1.8550659997192447e-13,-1.592516906518975,0.041,0.141,5.175448632616721e-9,CCDC34
1.9354215233399984e-13,-3.469568317472612,0.01,0.079,5.399632507966261e-9,RAB20
1.9490545292794065e-13,-1.6173012009659526,0.034,0.13,5.4376672312366166e-9,FAM217B
2.1271975847379696e-13,-0.3044679332795521,0.961,0.978,5.934668541660461e-9,RPL17
2.1708042122315735e-13,-1.6177311634304625,0.04,0.139,6.056326671704867e-9,RPS15AP10
2.303918318180818e-13,-0.8413932519918712,0.181,0.348,6.427701715892665e-9,TPRKB
2.4254708635032285e-13,3.91567139598833,0.111,0.014,6.766821162087657e-9,RNU5E-1
2.508144863832076e-13,1.452239853938746,0.306,0.163,6.997473355605109e-9,LMO2
2.5307325838350995e-13,-1.4509996040049238,0.048,0.154,7.060490835641544e-9,PHAX
2.8428729920230087e-13,-0.9709119761491957,0.134,0.285,7.931331360444992e-9,THEMIS2
3.1205338657802103e-13,-0.5720573445058849,0.331,0.524,8.705977432140208e-9,OSTC
3.1489407376534687e-13,-1.9260510610925343,0.013,0.085,8.785229763979412e-9,SFMBT2
3.3492730062793174e-13,-2.0580298016570993,0.03,0.119,9.344136760218667e-9,SLC11A1
3.354703772318473e-13,-0.5608316366349155,0.498,0.694,9.359288054391308e-9,HNRNPR
3.383947896003561e-13,-1.9458104218956196,0.021,0.103,9.440876235060335e-9,SLC19A2
3.4702899085402847e-13,-0.7284650171277344,0.291,0.478,9.68176181583654e-9,PCNA
3.653882743623277e-13,1.0968968322244965,0.442,0.304,1.019396746643458e-8,ERLIN1
3.969607737969023e-13,0.7385332579240187,0.605,0.479,1.1074808628159778e-8,DDX17
4.083593210842578e-13,1.6015474009857456,0.195,0.066,1.1392816698929709e-8,MXI1
4.185043870890466e-13,0.6661145243468944,0.674,0.559,1.167585389539731e-8,USP15
4.190265850744882e-13,7.417446988255161,0.08,0,1.1690422696993147e-8,HOXB6
4.251260319935679e-13,-7.024710684470743,0,0.048,1.186059116658855e-8,ERG
4.5077015862638155e-13,0.8153950048011718,0.566,0.439,1.257603665551742e-8,RAB2A
4.5091082235309607e-13,-2.4123386573116115,0.02,0.098,1.2579961032829027e-8,HACD1
4.563319559412817e-13,1.5417746451945555,0.259,0.115,1.273120523880582e-8,RNF19A
4.639812407321783e-13,-1.70503553271939,0.053,0.159,1.2944612635187042e-8,SPC25
4.757009569333262e-13,-0.21584689918525068,0.986,0.992,1.3271580997482868e-8,RPL11
4.946634470065087e-13,-0.6695627147095115,0.256,0.441,1.3800615508034586e-8,SSRP1
5.383090813958923e-13,-1.3399063709552597,0.063,0.176,1.5018285061863998e-8,ODC1
5.485565397641357e-13,1.1541251459386244,0.678,0.606,1.5304178902879623e-8,TXNIP
5.61627834443446e-13,-0.8254781317697851,0.244,0.418,1.56688549531377e-8,NOP10
5.778908755175395e-13,-1.0974795426805843,0.085,0.21,1.6122577536063835e-8,SGMS2
5.985038326713062e-13,3.004926776964345,0.138,0.032,1.6697658427696772e-8,LDLRAD3
6.316205480199892e-13,-0.6628269976489507,0.353,0.548,1.762158166920968e-8,SLIRP
6.874501938244099e-13,-0.7851439926791749,0.317,0.5,1.917917295750721e-8,TMEM14B
7.328570639817315e-13,1.230716471079821,0.412,0.285,2.0445979228026328e-8,BST2
7.348992572542046e-13,-0.5104469150215105,0.682,0.809,2.0502954378135056e-8,CALM1
7.364279109768689e-13,-0.7602788123319308,0.28,0.463,2.0545602288343667e-8,GALNT1
7.915422083390004e-13,-1.4430162647515936,0.04,0.136,2.2083236070449774e-8,CCDC50
8.082186104653782e-13,-2.1152142288263454,0.022,0.103,2.2548491013373587e-8,SLC16A1
8.149049740806273e-13,-1.3575353913596195,0.034,0.125,2.273503387187542e-8,METRNL
8.935943228841054e-13,1.2943098768869081,0.349,0.207,2.4930388014143657e-8,PXK
9.059813632395067e-13,-0.7952932867685238,0.205,0.373,2.5275974053018997e-8,NME1
9.268352842648147e-13,-0.688982369105532,0.24,0.421,2.5857777595704065e-8,NDUFA12
9.82579667454192e-13,2.0278935993488267,0.199,0.075,2.7412990142304502e-8,CA2
9.844311676329273e-13,1.9787711199090465,0.225,0.096,2.7464645145791037e-8,RNF24
9.96859274994499e-13,-4.929733735602559,0.002,0.053,2.7811376913071528e-8,B3GNT7
1.0527254149103319e-12,-3.9914274918829866,0.002,0.053,2.936998635058335e-8,ALG14
1.0803042997573225e-12,-0.23831180746160108,0.97,0.979,3.013940965892954e-8,RPL15
1.0956957490810361e-12,3.4202572703499063,0.121,0.022,3.0568815703611824e-8,CR1
1.0978582491323814e-12,-0.7438060275202896,0.133,0.282,3.062914729254431e-8,SNHG9
1.0990868019660745e-12,1.9144137971607287,0.18,0.059,3.066342268805151e-8,IGF2R
1.1037653450415844e-12,-0.7812643443907147,0.169,0.325,3.079394936131516e-8,SLK
1.1170177048700876e-12,-0.5627670289684965,0.429,0.62,3.116367694817057e-8,HDGF
1.1201665955309965e-12,-0.7043452289575084,0.284,0.465,3.125152784871927e-8,METAP2
1.1276286742272499e-12,-4.401788682683041,0.001,0.05,3.145971238226605e-8,POMC
1.1415075506969954e-12,1.107504586716619,0.467,0.343,3.1846919156895474e-8,HCST
1.2287279187888524e-12,-0.7011066527198363,0.293,0.481,3.428028020629019e-8,SNRPF
1.2536311748300358e-12,2.9018422335805893,0.127,0.026,3.497505614658317e-8,TSGA10
1.2749070911402147e-12,-0.6328368165728853,0.326,0.518,3.556863293572085e-8,NOL7
1.3075172278373475e-12,-1.942855250616672,0.02,0.096,3.647842313943416e-8,MIR223
1.3328686233469241e-12,-2.147332114332085,0.02,0.098,3.718570172275584e-8,CASK
1.366749006226933e-12,-1.3053023402700286,0.088,0.212,3.813093052472521e-8,ACTL6A
1.4151440659952913e-12,-0.8732823263849597,0.16,0.312,3.9481104297202634e-8,MRPL23
1.451701934368433e-12,-0.5967267481057719,0.358,0.553,4.050103226694491e-8,SEM1
1.480209413702318e-12,3.485541905719968,0.103,0.013,4.129636243288097e-8,RNU4-1
1.495526649903805e-12,-0.7725840411568377,0.187,0.348,4.1723698005666253e-8,MBD2
1.5222776911897134e-12,0.5325826028490592,0.765,0.678,4.247002530650181e-8,SF3B1
1.5471297991065375e-12,7.281724457423881,0.076,0,4.316337426527329e-8,HOXA-AS3
1.7957669774414817e-12,-0.4360074634917681,0.765,0.853,5.01001029036399e-8,RPS5
1.8491918782120643e-12,-1.0709721104932375,0.122,0.258,5.159060421023838e-8,TNFRSF1B
1.906382015605751e-12,1.2282179624720546,0.363,0.226,5.318615185338485e-8,SLC25A36
2.0048974920267607e-12,4.2273678140371125,0.087,0.005,5.5934635130054594e-8,VLDLR
2.1429484666744746e-12,7.449975474453848,0.075,0,5.978611927175117e-8,HOXA6
2.264577863043462e-12,-0.9381974081135654,0.141,0.285,6.317945780104954e-8,MESD
2.3234722662421825e-12,3.086230600434431,0.116,0.021,6.482255275589065e-8,SRGAP1
2.3271667244349373e-12,-0.7147870101491645,0.188,0.349,6.492562444501031e-8,NDUFS6
2.4528297723173447e-12,-0.335107375576122,0.956,0.987,6.84314978178816e-8,MT-ND4
2.5633241569148684e-12,-0.40412392327109314,0.681,0.829,7.151418065376792e-8,HINT1
2.690500297797018e-12,-5.54330403393054,0.001,0.048,7.506226780823901e-8,ALOX15B
2.71403907176402e-12,-0.6929091586914807,0.284,0.465,7.57189760631444e-8,SMC1A
2.773948944587593e-12,2.5526947161833067,0.182,0.066,7.739040160504926e-8,HIST1H2BC
2.776759565388043e-12,-4.824481232222647,0.001,0.048,7.746881511476101e-8,GGTA1P
2.8942729540955756e-12,-0.9405810144847997,0.123,0.261,8.074732114631246e-8,GCA
2.8969585702792934e-12,-0.5090193002136262,0.341,0.542,8.0822247152222e-8,SERP1
3.2797284117163862e-12,-0.9006503623360831,0.053,0.157,9.150114295847546e-8,UPP1
3.4141722161644285e-12,1.19842306341596,0.433,0.309,9.525199065877139e-8,JUNB
3.553554290139333e-12,-1.2105540786698392,0.064,0.173,9.914061114059726e-8,CBWD1
3.6007303359268094e-12,-1.0620167807937402,0.101,0.229,1.0045677564202206e-7,CORO1C
3.840213786190511e-12,-0.6984855243125624,0.326,0.505,1.0713812442092907e-7,MAN1A2
4.04868581871156e-12,6.0420942022897,0.077,0.002,1.1295428565623382e-7,HOXA3
4.205402751521941e-12,1.2820933531016525,0.321,0.183,1.1732653136471064e-7,RIPK2
4.236658289829872e-12,2.6399373313867187,0.128,0.029,1.1819852962796361e-7,CACNA2D4
4.429391551491553e-12,-0.752402317310297,0.183,0.348,1.2357559489506284e-7,MCM3
4.912943032174401e-12,-1.5013130876970568,0.06,0.163,1.3706619765463361e-7,MFSD14B
4.987404610707092e-12,1.5728191780745293,0.251,0.122,1.3914360123411715e-7,CTSA
4.988182214723637e-12,-3.2469985369751297,0.006,0.061,1.3916529560857475e-7,RGS1
6.313329564654101e-12,-4.137119295246142,0.002,0.05,1.7613558152428478e-7,SPINK2
6.411623806680959e-12,-2.5247036317365024,0.01,0.072,1.7887789258259207e-7,NR4A1
6.418684711691694e-12,-1.0976844092202542,0.059,0.163,1.7907488477148656e-7,SETSIP
6.620384008093349e-12,-1.617413068054482,0.034,0.122,1.8470209344179635e-7,ANKRD19P
6.900230373898471e-12,-0.5612855001897736,0.331,0.521,1.9250952720139344e-7,SIVA1
6.931873405735787e-12,-1.9024703636172622,0.016,0.085,1.9339233614662272e-7,RAP2A
6.98563666985692e-12,-0.5649039921446679,0.329,0.511,1.9489227745233822e-7,PTPRE
7.231746644285528e-12,-0.7879757970491985,0.171,0.325,2.0175849962892195e-7,MRPL47
7.695050550570158e-12,-0.5859098368028886,0.229,0.401,2.1468421531035682e-7,COX17
7.763374768292053e-12,-1.134104616974291,0.061,0.167,2.1659039266057998e-7,LIN7A
8.371547357873721e-12,-0.7665743782890482,0.233,0.391,2.3355779973731896e-7,CDC42SE2
8.791532542224062e-12,-0.3389997521501851,0.853,0.918,2.452749663955091e-7,ATP5E
8.872103303277406e-12,0.7768459193194719,0.629,0.554,2.4752281005813633e-7,RNA5-8S
8.910380605077076e-12,-2.2828341040082143,0.014,0.08,2.4859070850104535e-7,ACTG1P20
9.24136721577775e-12,1.3084405095836749,0.322,0.189,2.5782490395298344e-7,PPP1R15B
9.29141700153743e-12,1.5683544161196519,0.234,0.107,2.5922124292589274e-7,SERTAD2
9.478316893196842e-12,-0.7685686189424309,0.254,0.423,2.6443556300329867e-7,PAICS
1.0082065118844944e-11,2.212929091214793,0.178,0.066,2.812795347506551e-7,NFAT5
1.0278221475571812e-11,1.4649475442155144,0.274,0.141,2.8675210094697796e-7,PMAIP1
1.0758042269294937e-11,0.8554855479791796,0.716,0.615,3.0013862127105945e-7,VCAN
1.0825130895426165e-11,4.700429101917742,0.085,0.006,3.0201032685149454e-7,RNU5D-1
1.087588347018734e-11,7.3528789169268505,0.071,0,3.034262729347566e-7,LGALS3BP
1.186818178893582e-11,-4.265373461964531,0.003,0.051,3.3111040372952045e-7,SIDT1
1.1911987203203815e-11,-0.8585494797647316,0.118,0.252,3.323325309821832e-7,KIAA0930
1.2771122986193776e-11,-0.9351027492853656,0.155,0.298,3.5630156019182017e-7,NR4A2
1.292347856654372e-11,-1.1532889608658334,0.143,0.276,3.6055212852800325e-7,CENPE
1.303534259913206e-11,-0.9605902891845262,0.118,0.252,3.6367302317318534e-7,DNAJC19
1.307957762137218e-11,-0.8803543988791216,0.158,0.303,3.649071360586625e-7,FAM32A
1.3503098522080218e-11,-0.5288480799239466,0.579,0.736,3.76722945667516e-7,SAMHD1
1.3710624583312422e-11,-0.6933272468974638,0.304,0.473,3.8251271524983327e-7,VBP1
1.3853803607176725e-11,-0.9711488139496833,0.324,0.474,3.8650726683662346e-7,TOP2A
1.4048016611220579e-11,-0.605537841426099,0.294,0.463,3.919256154364429e-7,CENPU
1.46158544405466e-11,1.0074664090608316,0.444,0.314,4.0776772303680957e-7,FBXL5
1.472551867745951e-11,2.2611895701610805,0.154,0.048,4.108272455824429e-7,ADGRA2
1.5285571655609407e-11,-0.7838528256190611,0.121,0.258,4.264521636198468e-7,NEUROD2
1.5320113093585892e-11,-1.557566394079736,0.019,0.09,4.274158351979528e-7,TPCN1
1.7234295323172753e-11,1.9230259386040425,0.199,0.082,4.808196052211966e-7,NXF1
1.724529809224896e-11,-2.882674447314548,0.011,0.072,4.811265714756538e-7,PANDAR
1.778157267124938e-11,-1.4827253060101286,0.027,0.106,4.960880959551864e-7,LOC440311
1.833880328245343e-11,-1.096689829282647,0.1,0.223,5.116342727771682e-7,PLXDC2
2.0438407249118822e-11,-1.341691390186179,0.079,0.189,5.70211123843166e-7,CKAP4
2.1001945365849855e-11,-1.047480757469231,0.101,0.221,5.859332737618451e-7,CTR9
2.2227581786726925e-11,-0.6232258521265535,0.279,0.45,6.201273042678944e-7,NDUFB3
2.3141001372899893e-11,-0.2327820350912182,0.98,0.99,6.456107973025341e-7,RPL27A
2.6172436991142957e-11,-0.9535863978239947,0.196,0.345,7.301848196158974e-7,ANXA2P2
2.621383375035965e-11,-0.8436284219394545,0.13,0.268,7.313397478012838e-7,MEF2A
2.705771063974861e-11,-0.7989651800968303,0.175,0.325,7.548830691383465e-7,C20orf27
2.73872542058647e-11,-0.6507701733122299,0.251,0.423,7.640770050894193e-7,NOP56
2.8291631223895983e-11,-0.49146701203564125,0.344,0.524,7.89308219515474e-7,SNRPD1
2.8895493033152224e-11,-1.705027693329927,0.019,0.088,8.061553601319139e-7,CYTL1
3.0602525936586377e-11,-1.7561488372803162,0.028,0.106,8.537798711048233e-7,MSX1
3.075585827763328e-11,-3.840918764070142,0.003,0.05,8.580576900876908e-7,ALDH7A1
3.183375779753457e-11,-3.673042691224336,0.003,0.05,8.88130008793417e-7,LOC105374313
3.2641931910974855e-11,-1.0167036219237784,0.046,0.138,9.106772583842875e-7,BCL11A
3.2665525193488057e-11,-1.3400579919079587,0.037,0.123,9.113354873731232e-7,ICA1L
3.393679172313945e-11,-1.4536596384978246,0.045,0.135,9.468025522838674e-7,POLR2D
3.397476825924259e-11,1.9603095909265766,0.164,0.056,9.47862059664609e-7,IFI6
3.634555024783236e-11,-0.7074950025194229,0.164,0.311,1.014004506364275e-6,SEPT6
3.8216335554316427e-11,-0.700368140961665,0.169,0.317,1.066197545629874e-6,IL1RAP
3.947196962714886e-11,-1.2969963262265634,0.063,0.165,1.101228480627826e-6,NIPA2
3.9515987673653765e-11,-1.0125337801845062,0.061,0.163,1.1024565401072663e-6,TCEAL3
3.9583428607195634e-11,2.9632222582407115,0.124,0.03,1.104338074712151e-6,LTC4S
4.0240746684861467e-11,-0.7838211378372655,0.167,0.312,1.12267659176095e-6,NSRP1
4.0933200121163975e-11,-5.462416330931225,0.001,0.043,1.1419953501803538e-6,IL7R
4.31773659776868e-11,-1.7950475681029454,0.023,0.096,1.204605333411484e-6,PRELID2
4.48831501280656e-11,-0.7699732471617305,0.113,0.244,1.2521950054229022e-6,PER1
4.5186159710365643e-11,2.8433823862793495,0.121,0.029,1.2606486697594911e-6,NABP1
4.612836435997546e-11,-0.5898076980695286,0.148,0.292,1.2869352372789554e-6,MCM7
4.619926962088672e-11,-1.302330768189478,0.057,0.154,1.2889134231531187e-6,CD2AP
4.8322476368189124e-11,-0.580406878332486,0.469,0.644,1.3481487681961084e-6,DNAJC8
4.941730520922463e-11,2.404364573049664,0.139,0.04,1.378693398032158e-6,KDM5B
5.002334468092491e-11,0.6630357242045646,0.655,0.591,1.395601293253124e-6,NDUFB9
5.179034542387442e-11,-0.7387805501598149,0.183,0.33,1.4448988469806725e-6,MRPS35
5.2111079828724375e-11,-0.5658468103206179,0.411,0.591,1.4538470161415814e-6,CELF2
5.2287763034070215e-11,1.5773255304481824,0.25,0.127,1.4587763008875248e-6,WDR26
5.389737735194391e-11,-3.7306258835935235,0.004,0.051,1.5036829307418831e-6,CLIC2
5.4792897251913446e-11,7.174001961004164,0.066,0,1.5286670404311332e-6,HOXB5
6.021166642460306e-11,-0.6237170644952659,0.208,0.362,1.6798452815800008e-6,TFDP1
6.024137702651726e-11,-0.676197674110608,0.244,0.404,1.6806741776628049e-6,M6PR
6.162599304928849e-11,2.449503939079257,0.168,0.062,1.7193035800820996e-6,RNVU1-19
6.490266291500953e-11,-1.0932954028771358,0.099,0.216,1.8107193926658508e-6,RECQL
6.52747384457647e-11,1.9187746127601246,0.2,0.087,1.8210999278983895e-6,ZBTB43
6.577814579670851e-11,-2.7227677138005495,0.007,0.061,1.8351444895823707e-6,FAM213A
7.382316284105945e-11,1.8092310246328507,0.21,0.095,2.0595924201027178e-6,TIMP1
7.617811604653201e-11,-1.6449571711366897,0.037,0.12,2.1252932595821967e-6,IL10RA
7.820581436221079e-11,-0.7784189523104286,0.154,0.293,2.1818640148913187e-6,BRD4
7.826379465431142e-11,1.0897772329843,0.391,0.272,2.1834816070606342e-6,DIAPH2
7.927738223429021e-11,-1.3723931700936554,0.046,0.135,2.2117596869544624e-6,SOX11
8.288866330966894e-11,1.9065681498802116,0.182,0.072,2.3125108176764537e-6,VAT1
8.325703234225731e-11,-0.7510081293484572,0.157,0.296,2.322787945316637e-6,YWHAH
8.65130603252868e-11,-4.95090209198489,0.002,0.045,2.4136278700151764e-6,CD2
8.893879967180946e-11,-0.7777507884407515,0.195,0.346,2.481303572043812e-6,SEC61G
9.377982877063223e-11,-0.8645118687382034,0.119,0.244,2.6163634428718686e-6,CYTH1
9.936534219547989e-11,-0.952212367529107,0.07,0.173,2.7721936819116935e-6,AGPAT5
1.0274221666506603e-10,-0.5838038863453432,0.292,0.471,2.8664051027386774e-6,SMARCE1
1.0311394677063847e-10,-0.4855681809814185,0.088,0.207,2.8767760009540428e-6,TGS1
1.0327585390258175e-10,-1.0117217863645456,0.093,0.208,2.8812930480281283e-6,ITGB1BP1
1.035175279912852e-10,4.022110448176823,0.075,0.005,2.888035513428866e-6,PLA2G16
1.0440883868629351e-10,-0.838512542208638,0.209,0.353,2.9129021905089027e-6,GMNN
1.0642955646413916e-10,1.3822369150237366,0.286,0.16,2.9692781957930184e-6,MID1IP1
1.2395683442059883e-10,-1.7377529913135066,0.027,0.101,3.4582717235002865e-6,SLC25A51
1.2525093161921268e-10,-1.0519615448660098,0.088,0.199,3.4943757412444147e-6,RRP1B
1.2616242113523418e-10,-1.0172931901927569,0.057,0.154,3.5198053872518986e-6,PFDN6
1.2986500217564858e-10,2.3496590980385097,0.142,0.045,3.62310369569842e-6,ST8SIA6
1.330220675065354e-10,-1.1969127059578313,0.058,0.154,3.7111826613648313e-6,LOC105376805
1.3381231312007849e-10,1.8732557025541192,0.171,0.064,3.73322972373707e-6,BCL6
1.375024753084652e-10,-1.2562309478671432,0.08,0.184,3.83618155863087e-6,CEP55
1.4608446327231848e-10,-0.8869320452388475,0.214,0.364,4.075610440834413e-6,SERPINB8
1.5176448128031618e-10,-0.6226756694109368,0.308,0.478,4.234077263239541e-6,TMED10
1.56398681866967e-10,-1.2725506524205303,0.067,0.167,4.363366825406512e-6,ENPP4
1.582265732144275e-10,-0.7866648956014013,0.169,0.306,4.414363166109313e-6,NAA20
1.590298709420158e-10,1.5967094035100144,0.206,0.091,4.436774369411299e-6,CTBS
1.599698318239393e-10,1.3483160180498044,0.284,0.162,4.462998338056083e-6,WHAMMP1
1.6269876989036498e-10,-0.8354473554035542,0.047,0.136,4.5391329811712925e-6,IMPA2
1.6493304612462407e-10,-0.8336353687519543,0.147,0.284,4.601467053830887e-6,SELENOT
1.6584589244630474e-10,-0.7664762917646922,0.223,0.377,4.626934553359456e-6,ADK
1.6588907703642108e-10,-0.9113199933986055,0.135,0.263,4.628139360239112e-6,ITGB3BP
1.6768617374356917e-10,-1.3899796411384102,0.027,0.101,4.678276561271836e-6,NEDD4L
1.7646530137230873e-10,-0.6884869424016291,0.242,0.404,4.923205442986041e-6,NHP2
1.8016414400195364e-10,-0.8007516479670164,0.155,0.295,5.0263994535105045e-6,MRPL20
2.0233881923849395e-10,-1.0369129090155005,0.055,0.149,5.645050717934743e-6,FDX1
2.023405791709283e-10,-0.641938846311859,0.327,0.498,5.645099818289729e-6,APEX1
2.131754209310016e-10,0.4343507939095983,0.818,0.787,5.947381068554013e-6,PLAC8
2.2004034119225707e-10,-4.453139688460396,0.002,0.043,6.13890547892278e-6,FPR2
2.3134813074476005e-10,-0.6871734930961495,0.228,0.383,6.454381499648061e-6,RBM8A
2.3253481373544768e-10,-2.6311180476110527,0.008,0.061,6.4874887684052545e-6,SULF2
2.329468784748746e-10,-0.6563368407275176,0.316,0.486,6.498984962570526e-6,IFNGR1
2.345591042745002e-10,0.7706759141378025,0.556,0.457,6.543964450154281e-6,MGST1
2.3514887266957833e-10,-3.456903754574811,0.005,0.051,6.560418398608566e-6,PPIAP30
2.41972161436448e-10,1.6254497861756232,0.211,0.099,6.750781331915462e-6,TRIB1
2.520103959598254e-10,-0.632052727084927,0.192,0.341,7.030838036883168e-6,GNAI3
2.5238400638383554e-10,2.578412781709445,0.116,0.029,7.0412613941026275e-6,PLK2
2.56489109943177e-10,-2.6136082956483437,0.007,0.056,7.155789678304696e-6,TMEM64
2.6853814068396264e-10,-2.7644356048886474,0.009,0.062,7.491945586941874e-6,JAML
2.7203495994273916e-10,-1.0720643805285839,0.161,0.288,7.589503347442479e-6,BIRC5
2.8073475327366404e-10,2.32198279306381,0.148,0.051,7.832218881581953e-6,LINC01715
2.8728405929236845e-10,-0.6996796008452164,0.277,0.436,8.014937970197787e-6,HNRNPAB
2.9709748087486275e-10,-0.5770917844510177,0.18,0.327,8.288722618927795e-6,RASSF2
3.130904109937346e-10,-0.5192164879998004,0.204,0.357,8.734909376314202e-6,MAGOH
3.310646125400289e-10,-1.3978118469512923,0.034,0.112,9.236371625254266e-6,TMEM263
3.36138404290552e-10,-0.7080485424799807,0.247,0.402,9.377925341302111e-6,TXNDC17
3.446583230035863e-10,1.5810719441084762,0.209,0.096,9.615622553477054e-6,UGGT2
3.4668927525630946e-10,1.204334939589041,0.35,0.229,9.672284090375778e-6,CPSF6
3.4753183030928213e-10,-0.5064367418988079,0.37,0.546,9.695790533798663e-6,PSME2
3.5369176667353e-10,-0.3077489252410328,0.829,0.888,9.867646598424814e-6,RPL7A
3.5913480902070863e-10,-0.676098274354574,0.052,0.143,1.001950203686875e-5,CNDP2
3.715792495393797e-10,2.224959004188661,0.167,0.066,1.0366689482899155e-5,HIST1H2BD
3.9588561486352236e-10,-2.5722789285076155,0.01,0.064,1.1044812769077411e-5,ANXA2P3
4.5434923251161623e-10,-1.3244505542345755,0.057,0.147,1.2675889237841581e-5,FRY
4.681106713869463e-10,-1.148829508767069,0.124,0.244,1.3059819621024415e-5,SGK3
4.879490090536634e-10,-0.7376034734966096,0.292,0.444,1.3613289403588155e-5,ABRACL
4.947789177083048e-10,0.7036525456682741,0.709,0.654,1.3803837025143995e-5,STK17B
4.948859385602413e-10,-0.9340296862610243,0.083,0.188,1.3806822799892172e-5,GTF2A1
4.954357469320312e-10,-0.8810570123848918,0.17,0.304,1.382216190365674e-5,ECRP
5.19142264931573e-10,0.8625238526482957,0.47,0.354,1.4483550049325955e-5,TMEM59
5.209617033871629e-10,6.8577243311047,0.06,0,1.4534310562798458e-5,PENK
5.257521898601472e-10,-1.1167004521641384,0.072,0.171,1.4667960344908248e-5,SPDL1
5.311331887534226e-10,-1.4145305729994258,0.042,0.123,1.4818084833031737e-5,TSEN15
5.373513156519148e-10,-3.6155018848479754,0.005,0.05,1.499156435537277e-5,IFITM1
5.475344203799228e-10,1.194271140905335,0.27,0.147,1.5275662794179466e-5,AP5B1
5.480330952212552e-10,1.4077441018895933,0.211,0.099,1.52895753235778e-5,ALDH3B1
5.681960321167798e-10,1.6895394967194375,0.169,0.066,1.585210110002604e-5,CPQ
5.904670515880448e-10,-0.46460206326363895,0.61,0.752,1.647344027225486e-5,SPCS3
5.960211449813829e-10,-6.781849573530309,0,0.035,1.66283939238356e-5,GUCY1A3
5.963390142604391e-10,0.8591261843491141,0.453,0.338,1.663726215885199e-5,PHPT1
6.082685346683517e-10,2.3707266673938467,0.124,0.035,1.697008384871234e-5,DUSP10
6.086236673367012e-10,-1.2366649471814029,0.056,0.146,1.6979991695026626e-5,ZSWIM7
6.088478685730098e-10,0.6088536017118482,0.577,0.482,1.69862466853184e-5,CAST
6.102584819094452e-10,-5.174335505017071,0.001,0.038,1.702560138679161e-5,LOC102724428
6.121658485338632e-10,-5.341763654742706,0.001,0.038,1.707881500824625e-5,ZNF721
6.179229145427414e-10,-4.689510205484055,0.001,0.038,1.7239431392827943e-5,SMIM24
6.480538776394997e-10,-2.058948798567927,0.016,0.075,1.80800551322644e-5,TLR8
6.582642005856248e-10,-0.607145607477667,0.345,0.518,1.8364912932138346e-5,LSM5
6.632466341788438e-10,-0.6963332078692922,0.154,0.287,1.8503917846955563e-5,IDH2
6.63300738133332e-10,-2.4587345116943955,0.009,0.061,1.8505427293181828e-5,LOC729739
6.659826392702993e-10,1.6214062396667914,0.176,0.072,1.858024965300208e-5,CREBRF
6.853197090529992e-10,-0.38908529310905804,0.88,0.947,1.9119734562869625e-5,HSP90B1
6.987892482299684e-10,0.7782398776842399,0.48,0.365,1.949552123636789e-5,DNAJC10
7.211975215636047e-10,-0.8552944965939051,0.068,0.165,2.0120689654103008e-5,STK24
7.261069749371243e-10,-0.8413904462051349,0.202,0.345,2.0257658493770832e-5,CRYBG1
7.339470883701435e-10,-0.9262610335648431,0.139,0.261,2.0476389818438632e-5,ANXA6
7.360608276806408e-10,0.33337515427627595,0.891,0.904,2.05353610314622e-5,ENO1
7.378819030839409e-10,-1.0727478849720022,0.088,0.194,2.0586167214138866e-5,CCDC58
7.706429896988157e-10,4.822700224543144,0.062,0.002,2.150016876960726e-5,HOXB2
7.796331176742784e-10,1.0475232490942146,0.408,0.3,2.1750984349994693e-5,COPS2
7.92571804710573e-10,-3.2295898048747986,0.004,0.046,2.2111960779620277e-5,SYTL3
8.009529353219709e-10,-2.7066525374431736,0.007,0.056,2.2345785942547667e-5,PABPC1P2
8.099076502604901e-10,-2.880830230345956,0.004,0.046,2.259561353461741e-5,TFPI
8.280375419270597e-10,-2.6140948889827698,0.007,0.056,2.310141938222304e-5,SUPT20HL1
8.466721564959905e-10,-0.19170905260285043,0.984,0.989,2.362130649408164e-5,RPS20
8.802898939799546e-10,-1.8824796447429932,0.017,0.077,2.4559207752146754e-5,FKBP14
9.130169854693221e-10,1.829660083848382,0.168,0.067,2.5472260877608618e-5,CD151
9.225334180359349e-10,3.065014377148251,0.093,0.018,2.573775982978455e-5,CAMK2D
9.430650573813824e-10,-1.122242834267012,0.088,0.194,2.6310572035883187e-5,MPHOSPH10
1.0936231666239525e-9,-0.5043308496975751,0.166,0.304,3.051099272564165e-5,MPHOSPH6
1.1031744719145555e-9,-1.1500941576341026,0.052,0.139,3.077746459194419e-5,CERK
1.1803417335940025e-9,-2.4838931520765977,0.008,0.058,3.293035402553907e-5,RAVER2
1.183169943528373e-9,-2.410887679969197,0.011,0.064,3.300925825449808e-5,GNA15
1.2651480096113599e-9,-0.6533567396548399,0.244,0.404,3.529636432014733e-5,NDUFB8
1.2762890602874255e-9,-1.283189510323751,0.026,0.095,3.5607188492958885e-5,PLEKHG2
1.2958829599694777e-9,-1.2601372753432847,0.066,0.159,3.615383870018846e-5,PIGBOS1
1.326215979121616e-9,-0.630295704113049,0.153,0.285,3.7000099601513965e-5,GTF2H5
1.362305447261538e-9,6.983960782421856,0.057,0,3.8006959673149645e-5,DKK2
1.3650395751922218e-9,-0.7931104354013371,0.14,0.263,3.80832391082878e-5,ABCF1
1.3666902792811008e-9,0.8018164382824886,0.462,0.362,3.8129292101663435e-5,CHURC1
1.3937131763813084e-9,-0.8178189802731765,0.111,0.226,3.8883203907862126e-5,BTBD9
1.4150030068905838e-9,4.212363656312364,0.064,0.003,3.94771688892404e-5,FCER2
1.417241254132144e-9,-3.037365080923123,0.005,0.048,3.953961374903269e-5,HBD
1.4565725746610612e-9,-0.6258922137527061,0.277,0.429,4.0636918260468946e-05,RNASEH2B
1.5277633378621047e-9,-0.43364759007422005,0.525,0.686,4.262306936301486e-5,RAN
1.5290886793028872e-9,-0.7546760086819431,0.155,0.284,4.266004506387125e-5,NFIC
1.5344164148722984e-9,-0.6263730959018523,0.28,0.434,4.280868355852225e-5,RBPJ
1.55463233895005e-9,-3.5590374911368476,0.001,0.037,4.3372687624367444e-5,GIMAP4
1.64029179692908e-9,-0.6911676047966776,0.128,0.248,4.57625008425244e-5,C1orf43
1.66682009998202e-9,-0.5575508182969405,0.307,0.468,4.6502613969398376e-5,SSB
1.6689022693002222e-9,0.2917363015245069,0.873,0.846,4.6560704411206904e-05,S100A4
1.67471491900117e-9,-0.4980595824409506,0.367,0.535,4.672287152521364e-5,SUPT16H
1.6837118270643344e-9,-1.3817214505739472,0.067,0.16,4.6973876263267864e-5,HRH2
1.739115120566914e-9,-0.6137142785455223,0.14,0.264,4.851957274869634e-5,EIF4A3
1.7562666198399714e-9,-4.09395241385275,0.004,0.045,4.8998082426915365e-5,POTEM
1.787270566518048e-9,-1.096151077351119,0.057,0.146,4.986306153528702e-5,FGF23
1.8260082411959758e-9,0.950658794767034,0.454,0.346,5.094380392112653e-5,HIF1A
1.9077296450565808e-9,1.271989090257122,0.222,0.111,5.3223749367433545e-5,GNS
1.913961120670572e-9,0.9647416901550968,0.318,0.197,5.339760130558829e-5,PARP8
1.9929926237470288e-9,3.98888072397416,0.07,0.006,5.560250120991836e-5,NCF1C
2.008863488549342e-9,-2.564424795680426,0.004,0.045,5.604528246703809e-5,HIST1H4F
2.01648990055712e-9,-0.7269960502090023,0.103,0.215,5.6258051735643095e-5,UHRF1
2.0201772634560464e-9,-0.2604743991271361,0.899,0.936,5.636092547316024e-5,RPL10A
2.1646985913410487e-9,-2.4056246674203665,0.01,0.061,6.039292599982392e-5,CCDC144A
2.4257195806031375e-9,-1.0768065849448516,0.101,0.207,6.767515057924694e-5,CDKN3
2.582560240486239e-9,6.893897817302442,0.055,0,7.205084814932558e-5,HOXA11
2.6058578219205117e-9,-0.49915466005629866,0.261,0.413,7.270082737376036e-5,TMCO1
2.7530916666116207e-9,3.6433253699434487,0.084,0.014,7.680850440679761e-5,USP32P2
2.7667516413090266e-9,-1.2356473704159565,0.046,0.125,7.718960404088053e-5,KDSR
2.786271300344979e-9,1.8378602264163346,0.173,0.075,7.773418300832457e-5,SULT1A1
2.824264911399914e-9,4.080712538135403,0.059,0.002,7.87941667631462e-5,HOXB7
2.8571304600944876e-9,-1.5979199256734224,0.008,0.056,7.97110827061761e-5,RNY4
2.9628832716302955e-9,-0.8141384262863445,0.201,0.338,8.266148039521361e-5,LAP3
2.987287662011185e-9,-0.7240728026629194,0.189,0.322,8.334233848245005e-5,KIF11
3.0267328044445105e-9,-1.0935385244906168,0.075,0.17,8.44428185111974e-5,CBWD2
3.0666291307717093e-9,-0.5044310259960678,0.371,0.534,8.555588611939992e-5,SLC25A3
3.105147752357582e-9,-0.5726458869286943,0.233,0.383,8.663051714302418e-5,NDUFB6
3.2137147087558903e-9,-0.7963025308595811,0.101,0.208,8.965942665958058e-5,C2orf68
3.281409153689671e-9,2.6443396526448577,0.084,0.014,9.154803397878812e-5,ANKRD22
3.3705937262952705e-9,1.3642639413458146,0.243,0.135,9.403619436991175e-5,BSG
3.4198330208435807e-9,-0.5806241278279826,0.286,0.438,9.540992144851506e-5,PIK3R1
3.42587887493353e-9,-0.8102350731290486,0.152,0.274,9.557859473177056e-5,PTTG1
3.442741052635672e-9,-0.9823196738317836,0.061,0.151,9.604903262748261e-5,CD86
3.664413443539269e-9,-0.6413656290703045,0.113,0.228,1.0223347066130207e-4,STOM
3.6996755115366917e-9,-0.6044584539405906,0.223,0.367,1.0321724709636217e-4,TOP1
3.758501068304978e-9,-0.7824916718712677,0.099,0.207,1.0485842130464058e-4,INIP
3.771500877333234e-9,-0.8509080576174788,0.132,0.248,1.052211029767199e-4,BMS1
3.778064313966596e-9,-0.6511438712287958,0.263,0.423,1.0540421629535407e-4,MED4
3.778355909604346e-9,-4.358028783726153,0.001,0.035,1.0541235152205166e-4,ITM2A
3.797072965004629e-9,1.1796569242362516,0.364,0.258,1.0593453865066414e-4,BIN2
3.854548256500562e-9,-1.5947955045247912,0.017,0.074,1.0753804180810918e-4,SPRY2
3.952912652598799e-9,-0.32586502586148924,0.671,0.801,1.1028231009485389e-4,HMGN1
3.996646251272972e-9,2.9802639239666844,0.074,0.01,1.1150243376426465e-4,OCLN
4.1845282700182614e-9,1.0092137219371387,0.28,0.163,1.1674415420523947e-4,QSOX1
4.303410252309307e-9,3.8623928281106528,0.071,0.008,1.2006084262917736e-4,PHACTR3
4.332695688383895e-9,1.6772188373429548,0.176,0.077,1.2087787701022229e-4,MPP7
4.425251869953898e-9,-0.8021164157756334,0.095,0.2,1.234601019198438e-4,PREX1
4.454799439678863e-9,-3.622752943950481,0.004,0.043,1.242844495676006e-4,PAX8-AS1
4.558056823436717e-9,-1.3473498494357439,0.018,0.075,1.2716522731706097e-4,GNG7
4.5603402932010875e-9,-2.8650576894393645,0.007,0.053,1.2722893384001715e-4,ST14
4.609136028798367e-9,1.6697073376988547,0.194,0.093,1.2859028606744565e-4,SDE2
4.666383179061436e-9,-0.7270382902676387,0.149,0.271,1.30187424312635e-4,DCAF7
4.727626830090579e-9,-1.0336708969371857,0.085,0.184,1.3189606093269707e-4,C8orf33
4.774779615204448e-9,-0.5360425071110851,0.2,0.343,1.332115764845889e-4,PDCD5
4.785356084244807e-9,1.554378354009611,0.198,0.096,1.3350664939434587e-4,DCTN4
4.8983685083460905e-9,1.7594929955053944,0.16,0.066,1.3665958301434757e-4,NFIA
5.074582933558555e-9,0.5920174745892626,0.638,0.599,1.415757892633501e-4,CLIC1
5.088659571306805e-9,-0.6853924675600466,0.274,0.42,1.4196851337988856e-4,GNAQ
5.143978265141869e-9,-0.5767737686330952,0.381,0.532,1.43511849619193e-4,EIF5B
5.193003522183029e-9,-1.1441187718007217,0.135,0.245,1.4487960526538433e-4,EIF2AK4
5.603334817721409e-9,0.9973536731040629,0.296,0.179,1.5632743807960958e-4,ALOX5AP
5.729133339422197e-9,-2.610484447918118,0.008,0.054,1.5983709103653987e-4,CD69
5.77439250288985e-9,-0.5482563225654128,0.294,0.452,1.6109977643812392e-4,HMGN3
5.8013267867719155e-9,-0.70779186257493,0.227,0.365,1.6185121602414968e-4,IER3IP1
5.833895128798317e-9,1.4875938139403455,0.192,0.09,1.6275984019834425e-4,ZNF438
5.886714150574472e-9,-0.5450249314569133,0.301,0.45,1.642334380868772e-4,RCC2
5.95545477139383e-9,1.4870955171997609,0.24,0.133,1.6615123266711646e-4,PCNX1
5.974930482137009e-9,0.9328469204517209,0.427,0.324,1.6669458552114042e-4,YTHDC1
6.026949200021262e-9,-4.198938555063047,0.003,0.04,1.6814585573139319e-4,ZNF595
6.124479428401976e-9,-1.2154206417620848,0.011,0.061,1.7086685157298673e-4,ZC2HC1A
6.207133667071748e-9,-0.7048088060208499,0.141,0.26,1.731728221776347e-4,MYO10
6.264284725859522e-9,-0.6967841768646752,0.149,0.271,1.747672795667548e-4,CPSF2
6.426790582964789e-9,0.856260522609109,0.439,0.333,1.7930103047413465e-4,SYF2
6.533703212517981e-9,-1.0426427207992066,0.046,0.123,1.8228378592603916e-4,CDKN2AIP
6.630852941900941e-9,2.037273399826875,0.157,0.066,1.8499416622609434e-4,COL24A1
6.663029658319413e-9,-2.140493384989862,0.008,0.054,1.858918644374533e-4,TPD52
6.736969819878548e-9,1.0032868475713055,0.369,0.258,1.879547210047916e-4,CLEC2B
6.967102719382728e-9,-0.9326491268903887,0.182,0.306,1.9437519876805873e-4,TFAM
6.992754809082251e-9,0.7873244019231151,0.579,0.516,1.9509086641858573e-4,VPS13C
7.014108158944249e-9,-1.731834479284828,0.017,0.072,1.9568660352638562e-4,YWHAEP1
7.083546719745505e-9,0.8251466039880652,0.514,0.423,1.9762386993417986e-4,JMJD1C
7.137309708943821e-9,-0.335776369612768,0.729,0.825,1.9912380356982366e-4,NDUFA4
7.207228675713712e-9,1.3692991738078324,0.27,0.163,2.0107447282373685e-4,TTC14
7.233045013588017e-9,-0.5552126912104485,0.31,0.466,2.0179472283409207e-4,NSA2
7.2650653589858964e-9,-0.9433105018300898,0.031,0.099,2.0268805845034753e-4,KATNBL1P6
7.3183783565747694e-9,0.5517235217581267,0.603,0.511,2.0417543777007948e-4,CYBB
7.393059196536017e-9,-0.5064114875978023,0.129,0.25,2.0625895852415834e-4,CEBPB
7.549044762232215e-9,1.4825374396324802,0.139,0.05,2.1061079982151657e-4,CD4
7.563532021194515e-9,1.9124845792684428,0.098,0.024,2.1101497985930576e-4,SCML1
7.569017406598777e-9,2.9639004375586873,0.06,0.003,2.1116801662669928e-4,CLEC4G
7.676942914332487e-9,1.3632549395530673,0.224,0.119,2.1417903036696206e-4,RSBN1
7.692302810987198e-9,-0.4028344587563639,0.193,0.338,2.1460755612373182e-4,CCDC47
7.836217196582265e-9,-4.815666211876675,0.002,0.037,2.186226235674486e-4,B4GALT6
7.84441190169595e-9,-0.4433998044850052,0.249,0.402,2.188512476454153e-4,TRAPPC5
7.977981701173956e-9,-0.6516799851138092,0.107,0.215,2.225777114810522e-4,INSR
8.015243027090917e-9,-0.580286502725566,0.13,0.248,2.236172652128095e-4,ZSCAN16-AS1
8.02871847857065e-9,-0.6173675360182296,0.231,0.37,2.2399321683364256e-4,SUMO1
8.11892148442508e-9,-1.7821857129832348,0.018,0.074,2.2650979049397533e-4,PPIAL4A
8.15757303357011e-9,-1.00707704353333,0.042,0.117,2.275881300635725e-4,BCL2
8.18086632537434e-9,-0.49448223810054737,0.492,0.628,2.2823798961161873e-4,DUT
8.502664814303161e-9,0.8438605455859013,0.454,0.361,2.372158456542439e-4,CAPRIN1
8.627959108535999e-9,-0.4193899333749882,0.615,0.756,2.4071143116904584e-4,SNRPD2
8.991708177053575e-9,-6.680158087963505,0,0.03,2.5085966643161766e-4,CPA3
9.051536981582147e-9,-0.6756885196359897,0.273,0.41,2.5252883024916035e-4,FGL2
9.180884659541785e-9,-4.5230838612649364,0.001,0.034,2.5613750111655627e-4,CD3D
9.231580109019736e-9,-0.5638581202588574,0.17,0.304,2.5755185346154163e-4,GYPC
9.237931119744652e-9,-4.658350685576549,0.001,0.034,2.57729040309756e-4,CDC42BPA
9.287190877404114e-9,-0.3988278372495695,0.696,0.798,2.591033382886974e-4,SET
9.697511885786668e-9,1.8657272212715879,0.126,0.042,2.7055088410156224e-4,ALAS1
9.882855839995576e-9,-0.5159977472162797,0.446,0.601,2.7572179508003657e-4,EIF5A
1.029552550983919e-8,-1.0195084345537737,0.056,0.138,2.8723486619900356e-4,GCLC
1.045564510271879e-8,0.83115681195623,0.441,0.335,2.917020427207515e-4,CTSB
1.0513817512681417e-8,-3.8465475322429143,0.004,0.042,2.933249947862989e-4,PIP5K1B
1.083705540229528e-8,-1.081665869854733,0.088,0.184,3.02343008668636e-4,PM20D2
1.1169940392221724e-8,-1.3080296805592428,0.034,0.104,3.1163016700259385e-4,SIAH2
1.1282090686110718e-8,-2.5047007924327036,0.011,0.059,3.1475904805180295e-4,EVL
1.1397140102776602e-8,-0.7713659725918385,0.168,0.29,3.1796881172736443e-4,RPS6KA3
1.157557853697081e-8,3.1155111266302224,0.093,0.022,3.229470656029486e-4,COL9A2
1.1619928538527091e-8,-3.0568955257620307,0.006,0.046,3.2418438629636733e-4,DOCK1
1.1676977831490131e-8,-2.689940578404055,0.006,0.046,3.2577600452074316e-4,WASF1
1.2060495936431737e-8,-1.719213473675409,0.026,0.088,3.36475776130509e-4,RIN3
1.2331195160905756e-8,-0.5250794499381782,0.363,0.526,3.440280137941097e-4,EIF1AX
1.236362102042138e-8,1.2450058279284784,0.218,0.114,3.449326628487361e-4,PTPN22
1.272703655801972e-8,6.7619475806054155,0.05,0,3.5507159293219216e-4,NCAM2
1.2884989065035801e-8,-0.6311862042102007,0.163,0.284,3.5947830992543383e-4,IPO5
1.2940073103294636e-8,1.221756032680734,0.266,0.157,3.6101509950881705e-4,ANKRD10
1.3099488347279712e-8,-1.217950585827206,0.075,0.165,3.6546262540075667e-4,NOP16
1.3432045420112227e-8,-0.5249670722907366,0.25,0.391,3.74740635175711e-4,CLSPN
1.388165879930582e-8,-1.0429137764479806,0.035,0.106,3.872843988418331e-4,RPL23AP64
1.43499131688313e-8,-0.8316268178030908,0.109,0.216,4.003482274972244e-4,FAM129A
1.4615326991477095e-8,-1.0171054287885226,0.053,0.133,4.077530077352195e-4,ANKRD26
1.5081744029260515e-8,-3.5526671771643947,0.003,0.038,4.207655766723391e-4,SPAG16
1.5389521287241846e-8,-0.4232212397695529,0.249,0.391,4.2935225439276025e-4,ANAPC5
1.5396604298780415e-8,-1.0217522663001368,0.092,0.189,4.295498633316748e-4,ELK4
1.551171779892565e-8,1.2298303991210615,0.25,0.146,4.3276141487222673e-4,SNTB1
1.5762933668102573e-8,-0.5292050242841118,0.167,0.292,4.397700864063937e-4,RPL7L1
1.585702304993721e-8,-0.6153059267546614,0.124,0.237,4.423950860701982e-4,LPCAT2
1.6083668013021464e-8,-0.7835119481916251,0.11,0.216,4.4871825389528584e-4,UTP11
1.6197368700920172e-8,-0.7883278008061055,0.096,0.196,4.5189038938697187e-4,TUBB4B
1.6336806421201377e-8,-0.4131500977162772,0.598,0.756,4.557805623450972e-4,LRRFIP1
1.6440278571216722e-8,-1.0620564071960055,0.098,0.196,4.586673318583753e-4,ZMPSTE24
1.7670044845724648e-8,-1.5692074386181742,0.019,0.074,4.92976581150872e-4,CD14
1.8177867051469735e-8,3.763051067780686,0.057,0.003,5.071443128689541e-4,PTX3
1.836535433969729e-8,-0.6925362217286958,0.228,0.362,5.123750207232146e-4,PARP1
1.8645465741010255e-8,-4.785469962420198,0.002,0.035,5.201898487084451e-4,SLC16A6
1.872367306835514e-8,0.4845217460512723,0.712,0.684,5.223717549340401e-4,CD63
1.917537154796213e-8,1.4373184788931823,0.248,0.147,5.349736908165954e-4,NFIL3
1.9476287633947027e-8,-4.06646482389908,0.002,0.035,5.433689486994881e-4,NECAB1
1.958418294773555e-8,-1.5090388778009336,0.009,0.054,5.463791200588741e-4,FAM13A
1.9700998466444965e-8,-0.3986931737375665,0.434,0.603,5.496381562153481e-4,PARK7
2.031026275724042e-8,-0.9079100138649299,0.072,0.162,5.666360206642505e-4,CNN2
2.103716907215548e-8,-0.6312760423822829,0.144,0.261,5.869159799440657e-4,PPHLN1
2.1569024807080604e-8,-0.42645105425328067,0.558,0.692,6.017542230927418e-4,FAM107B
2.157799426240155e-8,-1.2350727331102234,0.039,0.109,6.020044619267408e-4,HK2
2.1767643121020102e-8,0.3453125056922963,0.88,0.857,6.072954754333398e-4,YWHAZ
2.181415311140972e-8,-0.8752216681447009,0.146,0.26,6.085930576552197e-4,TMEM165
2.222388889441389e-8,-6.24803716148468,0,0.029,6.200242762652531e-4,DNAJC12
2.222388889441389e-8,-6.124499864186447,0,0.029,6.200242762652531e-4,GATM
2.2249987152424426e-8,0.7213212459984671,0.454,0.357,6.20752391565489e-4,ZRANB2
2.2565770160371714e-8,-0.6865249004190299,0.137,0.252,6.295624217042105e-4,ZNF22
2.3521214380872922e-8,4.6716089646250705,0.056,0.003,6.562183600119737e-4,SERINC2
2.370364306397029e-8,-1.0874646060094038,0.088,0.181,6.613079378417072e-4,DDB1
2.371081325884029e-8,-0.5341248753815364,0.492,0.614,6.615079791083853e-4,MS4A6A
2.405140127653589e-8,6.981173833696635,0.048,0,6.710100442140748e-4,PTGER3
2.4859588074131294e-8,-2.45534591858498,0.011,0.058,6.93557647680189e-4,TRPS1
2.4921531007451537e-8,0.9821880458039776,0.392,0.293,6.952857935768904e-4,GSTK1
2.5233975021935617e-8,-0.7279773723768117,0.075,0.167,7.040026691369817e-4,BAG5
2.5282523999583037e-8,-0.7633641623039871,0.185,0.309,7.053571370643671e-4,TRMT6
2.5684276614433493e-8,-1.211690886602037,0.032,0.096,7.1656563326608e-4,LRRC47
2.5903566156799247e-8,-0.28960321062226146,0.706,0.838,7.226835922085422e-4,HLA-DRA
2.6265531651064263e-8,-3.240810322156094,0.006,0.045,7.327820675330418e-4,FNBP1L
2.6289294921779084e-8,0.6198327698294148,0.565,0.498,7.334450390227146e-4,SLTM
2.6430502375882653e-8,0.7412321753241279,0.463,0.37,7.373845857847501e-4,SLC38A2
2.705771501285157e-8,-1.2188200320302727,0.067,0.152,7.548831911435459e-4,LITAF
2.7423529607603927e-8,-0.22538673320744795,0.924,0.949,7.650890525225419e-4,FAU
2.7704359818170736e-8,-2.617798558729084,0.006,0.045,7.729239345671454e-4,ATP1B1
2.789377723441023e-8,1.7166148996699868,0.156,0.067,7.78208491062811e-4,UBALD2
2.9020011350201105e-8,-0.7055700905412587,0.115,0.223,8.096292966592606e-4,SNHG16
2.9054647160745126e-8,-2.481379412693735,0.008,0.051,8.105956011376283e-4,LSP1
2.9400317156233557e-8,0.6883962504980901,0.517,0.436,8.2023944834176e-4,ITM2B
2.9661258178122826e-8,3.0272822326351116,0.062,0.006,8.275194419114487e-4,KIF26B
3.056659642830986e-8,-2.312087143799224,0.008,0.051,8.527774737534168e-4,LINC00514
3.126064608062863e-8,-0.502247590675705,0.272,0.423,8.72140765003458e-4,PSIP1
3.220042030070176e-8,-1.1160858059643681,0.016,0.067,8.983595259692784e-4,TMEM243
3.2581289978747684e-8,-0.2472821126134681,0.888,0.949,9.089854091170816e-4,RPL23A
3.316163930682756e-8,-0.3386359597698285,0.689,0.814,9.25176575021182e-4,SERBP1
3.37904750850045e-8,-0.8475820752343263,0.142,0.25,9.427204643965405e-4,CCNA2
3.406760115433838e-8,0.7129526065474602,0.448,0.348,9.504520046048865e-4,AGTPBP1
3.4899113902249946e-8,-1.651741556185998,0.019,0.072,9.736503787588712e-4,CCR2
3.531617632280593e-8,-0.7833660380742158,0.242,0.375,9.852860032299627e-4,PTPN11
3.544041266011094e-8,-0.9093445600239674,0.102,0.202,9.88752072804435e-4,PWP1
3.626543708338144e-8,1.0164535826480143,0.342,0.239,0.0010117694291892588,CKS2
3.6290729589168e-8,-0.6210673746874658,0.174,0.3,0.001012475064808198,RRM1
3.635522039805332e-8,3.682678386227745,0.051,0.002,0.0010142742938852895,PRICKLE1
3.654876772174519e-8,0.5312879242651762,0.522,0.407,0.001019674070668969,S100A10
3.658633803876698e-8,-0.7065468105793355,0.129,0.239,0.00102072224494356,SS18L2
3.72256301127279e-8,0.2708053738251923,0.927,0.917,0.0010385578545149957,GAPDH
3.747333627853231e-8,-0.8936765494345871,0.113,0.216,0.0010454686088347729,OTUD6B-AS1
3.760229038000272e-8,-0.8783361218641739,0.136,0.242,0.0010490662993116958,TRIM14
3.865912889354509e-8,-2.5106006344264813,0.007,0.046,0.0010785510370010145,RPL13AP17
3.897071399002758e-8,-0.9096836419034664,0.048,0.123,0.0010872439496077795,SKIL
3.918424850216864e-8,-0.5350012952116108,0.291,0.431,0.0010932013489620028,DDX18
3.9282036548485695e-8,-3.281051333452322,0.005,0.042,0.0010959295376662024,ZNF704
3.9592919701362014e-8,4.459631197057668,0.058,0.005,0.0011046028667482989,SNAI3-AS1
4.0230092642917515e-8,2.599316143534495,0.088,0.021,0.0011223793546447558,CCNA1
4.0235380071505044e-8,-0.6207941329824148,0.233,0.372,0.0011225268686149191,LSM14A
4.0772042204457577e-08,-0.95032748890137,0.063,0.146,0.001137499205462162,LOC105371814
4.100276232444325e-8,-0.554116607125539,0.166,0.288,0.0011439360660896421,POLR2K
4.312076446152142e-8,3.0460756238691915,0.064,0.008,0.0012030262077119861,NCF1
4.329293369609676e-8,-1.1231752421461085,0.053,0.13,0.0012078295571874035,TCF4
4.349732664237767e-8,-1.5769603110665944,0.027,0.087,0.0012135319159956946,TEX30
4.3532229945344785e-8,-0.8276703548052924,0.066,0.149,0.0012145056832451743,LEPROTL1
4.363914369527803e-8,-0.9721999949923896,0.179,0.292,0.0012174884699545617,ASPM
4.43432203153922e-8,1.9127588241912319,0.139,0.056,0.001237131503579127,ITGAM
4.448600445703814e-8,0.6911181522882033,0.553,0.484,0.0012411150383469071,RFLNB
4.517075046443096e-8,-1.773011878297046,0.028,0.088,0.0012602187672071594,DUSP7
4.541437758012053e-8,-0.7813939488464622,0.106,0.207,0.0012670157201077827,CTSZ
4.547455468293801e-8,-0.521675780727191,0.39,0.545,0.0012686946010992874,HLA-DRB1
4.552210243234443e-8,-0.4771823141755551,0.273,0.418,0.0012700211357599773,CCT4
4.5800476604836276e-8,1.2411989152211287,0.256,0.157,0.0012777874967983274,OGT
4.613282669809801e-8,-0.36527507442654494,0.505,0.651,0.0012870597320502363,HNRNPM
4.637741604076206e-8,-0.6444701966467075,0.204,0.332,0.0012938835301212206,PSMD14
4.7244430962369533e-8,-3.4855582818134923,0.002,0.034,0.0013180723794191476,RTKN2
4.80326806469206e-8,-0.38945394045018733,0.564,0.708,0.0013400637573684378,NDUFA1
4.821923707831281e-8,-0.6628693859505423,0.136,0.247,0.0013452684952478492,FAM98B
4.832255535412154e-8,-1.4382204147774182,0.054,0.13,0.0013481509718246368,RAD51C
4.848926947654302e-8,1.7639142571679194,0.115,0.038,0.0013528021291260737,PILRA
4.890993289934103e-8,-3.969295010794529,0.002,0.034,0.0013645382179587153,SLC12A7
4.9492617211752134e-8,-0.6305752512720877,0.063,0.147,0.0013807945275906728,TRIO
4.963570137605907e-8,-1.4953633011113818,0.029,0.09,0.0013847864326906722,ZFHX3
5.007758152589858e-8,-0.42095585404534885,0.194,0.327,0.0013971144469910445,CNOT1
5.060635734889457e-8,-0.5862190655575508,0.06,0.141,0.0014118667636768096,P2RY2
5.132809692089931e-8,-0.705238678843061,0.086,0.179,0.0014320025759961697,ANKRD36BP1
5.155288688220452e-8,-0.8835026009726181,0.056,0.135,0.001438273991126624,TMEM183B
5.192561558691484e-8,-1.8886387975802426,0.01,0.054,0.001448672749259337,OSTCP1
5.2517933722140734e-8,-1.2610840142534037,0.043,0.114,0.0014651978329140044,ASF1A
5.322155890596937e-8,-1.1374262132667439,0.063,0.144,0.0014848282719176395,PTS
5.3645190350652446e-8,-0.8774041990084602,0.076,0.165,0.0014966471655928526,SLC26A2
5.4019881977107186e-8,-5.995227177613925,0.001,0.03,0.0015071006872793135,TBC1D4
5.443141890839869e-8,-0.7750686314593321,0.154,0.271,0.001518582156125415,RABL6
5.4681769544276646e-8,-2.045094585670855,0.007,0.048,0.0015255666885157742,CD163
5.494764625027364e-8,-7.084579577670825,0,0.027,0.0015329843827363843,SCN9A
5.498814065715631e-8,-0.7007921911651147,0.109,0.21,0.001534114136194004,TREM1
5.5258136185381546e-8,-1.2131039047126337,0.032,0.095,0.0015416467414359598,SFT2D3
5.5710040506033166e-8,-4.656366630080775,0.001,0.03,0.0015542544200778192,DNAJB5
5.713705632633302e-8,2.4154417375617134,0.113,0.038,0.0015940667344483649,ZNF185
6.047205215586424e-8,-3.1271549766666373,0.004,0.038,0.0016871097830964566,ZSCAN18
6.048733985256736e-8,-1.4039361517179623,0.03,0.091,0.0016875362945467766,BCL10
6.113575055884356e-8,-0.3783815472249021,0.291,0.446,0.0017056263048411764,C7orf73
6.156580348879149e-8,0.3992505893230436,0.848,0.832,0.0017176243515337937,TKT
6.221470844051799e-8,-1.437926706716627,0.048,0.12,0.0017357281507820114,GABPB1
6.23908282108426e-8,6.526112220927144,0.046,0,0.0017406417162542976,APOBEC3H
6.23908282108426e-8,6.728413927362615,0.046,0,0.0017406417162542976,TPBG
6.246375188174962e-8,-0.48439460059352446,0.259,0.397,0.0017426762137489325,SMC2
6.33532242736389e-8,-0.8191340540352174,0.07,0.155,0.0017674916040102515,SNX22
6.377566497002923e-8,3.92310072823247,0.06,0.006,0.0017792772769988454,HLA-DQA2
6.379211690283446e-8,-0.4335922236151706,0.086,0.179,0.0017797362694721786,PPP4C
6.459297084143246e-8,1.5305726636006016,0.199,0.107,0.0018020792935051241,STK17A
6.611448185648017e-8,3.300611887277487,0.072,0.013,0.0018445279293139404,CCDC18-AS1
6.673481680185241e-8,-0.6409733741421867,0.153,0.268,0.0018618346539548804,WAC-AS1
6.694580494730444e-8,1.9042586591204278,0.109,0.035,0.0018677210122248467,PIGA
6.760213970822198e-8,-0.9759575977554839,0.107,0.204,0.0018860320957196852,LOC101928034
6.783093492132707e-8,-2.1184812683465006,0.008,0.05,0.001892415253370104,PDGFA
6.876173449247962e-8,-0.33252623737173126,0.716,0.835,0.001918383630605689,UQCRB
6.926171820487315e-8,1.2482283929263556,0.301,0.199,0.0019323326761977561,MRPS5
6.968866035741136e-8,-0.7455033877515462,0.168,0.287,0.0019442439353114195,GPATCH11
7.018471639336401e-8,-0.7028628743554914,0.107,0.207,0.0019580834026584623,SHCBP1
7.365443905160495e-8,-0.45847690000467767,0.115,0.221,0.0020548851951007266,ST13P4
7.383676374013688e-8,-0.634505639024984,0.213,0.341,0.0020599718715860788,POLR2B
7.46273460092645e-8,-1.0732367226618051,0.045,0.115,0.00208202832631247,MAP4K1
7.487845731906275e-8,1.4395940445169062,0.195,0.101,0.0020890340807445318,LIPA
7.518120345937675e-8,-0.7932546773394671,0.111,0.208,0.002097480395313152,PDZD8
7.69271853128924e-8,-0.5910090771032566,0.201,0.327,0.002146191543044385,DICER1
7.839406263364235e-8,-0.9885626506635824,0.1,0.194,0.002187115953415988,GNB4
7.855408583708769e-8,0.6092521490251288,0.583,0.527,0.0021915804407689095,PNISR
7.87878844579513e-8,1.6994462183161931,0.152,0.067,0.002198103188492383,C2orf69
7.900618698901965e-8,-0.5508432836683071,0.11,0.212,0.0022041936108066593,GPN3
8.324951630320054e-8,-0.7326276279643946,0.125,0.229,0.0023225782553429916,ICE1
8.341291665420426e-8,-0.6566543422771023,0.097,0.192,0.0023271369617356447,TMEM126A
8.347931981918102e-8,-0.44766500561457323,0.385,0.526,0.0023289895436353313,AHR
8.409585293825578e-8,-0.15745720493472337,0.993,0.995,0.002346190201124398,RPLP1
8.411957557663578e-8,-1.1008123508238579,0.06,0.138,0.002346852039012562,DDTL
8.418572258126923e-8,-0.6614981604873955,0.287,0.415,0.0023486974742948303,PPP1CB
8.456179206203802e-8,-3.7948882157394777,0.003,0.035,0.0023591894367387986,BEX2
8.499949637576075e-8,-1.8290467496474845,0.022,0.077,0.002371400949387349,ZNF525
8.569505059252838e-8,6.875265962997919,0.045,0,0.002390806216480949,COL7A1
8.82954558904306e-8,-0.5539050017574394,0.363,0.505,0.002463354923887123,SEC61B
8.96960087728576e-8,-0.4488192890917414,0.277,0.425,0.002502428948753954,RAB11FIP1
8.981232522190433e-8,-1.083528053125267,0.065,0.146,0.0025056740613659087,FBXO34
9.004538650566013e-8,-1.367289855563437,0.036,0.101,0.002512176238121412,CCNYL1
9.502003719374632e-8,1.4652058908398795,0.19,0.098,0.0026509640176683286,RIT1
9.610155718290818e-8,-0.27788721224561197,0.771,0.859,0.0026811373438459553,COX7C
9.6774819694919e-8,-1.0407817799369257,0.082,0.168,0.002699920694668545,PIN4
9.749882245310297e-8,1.1581835918135086,0.196,0.103,0.00272011964761912,BAZ2A
9.841622938155806e-8,-1.5864006740245393,0.025,0.082,0.002745714383516088,SGPL1
9.957626903502235e-8,0.8086390223082411,0.32,0.215,0.0027780783298080886,CKAP2
1.0013293072312992e-7,-0.4154344617671686,0.519,0.67,0.0027936086342446017,UQCRH
1.0422575259313926e-7,-0.46016257488074175,0.25,0.386,0.0029077942715959922,RPA3
1.062522815267418e-7,-0.5442494539550116,0.149,0.264,0.0029643324023145698,RAB12
1.0655594662509211e-7,0.9938495045420023,0.265,0.162,0.002972804354893445,HNMT
1.0966144634300474e-7,-5.050933941528023,0.002,0.032,0.0030594446915234892,ZBED3
1.1143451811675901e-7,-0.5359009506558522,0.404,0.538,0.0031089116209394594,TMEM123
1.1255428527733672e-7,-0.390621923835891,0.445,0.603,0.003140152004952417,H2AFV
1.1255683322093265e-7,0.6140091778187491,0.48,0.389,0.0031402230900308,RSRC2
1.1377700127012156e-7,1.3029326626113806,0.227,0.131,0.0031742645584351215,CCDC144B
1.1410895840413915e-7,-0.8770396022056328,0.06,0.138,0.0031835258305170783,ZNF714
1.1672873200691906e-7,-0.6762732553320334,0.153,0.266,0.0032566148942610347,DKC1
1.17031178859792e-7,-1.3030848703886708,0.043,0.111,0.003265052859009337,FAM210A
1.1816412679591478e-7,-3.409443203012556,0.002,0.032,0.0032966609734792264,HIST1H2BH
1.1949772660385115e-7,-0.5325350537535966,0.182,0.304,0.0033338670745208434,STARD7
1.1981993780686678e-7,-2.0563692328108787,0.018,0.067,0.0033428564448737762,FABP5P3
1.2084335457213934e-7,-0.4405491609254361,0.169,0.293,0.0033714087492081155,MTCH1
1.236222267094424e-7,-1.0158619299164284,0.09,0.178,0.003448936502966733,OSBPL9
1.2655640697169725e-7,-1.5427366072359723,0.017,0.066,0.0035307971981033814,CDC42P3
1.267328528365555e-7,-0.6116065071518075,0.241,0.372,0.0035357198612870617,JAK1
1.2727058683791226e-7,-0.4623309759144384,0.361,0.513,0.0035507221021909142,TMX1
1.2830264430258705e-7,1.5888249984912082,0.216,0.123,0.003579515473397876,SERPINB2
1.2855417972526472e-7,-0.4788145837992934,0.188,0.311,0.0035865330601551606,TTC37
1.3113560640493378e-7,-0.39217905436900513,0.561,0.71,0.0036585522830912473,LDHB
1.3533132285022752e-7,-4.792582002037442,0.001,0.029,0.0037756085761984975,MRC1
1.359248611030335e-7,-6.699165169355925,0,0.026,0.0037921676999135316,IL1R2
1.3877083842493042e-7,-0.9993976451526276,0.067,0.147,0.003871567621217134,CDYL
1.4542296862455136e-7,1.0551446692464679,0.196,0.103,0.004057155401656358,LRRC37A4P
1.459247993818282e-7,-1.6471147361944807,0.019,0.069,0.004071155977953625,ZBTB8A
1.4630269089495153e-7,3.8461015592399375,0.054,0.005,0.004081698773278253,OLFML2A
1.4673896554190172e-7,1.7426387705101736,0.155,0.072,0.004093870399653516,AFF2
1.477309200578953e-7,-1.0406034784063283,0.131,0.232,0.004121544938695221,CKAP5
1.490545691257931e-7,-0.6452991727727058,0.116,0.216,0.004158473424040502,NUDT5
1.554029706584602e-7,-0.4522628522460901,0.499,0.644,0.004335587478400381,UBL5
1.5689900790745187e-7,-0.6577428053342013,0.217,0.341,0.00437732542161,CALM3
1.6140224589007841e-7,-0.6523079761359916,0.163,0.276,0.004502961258087298,MZT2B
1.6155476360011308e-7,-0.7459307379289353,0.073,0.157,0.004507216349679555,SEPT9
1.6158761664297674e-7,6.488465553731757,0.043,0,0.004508132916722408,ART3
1.6158761664297674e-7,6.847149426130502,0.043,0,0.004508132916722408,PPARGC1A
1.6392019155856527e-7,-1.465915084022126,0.031,0.09,0.004573209424292413,MPP6
1.6522737502605967e-7,-0.4146426239487241,0.226,0.364,0.004609678535852039,ARHGAP30
1.6908047068326772e-7,2.2259175665944717,0.105,0.035,0.004717176051592486,IL31RA
1.7020075072725304e-7,-0.7532644958532001,0.151,0.26,0.004748430744539633,DDT
1.744308600579395e-7,-0.22124732678120562,0.883,0.941,0.004866446564756454,RNASE2
1.76150905402491e-7,1.8599075570944634,0.116,0.043,0.0049144341098240965,ZMAT3
1.7713638567223033e-7,-0.43055702675887164,0.313,0.462,0.004941928023869554,TBCA
1.7768017765144427e-7,-1.3267226348579473,0.032,0.091,0.004957099276297644,MGAT2
1.8024209230370392e-7,-0.44693411425306234,0.259,0.393,0.005028574133181036,MRPL57
1.8585200676674808e-7,-0.3680367896370582,0.637,0.752,0.005185085136785505,UQCRQ
1.8716678984607254e-7,-0.5224106322264044,0.048,0.12,0.005221766269915578,TRIM28
1.891946235153491e-7,1.414413178485526,0.182,0.093,0.005278340801454724,CBR1
1.985065601432104e-7,1.11761906463988,0.356,0.268,0.005538134521435427,CDC42EP3
2.030383510395911e-7,-0.7383525198136107,0.119,0.215,0.005664566955653552,IKBIP
2.0628587721010803e-7,-3.8281651435048163,0.003,0.034,0.005755169688284804,CPED1
2.0690068535865535e-7,-1.0437384219524473,0.078,0.16,0.005772322220821126,PSMB8-AS1
2.0896233663010626e-7,-3.433536168275582,0.005,0.038,0.005829840229643335,CA1
2.0931386505175642e-7,-1.4076401399886507,0.029,0.087,0.0058396475210789524,IRF2BPL
2.1526452074620974e-7,-1.0648033669889392,0.032,0.091,0.006005664864298505,PHGDH
2.20081182048577e-7,-1.076894408157134,0.047,0.115,0.0061400448979732495,SUMO1P3
2.231446074116166e-7,1.390326169486112,0.252,0.163,0.006225511402176692,FERMT3
2.2722336472213706e-7,-1.2839351723562706,0.026,0.082,0.006339304652382902,ADAM28
2.329945023932354e-7,1.1239468653305298,0.293,0.199,0.006500313622268875,ACADVL
2.3387458446536588e-7,1.8434242601554593,0.102,0.034,0.006524867031999243,YPEL2
2.3743703829572262e-7,-0.3870938899629106,0.561,0.699,0.0066242559314123655,C11orf58
2.464519721304256e-7,-1.041715575041116,0.061,0.135,0.006875763570466743,DCAF13
2.474773381235321e-7,-0.313987980641124,0.412,0.575,0.006904370256308422,ATP5J2
2.5579187675618535e-7,-0.7784103296403443,0.098,0.189,0.007136337569620815,LILRB4
2.6364220720045364e-7,-0.741680633625147,0.091,0.179,0.007355353938685456,RASSF3
2.6950650767009186e-7,-0.7658658114374988,0.038,0.103,0.007518962057487893,LOC101927284
2.745929869216672e-7,-0.7564753936781632,0.106,0.2,0.007660869742127593,UBP1
2.748170240869941e-7,-4.619167726025766,0.002,0.03,0.007667120155003049,SELENOP
2.7881863394054737e-7,-0.4624666119893915,0.319,0.457,0.007778761068307331,YY1
2.7904799907756153e-7,-0.46055209289487653,0.259,0.401,0.007785160126264889,GLO1
2.792257530503991e-7,1.9431008720869896,0.13,0.054,0.007790119284353084,LINC00926
2.7965993035936047e-7,-0.6403287425939486,0.077,0.16,0.007802232397095797,ZCCHC9
2.838452044362953e-7,0.8381122356996357,0.455,0.38,0.007918997358568202,DNAJC3
2.899126201600533e-7,-0.5779501067961825,0.174,0.288,0.008088272189845327,ATP2A2
2.9587266405768733e-7,0.7203547106732433,0.418,0.332,0.00825455145454542,MDM4
2.968292422100305e-7,2.995449235963427,0.073,0.016,0.00828123902841764,CBLB
3.0784096102509915e-7,-0.4647598494009699,0.178,0.293,0.008588454971639242,RBM23
3.099351866710854e-7,1.48185833731598,0.158,0.075,0.008646881772936611,MYLIP
3.1403294378381776e-7,-0.7762497545095063,0.156,0.264,0.008761205098624731,IVNS1ABP
3.225678354654461e-7,-0.9217268765088427,0.044,0.111,0.00899932004165048,MED6
3.3487907042214884e-7,-4.89411297084767,0.001,0.027,0.00934279118570753,NR4A3
3.3529665443080755e-7,-0.5331124344459303,0.4,0.535,0.0093544413619651,TRAM1
3.3647418619696485e-7,-6.5548130791752515,0,0.024,0.009387293320709122,FCER1A
3.3647418619696485e-7,-5.457617228737849,0,0.024,0.009387293320709122,FHL1
3.3647418619696485e-7,-6.672924678416623,0,0.024,0.009387293320709122,PRSS21
3.3797513392880433e-7,-1.5181212952725702,0.006,0.04,0.009429168261479713,LPAR6
3.415698682456426e-7,-0.3725792775233201,0.505,0.654,0.009529457754185183,CACYBP
3.496687771994651e-7,-0.6153915481104487,0.125,0.223,0.009755409215087876,PAK1IP1
3.589289821959267e-7,0.7533287337916731,0.314,0.22,0.01001375967428416,LRRC58
3.5981158445727954e-7,-1.1696406023868406,0.069,0.146,0.010038383394773642,CMSS1
3.62028277934212e-7,-1.202765683996462,0.035,0.096,0.01010022692608658,ORC1
3.7292850493509607e-7,1.4176326648085034,0.213,0.127,0.010404332359184245,BAHCC1
3.8049675668196214e-7,0.5136165102520007,0.567,0.511,0.010615479014670063,SRSF11
3.868657228826575e-7,-0.6072553086181184,0.164,0.276,0.010793166802703261,SNRPA1
3.886157167886249e-7,-0.5311496958051581,0.197,0.317,0.010841989882685846,DDX1
3.9115711743129265e-7,-0.8495618963489315,0.04,0.104,0.010912892419215633,ING1
3.9801295504537664e-7,-0.6857905084697311,0.101,0.189,0.011104163432810963,AKR1B1
4.097333468281209e-7,0.7199403958438333,0.385,0.285,0.011431150643157745,PJA2
4.179260862983209e-7,6.410862073727461,0.04,0,0.011659719881636854,IRX3
4.2360958994415847e-7,-0.7393010550157271,0.049,0.119,0.011818283949852078,FAM45BP
4.464318586087588e-7,-0.3558003734844368,0.343,0.492,0.012455002423325761,SMARCC1
4.518860820681179e-7,-0.5705798849073138,0.146,0.256,0.012607169803618421,TOMM22
4.582908413153925e-7,-0.47150613638857003,0.291,0.434,0.012785856181858134,RBM17
4.5934181168457164e-7,-1.2525735485014735,0.028,0.083,0.012815177204187865,VAMP5
4.647969821143884e-7,-0.583258935994964,0.152,0.258,0.012967371004009322,WASHC2C
4.666289522548489e-7,-0.6255409184193459,0.039,0.103,0.01301848113895803,EN1
4.701816353756318e-7,-0.9765277756653798,0.043,0.107,0.01311759744534475,FGD2
4.771019017202629e-7,-4.358739355295062,0.003,0.032,0.013310665956093615,TRAF5
4.980888798026848e-7,0.8186806292382165,0.36,0.26,0.013896181657615104,FBXO9
4.992742928435986e-7,0.32895604685115254,0.814,0.806,0.013929253496043558,LGALS1
5.023657671175165e-7,-0.7314768440925368,0.123,0.22,0.014015502536811593,CENPH
5.136539716892812e-7,-0.48471285031019384,0.315,0.454,0.014330432156159255,TOMM6
5.163583234199761e-7,-0.5110096978207197,0.256,0.388,0.014405880865093914,NDUFS4
5.247458830748522e-7,0.672608166427912,0.518,0.46,0.014639885391905302,ARF1
5.265516538691736e-7,-0.5523924856564528,0.179,0.292,0.014690264591296073,HELLS
5.272309524576178e-7,-1.00343814267354,0.074,0.152,0.014709216342615078,ADSL
5.28726060532875e-7,-0.3931743450206494,0.242,0.372,0.014750928362806679,PRMT2
5.298762505456839e-7,1.2472807349009394,0.208,0.119,0.014783017513974034,EAF1
5.314318385939717e-7,-2.4379527914595696,0.005,0.037,0.014826416864933216,MEST
5.372156983003186e-7,1.563436750572079,0.133,0.058,0.01498778076688059,ZFAND2A
5.37702042320306e-7,1.6366584013491317,0.112,0.042,0.015001349278694216,OMA1
5.379488392080514e-7,-1.6767544589784915,0.026,0.079,0.015008234665065427,PRKAG2-AS1
5.457636127417045e-7,-2.3443233877072744,0.005,0.037,0.015226259031880813,GNLY
5.481289811216164e-7,-0.9689727574542821,0.065,0.139,0.015292250444311976,SLC31A1
5.663356748572005e-7,-2.628833242267466,0.007,0.043,0.015800198992841036,PARD6B
5.788180222266367e-7,1.3214524270478005,0.207,0.119,0.01614844400210094,MEF2D
5.792247133840093e-7,-0.6416201060037854,0.127,0.224,0.016159790278700476,PDHB
5.863565290615506e-7,-0.49542299187410316,0.296,0.434,0.0163587608042882,PSMA3
5.874991467272168e-7,-1.5363524428212116,0.031,0.087,0.01639063869454262,PGM1
6.001066407824243e-7,-0.8120041308980133,0.147,0.248,0.016742375171188855,TUBA1A
6.050529070412206e-7,-0.8393226483722132,0.088,0.171,0.016880371053543015,AAMP
6.071823058430781e-7,4.397243169209483,0.043,0.002,0.016939779150716035,LINC00899
6.080363600102471e-7,-0.9533530514627688,0.054,0.123,0.016963606407925883,BICC1
6.340599051531469e-7,-0.47291964724247404,0.211,0.33,0.017689637293867643,ACAA2
6.428458883338547e-7,-0.5251726402156487,0.304,0.441,0.01793475743862621,LARP7
6.508166451342967e-7,-0.34527600808174524,0.272,0.409,0.018157133582601744,MAVS
6.5949746813662e-7,-1.443235986750668,0.029,0.083,0.01839931986354356,ZNF124
6.649251452294356e-7,-1.5002917994872527,0.027,0.08,0.018550746626756025,NFYA
6.720732863971487e-7,-1.0074778287225465,0.077,0.155,0.018750172617194052,DTYMK
6.736306685834056e-7,-0.9624771107162073,0.047,0.112,0.01879362202280843,PIAS2
7.011854487804896e-7,1.2548915413974133,0.177,0.095,0.01956237283552688,GATAD1
7.076889455854471e-7,-1.0132187312383012,0.027,0.08,0.019743813892888387,LRTOMT
7.188100838965257e-7,-0.18576378537916405,0.534,0.697,0.02005408253062917,CXCR4
7.276339809593408e-7,-0.6273162037837587,0.081,0.163,0.02030026043478465,MAD2L2
7.534950165779892e-7,-0.4417471270072576,0.28,0.413,0.02102175746750932,NDUFA5
7.559476061348338e-7,-1.2464081184087288,0.042,0.104,0.02109018226355573,TRIP13
7.707349523017551e-7,-1.0895897835089579,0.02,0.069,0.021502734434266667,MIR181A1HG
7.788093525708601e-7,-0.8988741243725121,0.081,0.162,0.021728002127374427,FEN1
7.90620028877354e-7,-1.0933845370428343,0.041,0.103,0.022057508185649298,DAXX
7.922853109111544e-7,-1.0216288117169108,0.021,0.071,0.022103967889110298,ANP32AP1
7.933544917434293e-7,0.9891476325939192,0.329,0.237,0.022133796965149933,UBQLN1
7.946854758535744e-7,-0.8542686238083814,0.058,0.128,0.022170930090838873,LRR1
8.04088003131659e-7,-0.5665942282862226,0.105,0.197,0.022433251199370157,RBM47
8.06000647292132e-7,-0.39249480162734995,0.23,0.354,0.02248661205880319,COX20
8.120782584020362e-7,-2.7950736964826706,0.004,0.034,0.02265617133115841,HBA2
8.192591203183721e-7,1.255430742454616,0.202,0.117,0.022856510197762265,RAB37
8.244470519038875e-7,-2.302446967047479,0.004,0.034,0.023001248301066556,RPSAP52
8.336926330518469e-7,-5.659007878765869,0,0.022,0.023259190769513476,SOCS1
8.39996707782122e-7,-1.0935561891538508,0.106,0.191,0.02343506815041342,HMMR
8.490240149799193e-7,-0.41758544989150814,0.342,0.478,0.02368692099392477,SRSF2
8.545537428125017e-7,-0.7676614887565063,0.051,0.119,0.023841194870725984,TRIM8
8.594509912679485e-7,-0.30058982311367455,0.718,0.827,0.023977823205384493,COX6C
8.610501036007477e-7,0.7389203279438886,0.365,0.271,0.02402243684035726,RIOK3
8.626516804872778e-7,-2.5431578058909996,0.004,0.034,0.024067119233914563,FZD3
8.831615041133927e-7,1.8614544611637625,0.106,0.04,0.024639322803259544,ULK1
9.054260601545143e-7,-1.4765112017956583,0.031,0.085,0.025260481652250793,JPX
9.148864930820365e-7,-0.36080695573913313,0.286,0.423,0.025524418270495734,PABPC4
9.252780266680035e-7,1.3597223819709052,0.155,0.077,0.02581433166601063,GYG1
9.286391552123345e-7,-0.6269303113008852,0.253,0.375,0.02590810379126892,G3BP2
9.315419040727703e-7,-0.7324815596389851,0.075,0.154,0.025989087581726217,CSE1L
9.510207948176861e-7,-1.6330373078329448,0.04,0.099,0.026532529154618626,PXMP2
9.610651244858616e-7,0.6073030980027185,0.565,0.514,0.026812755908031054,P4HB
9.724310799813198e-7,3.819267242003692,0.048,0.005,0.02712985470039884,MRS2P2
9.729881677070093e-7,-1.2104636267483913,0.036,0.095,0.02714539689085785,TMEM97
9.795687564361255e-7,-0.7918481132079745,0.093,0.176,0.027328988735811466,LYRM4
9.848485858252359e-7,-0.5531730422447843,0.099,0.188,0.027476290695938255,MAP7D3
1.0061706446499396e-6,-0.823205542733078,0.054,0.122,0.028071154815088664,SVIL
1.0070387519809566e-6,-1.8864008402320285,0.02,0.066,0.028095374141516707,LILRB1
1.0083593106566326e-6,-1.5253980824804123,0.017,0.061,0.02813221640800939,TRAM1L1
1.012862129239467e-6,1.009581974046214,0.348,0.263,0.02825784054365189,NUP50
1.0364635537694746e-6,-0.43040186848567374,0.14,0.244,0.028916296686614572,SMIM4
1.0592576910285864e-6,-0.23154206557651724,0.894,0.923,0.02955223032200653,EEF1G
1.0675474738729914e-6,3.9873372569591083,0.045,0.003,0.029783506973582587,MAP1LC3A
1.0712023442242819e-6,-0.5887203991625598,0.217,0.335,0.02988547420151324,HSD17B12
1.072035286584623e-6,-0.7460842988343523,0.087,0.167,0.029908712460424397,EGLN1
1.1173480316532692e-6,-1.7378120287438357,0.019,0.064,0.03117289273509456,GBAT2
1.1184288782671287e-6,-0.8645162074466235,0.086,0.165,0.031203047274774624,MED28
1.1198277072874983e-6,-0.3738354412760587,0.486,0.625,0.031242073205613917,SYNCRIP
1.1244665408608643e-6,-0.6433337078754224,0.142,0.24,0.031371492023477256,UFL1
1.1312968451743462e-6,-0.4295345426590008,0.378,0.505,0.03156205068351908,MOB1A
1.1478500373368794e-6,-0.6051157272065969,0.145,0.247,0.0320238681916616,UCHL5
1.1566606522848526e-6,-1.0464850145348268,0.037,0.096,0.0322696755380951,FAM166A
1.1740395834550634e-6,0.6652438515729857,0.502,0.434,0.032754530338812815,SMG1
1.1769767639058854e-6,-1.1524628168909934,0.03,0.083,0.0328364747362103,FRG1CP
1.1769797456638333e-6,-3.88458511961368,0.003,0.03,0.032836557924275284,LILRA5
1.213463317266536e-6,-0.5971879209769795,0.054,0.122,0.033854413088419084,C5orf51
1.2382152942499593e-6,-0.4046936100665979,0.223,0.348,0.03454496849427961,CBWD5
1.2447523937811282e-6,-2.6322286948962015,0.007,0.042,0.034727347034099694,PANX1
1.2559156718493893e-6,0.5787164699483534,0.558,0.502,0.035038791328926115,TRA2B
1.2895324201665546e-6,-0.39315215332138365,0.182,0.296,0.035976664990226705,DDX39A
1.3332162887693179e-6,-1.2446503917301683,0.025,0.075,0.0371954012403752,IMMP1L
1.3395612185722959e-6,2.642088349138295,0.071,0.018,0.03737241843694848,DPEP2
1.3547275441063118e-6,-0.6421684955752959,0.161,0.263,0.03779554375302199,SPECC1
1.3650435091291156e-6,-0.7693557771299031,0.099,0.181,0.038083348861193196,KIF15
1.3674277330154233e-06,-0.6689037806893834,0.127,0.22,0.03814986632339729,OAT
1.3695953859117855e-6,-0.8418699163588653,0.116,0.202,0.038210341671552905,MRPL48
1.381025084123223e-6,-0.6088672554265575,0.191,0.301,0.0385292188219538,PDS5B
1.393346524295228e-6,-1.6516349967428274,0.007,0.042,0.038872974681312567,QPCT
1.4039867563664858e-6,-0.4466887650061373,0.339,0.473,0.03916982651586859,PPIG
1.449904145548137e-6,-0.7296972572288868,0.147,0.245,0.04045087575664748,KIF2A
1.4775060647636883e-6,4.204063336214839,0.044,0.003,0.04122094170084214,ZNF532
1.4894242099212486e-6,-0.358484273855046,0.398,0.559,0.041553446032592915,SOD1
1.542717640990375e-6,4.5373887762095375,0.04,0.002,0.04304027946599047,ATP8B3
1.5993868954257032e-6,1.8524368100352597,0.084,0.026,0.044621294995481696,PHYH
1.6107215604348463e-6,-1.0101788064184718,0.061,0.13,0.04493752081457178,HLA-DQB1
1.6358112562858247e-6,1.2269349360542536,0.205,0.122,0.045637498239118224,RAB13
1.6359320934307543e-6,0.9683154751311325,0.307,0.221,0.04564086947462461,PDCD6IP
1.6721355402565142e-6,-0.8685522462818162,0.099,0.183,0.04665090943761649,NDUFS1
1.6785123568379676e-6,-0.5703348423692413,0.294,0.421,0.04682881624342246,BPTF
1.6850496145342655e-6,1.5064534954127629,0.17,0.091,0.04701119919589147,LINC02256
1.68664660036374e-6,-1.007478851492001,0.036,0.093,0.04705575350354798,DAAM1
1.7081101975825084e-6,-3.1379715091025355,0.002,0.027,0.0476545664023544,ZNF711
1.7223372316357953e-6,-0.2973510246287412,0.392,0.546,0.048051486425407054,ATP5G2
1.7306701079194876e-6,-1.0968164977879624,0.064,0.133,0.04828396534084579,NEXN
1.773673779738746e-6,-0.42024980621640007,0.316,0.449,0.04948372478093128,DDX46
1.7825977188293214e-6,-0.5835684832918431,0.095,0.179,0.04973269375761924,CCNE2
1.8099156139593978e-6,-0.6040237263915424,0.145,0.242,0.05049483571385324,SREK1IP1
1.81775657205592e-6,-0.6195698300335968,0.039,0.098,0.05071359060378811,PPP1R8
1.8206561394535461e-6,-0.36410706466009707,0.155,0.26,0.050794485634614486,FOXN2
1.8343148758427614e-6,-0.4905241401832655,0.314,0.442,0.0511755507211372,ATRX
1.8731906876558745e-6,-1.9821204343050498,0.009,0.045,0.052260146994911244,ABHD17C
1.8744552407474459e-6,-1.5781006928540937,0.015,0.056,0.052295426761612994,PIN4P1
1.899188170179413e-6,-0.7332697164423239,0.084,0.163,0.05298545075983545,SYNGR1
1.906667801430378e-6,-0.49954191108770035,0.197,0.309,0.053194124992106115,CLNS1A
1.9083375766584325e-6,-1.3235077118862035,0.033,0.087,0.05324071005119361,RNF125
1.920506025425611e-6,-1.3317301677134172,0.031,0.083,0.053580197603349124,PHC2
1.9250537160506126e-6,1.1982964416760993,0.155,0.077,0.05370707362409604,CPNE8
1.9576606082446614e-6,-1.0797818628539029,0.049,0.112,0.05461677330941781,ANAPC15
1.964736859677222e-6,-2.4152343107003054,0.004,0.032,0.054814193648134814,TMEM236
1.9863468815765483e-6,-0.7145437528570439,0.115,0.202,0.05541709164910412,ATXN10
2.012001394940959e-6,-0.2669870101635399,0.153,0.261,0.056132826917457815,SNU13
2.0316270193420506e-6,-0.40235431581434755,0.114,0.205,0.05668036221262387,FCF1
2.0327717452380147e-6,-4.595138142669512,0.001,0.024,0.05671229892039537,KLF12
2.0486345564667026e-6,-1.0839854780042166,0.072,0.144,0.057154855490864534,CDK11A
2.0638318871903645e-6,-4.021460013212231,0.001,0.024,0.05757884582072398,SLC44A2
2.068142123487172e-6,-5.7716132903785375,0,0.021,0.05769909710316861,EGR3
2.068142123487172e-6,-6.153610429378654,0,0.021,0.05769909710316861,IGLL1
2.068142123487172e-6,-5.729819639615761,0,0.021,0.05769909710316861,LOC349160
2.068142123487172e-6,-5.680625656608852,0,0.021,0.05769909710316861,PRKCQ
2.068142123487172e-6,-5.415172259998197,0,0.021,0.05769909710316861,USP51
2.075322818304089e-6,-1.1584747149446193,0.051,0.115,0.057899431307865776,NPAT
2.076383150012204e-6,-2.6881863071254157,0.001,0.024,0.05792901350219048,MEX3B
2.2356064947205416e-6,-0.39985749487194644,0.226,0.346,0.06237118559620839,HAT1
2.2382667742464982e-6,-1.2885884193027919,0.027,0.077,0.06244540473470305,DHX57
2.266627804667493e-6,-0.617780906821424,0.121,0.212,0.06323664912241839,TAF11
2.299387572460455e-6,0.6532314635292132,0.52,0.457,0.06415061388407423,CLINT1
2.3058452318950477e-6,-1.1738599004752108,0.042,0.101,0.06433077612463994,BTG2
2.356573208330346e-6,1.7810817646456905,0.107,0.043,0.06574603593920833,RAB9A
2.3573003048776533e-6,-1.0363397370623888,0.033,0.087,0.06576632120578164,BMPR1B
2.3613230822917146e-6,0.3748826369246321,0.753,0.731,0.06587855267285654,GMFG
2.3613785773776785e-6,-0.3027719887819622,0.509,0.663,0.06588010093025985,SUMO2
2.3677281581824205e-6,-0.3948035684026281,0.424,0.564,0.06605724788513134,STAG2
2.3860043246461948e-6,0.9574270421602681,0.264,0.176,0.06656713465330419,SQSTM1
2.4275761308578088e-6,3.7895940799796546,0.046,0.005,0.06772694647480201,C2
2.435624430892331e-6,-1.0223958420804768,0.041,0.099,0.06795148599746514,MIF4GD
2.4378884293688797e-6,-0.24545554594063823,0.783,0.872,0.06801464929096238,HSP90AB1
2.439310153318267e-6,-1.582939801165867,0.007,0.038,0.06805431396742634,BCO2
2.5381938876549048e-6,-0.5878366360004074,0.11,0.194,0.0708130712716842,TYMS
2.541192108454327e-6,-0.4296982448504313,0.344,0.479,0.07089671863376727,RNF130
2.560018438978898e-6,2.6537663942280254,0.063,0.014,0.07142195442907227,LOC101927851
2.5676476484893985e-6,1.2413096413554565,0.154,0.077,0.07163480174520573,CFP
2.575115031925014e-6,1.643150598200563,0.103,0.04,0.07184313427567596,MYO15B
2.5948584466925673e-6,-1.2702913877466075,0.02,0.066,0.07239395580427593,TMEM220
2.59829276640987e-6,-0.5478977115326673,0.102,0.189,0.07248976989006896,PRPF19
2.605308977661688e-6,-0.7912272343508493,0.042,0.101,0.07268551516778343,PLAGL1
2.651933680869798e-6,-0.42169383734278454,0.252,0.38,0.0739862977625865,EIF3F
2.682588906598772e-6,-0.44260115266321143,0.333,0.468,0.07484154790519915,RAC1
2.6913342122908258e-6,-0.6997596055645157,0.103,0.188,0.07508553318870174,TAB2
2.6977854661493914e-6,0.7058213200353054,0.482,0.423,0.07526551672010187,MACF1
2.7191053539314573e-6,-0.20226934684091358,0.888,0.92,0.07586032026933373,RPS4X
2.732202339916674e-6,-0.6655614936557993,0.107,0.192,0.07622571308133529,CSNK1G2
2.7545897791306944e-6,-0.3741051605912092,0.172,0.282,0.07685030024796724,CTBP1
2.770909330409409e-6,0.7898615346515405,0.364,0.282,0.0773055994090921,SBDS
2.7880180413533008e-6,-1.0555089066043426,0.068,0.138,0.07778291533571574,RHNO1
2.79385462847502e-6,-2.2993110056945407,0.007,0.04,0.07794575027982459,ZNF626
2.8675969280858796e-6,1.4660936306227375,0.127,0.058,0.08000308669666796,ARMCX3
2.9085314834743462e-6,-0.5575258829523349,0.155,0.253,0.08114511985745078,PTRHD1
2.9141383133061987e-6,-0.5669061481730607,0.148,0.244,0.08130154480292964,RER1
2.9323631324765235e-6,-0.3386963157243275,0.213,0.329,0.08180999903296253,LSM4
2.9517726309086545e-6,-0.6192775311772607,0.171,0.271,0.08235150462972055,PCNT
2.9518356819063375e-6,1.3341628682467803,0.168,0.091,0.08235326368950491,PRPF3
2.9713581805976834e-6,-0.2196395828467561,0.835,0.885,0.08289792188049477,TMA7
2.9752210282368617e-6,0.9409985050680147,0.338,0.255,0.0830056914667802,LINC01578
2.982610818900369e-6,-0.6218611513203846,0.154,0.25,0.0832118592365014,SPTSSA
2.9827604682651453e-6,-0.4631932671715405,0.184,0.292,0.08321603430412929,GADD45GIP1
3.070497288283017e-6,2.6304948436364537,0.071,0.019,0.08566380384580789,NOCT
3.114712609841406e-6,0.6413944766243013,0.264,0.17,0.08689736710196538,XRN1
3.134528524422785e-6,-0.5334313043449064,0.178,0.285,0.08745021130287128,ZMAT2
3.1757247005072196e-6,-0.2908348051815315,0.293,0.434,0.08859954341945092,MCM4
3.2310867658759896e-6,-0.6469524238722861,0.144,0.237,0.09014408968117424,MCMBP
3.2602140494727183e-6,-0.6209584131904651,0.123,0.212,0.09095671176623937,NCOA7
3.2952787884701653e-6,-0.414713534150938,0.291,0.423,0.09193498291952915,JTB
3.297312353929531e-6,-0.3725415829226144,0.133,0.231,0.09199171736227998,SRSF9
3.299423027368491e-6,-1.40177934504141,0.032,0.083,0.09205060304055353,SDC3
3.3407477513256665e-6,-0.9432359902245737,0.06,0.127,0.09320352151423478,UCP2
3.363635233984707e-6,-1.6705986930685337,0.014,0.053,0.09384205939293934,SLC27A5
3.459825040516438e-6,-0.965355993039327,0.047,0.107,0.0965256588053681,RWDD3
3.4736257605399453e-6,-1.5823926677982718,0.025,0.072,0.09691068509330393,SLC39A3
3.507647051543302e-6,2.7434747807881745,0.054,0.01,0.09785984509100658,FDXR
3.522104721562138e-6,1.775873640292012,0.113,0.048,0.09826319962686209,KMT2E-AS1
3.5286399961515535e-6,-1.618201799536997,0.008,0.042,0.09844552725263218,GPM6B
3.5667981865338746e-6,-0.34437435864304533,0.259,0.391,0.09951010260610857,GAPT
3.6002202439539257e-6,-0.6213703788398393,0.102,0.184,0.10044254458607058,ITPR2
3.616300637361176e-6,-0.2889259382757008,0.453,0.593,0.10089117148173946,HNRNPD
3.699990373318559e-6,1.5829081499844064,0.109,0.045,0.10322603142521448,KLHL24
3.740159578541592e-6,-0.3298105309658914,0.629,0.758,0.10434671208173188,CFL1
3.743641922609876e-6,-0.5590081325038481,0.128,0.218,0.10444386599889292,ARID2
3.7944471284647868e-6,-1.142610504922115,0.065,0.133,0.10586128043703909,C3orf58
3.823200355274465e-6,6.2407728416874235,0.034,0,0.1066634667118023,HS6ST3
3.893498914734893e-6,-0.9133000328650862,0.061,0.128,0.10862472622218877,THRIL
3.973143831767661e-6,-3.737634432005259,0.002,0.026,0.11084673976248598,MATK
3.991402055888468e-6,-0.4204433147170801,0.372,0.508,0.11135612595723238,DNMT1
4.002667637650435e-6,2.2876020636758927,0.085,0.029,0.11167042442280949,ADRB2
4.00647662614812e-6,-4.227675759644676,0.002,0.026,0.1117766913929064,PKIA
4.0218819418154505e-6,-1.3976875510447,0.016,0.056,0.11220648429470925,BLOC1S4
4.04027554493341e-6,-1.7141182264532229,0.02,0.062,0.11271964742809722,MAGEF1
4.043232347814365e-6,-0.7551397986205193,0.165,0.261,0.11280213927167296,REST
4.101424353143352e-6,-0.35412470464615875,0.244,0.362,0.11442563802834638,HIPK3
4.142109713356006e-6,-0.3676320307846642,0.253,0.381,0.1155607188929192,SNRPC
4.179253950576605e-6,-0.8106714006485496,0.081,0.155,0.11659700596713671,DENND1B
4.2110453674980875e-6,-0.39611804889308255,0.168,0.272,0.11748395470782914,GOLPH3
4.2909310771433364e-6,-0.33104452934562023,0.406,0.546,0.11971268612122195,NOP53
4.298536477168538e-6,-3.608740170075898,0.004,0.03,0.11992486917652505,TESPA1
4.441162836987859e-6,1.4317258733294533,0.142,0.071,0.12390400198912428,FCGR2A
4.473917285420311e-6,-1.430318860924594,0.017,0.058,0.12481781834594126,CXXC5
4.4858468763942825e-6,1.7449026795293383,0.101,0.04,0.12515064200452408,MICALL2
4.508271439608468e-6,2.019245207921278,0.113,0.05,0.12577626489363664,RPS6KA5
4.531647978019242e-6,-0.6030395052214821,0.136,0.228,0.12642844693875885,CLIP1
4.532752390238935e-6,-0.5472146026131169,0.135,0.228,0.12645925893527604,CREB1
4.538191995644339e-6,-2.1606929831896147,0.01,0.045,0.1266110184864814,AMOTL1
4.59983300650455e-6,1.1630763147232537,0.173,0.095,0.12833074104847042,SCARB2
4.6727833367033305e-6,-2.2685232003919102,0.004,0.03,0.13036598231068622,ZBTB16
4.7221263686847e-6,-1.73403924893789,0.01,0.045,0.13174260355993445,MED14OS
4.724094758849168e-6,-0.5719516168858063,0.16,0.26,0.13179751967713293,TUBA1C
4.80312250158633e-6,-1.7103521018262122,0.01,0.045,0.13400231467175702,OAF
4.820281260321243e-6,-1.0630770447558744,0.071,0.139,0.13448102688170235,PMM2
4.850670563029673e-6,-0.9640752380990789,0.073,0.143,0.13532885803796485,RBM28
4.855390433589109e-6,-0.4738162273618312,0.19,0.298,0.13546053770670255,AP2S1
4.8971121441472136e-6,-0.7206410560789391,0.146,0.239,0.13662453170956312,SNRNP25
4.913425113067991e-6,-5.011139145976175,0.001,0.022,0.13707964722948388,SPOCK2
4.921672561520422e-6,1.356449238955907,0.147,0.077,0.13730974279385824,NCF4
4.943202480766593e-6,-4.849378392886881,0.001,0.022,0.13791040601090718,DPY19L2
4.948947030791816e-6,0.8249149834395574,0.385,0.308,0.13807067321206087,JUND
4.949536327024601e-6,1.3206538933060545,0.129,0.061,0.13808711398765935,RAB24
4.987842251237982e-6,-0.6060121440690218,0.042,0.099,0.13915581096728846,CHAMP1
4.991160253998355e-6,-0.8107496359527722,0.144,0.236,0.1392483799263001,COPB2
5.0640493641441185e-6,-4.290161975654288,0.001,0.022,0.14128191321025677,TBC1D16
5.08123941626788e-6,-0.15072288787773847,0.972,0.981,0.14176149847445757,RPL12
5.124471843439353e-6,1.677772598318016,0.124,0.058,0.1429676399601145,GNPDA1
5.12552873521155e-6,-2.8671796356847006,0.001,0.022,0.14299712618366703,TSPAN33
5.138313543650012e-6,-5.7569370527753465,0,0.019,0.1433538095542917,C3orf14
5.138313543650012e-6,-5.621545094652797,0,0.019,0.1433538095542917,MS4A6E
5.138313543650012e-6,-5.422183823093202,0,0.019,0.1433538095542917,SH3BP4
5.138313543650012e-6,-6.002935888563784,0,0.019,0.1433538095542917,TUSC1
5.168840131187117e-6,-0.5554052815589124,0.099,0.179,0.14420547081998936,CEP78
5.2335927925132955e-6,-0.6362173959827759,0.122,0.212,0.14601200531832842,RPIA
5.243962242352959e-6,6.556293292048252,0.033,0,0.1463013025994052,ADAMTS5
5.301431665191629e-6,-1.7170804122403731,0.011,0.046,0.14790464202718126,NAV1
5.425216978706176e-6,-0.8671131142144641,0.04,0.096,0.1513581284889236,IL16
5.444218695981175e-6,-0.3874076981303335,0.404,0.538,0.1518882573991788,EIF3L
5.6378176982817554e-6,1.563578875332233,0.135,0.066,0.15728947596436268,TMEM219
5.672943487194368e-6,-0.8812666080527909,0.075,0.146,0.15826945034923567,DCTN6
5.703450608464117e-6,-0.6017757017832361,0.08,0.154,0.1591205685255404,XPA
5.719488561769159e-6,-1.3187908884365978,0.048,0.107,0.15956801138479776,DEPDC1
5.859167687536531e-6,1.427283013662095,0.123,0.056,0.16346491931458168,HOTAIRM1
5.8989295301221605e-6,-0.7724426174019171,0.117,0.2,0.16457423496087817,ALG5
5.929051414680062e-6,-0.3681782941806698,0.176,0.28,0.16541460541815906,SLBP
5.9475498284504065e-6,1.6178096844297187,0.107,0.045,0.1659306926639379,STAC3
5.987751621154609e-6,-0.4537272368296403,0.236,0.349,0.16705228247859244,YEATS4
6.083721599183683e-6,-0.4211587913666614,0.232,0.346,0.1697297488956256,TNRC6B
6.140814440385434e-6,-0.670375736612301,0.131,0.218,0.17132258207231324,SLC8A1
6.179471377268208e-6,0.8793634226314087,0.323,0.242,0.1724010719544057,GUSB
6.2528650204462056e-6,0.9492556168767141,0.263,0.176,0.1744486812054287,CES1
6.371410512454881e-6,1.3361725643241567,0.132,0.064,0.17775598188697872,DDB2
6.402706958914907e-6,-0.6800102364889509,0.068,0.136,0.178629121446767,TTC7A
6.445734399759338e-6,-2.0321408264052017,0.005,0.032,0.17982954401888576,ENPP2
6.491448323657671e-6,-0.34037901485190075,0.3,0.425,0.18110491678172538,CBX5
6.51950147488522e-6,-0.24734992426130148,0.326,0.465,0.18188757164782274,SNRPD3
6.5235767825593005e-6,-0.1791749682306949,0.915,0.939,0.18200126865662192,RPL24
6.549611856702189e-6,-0.3885945226557379,0.219,0.337,0.1827276211901344,USP7
6.575885165291158e-6,-0.43815950487665545,0.281,0.402,0.183460620226458,RBBP7
6.622222103889499e-6,1.1271332915793977,0.196,0.119,0.18475337447641313,ATG12
6.694203385783219e-6,-0.9544215508222003,0.108,0.188,0.18676158025996603,MTF2
6.720539313280051e-6,0.6794160858911997,0.466,0.402,0.18749632630120014,GPCPD1
6.784489927099588e-6,-4.135536509685981,0.003,0.027,0.1892804844761514,AUTS2
6.7878366705472365e-6,-0.5443629150646284,0.124,0.212,0.18937385527159736,TMED8
6.797470891877839e-6,1.357091955825726,0.159,0.087,0.1896426404124998,CCNT2
6.890440257993526e-6,-0.9991442198293382,0.093,0.17,0.1922363927577614,API5
6.9620220545443374e-6,-2.536792694508178,0.003,0.027,0.19423345329973246,SPRY1
6.980017655424022e-6,-1.219115368581006,0.003,0.027,0.19473551256867477,GBP1
7.071403034335727e-6,-1.7124170684798465,0.016,0.054,0.19728507325493244,MPV17L
7.17640837930166e-6,1.1138334908584897,0.204,0.127,0.200214617374137,ZMYM2
7.19264278025835e-6,6.191267899443174,0.032,0,0.20066754092642772,HOXA11-AS
7.275322711714717e-6,-0.34186835642937075,0.351,0.49,0.20297422833412887,THOC7
7.362715998115988e-6,0.5692717304421349,0.58,0.553,0.20541241363143795,MFSD1
7.388384192797805e-6,-0.5577755527936499,0.15,0.242,0.20612853059486597,TRIM22
7.415072643305876e-6,-0.45407649155360763,0.32,0.447,0.20687311167559064,FKBP3
7.453089898635896e-6,-1.2568315948558682,0.028,0.075,0.20793375508204287,ABI2
7.490325709316262e-6,-0.303441890568996,0.158,0.261,0.20897259696421439,EIF1AY
7.520910191990044e-6,-1.9235722697832944,0.008,0.04,0.20982587344633025,PCAT5
7.674298087671005e-6,-0.4403782889368475,0.112,0.196,0.21410524234793338,SDF2L1
7.780511654938704e-6,-0.4671205385371788,0.147,0.242,0.2170684946611349,CNOT9
7.785299855370706e-6,-0.4718740278667979,0.052,0.114,0.21720208066498733,AMZ2P1
7.797618892329095e-6,-1.451049536046893,0.023,0.067,0.21754576947708942,SUV39H2
7.801253479702504e-6,1.2474410390699668,0.138,0.069,0.21764717083022017,BAG4
7.813806537595675e-6,1.6485997042509464,0.11,0.048,0.21799738859238174,CEP44
7.884704270968324e-6,-0.9573400167839687,0.04,0.095,0.21997536445574525,TSPAN2
7.923459720501825e-6,-0.9849585214087879,0.029,0.077,0.2210566027422804,SKP2
7.98207963009313e-6,-0.5229368912961254,0.128,0.215,0.22269203959996825,MANF
8.184546498629987e-6,0.7112584171903982,0.34,0.248,0.228340662765278,FAR1
8.258742659669287e-6,-1.0579856237821181,0.063,0.127,0.23041066146211345,ENTPD1
8.48750289617725e-6,-0.834188391299749,0.064,0.13,0.2367928433004491,NSFL1C
8.554449680015573e-6,-0.392006514183426,0.288,0.41,0.23866059162275446,GGCT
8.602300111056982e-6,-2.5305920379989377,0.006,0.034,0.23999557079837874,TNFSF8
8.629162754486654e-6,2.731446589611111,0.048,0.008,0.24074501168742315,JAG1
8.68968047191822e-6,-0.310715574283281,0.109,0.194,0.2424333954860464,RBMXL1
8.72322169520282e-6,0.6261365700493593,0.517,0.46,0.2433691620744635,ETF1
8.734724675780284e-6,1.9542783789407585,0.089,0.034,0.24369008372959414,FAM53C
8.793002950006472e-6,-0.3534640749651891,0.218,0.338,0.24531598930223059,PRELID1
8.86733547611762e-6,1.8960040424441487,0.042,0.005,0.2473897924482055,LGALS12
8.873830876998291e-6,0.9921711786442906,0.205,0.125,0.24757100763737533,MTRF1L
9.118087241284116e-6,-0.4120781890068042,0.143,0.237,0.2543855159445855,CTBP2
9.291575897751136e-6,-1.1931127629271447,0.034,0.085,0.2592256759713589,TMPO-AS1
9.312579848473537e-6,-1.578132908342937,0.009,0.042,0.2598116651925632,UBE2Q2P1
9.42870778998739e-6,-2.1975517995320115,0.01,0.043,0.2630515186328582,SERINC5
9.465285369373893e-6,-0.9505332882840374,0.044,0.099,0.2640719965201623,CASP6
9.490507937313557e-6,-0.4395983697889271,0.237,0.346,0.26477568094311094,CMPK1
9.499263906510767e-6,1.4578223560682315,0.074,0.022,0.2650199637277439,INF2
9.54698020801591e-6,-0.36033256016215415,0.199,0.308,0.2663512008234359,ZNF302
9.667738546664017e-6,-0.30614452973213124,0.675,0.774,0.2697202377133794,SRSF3
9.789615062185267e-6,-0.9380722021160914,0.02,0.061,0.2731204706199068,ZCCHC3
9.81220754776988e-6,-0.6511761429533817,0.106,0.186,0.2737507783752319,ACSL3
9.813168001615563e-6,-3.2942308461147762,0.002,0.024,0.2737775740770726,ABLIM1
9.861802799773166e-6,-0.5096653236923464,0.231,0.337,0.27513443631087153,RGCC
9.865576369495765e-6,6.814720089516937,0.031,0,0.27523971513256235,ADAMTS1
9.897871952071078e-6,1.3690710145115874,0.144,0.075,0.276140729590831,ARSD
9.919745682796261e-6,-0.6584048523555244,0.086,0.159,0.2767509848043329,MIS18A
9.924775651782668e-6,-0.6831418119090672,0.124,0.208,0.27689131590908467,RPL26L1
1.0095491104879063e-5,1.0766556116662642,0.241,0.165,0.28165410633502097,MAN2B1
1.0146045771013406e-5,-0.7886222466818134,0.035,0.087,0.283064530965503,NDUFAF6
1.0246440935234422e-5,-2.1756438659902537,0.011,0.045,0.28586545565210514,PTMS
1.0302219197286543e-5,-0.4670323351781949,0.212,0.317,0.28742161338509725,MPC1
1.0409656455148988e-5,-2.3393151389934514,0.004,0.029,0.2904190054422016,SUMO4
1.0534830696806292e-5,0.7761522182386441,0.385,0.312,0.29391124161019877,CFLAR
1.0553795020221306e-5,-0.5910736864170063,0.084,0.155,0.2944403272691542,NOM1
1.065975022487369e-5,-2.152964779123556,0.012,0.046,0.2973963715237511,SLC35F2
1.0692323270229113e-5,2.592472996809475,0.045,0.006,0.29830512691612204,SATB2
1.0777290407992057e-5,0.6891847678166628,0.344,0.258,0.3006756250925704,CAPG
1.078277442789041e-5,-0.5036583105167454,0.095,0.171,0.30082862376371455,AP3D1
1.0849508276625338e-5,-0.6629451184921162,0.172,0.263,0.3026904314095703,RNPS1
1.0898838981321553e-5,-1.8108306221415003,0.004,0.029,0.30406670873989,MYEF2
1.1125220968540748e-5,-0.39512807104087766,0.415,0.548,0.3103825398013183,ATP5A1
1.1187148291150662e-5,-0.5868242197113904,0.064,0.13,0.3121102501748123,DESI2
1.1191198096006812e-5,1.8996221944226448,0.129,0.066,0.31222323568049404,SNX18
1.1200001879167951e-5,2.2768487548270375,0.064,0.018,0.3124688524269067,GFI1
1.1244557795617922e-5,1.0333479294983265,0.237,0.157,0.3137119179399444,IDH1
1.1637066365420872e-5,1.9882554628834366,0.061,0.016,0.3246625145288769,SDSL
1.2181959022454712e-5,-0.7376126798825826,0.066,0.131,0.339864474767464,HIST1H4E
1.2247698531923127e-5,-4.620986267599184,0.001,0.021,0.34169854134212335,CCSER1
1.2277656592469713e-5,-0.8055547190094396,0.072,0.139,0.3425343412733125,ZNF43
1.2321477302484196e-5,-4.378290045906209,0.001,0.021,0.3437568952620066,TMIGD2
1.2321483466868815e-5,-5.074212965879278,0.001,0.021,0.3437570672421731,CYTH3
1.252331215190468e-5,3.9132288877888186,0.044,0.006,0.34938788572598867,LOC100507065
1.252566298011591e-5,0.8361345180029902,0.355,0.28,0.34945347148225375,CHP1
1.2620887094997971e-5,-2.4621007439552276,0.001,0.021,0.35211012906334843,COX7B2
1.275082189554057e-5,-1.5602259946758812,0.013,0.048,0.3557351800636864,PLAU
1.2791096306454507e-5,-5.695099250054236,0,0.018,0.3568587958537743,CD34
1.2791096306454507e-5,-5.867669259065176,0,0.018,0.3568587958537743,CECR6
1.2791096306454507e-5,-6.253484998484236,0,0.018,0.3568587958537743,KIF17
1.2791096306454507e-5,-5.588856755511695,0,0.018,0.3568587958537743,LRIG1
1.2866873901069553e-5,0.37833247135834247,0.631,0.58,0.35897291496593947,ACTR3
1.2981396886558804e-5,-0.4090783640871698,0.301,0.417,0.3621679917381041,NAP1L4
1.3090159709165772e-5,-0.8224462468275481,0.124,0.204,0.3652023657260159,WDR12
1.327990289406404e-5,-1.955747937176442,0.007,0.037,0.37049601084149264,TLR1
1.3433364576182496e-5,0.6733320167955713,0.329,0.245,0.3747774383109155,BST1
1.3532274361506164e-5,6.214262060804492,0.03,0,0.3775369224116605,LMX1B
1.380496996596449e-5,-0.36925783093963993,0.402,0.537,0.3851448570804433,PDIA3P1
1.3963539279573137e-5,-1.0596491067488103,0.036,0.087,0.38956878236081094,MEX3C
1.3989195745594324e-5,1.7649181257258268,0.063,0.018,0.39028457210633605,NUDT14
1.4036291543691401e-5,-0.607228000752424,0.041,0.095,0.3915984977774464,ZNF100
1.4098749040660683e-5,3.17739079538555,0.047,0.008,0.3933409994853924,KCNN4
1.4226236044044573e-5,0.4622626869534039,0.632,0.615,0.39689775939279953,SRRM2
1.440213508417212e-5,-1.1599640414906314,0.018,0.056,0.40180516671331795,PPRC1
1.4622420451366997e-5,1.0451435392578423,0.219,0.143,0.40795090817268786,C16orf87
1.4640111350024608e-5,-0.3786787437977084,0.326,0.45,0.4084444665543365,DHX9
1.4641121501562027e-5,-1.152685854187649,0.036,0.087,0.408472648772079,RANBP3
1.4813300955881227e-5,-0.2479732925591418,0.422,0.562,0.4132762833681304,KTN1
1.5131016883508695e-5,1.424108701953185,0.165,0.095,0.4221402400330091,TMEM167B
1.5159699832001149e-5,-0.2872299373343853,0.123,0.21,0.422940465613,ZNF652
1.5200087582626918e-5,-0.5409343084915802,0.112,0.192,0.4240672434677084,MRTO4
1.5362153660895842e-5,0.6620695306329637,0.464,0.405,0.4285887249853331,PRPF4B
1.5438011275398638e-5,-0.44512537258102647,0.233,0.341,0.4307050765723466,URI1
1.5478498434930397e-5,-1.3671512359307214,0.018,0.056,0.43183462783612314,NRROS
1.5537637880155757e-5,-1.6411583593937578,0.008,0.038,0.43348455921846546,TMEM62
1.5720829992156562e-5,1.8525515406282105,0.078,0.027,0.43859543595117595,ATP6V0A1
1.5792322271174276e-5,1.7939765064295168,0.078,0.027,0.4405899990434911,GRINA
1.586846640854736e-5,-0.5827913966899496,0.11,0.189,0.4427143443320628,ELMO1
1.601876527118011e-5,1.3548210382370445,0.177,0.106,0.4469075323006539,PI4KA
1.611588805337446e-5,-0.2771578841609672,0.585,0.689,0.44961716080109404,ZFAS1
1.6144664958872982e-5,-3.1062942180946918,0.003,0.026,0.4504200076875973,MIR3654
1.6149172726427732e-5,-0.4919921522410293,0.051,0.109,0.4505457698946073,SREBF2
1.6227179852185037e-5,-3.2004109194558144,0.003,0.026,0.45272209069611036,CD3G
1.6234971055916843e-5,0.4212281753632432,0.659,0.622,0.452939457489024,AHNAK
1.6330524961143553e-5,-1.0899567240111017,0.025,0.069,0.455605315890944,SMPD4
1.6343469669936612e-5,1.200368136852889,0.178,0.106,0.4559664603215615,RABGGTB
1.6485281183586342e-5,-0.9521804670304119,0.025,0.069,0.4599228597408754,RUSC1-AS1
1.6645819645055835e-5,-2.5045534405993513,0.003,0.026,0.4644017222774127,CRISPLD1
1.6673137890051087e-5,-0.7158930551057667,0.044,0.098,0.4651638739945353,RRP15
1.6732585606380636e-5,-0.6016252521513428,0.084,0.154,0.46682240583241336,NANS
1.6816140945749754e-5,-2.2075623720713047,0.003,0.026,0.4691535162454724,RASSF8
1.7028129591492102e-5,-1.0873087032322175,0.019,0.058,0.4750677874730382,MSANTD3
1.7255788686094087e-5,-0.48271616510706017,0.096,0.171,0.48141924855333895,ATP6V1B2
1.7318196198387e-5,0.9356322552257256,0.255,0.178,0.48316035573879895,CPM
1.7348410816199646e-5,-0.43622000638391467,0.196,0.296,0.48400331336115393,PTPN1
1.737184988964171e-5,-0.888782546452487,0.059,0.119,0.48465724007111405,RFX7
1.7819758611701262e-5,2.2556056030459817,0.065,0.019,0.4971534455078535,C20orf197
1.8020333888938823e-5,1.1598977098083363,0.213,0.139,0.5027492951675042,PCF11
1.8166831161091126e-5,0.5693985686165777,0.546,0.492,0.5068364225632813,HIST1H1C
1.822529794093423e-5,1.1227428793660037,0.209,0.133,0.508467587254124,KCNA3
1.836202790864689e-5,-0.259493656081093,0.821,0.891,0.5122822166233396,ARPC2
1.8489691288808723e-5,1.224032073013265,0.122,0.059,0.5158438972664746,RBM15
1.8653708638672975e-5,1.1992048864569131,0.128,0.064,0.5204198173103374,ZMYM5
1.8762233234535463e-5,-0.4391183407730695,0.197,0.298,0.5234475450103049,ABCE1
1.908602804062554e-5,-0.4099772858912868,0.114,0.197,0.532481096305412,CD38
1.9116413876817222e-5,-0.7891380469073743,0.043,0.096,0.5333288307493237,KDM7A
1.952755510139155e-5,-1.9601100337599169,0.01,0.042,0.5447992597737229,LINC01750
1.962443497695641e-5,-0.9236818814244108,0.093,0.163,0.5475021114221069,BUB1
1.963477665833683e-5,-0.3871707639450753,0.176,0.274,0.5477906339909392,SOD2
1.9744060744809162e-5,1.9878176799067873,0.101,0.045,0.5508395507194308,ABCA1
1.9759078681170186e-5,-0.9441341987642788,0.052,0.109,0.551258536125967,WBP11P1
1.9765405233023012e-05,-0.581690554815966,0.136,0.221,0.551435040596109,CHMP4A
1.9933270223666367e-5,-1.9696820244452642,0.006,0.032,0.556118305970068,AKR1C3
2.0035546640055467e-5,-0.32964697643237034,0.193,0.296,0.5589717157109074,SNRNP27
2.0074753166463846e-5,1.586486557231298,0.178,0.111,0.5600655385911748,B3GNT2
2.0236984905429736e-5,0.8272368190727319,0.292,0.213,0.5645916418765842,DNAJA2
2.0303342262398756e-5,1.30684878911891,0.224,0.152,0.5664429457786629,CCNL2
2.0430870270517335e-5,-0.792119240534517,0.155,0.24,0.5700008496771631,RHOQ
2.050969309905626e-5,0.8052266748321633,0.375,0.306,0.5721999277705706,TUG1
2.0543205542447035e-5,-0.28777666763200405,0.331,0.466,0.5731348914287299,PSMA2
2.0744741052596274e-5,-0.5259028526631649,0.094,0.167,0.5787575306263835,MED10
2.111858046702479e-5,-0.44216915389492195,0.211,0.314,0.5891872764495246,PSMB4
2.11344799741313e-5,-0.7156376303043304,0.054,0.112,0.5896308567982891,FBXO38
2.113533309021457e-5,-1.2448927367127012,0.038,0.088,0.5896546578838963,ASF1B
2.1137104441580937e-5,1.3196922355113325,0.189,0.119,0.5897040768156666,STAT3
2.1141206302525325e-5,2.393648593393097,0.067,0.021,0.589818514634154,SLC15A2
2.123610957655334e-5,-1.3313260165035443,0.042,0.093,0.5924662210762617,HMGCS1
2.1336739055360774e-5,-0.4905432776227885,0.041,0.093,0.5952736829055102,MPRIP
2.141706678624443e-5,-0.45271204369260165,0.217,0.321,0.59751474626943335,RANBP2
2.2051580578814743e-5,-0.34570329500547137,0.183,0.284,0.6152170465683525,UXT
2.2359569760115997e-5,-1.1947624183512064,0.037,0.087,0.6238096367374761,TIMM21
2.273283448101626e-5,1.3240756047998552,0.169,0.098,0.6342233491858726,GSN
2.2800181555150757e-5,1.2637223596441565,0.187,0.117,0.636102265207151,LAMP1
2.29172849973168e-5,-0.1927734927162424,0.306,0.438,0.6393693341401414,MAPKAPK2
2.3102922586437673e-5,-1.5334115778704063,0.011,0.043,0.6445484372390247,LIN52
2.313041357044969e-5,-0.63622294372165,0.051,0.107,0.6453154082019759,SLC35B1
2.3156177544184883e-5,-4.515899735258524,0.002,0.022,0.646034197305214,RNASE1
2.321943677276303e-5,-3.8597421680467088,0.002,0.022,0.6477990665233158,MAGEH1
2.33436503779747e-5,-0.9567197842235433,0.051,0.107,0.6512645018951162,TMEM164
2.339028592949774e-5,3.648050429349832,0.042,0.006,0.6525655871470575,C9orf139
2.341020263599722e-5,-3.071430687275061,0.002,0.022,0.6531212433416864,INHBA
2.3538207405539213e-5,-3.5075569645830518,0.002,0.022,0.6566924484071385,COQ3
2.3788107300003728e-5,-0.23642427879739983,0.217,0.327,0.663664405562804,UBE2D2
2.399148888352147e-5,-2.950125491883779,0.002,0.022,0.6693385483613654,ALDH1A1
2.4188284083093708e-5,-1.5773007091647324,0.002,0.022,0.6748289376342314,NEFH
2.4423738147437352e-5,-0.470659427497761,0.164,0.256,0.6813978705753547,HAUS1
2.4511952380258176e-5,-1.6628288383896406,0.007,0.034,0.6838589594568228,WWC3
2.4638459909966515e-5,-2.0631434489541896,0.004,0.027,0.6873883930281558,ZNF695
2.4881288450174473e-5,1.557737804685797,0.09,0.037,0.6941630664714177,ARHGAP12
2.4917428482369417e-5,-1.0367495053864721,0.036,0.085,0.6951713372296243,MRPL17
2.5841808975723838e-5,5.466230482368603,0.032,0.002,0.7209606286137193,OR4M2
2.6073678857929817e-5,-1.5915359126894142,0.02,0.059,0.727429566457384,POLR3B
2.612263391123887e-5,-1.663363535100428,0.014,0.048,0.7287953634896532,ITGAV
2.6525620847265736e-5,-0.7593883198598192,0.079,0.144,0.7400382960178667,KIF4A
2.666487082961514e-5,-0.44573178667244506,0.142,0.231,0.7439232312754327,FXYD5
2.6911339371591193e-5,3.8840686637395105,0.032,0.002,0.7507994571280227,NKX2-3
2.699261847447994e-5,-1.3841850757796577,0.032,0.077,0.7530670628195159,CSTF2T
2.707525542559409e-5,-0.6124089642593691,0.093,0.165,0.7553725511186495,STK38L
2.7169337893970948e-5,-1.0800723562881822,0.035,0.083,0.7579973579038954,KIF13A
2.7373567034261183e-5,0.8206595867764632,0.206,0.131,0.7636951466888527,MYSM1
2.7699664024865943e-5,-0.8462516988766904,0.089,0.159,0.772792926629735,THOC1
2.770032083792412e-5,-1.359669787409684,0.014,0.048,0.772811251057245,ZMYND19
2.7799787613019027e-5,1.2856375945623904,0.173,0.106,0.7755862746156178,MCPH1
2.807979087648633e-5,0.3667322094001444,0.593,0.537,0.7833980856630921,ZEB2
2.8095530190263933e-5,2.5245668770313374,0.047,0.01,0.7838371967781734,PLEKHM1P1
2.829605605568513e-5,-0.8229393144753958,0.026,0.069,0.7894316678975595,EXOC2
2.8305058360826064e-5,0.8396539097502534,0.318,0.242,0.7896828232086863,NCKAP1L
2.8322640205556612e-5,0.841334841634939,0.275,0.199,0.7901733390948239,RAB14
2.8358415668080297e-5,0.5153747765395795,0.574,0.543,0.7911714387237722,CST3
2.8387037660868945e-5,3.9718727239758755,0.038,0.005,0.7919699637005827,RIPOR1
2.8430225825672355e-5,-1.2802071575971907,0.014,0.048,0.793174870310433,TSC22D1
2.8462138596538224e-5,-0.4460655201226055,0.138,0.223,0.7940652047048199,CHCHD1
2.8661899242592372e-5,-0.9736038459404512,0.023,0.064,0.7996383269690845,PET117
2.8700881735661565e-5,-1.2343426174192556,0.023,0.064,0.800725899543222,RPL10L
2.883083763828209e-5,2.4221114508533685,0.05,0.011,0.804351539270432,CCDC122
2.8835694866576606e-5,1.4922810618148818,0.103,0.046,0.8044870510826208,NRG4
2.8987567424401948e-5,-0.9022949670137328,0.047,0.101,0.80872414357339,ITPRIP
2.9073731732735176e-5,-1.2029067810604266,0.018,0.054,0.8111280416115787,TNFAIP8L2
2.9483331844715358e-5,0.8992790786780646,0.326,0.261,0.8225554751357138,ARHGAP15
3.0095810911681573e-5,-5.3983396461806485,0.001,0.019,0.8396430286250042,LOC100419170
3.0211293372525338e-05,0.8866710149862358,0.296,0.224,0.8428648738000845,PRKAR2A
3.0276024548507134e-5,-4.605049690602873,0.001,0.019,0.8446708088788005,KLHL23
3.038843219440082e-5,-0.9444355883936177,0.036,0.085,0.8478068697915885,PPP1R12C
3.0431651210094255e-5,-0.819780589732082,0.064,0.125,0.8490126371104196,CYTOR
3.045471762509906e-5,-0.8351412891406595,0.075,0.139,0.8496561670226387,UBR7
3.0550099108294356e-5,2.03923040629331,0.063,0.019,0.8523172150223043,POFUT1
3.056665310933112e-5,-0.5884987838920348,0.16,0.245,0.852779055097229,MAD2L1
3.063953307224791e-5,-3.831019794717374,0.001,0.019,0.8548123331826445,PLEKHA6
3.075948361600988e-5,-0.3847547430301974,0.087,0.157,0.8581588334030595,PGRMC2
3.100718670428392e-5,-3.0538461483608437,0.001,0.019,0.8650695018628171,EXD2
3.104947597288128e-5,-0.6977103504273536,0.087,0.155,0.8662493301674148,BOLA3
3.126454848400354e-5,-0.49719118592282874,0.121,0.2,0.8722496381552147,NDUFA7
3.1827302767155163e-5,-0.6372738306490007,0.099,0.17,0.8879499199008619,BRIX1
3.19206187216191e-5,-5.463266844624318,0,0.016,0.8905533417144512,CCR7
3.19206187216191e-5,-5.188541081484451,0,0.016,0.8905533417144512,CYYR1
3.19206187216191e-5,-5.8714924749919355,0,0.016,0.8905533417144512,FAM201A
3.19206187216191e-5,-5.78586760770169,0,0.016,0.8905533417144512,GPX3
3.19206187216191e-5,-5.4078349082792885,0,0.016,0.8905533417144512,GUCY1B3
3.19206187216191e-5,-5.955499696640284,0,0.016,0.8905533417144512,LEF1
3.19206187216191e-5,-4.739029754984721,0,0.016,0.8905533417144512,NDN
3.19206187216191e-5,-5.827259884464163,0,0.016,0.8905533417144512,WLS
3.2005265616632235e-5,-1.0690458517147183,0.034,0.08,0.8929149054384227,TRG-AS1
3.202069365346008e-5,1.4611288197239733,0.123,0.062,0.8933453322378827,ITGAX
3.2030874431120445e-5,-3.0520834253081466,0.005,0.029,0.8936293657538293,ASGR1
3.219067587410236e-5,-0.24996403110135035,0.367,0.495,0.8980876662115818,THRAP3
3.2306310451132994e-5,-0.31842518600505,0.209,0.312,0.9013137552761594,ADI1
3.256125362598337e-5,-0.41596923604054853,0.207,0.304,0.90842641491131,CNOT7
3.272054308288791e-5,-0.3953502189897249,0.612,0.696,0.9128704314694898,ANP32E
3.279950556185454e-5,0.9302244471354735,0.285,0.212,0.9150734056701799,CARD8
3.319046173378125e-5,-0.4366513595423573,0.166,0.261,0.925980691910763,SRI
3.3476661123403896e-5,-2.0873536694681496,0.008,0.037,0.9339653686818453,PCSK5
3.372763211317782e-5,-1.0061038074670838,0.039,0.088,0.9409672083255479,NT5DC2
3.3855126499538336e-5,-0.5668815033028208,0.194,0.287,0.9445241742106201,BLVRA
3.387085664839973e-5,-0.4547967943507014,0.243,0.346,0.944963029633704,SRP19
3.406743692539949e-5,1.3284720861812462,0.174,0.106,0.9504474227817203,HEXA
3.427460586677711e-5,-0.6095866439358926,0.261,0.362,0.9562272290772146,CKS1B
3.4309552204841376e-5,1.1481905637998375,0.277,0.207,0.9572021969628696,TWISTNB
3.439114960632679e-5,0.5760087528137796,0.573,0.551,0.9594786828669111,ARL4A
3.4938804585696655e-5,5.707403761695206,0.027,0,0.974757709136351,CT45A10
3.5429699954935005e-5,1.1442969083279741,0.158,0.091,0.9884531990427317,ZCCHC8
3.5717081704627714e-5,4.868349885773409,0.031,0.002,0.9964708624774086,CDKN2B
3.584637137266049e-5,-0.6291823025650092,0.091,0.162,1,NAGA
3.651480038616165e-5,4.042378199955483,0.031,0.002,1,CDKN2B-AS1
3.6825801068327815e-5,-0.6527545353784461,0.13,0.21,1,JOSD1
3.690828284542195e-5,-0.40034284041532375,0.341,0.45,1,NUSAP1
3.738744791013694e-5,-0.26432405845433404,0.589,0.715,1,PSMA4
3.7634441313225336e-5,-0.4154548725881213,0.09,0.162,1,SLCO3A1
3.772863153486901e-5,-1.0456517107461227,0.052,0.107,1,RAB22A
3.7799116261604167e-5,-0.7720642867210039,0.067,0.128,1,TMEM208
3.7815076329537935e-5,-0.7598002368777304,0.089,0.157,1,RNF41
3.7962266820674476e-5,-0.596074898556317,0.141,0.223,1,RN7SL1
3.806188789027061e-5,1.124855141557736,0.242,0.171,1,ZC3H7A
3.811218304323536e-5,-1.1569426179865476,0.043,0.093,1,TBC1D14
3.827102560381857e-5,-3.4982499265417744,0.003,0.024,1,GZMA
3.83485514165665e-5,-1.3115379887984515,0.035,0.082,1,MRPS17
3.861107897584143e-5,-0.4621353612501089,0.056,0.114,1,WDFY4
3.877352254877077e-5,-0.693213208747367,0.034,0.08,1,LONRF1
3.8922315445710654e-5,-0.9340935673885777,0.03,0.074,1,GPSM2
3.913459585626094e-5,-1.067532624823147,0.028,0.071,1,RABIF
4.063489279476639e-5,-0.5566504143237068,0.079,0.144,1,ALYREF
4.0700994296592306e-5,-1.2005340133672555,0.034,0.08,1,KRT10
4.115836430032008e-5,-0.30914172131248674,0.452,0.577,1,SMARCA5
4.1414133473252884e-5,-0.3203102420415333,0.324,0.444,1,BLOC1S1
4.163710017597513e-5,-0.8493975386467396,0.048,0.101,1,FUNDC1
4.175399584658743e-5,-0.37018287377338177,0.169,0.258,1,MSH6
4.226825319203692e-5,-0.2804033926963647,0.569,0.684,1,EIF4B
4.245018754382586e-5,-1.2563409582327436,0.025,0.066,1,TSFM
4.263663242247775e-5,0.6966009654553281,0.328,0.253,1,NCF2
4.2890328298190626e-5,-0.43080966156029965,0.114,0.191,1,SAMD9
4.308980053521861e-5,-0.42176726771530576,0.198,0.296,1,SKA2
4.315035014491685e-5,0.7558478552833284,0.359,0.29,1,GM2A
4.331527584957597e-5,-0.29811530363595473,0.499,0.628,1,SEPT7
4.3607053503952744e-5,0.8968752199792245,0.212,0.139,1,ALDH9A1
4.4519066505617296e-5,0.5346836708339633,0.531,0.486,1,ZNF207
4.458302211385547e-5,-0.9931364428474656,0.028,0.071,1,NRM
4.473911518057156e-5,-0.8176479851960498,0.086,0.152,1,KLF3
4.512784980432233e-5,1.4204735137190525,0.147,0.083,1,UBXN2B
4.5363571294096664e-5,1.6293893432320012,0.074,0.027,1,BNIP3
4.643491213187774e-5,-0.7843079064172818,0.037,0.085,1,SLC35A4
4.6673911524395317e-5,-0.30338130739313673,0.136,0.221,1,CCDC167
4.692715087165543e-5,2.531645452193317,0.054,0.014,1,SLFN12
4.711997172057963e-5,0.6870766616645998,0.378,0.303,1,ADD3
4.7364258319971434e-5,-1.3814014762644038,0.011,0.042,1,TOE1
4.749505676901167e-5,0.5018851087699989,0.376,0.3,1,SNX6
4.76364585097368e-5,-0.7259333433014463,0.029,0.072,1,HSP90AB4P
4.8247772334561215e-5,-0.32202242370424927,0.232,0.34,1,ZNF706
4.8535118632953445e-5,1.216153155960753,0.166,0.101,1,BAX
4.8734646043384e-5,4.988485955764019,0.03,0.002,1,PPIC
4.889801110899103e-5,-0.5937041956927531,0.138,0.22,1,HMGB3
4.899520071281731e-5,-1.5745922933272554,0.02,0.058,1,MGC4859
4.9184101181794506e-5,1.490050515452329,0.133,0.072,1,BCL2A1
4.941162553022456e-5,-0.6448324430688839,0.069,0.13,1,SVBP
4.9867761536070026e-5,-1.082337149094736,0.011,0.042,1,CMTR2
5.029895157596835e-5,-0.43729883681708404,0.274,0.377,1,VPS35
5.045091440229525e-5,-2.1488006292984787,0.007,0.032,1,TFAMP1
5.0606079809992656e-5,1.4737947882706028,0.143,0.082,1,CLK3
5.091363512201534e-5,-0.23123015516218492,0.055,0.112,1,MXD3
5.115723766299493e-5,-0.2650285459172008,0.723,0.812,1,ACTG1
5.1457961981730594e-5,-1.410789059530345,0.021,0.059,1,GNA12
5.190148293012411e-5,-2.003498143671343,0.007,0.032,1,AMPD3
5.206837953422767e-5,-0.21342695597181605,0.834,0.883,1,NPM1
5.2474095692616496e-5,-0.6006022402919555,0.105,0.178,1,CAND1
5.2673229184488406e-5,-0.755988753875462,0.104,0.175,1,KPNA1
5.2720386904486066e-05,-1.4601317975449537,0.017,0.051,1,TMEM94
5.299707367706068e-5,-1.5079582507390046,0.017,0.051,1,SNORD26
5.318665155993616e-5,-0.36544434249449403,0.132,0.215,1,CNOT6L
5.397210492717506e-5,-1.1480489872689978,0.022,0.061,1,SSBP2
5.497603496420422e-5,-0.6303532252304831,0.024,0.064,1,RPS10P7
5.512542460145118e-5,-0.479769198150654,0.098,0.168,1,HPF1
5.513507257631499e-5,-1.0972291426975262,0.02,0.056,1,BDH1
5.5477703990021034e-5,-0.9866419187199134,0.05,0.103,1,LRRC8D
5.559192158583425e-5,0.9082252842317349,0.346,0.29,1,LAIR1
5.561530854884276e-5,-0.8492147097766636,0.05,0.103,1,RBM12
5.5805805638031004e-5,2.3196212820944653,0.071,0.026,1,ZBTB34
5.6314636463533674e-5,-0.96033687556876,0.02,0.058,1,MAP4K3
5.6345471977681754e-5,-0.9437169345314413,0.022,0.061,1,TULP4
5.634752615856625e-5,-1.3362672979923134,0.016,0.05,1,CREM
5.682524400987092e-5,-3.535317462835809,0.002,0.021,1,SYNJ2
5.755803947858645e-5,0.8266361875928173,0.376,0.322,1,PNRC1
5.7628599290678726e-5,-0.819737912480103,0.034,0.08,1,SHOX
5.763254530220923e-5,-0.31073417194165476,0.189,0.287,1,MRPL1
5.771903949261479e-5,-0.7670099355367856,0.033,0.077,1,KBTBD3
5.7827729364255583e-5,-1.1144002969133697,0.037,0.083,1,FAM173A
5.785000090113866e-5,-1.0799541099319976,0.018,0.053,1,CKMT2-AS1
5.7855257862499644e-5,-0.4069164291448768,0.13,0.215,1,ATP13A3
5.827077923734741e-5,-0.5454181934132074,0.036,0.083,1,UNKL
5.8383703500432835e-5,3.6525635924306346,0.039,0.006,1,RASGRP3
5.8529196797888825e-5,-0.6251161320577057,0.06,0.115,1,SLC30A5
5.8648619259373786e-05,0.5078009937385998,0.476,0.423,1,NMI
5.904549037777808e-5,-1.2127011366524765,0.031,0.074,1,LZTFL1
5.9290093085959496e-5,2.2712372480929326,0.056,0.016,1,WDR91
5.938670563370586e-5,-1.24507600971421,0.015,0.048,1,LDLRAD4
5.953803885101919e-5,1.0615445912905392,0.167,0.101,1,LOC100190986
5.9755462589728275e-5,-0.8428808958162906,0.015,0.048,1,SELENOO
6.033830817360709e-5,-1.0455028073929904,0.058,0.112,1,WSB2
6.139253700442138e-5,-0.9795808378030462,0.047,0.098,1,RAD1
6.191208584236226e-5,-0.49603136239313267,0.201,0.293,1,NAA50
6.210977775307102e-5,2.827144059002663,0.039,0.006,1,ANKRD35
6.27902462539618e-5,-0.48420265562213927,0.201,0.296,1,FRG1
6.36001344834687e-5,-0.231011771031936,0.25,0.362,1,RLIM
6.366250524928852e-5,-0.5171874034216049,0.074,0.135,1,SWAP70
6.395038268879512e-5,-1.898688596729098,0.007,0.034,1,CLECL1
6.447871914302868e-5,-0.47602541475128457,0.107,0.179,1,KLF13
6.450779623271904e-5,-0.3996244320105231,0.095,0.167,1,RAD54L2
6.472536634115303e-5,-0.36555914881992746,0.326,0.438,1,SPTLC2
6.47471073297075e-5,0.6469941827367252,0.372,0.3,1,TET2
6.541237721936388e-5,1.853960490691349,0.082,0.034,1,CARD9
6.57987077168593e-5,5.140223421468287,0.025,0,1,HOXA7
6.626797124247617e-5,-0.859300322759935,0.044,0.093,1,HGSNAT
6.646390611968542e-5,-0.739019950679713,0.069,0.128,1,ZNF480
6.72553457603364e-5,-2.267489105811649,0.008,0.035,1,TNS1
6.761788198616509e-5,1.0335146336251926,0.139,0.077,1,SCAPER
6.780396922175165e-5,2.4748791757859236,0.047,0.011,1,RBKS
6.786013889603087e-5,-0.46539276223555115,0.136,0.213,1,RUFY1
6.804383872424952e-5,1.6799327136992324,0.088,0.038,1,SESN1
6.891448331552487e-5,-0.5963447298292517,0.159,0.242,1,E2F3
6.894916912086429e-5,-0.5346673525023682,0.08,0.144,1,UBXN2A
6.900184646284337e-5,-0.5063739547831161,0.214,0.306,1,IPO7
6.913574709141236e-5,-0.3897934470683084,0.222,0.324,1,COPS9
6.956372750756997e-5,-1.152903492840092,0.027,0.067,1,ERO1B
7.031347051035017e-5,-1.18045392393074,0.029,0.071,1,HCG11
7.087632488060848e-5,-0.22617988861498373,0.568,0.7,1,PSMA7
7.110560509501556e-5,-0.7288045751668294,0.094,0.16,1,SACS
7.128103557709091e-5,-0.5414826979096619,0.096,0.165,1,CSNK2A1
7.157705666349521e-5,-0.6609739468694227,0.069,0.128,1,CYSLTR1
7.306313707710396e-5,-0.38156195381786906,0.159,0.25,1,HLA-DMA
7.320946240073433e-5,-0.34028266177829625,0.133,0.216,1,WDR61
7.348808876383912e-5,-0.5614737035211155,0.045,0.095,1,ITGA6
7.393330414426724e-5,-2.209441807131998,0.005,0.027,1,DCANP1
7.393988906992166e-5,-0.1953700391185561,0.304,0.425,1,FUS
7.42772462569933e-5,-1.008045085961808,0.043,0.091,1,AKT2
7.446824565857128e-5,-5.023481559362095,0.001,0.018,1,BCL11B
7.461165371991328e-5,-0.7809315882541266,0.048,0.099,1,CACNA2D3
7.46892694264487e-5,-4.411488487013153,0.001,0.018,1,AOX3P-AOX2P
7.491091347386941e-5,-4.291199342351374,0.001,0.018,1,RAB39B
7.513317943031139e-5,-4.331356678625507,0.001,0.018,1,IRAIN
7.513317943031139e-5,-4.807912387292358,0.001,0.018,1,SV2A
7.513317943031139e-5,-4.034964695354267,0.001,0.018,1,TSPYL5
7.51611045802761e-5,-0.6094296445229492,0.125,0.2,1,ING3
7.53560689292006e-5,-4.168833065881894,0.001,0.018,1,GPAT3
7.53560689292006e-5,-4.044664293133898,0.001,0.018,1,SMAD7
7.625389515643993e-5,-3.5920386958483164,0.001,0.018,1,ANK1
7.633861502572165e-5,-0.4782976271023669,0.158,0.244,1,COL4A3BP
7.72971999305538e-5,1.2950711022332415,0.093,0.042,1,ARL11
7.732180909760254e-5,1.3269791920373493,0.073,0.027,1,NIPAL2
7.749450385343102e-5,-1.4861940191500191,0.027,0.067,1,ABL1
7.76386306957493e-5,-1.0905839512727784,0.026,0.066,1,ALG2
7.816724100766567e-5,-0.39464126394293175,0.114,0.186,1,MTMR6
7.817183043453255e-5,-0.7376191785950144,0.066,0.123,1,TGFBR1
7.903528555185582e-5,-0.46055759158785264,0.264,0.362,1,NSD2
7.905423797089117e-5,-0.431519951029323,0.189,0.282,1,MTIF3
7.933600071345839e-5,-0.4134408937990856,0.25,0.353,1,KIAA1143
7.934939979075703e-5,-0.6251915351957744,0.088,0.152,1,EBAG9
7.972122193499111e-5,-0.37453426496641534,0.253,0.359,1,PRIM1
7.99112550413082e-5,-5.8944617785621976,0,0.014,1,ICOSLG
7.99112550413082e-5,-4.958219432033135,0,0.014,1,LOC100129534
7.99112550413082e-5,-4.9761411801251505,0,0.014,1,LOC101927178
7.99112550413082e-5,-4.62321929216387,0,0.014,1,PROM1
7.99112550413082e-5,-5.646741028404893,0,0.014,1,RBP7
7.99112550413082e-5,-5.588496012669306,0,0.014,1,RHAG
7.99112550413082e-5,-5.284497074827732,0,0.014,1,SNRPD2P2
7.99112550413082e-5,-5.389091926794925,0,0.014,1,SPRED1
7.99112550413082e-5,-4.756473746843399,0,0.014,1,TEX9
8.099729736152342e-5,-0.810708213507898,0.074,0.133,1,GAR1
8.174161418328278e-5,0.6679347438163946,0.34,0.269,1,CENPC
8.229631796137888e-5,-0.27893608053932223,0.28,0.394,1,LDB1
8.24741344745785e-5,-0.3959403905277291,0.206,0.3,1,STX11
8.259858061381951e-5,-0.6215980878184733,0.138,0.218,1,MRPL54
8.295963145229467e-5,-0.32334296638415866,0.167,0.255,1,CHSY1
8.307401127708129e-5,-1.5367174976486044,0.01,0.038,1,PCED1B
8.352113102661407e-5,1.4617815397525562,0.128,0.069,1,MYO1G
8.353970563330067e-5,-0.8466747318973102,0.057,0.111,1,LINC00116
8.359343135122812e-5,-0.6709174703939607,0.077,0.138,1,PWWP2A
8.408161085914922e-5,1.2706149346473505,0.101,0.048,1,TNS3
8.435079956971231e-5,-0.46998048011759497,0.089,0.154,1,FAS
8.438227742087426e-5,-1.2718585233718356,0.01,0.038,1,FDPSP2
8.540041780931048e-5,-0.30553110435206265,0.122,0.2,1,CTDSP1
8.637411252192445e-5,1.3513307954999172,0.126,0.067,1,SIRPB1
8.64612194225949e-5,-1.2157704994105691,0.039,0.085,1,GINS1
8.660865034160452e-5,-4.107831703824624,0.003,0.022,1,BTBD11
8.693442911393307e-5,-0.5626156446154986,0.091,0.157,1,MND1
8.812044366796633e-5,-3.1503882846197637,0.003,0.022,1,XKR8
8.865050543881871e-5,2.648673046853412,0.032,0.003,1,ADAMTS2
8.877595742920672e-5,-3.254206516709636,0.003,0.022,1,LOC101559451
8.908803009575011e-5,-0.3828676797412718,0.412,0.526,1,AKAP13
8.920437958547673e-5,-0.5707214678173971,0.12,0.192,1,APIP
8.96571438812285e-5,-3.0693037336563114,0.003,0.022,1,LINC02080
9.000767233647524e-5,-0.4389016315460292,0.299,0.402,1,GNB1
9.007500868087181e-5,-0.3873889215548506,0.124,0.2,1,SRPRA
9.010082931230475e-5,-2.6327325724371287,0.003,0.022,1,VAC14
9.016719448296172e-5,-0.25121719034791706,0.294,0.405,1,ATP5G1
9.0323619356267e-5,5.596468038190542,0.024,0,1,LAMA5
9.074720299793388e-5,0.8437236866600701,0.314,0.25,1,MAP1LC3B
9.09320802731625e-5,-0.6273871306298884,0.074,0.135,1,DCK
9.121913419702144e-5,-2.1570103064576545,0.003,0.022,1,LAYN
9.158709678809927e-5,4.773461030220368,0.028,0.002,1,SLC45A3
9.192599287593274e-5,-0.256868662261432,0.42,0.543,1,ILF3
9.210256690015355e-5,1.040254876367723,0.131,0.072,1,C11orf74
9.252159456997898e-5,-0.736679147428291,0.026,0.066,1,LOC606724
9.469224908244614e-5,-0.7831538852850888,0.083,0.146,1,PBDC1
9.472680244905709e-5,-0.2450876852395667,0.139,0.221,1,EXOC5
9.490904256847889e-5,-0.26504364678548253,0.197,0.296,1,BANF1
9.502984551269184e-5,-1.093741959167302,0.022,0.059,1,ATP8A1
9.517384817429762e-5,-0.8102675294712591,0.056,0.109,1,ELOA
9.558285624290291e-5,0.8058495978218504,0.317,0.252,1,RAB1A
9.581482109263108e-5,-0.6492087055140344,0.172,0.253,1,MAGT1
9.650153162601951e-5,-0.33591698085867266,0.208,0.304,1,DPM1
9.653108247605378e-5,1.466955180774164,0.072,0.027,1,ARHGEF3
9.679889508564413e-5,-0.29016224785711486,0.437,0.561,1,UBE2L3
9.681032152380651e-5,-1.8257983807551592,0.006,0.029,1,PROSER2
9.818649749978032e-5,-0.590526159002501,0.05,0.101,1,TDP1
9.830738037486326e-5,3.6132923162107446,0.034,0.005,1,TPRG1-AS1
9.904816704565285e-5,-0.7023655215393576,0.064,0.12,1,SKI
9.926824697852698e-5,0.41311804089114124,0.526,0.457,1,SMC4
9.942336946838288e-5,1.717165852244681,0.06,0.019,1,LINC01089
9.944582983966582e-5,-1.015483654292769,0.032,0.074,1,PDPR
9.945279696904888e-5,-1.2771135082364635,0.006,0.029,1,TM6SF1
1.0010335453920405e-4,-0.2999455802634309,0.364,0.478,1,ARF6
1.0120253079799686e-4,-0.5123530580665269,0.117,0.189,1,NUP62
1.0161249934669297e-4,-1.3275303000661727,0.018,0.051,1,ZNF607
1.0176156571113217e-4,-0.8091341084312633,0.02,0.056,1,C16orf91
1.0191243463059891e-4,-0.6147753771173463,0.113,0.183,1,SCFD1
1.0201760266106582e-4,-1.1660896012249786,0.02,0.054,1,TEKT4P2
1.0268504283678876e-4,-0.39555628072763904,0.179,0.264,1,MRPL13
1.0297475155581784e-4,-0.40206087537202,0.243,0.341,1,CCT2
1.0310365729208504e-4,1.9630461305059073,0.069,0.026,1,LOC101927765
1.0353899198937424e-4,-0.89008988833573,0.055,0.107,1,ATMIN
1.0442965949838333e-4,-0.941569343696361,0.033,0.075,1,RABGGTA
1.0508456107213173e-4,-0.29819899739185224,0.283,0.391,1,RAB7A
1.0629515240865953e-4,0.8823544696447665,0.291,0.223,1,GCC2
1.0668978968168692e-4,-1.203762745093358,0.016,0.048,1,SIPA1L1
1.0727236521142698e-4,-0.298356142837512,0.119,0.196,1,UBE2Q1
1.0802214695724816e-4,-0.8771439310723643,0.013,0.043,1,CHERP
1.084731279714075e-4,0.46569556784350286,0.58,0.566,1,PTP4A2
1.100871839598821e-4,-0.34437863403969937,0.206,0.301,1,PIK3AP1
1.1039929487009238e-4,-0.5497922389999814,0.091,0.157,1,AP1B1
1.1052794699342298e-4,-1.0460276478326813,0.017,0.05,1,MAGED1
1.1109865570261654e-4,-0.29223071416791524,0.061,0.117,1,SMIM27
1.1207413548841942e-4,-2.085542374023155,0.007,0.03,1,CLEC4E
1.1319512893812219e-4,1.2638331430707948,0.094,0.043,1,KLF11
1.1331365835740215e-4,-0.6362473356164857,0.074,0.133,1,ZC3H4
1.1412859177007899e-4,-0.6634312097655339,0.13,0.205,1,CASP8AP2
1.1540659617274763e-4,4.321520655384381,0.031,0.003,1,KCTD1
1.1671246279841164e-4,-1.0514814187471235,0.029,0.069,1,RAVER1
1.1727172450101346e-4,-0.4606272087158573,0.117,0.189,1,FH
1.1735478176750256e-4,-0.683959614245883,0.142,0.216,1,NCAPD2
1.173719248634049e-4,-1.006997650173909,0.028,0.067,1,C14orf119
1.1820308766716347e-4,-0.7483619420003489,0.057,0.109,1,KCTD3
1.1829459321362678e-4,1.13597285274437,0.171,0.109,1,RNVU1-14
1.1909615997184031e-4,-0.3873003864232759,0.37,0.486,1,RAP1B
1.1910647496890888e-4,-0.4931566854882453,0.128,0.202,1,CD93
1.1976722649714167e-4,-0.8666072315180764,0.036,0.08,1,LINC00667
1.2017920276349727e-4,-1.271059374526868,0.026,0.064,1,FBN2
1.2021534853743227e-4,-0.2881279113328816,0.16,0.247,1,ARF5
1.207006931380669e-4,-0.8827721564296365,0.066,0.122,1,ARHGAP35
1.2249264020806143e-4,2.213326649363604,0.048,0.013,1,LDLRAD2
1.2274736240857882e-4,-0.593417734564945,0.037,0.082,1,PARP12
1.2382174580542694e-4,-0.5318093586460213,0.145,0.221,1,CHEK1
1.238669649732737e-4,-0.5370211516670784,0.11,0.179,1,CRNKL1
1.2402084830089074e-4,5.653604228535221,0.023,0,1,PDE4A
1.2426382742921092e-4,-0.8493520072454781,0.053,0.104,1,FAM133DP
1.2442973569129354e-4,2.5039423657290154,0.043,0.01,1,DLG5
1.2581589949923807e-4,-0.9112470181278343,0.041,0.087,1,SNAPC1
1.2687807745845133e-4,-1.3733878419143348,0.025,0.062,1,ZNF85
1.2723002889465163e-4,2.438142437778227,0.061,0.021,1,ATN1
1.2748620092608854e-4,-2.6374713251279314,0.004,0.024,1,MAGOH2P
1.2775803791017538e-4,1.1931895940105766,0.141,0.08,1,FBXL20
1.2825455664785057e-4,-0.5237099323268442,0.115,0.184,1,TMEM160
1.2895413082479777e-4,-2.1075228602089693,0.004,0.024,1,RASGEF1A
1.2895789586954057e-4,-0.3363934824046601,0.191,0.285,1,C21orf59
1.2913413888187569e-4,-1.0191988806023446,0.055,0.106,1,TMEM147
1.2943626789957237e-4,1.3377444240192704,0.127,0.071,1,CEBPA
1.3067136553853977e-4,-0.3308626871928315,0.066,0.123,1,SPEF2
1.3078389684043336e-4,-0.2509395937246548,0.075,0.136,1,SEPHS2
1.3111133204895376e-4,-1.8372537486843945,0.007,0.032,1,C11orf98
1.3132655824244578e-4,-0.805125065620838,0.04,0.085,1,DGCR8
1.336098860862176e-4,-1.3425149814446087,0.007,0.032,1,SNORD19B
1.3398240540061476e-4,2.5515801032507177,0.053,0.016,1,PDGFD
1.343761683108123e-4,-3.6302043707594445,0.002,0.019,1,DAB2
1.3464430967925948e-4,-0.39451574759342123,0.405,0.508,1,LBR
1.3514048457283762e-4,1.2567680906293743,0.213,0.154,1,RNF10
1.3536019488179097e-4,0.8806943999602926,0.438,0.402,1,H1FX
1.364911859574439e-4,-0.31158242560763255,0.316,0.428,1,HNRNPA0
1.3701148682996993e-4,-0.48205080179588905,0.161,0.242,1,CISD2
1.3778051795444813e-4,1.1773058635382914,0.102,0.05,1,RAB3GAP1
1.3787563555030065e-4,-0.33027724635359856,0.031,0.072,1,SLC17A9
1.379906393522898e-4,-2.4588465544742233,0.002,0.019,1,ANKRD33B
1.379906393522898e-4,-2.6156943894189935,0.002,0.019,1,SERPING1
1.379906393522898e-4,-3.3237953491031913,0.002,0.019,1,WDR17
1.3821316687562973e-4,-0.6235221238449209,0.095,0.159,1,PDCD6
1.3835708057799884e-4,-2.8849737416087855,0.002,0.019,1,CLIP4
1.3872443830312246e-4,-2.9396799018503614,0.002,0.019,1,GABBR2
1.3872443830312246e-4,-2.790445905308215,0.002,0.019,1,PCNAP1
1.3888210500964782e-4,-0.2814623343911421,0.197,0.29,1,SF3B5
1.3900360828762376e-4,-0.889073168171536,0.007,0.032,1,UBE2Q1-AS1
1.3904959686439664e-4,1.2028156587695542,0.127,0.071,1,CMAHP
1.3939831940367787e-4,1.2389669707356603,0.066,0.024,1,FAM157B
1.3973326214159666e-4,0.7401062962521555,0.25,0.181,1,AOAH
1.412537357403191e-4,-0.2256808522272722,0.097,0.165,1,CCNY
1.4136344399179866e-4,-0.27159837323181024,0.418,0.535,1,XRCC6
1.4147507398664156e-4,-0.32999020952733615,0.303,0.413,1,NDUFB4
1.4348034556250857e-4,-0.32857101591458826,0.431,0.548,1,SSR1
1.4378312623836482e-4,-0.314355692436366,0.169,0.255,1,MRPL3
1.4385509975868783e-4,-0.7490429192511194,0.035,0.079,1,FXN
1.4474606863201295e-4,0.35707835905954965,0.718,0.702,1,MBNL1
1.4515185269133867e-4,-1.565454505173193,0.008,0.034,1,LOC391322
1.454292860109438e-4,0.8072657595045519,0.348,0.293,1,PTP4A1
1.457376477862185e-4,1.5842912127015227,0.068,0.026,1,RCBTB2
1.460549338033354e-4,-0.28602991068163613,0.252,0.354,1,TBL1XR1
1.4652332253652594e-4,-0.28389151915964805,0.242,0.341,1,EIF3M
1.4688103841738098e-4,-0.5372413164095928,0.147,0.226,1,FANCI
1.4875845177064146e-4,-0.6624039006748146,0.027,0.066,1,PPM1N
1.49847546082919e-4,0.5660774917002982,0.436,0.369,1,CD164
1.498678935838646e-4,1.7804976396896746,0.061,0.021,1,LINC01481
1.50353422051652e-4,1.1690587847645832,0.144,0.085,1,ARHGAP9
1.5039598165624528e-4,-0.5997302048422344,0.103,0.17,1,ATOX1
1.5121832224416156e-4,0.6356792384749712,0.272,0.2,1,ASCC3
1.5184140297097942e-4,-0.847395993831447,0.026,0.064,1,RMI2
1.5202420209415592e-4,-0.31897861570664793,0.187,0.279,1,RARS
1.5299908443894175e-4,-0.6394932484496374,0.069,0.125,1,DDX19A
1.5313457658080892e-4,-0.3002481156059056,0.154,0.237,1,AUP1
1.5314122761233027e-4,-1.0955579366129515,0.034,0.075,1,UMPS
1.5340342938888015e-4,1.0516566801296845,0.17,0.107,1,MARS
1.543250520100959e-4,-1.118177331926818,0.062,0.115,1,H2AFX
1.547401330948867e-4,3.6981158622609596,0.036,0.006,1,ELK2AP
1.5485708415761526e-4,-0.5276758360078475,0.108,0.176,1,RNF145
1.5675628523526897e-4,-0.46961602545910763,0.162,0.24,1,FANCD2
1.584153078489312e-4,-0.6275696611053563,0.047,0.096,1,PIM3
1.590225127604804e-4,-0.37098229853643394,0.109,0.179,1,IDS
1.5977716253295451e-4,-0.4862500486368093,0.072,0.128,1,BRIP1
1.6086692650375264e-4,-0.5170088976188085,0.049,0.099,1,RRAGD
1.6192391587903116e-4,0.7465088135091213,0.303,0.239,1,CEBPZOS
1.623125220064189e-4,-0.8576026737413316,0.025,0.062,1,DNAAF2
1.6261036045859824e-4,-1.010506217825697,0.031,0.071,1,FADS2
1.6363429071385486e-4,1.3486309464069097,0.053,0.016,1,ERMP1
1.6401020124746373e-4,0.7346978927071421,0.267,0.199,1,ANKRD36
1.6493246514070526e-4,0.4093658752133369,0.626,0.596,1,CNBP
1.655248772687204e-4,-2.7196411364981476,0.005,0.026,1,KCNN3
1.6572989283011188e-4,-0.25291957329480597,0.374,0.49,1,PAIP2
1.6731079841490992e-4,-2.404584872840969,0.005,0.026,1,ABCA13
1.6750857109554146e-4,-0.18886753259419242,0.742,0.829,1,HNRNPA3
1.6788409124551793e-4,-0.3636844032172484,0.041,0.087,1,GALNT3
1.6802768873580941e-4,1.5296195838179065,0.108,0.056,1,SLC5A3
1.6846937307003586e-4,-0.6310990602473934,0.063,0.117,1,PDHX
1.6911483496134417e-4,-1.9164989307895812,0.005,0.026,1,RPL29P2
1.692378823749214e-4,-0.5107031335399619,0.049,0.098,1,FUBP3
1.6954511418883867e-4,-1.168922202127356,0.041,0.085,1,NIP7
1.7008550628617105e-4,1.2526342737674483,0.123,0.067,1,MRPL44
1.7093715755844613e-4,-1.1560525062587779,0.005,0.026,1,GSPT2
1.7112018532694967e-4,-0.6099218826082571,0.039,0.083,1,CEACAM4
1.712253490647087e-4,-0.8575479604963543,0.032,0.072,1,HACL1
1.7149123938729828e-4,0.8181314066292229,0.294,0.232,1,NUDT4
1.7250301789375658e-4,4.83702829218986,0.026,0.002,1,GGT1
1.7262851747429638e-4,-0.4662794008277612,0.113,0.181,1,STAG1
1.73012155304131e-4,-1.0462732695522559,0.02,0.054,1,ALDH4A1
1.7379517952582267e-4,-0.393243364746914,0.046,0.093,1,POR
1.74808219986716e-4,-0.8405505585505717,0.07,0.125,1,ZBED1
1.7517203212436659e-4,-1.58861260904097,0.01,0.037,1,ID1
1.7566604039262088e-4,-1.6125514468811883,0.011,0.038,1,KIF4B
1.7598011743854072e-4,-0.7593616663086276,0.022,0.058,1,INPP5A
1.7610331229817115e-4,1.8359964977117338,0.085,0.038,1,RAE1
1.770707855328729e-4,-0.7814067536682712,0.073,0.128,1,NUDCD1
1.7750708473673727e-4,-0.6228149643160461,0.107,0.175,1,SFXN1
1.7848156734980088e-4,-0.7389606601317745,0.104,0.168,1,NUF2
1.7880092256745189e-4,-1.822304561681777,0.014,0.043,1,MSR1
1.7924173501956324e-4,3.283815210496771,0.026,0.002,1,CAMSAP2
1.7979571827393112e-4,-0.9412933706128006,0.042,0.087,1,ARHGAP10
1.8029441267433728e-4,-0.2981515543180533,0.21,0.304,1,IFT20
1.803069800726801e-4,3.67585851998439,0.033,0.005,1,NAPB
1.8038078737532578e-4,-0.8900255037539153,0.056,0.106,1,MRPL15
1.8250073602552698e-4,1.631904712749215,0.095,0.046,1,CDA
1.8274003719954797e-4,-0.5218976616486917,0.093,0.155,1,GCSH
1.8458301128731908e-4,0.8096674359465084,0.265,0.199,1,EIF4G3
1.8496848622728961e-4,-0.2596038521648163,0.116,0.189,1,LAMTOR1
1.8505048674534943e-4,-1.578148533714685,0.015,0.045,1,CSGALNACT1
1.8619619473256066e-4,-0.19187199447961323,0.474,0.606,1,SNHG8
1.863783696501162e-4,-1.1063754007723108,0.019,0.051,1,PIK3R5
1.872091902962481e-4,-4.22801444911657,0.001,0.016,1,OLR1
1.8775962308414975e-4,-3.952704359279724,0.001,0.016,1,HIST1H3F
1.8826597480859402e-4,-0.29065873529644376,0.179,0.266,1,ATP1B3
1.88311576793692e-4,-3.3997737109981703,0.001,0.016,1,SULT1C4
1.88311576793692e-4,-3.322214169242362,0.001,0.016,1,TRABD2A
1.8908408355635629e-4,0.29282927380029244,0.806,0.787,1,ARPC3
1.893440497251585e-4,0.9547172858981158,0.145,0.085,1,HIST1H2AG
1.9141443182742215e-4,-0.7308979188076314,0.02,0.053,1,DCUN1D3
1.9305557274873535e-4,-0.8594955006755893,0.02,0.054,1,GRIP1
1.940016460574448e-4,0.4354819785399965,0.449,0.389,1,SKAP2
1.9427006156539918e-4,-0.35862734667935703,0.27,0.37,1,LARS
1.9435343523352956e-4,-0.5396692495061512,0.214,0.304,1,ZC3H13
1.9499484791084718e-4,-0.31148393601319335,0.282,0.385,1,NDUFV2
1.9504408290392866e-4,-0.22672502792259175,0.358,0.473,1,RUNX1
1.968691172477556e-4,-0.6606965555943032,0.047,0.093,1,TMEM19
1.9694891180434076e-4,0.7120600404161437,0.304,0.24,1,OSTF1
1.996374030916676e-4,-1.1406953465202427,0.013,0.042,1,CDK14
1.9991901938104707e-4,-0.41263522942584097,0.127,0.2,1,AIFM1
2.0041558375327243e-4,-1.2739829580599236,0.017,0.048,1,ELP6
2.0086829593542478e-4,-5.052155074016178,0,0.013,1,AASS
2.0086829593542478e-4,-4.394553825713578,0,0.013,1,ATOH8
2.0086829593542478e-4,-5.3558106700949155,0,0.013,1,LOC441666
2.0086829593542478e-4,-4.863548457380002,0,0.013,1,LOC728730
2.0086829593542478e-4,-5.320794886422699,0,0.013,1,NEU4
2.0086829593542478e-4,-5.29291624003902,0,0.013,1,PEG3
2.0086829593542478e-4,-4.867730241140542,0,0.013,1,POLR2J2
2.0086829593542478e-4,-6.156435156529771,0,0.013,1,S1PR1
2.0086829593542478e-4,-5.1884536843184375,0,0.013,1,STAC
2.0086829593542478e-4,-5.376612165673683,0,0.013,1,STEAP4
2.0086829593542478e-4,-6.00104020595333,0,0.013,1,TGFBI
2.0086829593542478e-4,-5.932536860402705,0,0.013,1,VTRNA2-1
2.019328580515611e-4,-0.42644920357009,0.045,0.091,1,ZNF276
2.0196248110471347e-4,-1.7885882292857103,0.006,0.027,1,RNF207
2.0306387571223912e-4,2.7016614402405845,0.035,0.006,1,SLC16A5
2.031950103062005e-4,-1.7307994841259333,0.006,0.027,1,ACVR2B
2.0321660146464536e-4,-0.7625720729450496,0.052,0.101,1,QRSL1
2.0399830300231946e-4,0.8173952751686582,0.322,0.261,1,CNIH4
2.0427852659436006e-4,-0.7222059282661988,0.02,0.054,1,GDF9
2.0432835786432112e-4,-0.7932164204401522,0.015,0.045,1,POLR3G
2.045245076993438e-4,-0.9544428009155101,0.018,0.05,1,CTDP1
2.059076031628967e-4,1.0148188151899302,0.227,0.163,1,ETNK1
2.0705128945737496e-4,-0.8919050933174093,0.029,0.067,1,DAGLB
2.0802284842717534e-4,2.549341958607414,0.035,0.006,1,ARHGEF12
2.081286717256756e-4,-0.707975817308595,0.097,0.159,1,NDUFA9
2.0843174609798526e-4,-0.8072484600724357,0.034,0.075,1,DCAF6
2.0953795450561055e-4,-2.782032175565848,0.003,0.021,1,B4GALT2
2.0953795450561055e-4,-2.7024052038200743,0.003,0.021,1,BEND5
2.1018593577663974e-4,-0.4663461099540813,0.088,0.151,1,TRIM25
2.1193020631465515e-4,-0.5274584284324602,0.059,0.111,1,IPMK
2.1208812416632951e-4,0.3852309374299867,0.615,0.607,1,METTL9
2.1208949132997125e-4,-2.5186637725644667,0.003,0.021,1,UPK3A
2.1260328758455273e-4,-2.333668262469513,0.003,0.021,1,HP09053
2.1363438863014747e-4,-2.2039844711372716,0.003,0.021,1,HIST3H2A
2.1373263791977948e-4,-0.8402854715650654,0.046,0.091,1,PELP1
2.1415169835403656e-4,-1.8446271879724572,0.003,0.021,1,THBD
2.154138410080546e-4,-0.42018037226098315,0.105,0.171,1,C17orf49
2.1588911874980166e-4,1.6781164901014938,0.038,0.008,1,DTNA
2.167978598531649e-4,-0.4581205717106663,0.146,0.224,1,CCDC69
2.1695127070988678e-4,0.31888714620427105,0.728,0.708,1,CSDE1
2.193033348223316e-4,-0.4410413848357262,0.082,0.141,1,OXSR1
2.223646458384922e-4,1.03396275482271,0.215,0.152,1,ZBTB11
2.2250416070740742e-4,-0.5270348543849419,0.037,0.08,1,GMEB1
2.2252687098142472e-4,3.1617395357999576,0.029,0.003,1,PPARG
2.2471765477508662e-4,-0.41532112093578233,0.139,0.215,1,QARS
2.25851565490973e-4,-0.6770135551618601,0.035,0.077,1,STK11
2.267585047026214e-4,-0.583302589840298,0.117,0.183,1,DHX36
2.2738102228088842e-4,-2.667495599267329,0.007,0.029,1,FILIP1L
2.2925983089679502e-4,-1.1310643435030783,0.045,0.09,1,MYL6B
2.2935641711652714e-4,0.9038720809297895,0.196,0.131,1,CFAP97
2.295883647491019e-4,-2.4336972499317944,0.007,0.029,1,ADPRHL2
2.3079067136851328e-4,2.0715236161331205,0.054,0.018,1,HSPA1A
2.326239165752931e-4,-0.18863475088568227,0.115,0.186,1,CCDC84
2.3263317258942357e-4,-0.15013972306656864,0.986,0.99,1,RPS18
2.3317857909977362e-4,-0.596295716176796,0.159,0.237,1,CFDP1
2.3346286510557085e-4,-0.2412104235145766,0.181,0.266,1,CHRAC1
2.3404062825586904e-4,5.400206063506041,0.021,0,1,CCL3L1
2.346597294396882e-4,0.9220881005052234,0.125,0.071,1,YOD1
2.3512380619604222e-4,-1.040540302141283,0.085,0.141,1,PAPD5
2.3609549147636215e-4,1.0716107566982611,0.08,0.035,1,PLOD1
2.3705124640264243e-4,1.6059782492250112,0.077,0.034,1,ABCA5
2.3845965506865367e-4,0.5529497481774471,0.351,0.287,1,TTC17
2.3893476691801347e-4,-0.27737920435581476,0.526,0.641,1,SLC25A5
2.3895907866751818e-4,-0.43745726966318776,0.083,0.143,1,TSPAN14
2.4142482224326575e-4,-0.21507269413647467,0.771,0.867,1,YWHAB
2.446334484225028e-4,-0.14179574424370056,0.408,0.535,1,GNAS
2.4626726001385517e-4,-0.6319956606678778,0.068,0.122,1,TSR1
2.4749916481436635e-4,-0.6120533473635192,0.043,0.088,1,CCSER2
2.4828239998847193e-4,0.5166348425720719,0.51,0.458,1,PNRC2
2.485260639249892e-4,0.8342259975606574,0.27,0.207,1,FNBP4
2.4988003775079957e-4,-1.2650943936315682,0.023,0.058,1,ZNF184
2.50108631722529e-4,-0.6202183437463082,0.045,0.09,1,C1GALT1C1
2.5028670381087585e-4,1.1093188689008926,0.069,0.027,1,CD300C
2.5039593690341703e-4,-1.2028725701015688,0.037,0.079,1,APOO
2.5290493888372313e-4,-0.22280687340154526,0.213,0.311,1,EPC1
2.5456139984710713e-4,1.1691732322291561,0.118,0.066,1,NSUN5
2.546560532099745e-4,-0.8385170067787981,0.065,0.117,1,CCNB1
2.5586962065326434e-4,-0.6685023329215902,0.039,0.082,1,VEGFA
2.561473384430842e-4,-0.2114406080159701,0.633,0.753,1,RPL18
2.570615101886865e-4,-0.18756902962750566,0.273,0.378,1,CKLF
2.571348262553402e-4,-0.6732312039785944,0.047,0.093,1,RNF167
2.5941229696473464e-4,-0.7493163618564957,0.049,0.096,1,UTP3
2.604571486936593e-4,-0.7268174717800924,0.04,0.083,1,TMEM223
2.6063798980316893e-4,0.7625973968925757,0.351,0.296,1,RAB27A
2.6201914555484715e-4,3.599096832503441,0.034,0.006,1,PLA2G15
2.6370341441235665e-4,1.002622891678231,0.209,0.144,1,LPP
2.647959000561017e-4,0.9632406861095216,0.209,0.147,1,RDX
2.677240004269312e-4,2.4892963656317857,0.032,0.005,1,PINLYP
2.6986206055585845e-4,-0.7818379356312466,0.045,0.09,1,TNFRSF1A
2.707879314968453e-4,-0.8672269740741672,0.047,0.093,1,FAM104B
2.715329106373518e-4,-0.7643882885084953,0.104,0.168,1,IARS
2.716025744500924e-4,-0.3170478364958153,0.244,0.341,1,KHSRP
2.7287736506981263e-4,2.70409827082866,0.043,0.011,1,HIST2H2BC
2.731720621600844e-4,-0.6940175928530643,0.078,0.135,1,HEATR3
2.741782398104671e-4,-0.48656586187094875,0.096,0.159,1,ERVK3-1
2.7475004799660293e-4,-1.6345316243975638,0.007,0.03,1,QPRT
2.752717235898644e-4,-0.6121538010624619,0.14,0.212,1,IBTK
2.7578870902201727e-4,-3.8009531310274465,0.004,0.022,1,IL32
2.768673906631534e-4,1.6019520195108383,0.111,0.061,1,PPP1R18
2.787583668861945e-4,0.6597142629158191,0.345,0.28,1,ANKRD36C
2.794671556888088e-4,-0.12108780065613889,0.074,0.131,1,APMAP
2.795256515127737e-4,-0.8065296431567945,0.078,0.133,1,NUP205
2.8265274126899924e-4,1.9683583332268428,0.048,0.014,1,MAFB
2.82714054027716e-4,1.9565958537136066,0.061,0.022,1,PDK1
2.8322960810396873e-4,-0.27251152409927093,0.182,0.269,1,ATP6V0E1
2.8693535626568204e-4,-0.7150826727736239,0.15,0.223,1,GNPTAB
2.8844113289790304e-4,-2.377872273880018,0.004,0.022,1,C9orf43
2.9077810540244643e-4,-0.4449190874621445,0.101,0.165,1,NKG7
2.9218993751089296e-4,-0.3373812768612161,0.093,0.155,1,BEX4
2.923416360466788e-4,-1.9766148642429089,0.004,0.022,1,C5AR1
2.939054289882313e-4,1.1668250023388607,0.137,0.082,1,CD300LF
2.946487420438467e-4,2.1844988794296225,0.058,0.021,1,RNVU1-3
2.949693617241445e-4,-1.3490972140099018,0.004,0.022,1,NBPF13P
2.9554681117524453e-4,-0.3631821579434759,0.168,0.247,1,ARL5A
2.956297412965007e-4,-1.9272509481967948,0.004,0.022,1,ERCC6L
2.956353831610144e-4,2.445373345833343,0.058,0.021,1,FTCDNL1
2.9629150547562063e-4,-1.3346818972953738,0.004,0.022,1,CTAGE11P
2.966169639651046e-4,-0.39698931228533674,0.113,0.179,1,STAU2
2.9747399854182754e-4,-0.3214196638496826,0.255,0.351,1,PDCD4
2.996665562658996e-4,2.0878334642408216,0.062,0.024,1,PLA2G4A
3.0012508669446974e-4,1.095832571490346,0.154,0.096,1,PPTC7
3.024497673346425e-4,2.1780379289862437,0.043,0.011,1,CATSPER1
3.025659372930257e-4,1.5321725344618997,0.07,0.029,1,DOK3
3.0449578880494796e-4,-0.1744728890556312,0.163,0.245,1,TSN
3.0908992467379665e-4,-0.6023521901060196,0.157,0.232,1,PFDN4
3.1047560094398e-4,-0.7140587932656044,0.043,0.087,1,E2F4
3.142210922180688e-4,-0.4524517953675311,0.066,0.119,1,MYO18A
3.147470094987185e-4,-0.43336780172103695,0.077,0.133,1,COA1
3.149687547715338e-4,-2.1301960550008503,0.01,0.035,1,POTEF
3.1548917957996105e-4,-0.639353619531281,0.104,0.167,1,ARPP19
3.157878394579138e-4,-0.4948781949213134,0.141,0.213,1,RNMT
3.216928719725243e-4,5.473099886907284,0.02,0,1,NEK8
3.217758839355073e-4,-1.5951037393952605,0.009,0.034,1,ATP8B2
3.218255857704145e-4,-2.3678676351294183,0.011,0.037,1,LAMP5
3.2422840332650373e-4,-1.5055967056935273,0.02,0.051,1,TM9SF1
3.246013444463653e-4,-1.8692362054009126,0.013,0.04,1,SYNE2
3.2474112153705085e-4,-0.49475782014149283,0.022,0.056,1,YRDC
3.2511043703307334e-4,4.320886388270711,0.024,0.002,1,SPIN3
3.251290341375457e-4,-0.8633962543378773,0.029,0.066,1,MTHFR
3.2596566014484195e-4,1.3624934328476743,0.141,0.087,1,SLC39A6
3.260912188375759e-4,-0.2646061707285664,0.17,0.255,1,NUDT21
3.277278426050652e-4,-0.550694273563707,0.074,0.128,1,BUB1B
3.281868197094979e-4,-0.43322958709438486,0.21,0.296,1,ADSS
3.289678814097262e-4,-3.036158137523998,0.002,0.018,1,NPIPA1
3.3068899281149143e-4,-2.719265867256625,0.002,0.018,1,DHRS3
3.3086257797651953e-4,-1.202885173337918,0.019,0.05,1,U2AF1L4
3.3115344514822703e-4,-0.44181161617150844,0.247,0.34,1,HNRNPF
3.314096762358302e-4,-1.0365106326329436,0.028,0.064,1,IL27RA
3.3712894600057655e-4,-0.27340398963658574,0.391,0.5,1,SSBP1
3.376580544955839e-4,-1.9062113829085838,0.002,0.018,1,ZNF300
3.3825812162646376e-4,0.8983707303535637,0.188,0.127,1,YTHDF3
3.3837856618249316e-4,-0.7475265017259771,0.065,0.117,1,LEO1
3.3906519189346937e-4,-0.15277644847873983,0.272,0.375,1,TOPBP1
3.395299863788407e-4,1.7754111308297649,0.075,0.034,1,HIST1H3D
3.3969216807598206e-4,3.0807372873982835,0.031,0.005,1,IFITM3
3.397201702091548e-4,-0.3538207571956764,0.067,0.12,1,MLF2
3.419604304827491e-4,0.7399410641175345,0.265,0.202,1,PSTPIP2
3.4428428496226395e-4,0.6554573437971559,0.244,0.179,1,MBTPS1
3.450640341259167e-4,2.1916244675114482,0.06,0.022,1,COMTD1
3.489081144092646e-4,1.089935289654433,0.152,0.095,1,KLHL15
3.492334664424147e-4,-1.2035217775993763,0.017,0.046,1,F8A1
3.542404525066831e-4,-1.291002150782071,0.012,0.038,1,HNRNPCL1
3.568424342975718e-4,-0.24113515415783704,0.769,0.851,1,MT-ND4L
3.6045590508395784e-4,-0.3087212791898908,0.111,0.178,1,ARIH1
3.613322030111155e-4,0.18047341271678619,0.863,0.867,1,OAZ1
3.629067412714036e-4,2.7874394251855867,0.042,0.011,1,APTR
3.655332173337954e-4,-1.2027458502630672,0.015,0.043,1,SP4
3.655332173337954e-4,-1.2052770734603473,0.015,0.043,1,TMSB15B
3.710255476088804e-4,-0.3919071603718179,0.236,0.324,1,LRPPRC
3.7126443773895956e-4,1.342305119982682,0.14,0.087,1,SLC22A15
3.7307200959079334e-4,-1.1892036404466317,0.013,0.04,1,RTL6
3.7368739934076243e-4,-0.5347095972374372,0.036,0.077,1,SRGAP2D
3.737754764004094e-4,-0.21003092439828627,0.189,0.276,1,ETS2
3.7510877659603664e-4,-1.1017017916947633,0.015,0.043,1,SH3TC1
3.785408205948538e-4,-0.22469526374724313,0.189,0.277,1,DGKD
3.817133582237689e-4,-0.7527233829104911,0.069,0.12,1,NUDT16
3.8238122798090124e-4,-0.5479404721496961,0.089,0.147,1,MFSD6
3.826770415111854e-4,1.3249303787384799,0.116,0.066,1,EXOC7
3.8383540864715937e-4,-0.9538250435326407,0.027,0.062,1,DPH5
3.8438323889186405e-4,-0.47609985314335845,0.201,0.285,1,NDUFAB1
3.856683898041325e-4,-0.4575016009991353,0.107,0.171,1,NDUFS3
3.8595026928584463e-4,-0.4298745364538241,0.103,0.165,1,AGO2
3.865957157854501e-4,-0.1689740625610713,0.221,0.312,1,PSMB6
3.869486214145391e-4,0.8344589049486615,0.271,0.213,1,DPP7
3.878900439639913e-4,-0.23834185718020184,0.415,0.532,1,USP48
3.934880721568693e-4,2.1380095817234146,0.034,0.006,1,BAK1
3.935422177653581e-4,0.5150572378422843,0.167,0.104,1,EXOC6
3.94560841636926e-4,0.5912972261973417,0.089,0.043,1,ZFAND3
3.9591163091866934e-4,-0.760969331273704,0.065,0.115,1,ITPK1
3.9770830258161773e-4,-0.4512873666925432,0.113,0.178,1,MCUR1
3.978623799610305e-4,2.3100457718895604,0.039,0.01,1,C8orf44
3.9905091537535686e-4,-0.5326595197242752,0.075,0.13,1,UROS
3.990561497264581e-4,1.1014744489477653,0.09,0.045,1,OTUD1
3.9910058805075284e-4,-0.8140422428380159,0.086,0.141,1,WDR75
4.061503996613154e-4,-0.35537476329411993,0.338,0.439,1,GPM6A
4.0661078125920464e-4,-0.4803264793280201,0.141,0.21,1,NOP14
4.076323252122403e-4,-0.9565465984583841,0.013,0.04,1,LINC01814
4.0952357209347005e-4,0.7783744382944362,0.122,0.069,1,KAT7
4.120119385447245e-4,-0.5163065940699454,0.054,0.101,1,TCF20
4.131823191800841e-4,-1.1701396682262524,0.023,0.056,1,RUNX3
4.1434714857630845e-4,-0.5447431179563949,0.09,0.149,1,GSK3B
4.1435796234003515e-4,-0.9224573786211052,0.052,0.098,1,THAP5
4.153482641281332e-4,-0.276769977115372,0.699,0.761,1,TXN
4.1717328472250546e-4,0.15878531906778193,1,1,1,LYZ
4.17597693316619e-4,0.856888517745334,0.173,0.115,1,SATB1
4.1931832658400855e-4,-0.4751905412662162,0.167,0.24,1,CDK5RAP2
4.213917424986684e-4,-0.8832416133839791,0.081,0.136,1,SPAG5
4.222211318449622e-4,-0.2734780890537081,0.345,0.449,1,KHDRBS1
4.228331061216169e-4,0.4691742418065985,0.53,0.51,1,MSN
4.232980297872962e-4,-0.3180220669275781,0.188,0.272,1,MED30
4.277104664173796e-4,-0.16184015323963985,0.029,0.066,1,HENMT1
4.33581379423304e-4,-0.4310245291554293,0.082,0.138,1,CAAP1
4.336738012813918e-4,1.5449845971257994,0.086,0.042,1,EFCAB13
4.342921051875748e-4,-0.8236275717550177,0.057,0.104,1,ICMT
4.3459603671856426e-4,-0.39921155585242674,0.11,0.175,1,ASNSD1
4.356447014425995e-4,1.162276506707183,0.139,0.085,1,PEA15
4.364487494548439e-4,1.0022763851207135,0.128,0.075,1,IDE
4.4238037182936746e-4,5.705785811971321,0.02,0,1,MYCBPAP
4.4238037182936746e-4,5.283659402938837,0.02,0,1,PPM1M
4.434212646580763e-4,-1.6882306041731496,0.006,0.026,1,CDPF1
4.4348965736615027e-4,-0.8056849114808071,0.025,0.059,1,VIM-AS1
0.00044654634192836093,-0.19773092242962342,0.236,0.332,1,TES
4.476743268459541e-4,-0.28840265335611487,0.219,0.309,1,BCCIP
4.4793202454895744e-4,1.1961826813290954,0.129,0.077,1,MR1
4.5515605481101165e-4,-0.3559150808675777,0.096,0.157,1,TERF1
4.5627842745773095e-4,-0.5987358719572855,0.039,0.08,1,DNAJC17
4.5929060875527384e-4,-0.8004824958369887,0.06,0.107,1,SLC7A1
4.603535116822571e-4,-3.688649669291337,0.001,0.014,1,CTSW
4.603535116822571e-4,-4.570957128450294,0.001,0.014,1,ZNF723
4.611215879725584e-4,3.231115692536891,0.03,0.005,1,TCN2
4.630381671098838e-4,-3.63007695375547,0.001,0.014,1,CBFA2T3
4.633616735955003e-4,0.307279585516093,0.617,0.607,1,ARGLU1
4.6353010107476377e-4,-0.31198025612019253,0.206,0.29,1,PAFAH1B1
4.6438596600543617e-4,-3.5218429492396144,0.001,0.014,1,CBX2
4.6438596600543617e-4,-3.182321385206884,0.001,0.014,1,SPIN2B
4.6573742448629304e-4,-3.093092744558665,0.001,0.014,1,GLT1D1
4.6573742448629304e-4,-3.2551472119164684,0.001,0.014,1,GZMK
4.6573742448629304e-4,-3.0735929544187996,0.001,0.014,1,SMOX
4.670219111895377e-4,-0.14896151200316687,0.92,0.952,1,RPL3
4.7109821087689985e-4,1.4784564367966988,0.049,0.016,1,KIAA0907
4.714334248840636e-4,-1.490147965566881,0.021,0.053,1,RRP7BP
4.7500239095929356e-4,-0.7531821410625481,0.032,0.069,1,GSTCD
4.7749905159513516e-4,-0.39443293139178093,0.083,0.139,1,SLC2A4
4.7784484570825267e-4,-0.3192014144053983,0.344,0.444,1,TMEM167A
4.7792438910434614e-4,-1.406515201793629,0.021,0.053,1,TLNRD1
4.780024056871892e-4,-0.5274766967638811,0.057,0.104,1,GGPS1
4.818018829092702e-4,0.6804591133310943,0.27,0.205,1,ATM
4.8267451408701086e-4,-0.5935157416932705,0.1,0.16,1,CHD6
4.8332251836683427e-4,1.021994681227599,0.145,0.09,1,TMEM38B
4.838132189549178e-4,-1.3517270407310975,0.034,0.071,1,ZNF331
4.850259576423735e-4,1.0971739823298552,0.23,0.175,1,UPF3A
4.855700326121208e-4,-0.9215986780525642,0.041,0.082,1,IMP3
4.8620862269589454e-4,1.2063254211787398,0.114,0.064,1,H6PD
4.872067119520207e-4,-0.7624816940138204,0.024,0.058,1,NEUROD1
4.893319357264129e-4,2.0894146713675337,0.03,0.005,1,NXF3
4.89420348587638e-4,-0.3734546886531337,0.187,0.268,1,PIP4K2A
4.900434334531807e-4,-0.68730936271532,0.136,0.2,1,CDK1
4.903788609963124e-4,-2.8021871484320973,0.003,0.019,1,EPCAM
4.903788609963124e-4,-2.4295660761538898,0.003,0.019,1,PYHIN1
4.905208497570481e-4,-0.5432235414380624,0.132,0.199,1,DBET
4.915412491654109e-4,-2.5153055246071805,0.003,0.019,1,LOC729080
4.921701936640264e-4,-1.7844888080352632,0.007,0.027,1,FUNDC2P2
4.945397807290066e-4,-0.5195335371266292,0.067,0.119,1,FIS1
4.950438482640333e-4,-2.8243043716336347,0.003,0.019,1,PTK2
5.000349985326524e-4,0.7287397658655701,0.226,0.162,1,DHX29
5.029413453690873e-4,0.5254813618573893,0.493,0.454,1,PHIP
5.056917824711721e-4,-1.2173062779715123,0.003,0.019,1,SOCS2
5.07598422935478e-4,-5.210116841983361,0,0.011,1,CYP2S1
5.07598422935478e-4,-4.585740183614439,0,0.011,1,FAM30A
5.07598422935478e-4,-4.919233754441508,0,0.011,1,FRMD6
5.07598422935478e-4,-4.5147806438609805,0,0.011,1,HLA-DPB2
5.07598422935478e-4,-4.38509350674447,0,0.011,1,KIAA1324L
5.07598422935478e-4,-4.119309393172541,0,0.011,1,TCEAL2
5.07598422935478e-4,-4.667338423389778,0,0.011,1,ZNF521
5.07598422935478e-4,-4.294900075218538,0,0.011,1,ZNF667
5.144991231310328e-4,1.7996479213749796,0.065,0.027,1,TRIM7
5.14563415773204e-4,-1.0446730947842249,0.029,0.064,1,DLEU2L
5.16790645484942e-4,-0.22529117598972914,0.098,0.159,1,BICD2
5.254391202744425e-4,2.2135366573547075,0.033,0.006,1,KCTD15
5.277910309610521e-4,1.5079095894325512,0.08,0.038,1,PABPC1L
5.298144540459229e-4,-0.3403624782517245,0.128,0.196,1,CNOT8
5.326832169428145e-4,1.841646075754551,0.038,0.01,1,CAVIN3
5.33385841997272e-4,-0.40969242553723606,0.092,0.151,1,POP4
5.354029145211619e-4,-0.6083862496739416,0.074,0.125,1,PRPF4
5.36015585049701e-4,0.8353926361142482,0.26,0.2,1,BRWD1
5.371863279345731e-4,-0.33514292420318337,0.059,0.107,1,OGFOD1
5.379700117412718e-4,-0.5290029742767222,0.069,0.12,1,DERL2
5.579467104342824e-4,0.5115680543809781,0.521,0.495,1,CREG1
5.623417666048346e-4,-0.40452192596043307,0.207,0.292,1,ASAP1
5.641286102983137e-4,-0.31430477974772,0.404,0.508,1,PRKDC
5.648541967194521e-4,0.446690754827026,0.791,0.78,1,MCL1
5.661065681064088e-4,-0.3336603413730417,0.075,0.13,1,TRABD
5.665974455454184e-4,-1.294195733621732,0.019,0.048,1,PIPSL
5.668618282441215e-4,-0.3766147670407411,0.284,0.377,1,CD55
5.691672475913507e-4,-0.9108020789439402,0.02,0.051,1,DHFR2
5.693281487805673e-4,1.4657708920101364,0.101,0.054,1,KDM4C
5.699683670375665e-4,-0.6488061607347126,0.088,0.143,1,GINS2
5.741772267774821e-4,-0.6208770138567252,0.099,0.159,1,STIM1
5.760156635622631e-4,0.6383065659460397,0.182,0.122,1,MRPS6
5.765107941896409e-4,-0.4997192226977837,0.147,0.216,1,HYOU1
5.770100703222843e-4,-0.8134007205541609,0.041,0.082,1,MTMR14
5.802219379849107e-4,-1.2230255186780905,0.027,0.061,1,PRDX2
5.802876328647284e-4,-1.8787505653618255,0.018,0.046,1,TOR2A
5.875227710986893e-4,-0.18712459574309248,0.436,0.546,1,CMTM6
5.901326211968338e-4,1.2032151850311728,0.097,0.051,1,PQLC3
5.921489527648009e-4,-0.5547643900903909,0.106,0.167,1,RAB4A
5.941816104145193e-4,-0.7040792136272158,0.058,0.104,1,MTA2
5.95954502029501e-4,-0.3222722372684435,0.247,0.341,1,SHOC2
6.005297673977094e-4,1.0748873414168565,0.159,0.104,1,DCAF16
6.062676440114627e-4,-0.7958637890979121,0.02,0.05,1,BCR
6.086759498574322e-4,5.394305902221209,0.019,0,1,PDE6H
6.08676084706222e-4,5.341094010072851,0.019,0,1,CD276
6.143985384292892e-4,4.494300706253771,0.022,0.002,1,KANK1
6.155123513546451e-4,4.289856390189682,0.022,0.002,1,MS4A14
6.188965817252223e-4,-0.28003731482308075,0.177,0.258,1,KATNBL1
6.214367977220364e-4,-0.23698064009716147,0.628,0.721,1,CAPZA1
6.233618060683384e-4,3.7900648095962164,0.022,0.002,1,SPAG17
6.257074188449489e-4,-2.1760002522403483,0.015,0.042,1,DUSP2
6.261439083899454e-4,-0.18556599904911353,0.415,0.54,1,CYBA
6.266297894091509e-4,-0.357390511369902,0.177,0.252,1,CORO1A
6.278195805364965e-4,-3.614446007510825,0.004,0.021,1,F2R
6.281506707853172e-4,0.7349419446994272,0.217,0.159,1,SP1
6.297137140561049e-4,-0.23834119972057977,0.557,0.654,1,CHCHD2
6.298620448950717e-4,-0.7745524067593086,0.075,0.127,1,LRRC8C
6.319932108326446e-4,-1.3794520281236098,0.009,0.032,1,CTTNBP2NL
6.361123857616106e-4,-2.5810740252309956,0.004,0.021,1,GIMAP7
6.376973738946555e-4,-0.6602164456826491,0.044,0.085,1,PPP2R1A
6.382966953915713e-4,-0.2800353835371298,0.183,0.264,1,CEBPG
6.402267196784896e-4,1.2535910977446956,0.174,0.12,1,FOSL2
6.417280145090818e-4,-0.21574276401360593,0.125,0.192,1,NUP58
6.419342496467141e-4,1.7799439482041954,0.046,0.014,1,ORAI3
6.425812421426322e-4,-0.4068175093127273,0.061,0.111,1,CENPQ
6.435244088833121e-4,-0.8737777438943903,0.049,0.093,1,MIS12
6.435803366853018e-4,-1.5428981533898098,0.009,0.032,1,MFSD5
6.4450699122151e-4,-2.4561211020529483,0.004,0.021,1,CMPK2
6.489122648318098e-4,-1.2023334825313996,0.009,0.032,1,SCN2A
6.493991173013103e-4,-1.4612049558508602,0.01,0.034,1,BTF3P11
6.494149042302455e-4,2.8862652719162827,0.029,0.005,1,SH3D19
6.50543745033016e-4,-0.2454981498928155,0.072,0.123,1,FAM103A1
6.515465637306687e-4,-0.3033516228232045,0.287,0.378,1,RAP1A
6.516153408801079e-4,0.6887487766727617,0.211,0.151,1,UBR4
6.519381025907497e-4,-1.623218542839961,0.011,0.035,1,NRF1
6.55860128585364e-4,-2.420193249588414,0.004,0.021,1,ECHDC3
6.560674108949437e-4,-0.3560957974637544,0.065,0.114,1,MCM8
6.562772852221493e-4,-0.21845727894496553,0.221,0.309,1,TMEM183A
6.567758812091813e-4,-0.31847315742255766,0.084,0.139,1,PAGR1
6.577031571618403e-4,-0.6279295288470863,0.048,0.091,1,SLC40A1
6.605666476412873e-4,-0.9948997145901224,0.025,0.058,1,PDP1
6.640203948855666e-4,-1.4994668179187425,0.012,0.037,1,SLC9A7
6.644967257531402e-4,-1.8227440646650566,0.004,0.021,1,FGF14-AS2
6.651762678566375e-4,-1.497143620116764,0.013,0.038,1,PKN3
6.677916856289789e-4,1.986251888117026,0.074,0.034,1,BIRC3
6.700709725639954e-4,-1.3550715262255992,0.013,0.038,1,CROT
6.701173967552937e-4,-1.308419325899318,0.015,0.042,1,CENPO
6.71479705428806e-4,-0.9118285749284563,0.026,0.059,1,SRSF8
6.74103206471629e-4,-1.1119360584563691,0.031,0.066,1,INO80C
6.747063666596401e-4,-1.111857838140879,0.004,0.021,1,LINC01572
6.74880078217368e-4,-0.2878491274228252,0.593,0.692,1,MTDH
6.759888160168262e-4,-1.2715453960236411,0.013,0.038,1,TXNRD2
6.772340313797483e-4,1.0436713382927323,0.169,0.114,1,CPEB4
6.794930975569139e-4,-0.30701117295156943,0.135,0.205,1,ARSA
6.818791416901464e-4,-0.8674419607312753,0.033,0.069,1,SAAL1
6.832449694265779e-4,-0.3162064586920297,0.295,0.388,1,CCT8
6.847729036856012e-4,-0.6634212016476351,0.016,0.043,1,RPL13P5
6.863602717381372e-4,-0.5515317847091672,0.126,0.191,1,IMPDH2
6.870940306618602e-4,-0.6602289589763908,0.064,0.112,1,CYB5R3
6.875347992895292e-4,-0.5597778097366832,0.158,0.229,1,PRDX4
6.883628903689209e-4,-0.8239216062314738,0.026,0.059,1,RPP40
6.890722816528948e-4,-0.9600108433351218,0.015,0.042,1,ADARB1
6.901251537213163e-4,1.3641116140426277,0.1,0.054,1,SLC25A40
7.021876269630963e-4,-0.8057232815173299,0.043,0.083,1,THRB
7.030124139335583e-4,1.1637781268657446,0.13,0.08,1,DRAM2
7.047509750551993e-4,-0.8702155806099023,0.036,0.074,1,TXNDC15
7.076319023696363e-4,0.7639404788946975,0.196,0.136,1,CCDC88C
7.113335804941732e-4,-0.5869776524209054,0.061,0.107,1,MRPS9
7.115309097798379e-4,-0.9749751253747259,0.032,0.067,1,NUP188
7.167968635163213e-4,1.4997994228219298,0.094,0.05,1,LRG1
7.179772657055735e-4,-0.5346666513571428,0.088,0.144,1,PGP
7.19519627988318e-4,-0.6886093538902363,0.042,0.082,1,EFNA5
7.205216610574881e-4,-0.5245551514991015,0.155,0.223,1,LPGAT1
7.210285277885274e-4,0.7522308967825853,0.275,0.215,1,APBB1IP
7.233592871122684e-4,-0.7225394863176344,0.012,0.037,1,SLC35D1
7.252829855536962e-4,-0.7630680957499987,0.011,0.035,1,GRPEL2
7.280409597425262e-4,-0.5999696429647261,0.025,0.058,1,SDAD1P1
7.303079762912934e-4,2.110669379164854,0.052,0.019,1,FASTKD5
7.362440211041068e-4,0.7492798447109338,0.2,0.141,1,MORC3
7.366992727348966e-4,0.5644519232714799,0.408,0.361,1,PRR13
7.384094058943332e-4,-0.2976449649451671,0.412,0.524,1,HNRNPH3
7.396091792949216e-4,-0.5075391094891579,0.088,0.144,1,CSF2RA
7.487979984020042e-4,1.5803601062146098,0.101,0.056,1,C11orf21
7.488081047185261e-4,3.5506404969293905,0.025,0.003,1,C1orf106
7.516127004986805e-4,2.0032504600055914,0.07,0.032,1,CHRNB1
7.520129448611205e-4,-0.27623647262347495,0.067,0.117,1,ATAD3C
7.536088854025602e-4,-0.28110269262439325,0.395,0.498,1,TCEA1
7.582949549285986e-4,0.7784104405424741,0.239,0.181,1,RBM22
7.698878257384285e-4,0.3915283031953759,0.378,0.308,1,NKTR
7.709111797637517e-4,-0.6767442345693282,0.032,0.067,1,GRAMD4
7.740215243258894e-4,-1.330344008731585,0.022,0.053,1,ZNF75A
7.773590785531119e-4,-0.5170631625443245,0.052,0.096,1,GTSE1
7.773906553782923e-4,1.9396592640383084,0.057,0.022,1,NINJ1
7.830488674627191e-4,-0.4145559092278366,0.152,0.224,1,RAP2B
7.840709766937554e-4,-2.9843265154140886,0.002,0.016,1,TNFRSF21
7.860805325239546e-4,-3.455031556846337,0.002,0.016,1,KLRK1
7.860805325239546e-4,-2.941256964151232,0.002,0.016,1,MAGI2-AS3
7.860805325239546e-4,-3.0853605864137457,0.002,0.016,1,ZNF702P
7.865220679825247e-4,2.2420543854338413,0.049,0.018,1,HIST1H2AD
7.891507188567493e-4,-0.4293894196655321,0.039,0.079,1,PRKACA
7.916179052348386e-4,-0.511513373565804,0.076,0.128,1,CDC6
7.941666569944788e-4,-3.1228057690514213,0.002,0.016,1,EMILIN1
7.941666569944788e-4,-2.5763942536436844,0.002,0.016,1,MCOLN2
7.958737593196147e-4,-0.6014792514617988,0.079,0.131,1,ABHD5
7.973107294130615e-4,-0.23571614993988688,0.28,0.377,1,UBE2K
8.002818376868144e-4,-2.372957062377157,0.002,0.016,1,MOK
8.088941157971717e-4,-0.29982774507347587,0.043,0.083,1,TTC32
8.095633367069869e-4,-1.96109640989168,0.005,0.022,1,LINC00665
8.11308317774986e-4,0.6852076724751573,0.198,0.138,1,PPP2R5A
8.119856627054888e-4,0.5805544414267052,0.384,0.335,1,VSIR
8.197049654207184e-4,-0.31932044520664404,0.088,0.144,1,CRELD2
8.22298968075837e-4,2.234925535666638,0.054,0.021,1,EFHC1
8.2552017628562e-4,1.5184112668154095,0.115,0.069,1,DIP2A
8.312125486427555e-4,-0.26898432228072255,0.182,0.261,1,RAB3D
8.314378197727622e-4,-0.30042609664013264,0.209,0.288,1,PLSCR1
8.349171858314162e-4,-0.5107243846977245,0.051,0.095,1,NBPF10
8.3740872467757e-4,-0.3715870546231258,0.119,0.183,1,TCOF1
8.380092285000556e-4,5.344947493041529,0.018,0,1,MIR616
8.380092285000556e-4,5.546597737575583,0.018,0,1,NDST3
8.402038209434482e-4,-0.2955580770837712,0.188,0.266,1,NOLC1
8.404769320774946e-4,0.5082965564076303,0.277,0.215,1,TRPM7
8.40616138405869e-4,3.438568750071512,0.028,0.005,1,KCNMB3
8.435555192863271e-4,-0.2813694482782616,0.351,0.457,1,CLTA
8.515273927396104e-4,-0.3379613579955084,0.38,0.476,1,TMX4
8.555863774962317e-4,-0.49160628445181365,0.065,0.114,1,AP1AR
8.577575081802996e-4,-0.6809194217536989,0.066,0.114,1,HPS5
8.592495851764542e-4,-0.3485820534726176,0.058,0.104,1,AMFR
8.62780546387514e-4,-0.6664231043301054,0.03,0.064,1,AP4E1
8.684635542564533e-4,2.0897063209922293,0.042,0.013,1,TP53I3
8.691832116961872e-4,-0.5995743859697882,0.041,0.08,1,BIN3
8.763782832898181e-4,-1.1755014392007994,0.028,0.061,1,GTF3C4
8.772651276380148e-4,-0.39839876908966154,0.102,0.162,1,PHACTR4
8.774023163202778e-4,0.7716286717061264,0.232,0.176,1,SLC36A4
8.842486757545545e-4,0.47518360056646713,0.464,0.431,1,SEC11A
8.891693485623634e-4,1.4557135574288322,0.024,0.056,1,JCHAIN
8.899103336546773e-4,0.6350378368130953,0.236,0.175,1,GGA2
8.957136537064201e-4,-0.35951012719441966,0.129,0.196,1,MAZ
8.964699613730407e-4,2.81975486944496,0.031,0.006,1,KANK2
9.007295588568774e-4,0.849640761026899,0.199,0.144,1,PYGL
9.008100453683216e-4,-0.2557891760630561,0.322,0.42,1,EPRS
9.043252209529383e-4,3.0068600555376417,0.031,0.006,1,CD200R1
9.132159700626787e-4,-0.24579460355820246,0.193,0.276,1,SMDT1
9.170692821184352e-4,-0.658821304207869,0.069,0.117,1,NPM3
9.187582383472456e-4,-0.4146056957712576,0.079,0.131,1,MTHFD2L
9.216357563308642e-4,-1.3096078368786932,0.027,0.059,1,CCNF
9.267538527618854e-4,-0.40433116578227835,0.064,0.112,1,DUS1L
9.279635780881254e-4,0.8472490774754811,0.22,0.163,1,STAMBP
9.29213996130268e-4,-0.3801847699976264,0.054,0.098,1,SH3BP5
9.306104046056563e-4,-2.026490530784101,0.006,0.024,1,LOC643802
9.311214675663233e-4,-0.4698281178034721,0.137,0.202,1,VRK2
9.314594164353988e-4,-0.2268828040743064,0.399,0.503,1,NDUFA6
9.316245279042376e-4,-0.12700265132855026,0.97,0.973,1,RPL30
9.345432726991654e-4,-0.5534560401104616,0.091,0.147,1,ATR
9.381972053498565e-4,-0.9232838380624666,0.028,0.061,1,FAM135A
9.394909529234731e-4,2.1884475627469544,0.056,0.022,1,CALML4
9.437986765356421e-4,-0.31504721194161256,0.077,0.13,1,RASSF5
9.492901711672389e-4,-0.26754900369449375,0.279,0.38,1,DNAJB6
9.504253871232709e-4,-1.049342121085517,0.02,0.048,1,SLC22A16
9.537170053573578e-4,-0.3197202481532153,0.125,0.191,1,NMT1
9.540629077940452e-4,-1.4813868191758761,0.006,0.024,1,RAC3
9.551185498160899e-4,1.46625250027032,0.088,0.046,1,IKZF5
9.558894340192376e-4,-1.3318266901781968,0.006,0.024,1,RPS4Y2
9.592734960399002e-4,1.8194848927977691,0.061,0.026,1,LOC643072
9.635784288199497e-4,0.7183996120924352,0.307,0.258,1,ORMDL1
9.667018824263174e-4,2.0251622333322143,0.031,0.006,1,SESN2
9.677452492816965e-4,-0.5276215880155526,0.022,0.053,1,SNORD42A
9.84245081632174e-4,0.7633135629986365,0.286,0.229,1,SSFA2
9.863591115739374e-4,-1.122951273826553,0.02,0.048,1,TYMSOS
9.9016725248322e-4,0.8751775140423524,0.161,0.107,1,IST1
9.929657032110267e-4,-0.7817271813483,0.02,0.05,1,PHC1
9.95484881723386e-4,-0.4102321581588504,0.112,0.171,1,CS
9.95646317296354e-4,-0.42821815130619134,0.162,0.232,1,DENND4A
9.979452227720084e-4,-0.281347338211494,0.221,0.306,1,DDX24
0.0010009644670560091,-0.32230467660159867,0.065,0.112,1,GSDMD
0.0010198892575859584,-0.39355666678972456,0.046,0.087,1,SMIM12
0.0010288753290884232,-0.3723037946674034,0.182,0.256,1,PARP14
0.0010302576363751016,1.693214810110494,0.067,0.03,1,CCNG2
0.001034782437547677,-0.18572662547056917,0.531,0.636,1,TOMM7
0.0010386132838957486,3.2836503666587835,0.024,0.003,1,OLIG1
0.0010411486916762427,-0.6201986680380456,0.043,0.082,1,BMPR2
0.001041468777600743,-0.683854774680615,0.053,0.096,1,XYLT1
0.0010489397878534108,3.002120654222954,0.024,0.003,1,LOC101928433
0.0010490557790025785,-0.7976864614747545,0.02,0.048,1,TSEN54
0.0010497705605634123,0.9356142693932765,0.152,0.099,1,NMD3
0.0010505630548998987,-1.8610197066295795,0.007,0.026,1,CXCR2P1
0.0010509845508199715,-0.25783249693927346,0.276,0.367,1,BAZ1B
0.0010522699114100355,0.6643669815232566,0.318,0.264,1,OS9
0.001052708865200575,-0.5651217284543881,0.061,0.107,1,DDX23
0.0010593612202900297,2.4274518609207574,0.024,0.003,1,FKBP9
0.0010601411002840017,-1.5468129211646913,0.007,0.026,1,PTPRCAP
0.0010651213628507343,-0.15275520150348798,0.328,0.446,1,NDUFB11
0.0010659266397992993,-1.6932649877756005,0.007,0.026,1,COL8A2
0.0010693705160746533,-0.29185481017915826,0.11,0.171,1,CENPX
0.0010738643224587924,-0.41916460863025673,0.057,0.101,1,C19orf38
0.001077279569153979,-0.42711463645122727,0.045,0.085,1,ZNF429
0.0010784752939675462,-0.451900640224979,0.089,0.143,1,EBPL
0.0010814120084664377,0.8500269755556877,0.189,0.131,1,ZNF655
0.0010839242026139762,-0.3866782565123086,0.028,0.061,1,LINC02001
0.0010863678568437014,-0.7641690351569554,0.032,0.066,1,USP13
0.001094688755868354,-0.2537540231372901,0.075,0.127,1,PITPNA
0.0010954257604428113,-0.41180973879849736,0.08,0.131,1,KIF13B
0.0010974866017783116,-1.650198569948076,0.007,0.027,1,ARMCX1
0.0010976713431210046,2.2207976556781905,0.041,0.013,1,FAM160A2
0.0011021442010437754,-0.7726134684946622,0.088,0.139,1,PDE3B
0.0011070324007160608,-0.3115314526885488,0.209,0.288,1,ZCRB1
0.0011076776141386614,-0.7984921320009191,0.048,0.09,1,SNRNP40
0.0011082598075770585,-3.0775653752338306,0.003,0.018,1,LOC341056
0.0011109058483189157,-2.0183617792208346,0.007,0.027,1,VASH1
0.0011112478387335337,1.4371564847879865,0.069,0.032,1,ATF3
0.0011145228203932754,-0.4024054285661165,0.073,0.122,1,MRPS7
0.0011148363492736893,-1.1137047190924059,0.031,0.064,1,DTD2
0.0011215396149489509,1.5246139194586807,0.058,0.024,1,ZNF512
0.0011226295936424772,0.4104864273821962,0.318,0.258,1,ASH1L
0.0011289331572805678,-2.5090693041941714,0.003,0.018,1,PTTG2
0.001134156906689295,-1.8765137700603312,0.003,0.018,1,HPS6
0.0011367771522556999,-2.5719461063232822,0.003,0.018,1,ANG
0.0011392988602925292,-0.29397854127750156,0.102,0.16,1,EIF2B3
0.0011398594477308411,-0.8334908627357236,0.018,0.045,1,LRRC8B
0.0011428826093092877,-1.1503364759364856,0.024,0.054,1,ZNF320
0.0011438463530786406,-0.4825999940946375,0.093,0.147,1,ERCC6L2
0.0011440994498046046,-3.5982671134534048,0.001,0.013,1,ACKR3
0.0011440994498046046,-3.7630564325303375,0.001,0.013,1,IKZF2
0.001147389944220658,-3.758969117386078,0.001,0.013,1,SNORD3C
0.0011499458872507513,-0.6109262190270082,0.028,0.061,1,SAMD1
0.0011499625211801204,-2.0090165405214426,0.003,0.018,1,ZNF667-AS1
0.0011506891840273056,-3.0837720063647325,0.001,0.013,1,LOC100506472
0.0011506891840273056,-3.264283947706014,0.001,0.013,1,LOC101928101
0.0011506891840273056,-3.6119181315030904,0.001,0.013,1,MAP9
0.0011539971902636602,-3.40684100530604,0.001,0.013,1,C1QTNF4
0.0011539971902636602,-3.02963097457107,0.001,0.013,1,PRAG1
0.0011542245738142367,-1.0390172954058858,0.025,0.056,1,TCTN3
0.0011545827608175879,5.078438405493625,0.017,0,1,LOC101928307
0.0011545827608175879,5.168316318242214,0.017,0,1,LOC102724094
0.001157026157945721,3.075582896242093,0.027,0.005,1,LOC202181
0.0011573139840130385,-2.7945809433035027,0.001,0.013,1,SLC28A3
0.0011573139840130385,-3.4759654367763435,0.001,0.013,1,ZEB1
0.0011604649344267323,4.433028579193341,0.02,0.002,1,APOBEC3A
0.0011606395864030385,-2.605928766098553,0.001,0.013,1,PGK2
0.0011649443759116265,-0.32862731714122617,0.073,0.122,1,GPATCH4
0.0011678574590289824,0.6019135882659671,0.339,0.285,1,IFI27L2
0.0011729529408023014,-0.7136539748950215,0.032,0.066,1,ACAT2
0.001178039258498932,-0.5456574657967996,0.038,0.075,1,TMEM181
0.001178415578331516,-0.354925097712789,0.287,0.369,1,HTATSF1
0.0011791950588775893,-0.44104448764641924,0.266,0.345,1,PDE4D
0.0011830006632082442,0.9695534515469552,0.171,0.119,1,CCNG1
0.001186784610032053,2.4456055075773953,0.038,0.011,1,MVB12B
0.0011903275610752602,-0.4097799615984856,0.09,0.146,1,POLD2
0.0011905000398256997,-0.9380991597156498,0.017,0.043,1,SNORD99
0.0011914973339565886,-0.27686367354414887,0.141,0.207,1,CCDC82
0.00119409349989339,1.1968016275484366,0.062,0.027,1,MS4A4E
0.0011965263549375228,2.7470036788400973,0.02,0.002,1,NUDT18
0.001198679741833196,2.6103338264590397,0.02,0.002,1,SCHLAP1
0.0012036455727925484,2.998177830077327,0.03,0.006,1,TMEM105
0.0012039807438912373,2.032807786769695,0.027,0.005,1,C1orf50
0.0012058424102590884,-1.229382051281819,0.015,0.04,1,PHF23
0.0012091097346944846,-1.0510995334223696,0.015,0.04,1,MED19
0.0012124324508662513,-0.7028286389367919,0.092,0.144,1,NCAPH
0.0012172181010184787,-1.0670680413072047,0.014,0.038,1,LOC644762
0.0012177092811687918,-0.48277313640484,0.088,0.139,1,GID8
0.0012177569061544286,1.46824679100335,0.089,0.048,1,ICA1
0.0012250506248533842,-0.3895544476487067,0.113,0.173,1,CINP
0.0012297460047919172,-0.909418823023453,0.04,0.077,1,LRIF1
0.0012329519002403774,-0.26857813616507503,0.169,0.24,1,NIFK
0.0012379447888687522,-0.21261299381009047,0.144,0.213,1,PARL
0.0012432145082885491,-0.4532868402230643,0.057,0.101,1,VTI1B
0.0012463511006869097,-0.3917924220993467,0.052,0.095,1,TOMM40
0.0012481157294460155,-1.2806238566127095,0.009,0.03,1,FBXO21
0.0012484085469183222,-0.8160397628778902,0.036,0.072,1,SCO1
0.001254806346492699,-0.2537403335610595,0.487,0.593,1,PGK1
0.0012609820277686343,-0.24190657872315025,0.194,0.274,1,SCCPDH
0.001261873029653069,-0.3384246676694127,0.089,0.143,1,GALNT2
0.0012641880673016058,-0.2583642957768524,0.481,0.587,1,RSL1D1
0.0012648918062119587,2.055863456710526,0.035,0.01,1,RUSC2
0.0012672082484162966,-1.6898296428204809,0.009,0.03,1,ZNF35
0.0012684179093548243,-1.311963818970845,0.01,0.032,1,USP53
0.0012689320676725446,-1.20452714487655,0.013,0.037,1,CTDSPL
0.0012708930170482664,-0.2482601038935659,0.331,0.431,1,FAM111A
0.0012753586870616362,0.4860017265887625,0.186,0.13,1,KDM1B
0.0012805241786877414,1.3311297057957194,0.073,0.035,1,P2RX4
0.0012813340607470273,-0.7020792527536335,0.008,0.029,1,GBP4
0.0012814484325013732,-1.3183451270003288,0.009,0.03,1,AHCYL2
0.0012817334585748144,-0.2440985354741149,0.21,0.292,1,RAB31
0.0012864493658326008,-0.25956029872158815,0.303,0.396,1,UTRN
0.0012918158418314192,-5.131815824901258,0,0.01,1,BRCAT54
0.0012918158418314192,-4.730641903360759,0,0.01,1,CDK5R1
0.0012918158418314192,-5.603816586992616,0,0.01,1,CLEC10A
0.0012918158418314192,-5.169653594586793,0,0.01,1,CRLF2
0.0012918158418314192,-4.237291228318794,0,0.01,1,EPX
0.0012918158418314192,-4.865138345433228,0,0.01,1,GZMB
0.0012918158418314192,-5.061778268193678,0,0.01,1,HBA1
0.0012918158418314192,-4.655426021133189,0,0.01,1,IL2RB
0.0012918158418314192,-4.735010085549522,0,0.01,1,KCNMB4
0.0012918158418314192,-4.644743815308687,0,0.01,1,LCMT2
0.0012918158418314192,-4.355976637276687,0,0.01,1,LOC101926892
0.0012918158418314192,-5.305152732636855,0,0.01,1,LOC221946
0.0012918158418314192,-5.76325415622296,0,0.01,1,NLRP2
0.0012918158418314192,-4.407678101627518,0,0.01,1,NPR3
0.0012918158418314192,-5.0133603305572185,0,0.01,1,RTN1
0.0012918158418314192,-4.1078532585360605,0,0.01,1,SCML4
0.0012918158418314192,-4.82978108061676,0,0.01,1,TSPAN5
0.0012918158418314192,-4.808047382024858,0,0.01,1,TXK
0.0012956257152118662,1.8072537912732787,0.043,0.014,1,ZBTB7B
0.001296919141998739,-0.20134697236108923,0.509,0.614,1,ATP5J
0.0013017174558191487,-0.2451320949509298,0.132,0.199,1,TMA16
0.001302396011819298,-0.12788347156530988,0.061,0.107,1,CETN3
0.001318310145434665,-1.0356153820300396,0.01,0.032,1,CDH6
0.0013356135874110365,-0.7634427654030724,0.04,0.077,1,MARCH1
0.0013391843684256255,-0.5064021290730447,0.046,0.085,1,ARHGEF11
0.0013413117814562413,0.8309434344254838,0.163,0.109,1,REV3L
0.0013453236525028053,-0.6077616427685881,0.014,0.038,1,CXorf40A
0.0013472846707026987,0.40923925526317584,0.584,0.577,1,ALDOA
0.0013480789880504734,-0.5556196019195019,0.011,0.034,1,BTN3A3
0.001353582088910265,-0.6660127726236527,0.049,0.09,1,RNF149
0.0013574280976791841,-0.2044758746437476,0.147,0.213,1,SKIV2L2
0.001362562951327302,-0.281137304667624,0.378,0.476,1,ANKRD12
0.0013804379078500531,-0.5820352013179955,0.056,0.099,1,CCDC137
0.0013809370770265083,-0.3803686543155953,0.041,0.079,1,PIM2
0.0013860882811460502,1.7676150038271237,0.043,0.014,1,ECHDC2
0.0013863803026198812,-0.3088307911638748,0.068,0.115,1,DSN1
0.0013876721078402118,-1.1715123152580227,0.028,0.059,1,ZNF675
0.0013924622507300991,-0.6177071032908794,0.07,0.117,1,ZNF271P
0.0013942113882262292,1.220237242937217,0.05,0.019,1,IGSF10
0.0013980357355033684,1.0202112223427449,0.192,0.139,1,SQOR
0.0014000768188222382,-0.5293435262092274,0.07,0.117,1,ARID5B
0.0014007098364990289,0.625212628717841,0.301,0.242,1,NUB1
0.0014024032499633282,0.8724678523842204,0.183,0.131,1,BTG3
0.0014249969483543159,-0.6893552509695628,0.04,0.077,1,TGFBR2
0.001426913309325474,-2.4074978280657566,0.004,0.019,1,PRELID3A
0.0014329818040017027,-2.386836090892766,0.004,0.019,1,RPS6KA6
0.0014353230912246486,2.0641220779683236,0.04,0.013,1,ZCWPW1
0.0014402769970688787,1.9902686646262113,0.047,0.018,1,SS18L1
0.0014426512844770796,-0.6070966945828851,0.065,0.111,1,HPS3
0.0014429552397386193,-0.19626317408672977,0.12,0.183,1,CCDC12
0.0014515750029731962,-0.3667183312030129,0.079,0.13,1,TMEM259
0.0014528305483318294,0.8152074624611703,0.315,0.269,1,PGD
0.0014538821494700154,-0.9502215515070369,0.022,0.051,1,EEF1AKMT1
0.0014544090279034166,-1.9289933509425037,0.004,0.019,1,LOC101927795
0.0014544093779054375,-2.2536580978821545,0.004,0.019,1,ZNF730
0.0014567098293535375,2.867580208229637,0.023,0.003,1,EPS8
0.0014655911141091453,-0.8954099522420256,0.022,0.051,1,ASTE1
0.00146989516281503,-1.7381823036651607,0.004,0.019,1,ME3
0.001470617852718674,-0.5038969986473945,0.061,0.106,1,ZCCHC10
0.0014749368523036795,-0.23958938865382917,0.455,0.558,1,UQCR10
0.001483773566374337,-0.40575659288388755,0.06,0.103,1,ZNF639
0.0014880126764621816,-0.4590987738068333,0.058,0.101,1,ACOT9
0.0014899406076860882,1.5451453698957218,0.057,0.024,1,TMEM14A
0.0014913930630788242,-0.40289877996781864,0.128,0.189,1,SEC13
0.0014915066760158523,1.3910897308134607,0.088,0.048,1,APOBR
0.0014967347011331897,0.996605971005752,0.153,0.103,1,SNHG15
0.0014988564912695515,2.2364918108253273,0.049,0.019,1,ZNF514
0.001505928532306728,-0.46513505155533447,0.148,0.215,1,N4BP2
0.0015072554507311983,0.4804058062426978,0.507,0.482,1,GPX4
0.001507321188376346,-0.4092199741816297,0.142,0.207,1,SMNDC1
0.0015119318029211657,2.000577624239826,0.075,0.038,1,PRKY
0.0015308897925774187,1.2161616275180944,0.047,0.018,1,SPIRE1
0.0015313605850327695,0.5093202352882051,0.425,0.386,1,FUBP1
0.0015373855941789006,1.0372656519421752,0.165,0.114,1,AKIRIN2
0.0015393485231912473,-0.7812549430112878,0.074,0.12,1,WRN
0.0015434288280399943,-0.5040512392447298,0.04,0.077,1,OXNAD1
0.00155077080551188,-0.6955327019623683,0.029,0.061,1,E2F7
0.0015548668341815513,1.3749221418344386,0.059,0.026,1,SSBP3
0.0015552164984022935,0.6433103323690157,0.384,0.341,1,CRIP1
0.0015552561605000662,-0.4372758097954439,0.083,0.133,1,TMEM248
0.0015578380887983651,-1.0308317478953808,0.041,0.077,1,SLC35F6
0.0015655076514380479,-0.4517190678271832,0.088,0.139,1,CIT
0.0015666090416152514,-0.34021732175494723,0.128,0.189,1,LMO4
0.0015676213100542648,1.156121511391361,0.081,0.042,1,MARCO
0.001568041778820732,-0.2652360361070401,0.197,0.279,1,RWDD1
0.0015693463578754896,1.9791592604749932,0.045,0.016,1,PVT1
0.0015693898504176595,-0.5992373917119851,0.071,0.117,1,MRPL27
0.0015748315767857483,-0.38357588904731404,0.214,0.292,1,CENPW
0.0015799272580390973,2.0447025141646957,0.045,0.016,1,TMEM159
0.0015869387578111287,-1.0042535111261284,0.033,0.066,1,CDC20
0.0015900266118827062,-0.3378539659452624,0.041,0.079,1,PTRH2
0.001592073188381899,5.050039075480799,0.016,0,1,CD40
0.001592073188381899,5.106847368827456,0.016,0,1,KRT23
0.001592073188381899,4.7944114521394665,0.016,0,1,SPATA18
0.0015934010578672376,0.6873078238566959,0.118,0.072,1,C2orf49
0.0016024309786985668,1.6055124683971675,0.082,0.043,1,CASP10
0.0016059130338765728,-0.591368184469987,0.052,0.093,1,PSMD3
0.0016084778732280889,-0.1988115100925134,0.115,0.175,1,GLRX5
0.001609347905785063,-0.20687932441551482,0.391,0.486,1,PSME1
0.0016218842642944332,-0.5728272265881581,0.117,0.176,1,WDFY2
0.0016227559350133057,-0.4361726009334681,0.069,0.115,1,GON7
0.0016252207457123752,-0.7716128660135602,0.049,0.088,1,WIPI2
0.0016264105007089084,-0.22777440505050958,0.251,0.341,1,PBRM1
0.0016276243859571426,0.8535937346490297,0.214,0.162,1,MAFG
0.0016294455007190049,-0.8465416013896396,0.082,0.13,1,SGO1
0.001634072017435523,2.764924381050883,0.032,0.008,1,SEC31B
0.0016379136294169445,-0.1747845034093568,0.297,0.386,1,PTTG1IP
0.0016383300223543529,-0.6099810732381195,0.02,0.048,1,CIITA
0.0016413757773006275,-0.46931939652311633,0.181,0.25,1,FAM60A
0.0016436323866838303,1.1763038259887257,0.076,0.038,1,BAIAP2-AS1
0.00164469536864965,-0.8349780837822762,0.021,0.05,1,ARHGEF39
0.0016462155572196204,-0.7895819917163109,0.028,0.059,1,TLDC2
0.0016465130993666025,1.484248534569034,0.12,0.075,1,NME3
0.0016499974809282198,0.6026879958389899,0.114,0.067,1,RAB29
0.0016580455949666833,2.7692999439128854,0.042,0.014,1,PDE6G
0.0016581683125039448,0.9436146417974296,0.096,0.054,1,CXorf38
0.0016715979237922904,-0.3456936798895724,0.243,0.321,1,CTDSPL2
0.0016755323443169478,-0.40983315868915327,0.053,0.095,1,TNIP2
0.0016777077411701757,-0.4290613963511891,0.048,0.088,1,CACNA1A
0.0016811474533168622,1.4062936760812212,0.107,0.064,1,INTS6
0.0016825217360434766,-0.6446011050680385,0.055,0.096,1,CRLF3
0.0016871570422659161,-0.6066039634250466,0.029,0.061,1,VEGFB
0.0017030093571328026,-0.29982605989368927,0.101,0.155,1,ANAPC13
0.001714048147928221,0.9882331464941354,0.101,0.058,1,TOM1
0.001716721965575376,-1.5455462993503883,0.018,0.043,1,THAP9
0.0017169547151273234,1.3286103437222634,0.034,0.01,1,TMEM63A
0.0017170215973983792,-0.3893210314808744,0.064,0.109,1,PARVB
0.0017177309013321283,-0.19475204152208203,0.049,0.09,1,RRAGC
0.0017253900558137285,-1.5727285990424802,0.005,0.021,1,LINC01399
0.0017321956991999342,-0.6635291876529528,0.028,0.059,1,SLC30A1
0.0017390506608582204,-1.4157473318167924,0.005,0.021,1,SNORD50B
0.0017408765602662198,-0.6731597103535427,0.042,0.079,1,MINOS1P1
0.001743496531814037,1.3295968503508044,0.059,0.026,1,CLTCL1
0.0017470809340347584,1.5730266669886226,0.139,0.095,1,SLITRK4
0.0017480000482097266,-0.45793041314426297,0.089,0.141,1,PRPF18
0.0017575929284380856,-0.2479528949784311,0.05,0.091,1,FRG1BP
0.0017644140252321954,1.5578974650235557,0.061,0.027,1,TCTEX1D1
0.0017661376981282233,-0.34587758535423174,0.237,0.316,1,CNPY2
0.0017674014053681256,-0.26483202879749657,0.141,0.207,1,UBE2B
0.0017736384194979938,-1.5493499186882396,0.005,0.021,1,SLC7A7
0.0017772386761148798,-0.5540000640843308,0.06,0.103,1,EFNA2
0.0017823903645122175,-0.44840720799633704,0.269,0.348,1,SMU1
0.0017901887151735233,-0.41662743635430366,0.073,0.12,1,FAM76A
0.0017908593814755837,-0.7563081913242233,0.032,0.064,1,CHST2
0.001795999644382384,-0.24683981159680468,0.163,0.231,1,EMC4
0.001802263994643723,-0.6889754845986442,0.046,0.083,1,AMPD2
0.0018127154987162496,-0.5506689803117699,0.027,0.058,1,TMEM65
0.0018158493627082081,1.075687290106546,0.143,0.096,1,RBM7
0.0018167228983803957,-0.25628409823179754,0.066,0.112,1,NISCH
0.0018434510663557814,-4.093548142092649,0.002,0.014,1,HOPX
0.0018654224131091216,-0.1828861051749624,0.081,0.131,1,PHF5A
0.0018666660203595232,-3.368897594979379,0.002,0.014,1,SYT1
0.0018760262387667263,1.7626836296090085,0.071,0.035,1,C1RL
0.0018807235957635626,-2.506672644424282,0.002,0.014,1,FAM229B
0.001884464174030566,-0.13539947134639918,0.203,0.287,1,PRDX6
0.0018854310208653619,-1.9409319085969168,0.002,0.014,1,CISH
0.0018854310208653619,-2.2387475884589545,0.002,0.014,1,EGR2
0.0018901492663362391,-2.0516598612428236,0.002,0.014,1,LOC101927446
0.0018906105378602431,1.5681544996419952,0.092,0.053,1,ITGA5
0.0018947840243955922,-0.40040675127311154,0.034,0.067,1,SCML2
0.0018948783544664523,-1.595009690145913,0.002,0.014,1,KDELC1
0.0018965119828702047,-1.6839459362697897,0.015,0.038,1,MFSD11
0.0018982056352990313,-0.6249009712852425,0.054,0.095,1,TCF3
0.0018992428574048771,1.103031837429497,0.138,0.091,1,RNF114
0.0018996183075856332,-2.6779475232280783,0.002,0.014,1,LOC101927844
0.0019025512339185223,-0.4200821096181666,0.106,0.162,1,WDR45B
0.0019027097844521417,-0.7547161175279178,0.018,0.043,1,USP42
0.0019043691480628423,-2.3413375975160013,0.002,0.014,1,IGSF3
0.0019043736924993476,-0.322033960011765,0.048,0.088,1,FAM216A
0.001905276533759927,0.9637767167958957,0.099,0.056,1,VCPIP1
0.0019126814673678257,-0.26929211976978656,0.183,0.255,1,RAD51AP1
0.001922037441716411,0.6590531211109861,0.291,0.239,1,WSB1
0.0019289032026880027,-0.4398541281798829,0.078,0.127,1,CYFIP1
0.001939492880910979,-0.32963132913332704,0.098,0.152,1,CASP4
0.0019402162872513998,-0.17434937202432144,0.109,0.167,1,TOPORS
0.0019404230742754499,-1.874228164241381,0.006,0.022,1,HIST1H1A
0.0019404580696403967,1.810162447535353,0.074,0.038,1,EHD1
0.0019511801945946586,2.9620922514493144,0.022,0.003,1,SHANK1
0.0019616897383830847,-0.7706828775586141,0.036,0.071,1,NBPF12
0.0019623303574508423,2.6158266425755556,0.022,0.003,1,PRC1-AS1
0.001983052609022567,-0.13602503397687027,0.054,0.096,1,SNORD57
0.0019921602495987976,-0.2622974554166344,0.075,0.123,1,RABGAP1L
0.001994213724559827,-0.2043514768187661,0.161,0.229,1,CDC73
0.001999367902949983,0.44597170876419406,0.371,0.317,1,ARL8B
0.001999740925800304,-0.1272310279398322,0.33,0.434,1,SELENOK
0.002000406315224126,0.6379696040279597,0.128,0.08,1,ANKRD36B
0.002006638998914921,-0.35036593546032146,0.164,0.231,1,UVRAG
0.0020099051792204477,-1.252204535362885,0.006,0.022,1,HDAC2-AS2
0.0020127935603243647,-0.4387483528069296,0.111,0.167,1,MZT2A
0.00201284202104819,-0.15577134551053895,0.51,0.63,1,COX8A
0.002015387271491159,0.8605012585071701,0.091,0.051,1,PHKA2
0.00201727325863285,-0.5665791746907718,0.068,0.112,1,PSMC4
0.0020177472470218425,-0.15232692242010426,0.852,0.901,1,RPS3
0.0020231705087496374,-1.69192250449583,0.014,0.037,1,ALDH1B1
0.0020240915151541862,-0.6884719432060733,0.061,0.103,1,TIPIN
0.0020243721905346605,-0.413436797958442,0.131,0.191,1,CPSF3
0.0020359633720533317,1.9822611125145726,0.036,0.011,1,LOC153684
0.002058258970527714,0.8896044497858211,0.082,0.043,1,R3HCC1L
0.002061904280893918,-0.37608586443909264,0.358,0.452,1,GOLGB1
0.00206279805654348,-0.29199446497356374,0.349,0.439,1,CWC15
0.0020648879817529294,1.7866112816257358,0.048,0.019,1,AUH
0.0020651867862840688,1.3775853478735496,0.098,0.058,1,TSPAN32
0.002070634255970736,-0.4407143951091026,0.051,0.091,1,TMX2
0.0020778706020067486,1.95796143927346,0.048,0.019,1,FAM8A1
0.002081399924685484,1.7901893230833537,0.036,0.011,1,SRGAP2-AS1
0.0020827340302427976,0.8611977909871069,0.232,0.183,1,CELF1
0.00208725807943258,-2.106824015298712,0.007,0.024,1,LOC494141
0.002093147201351521,1.2024213664711052,0.138,0.093,1,TNPO3
0.002093165716014832,0.838882291622455,0.056,0.024,1,DLGAP4
0.002096555949735981,1.3139452188193423,0.122,0.079,1,TMEM39A
0.002096818195244436,-0.417338224581029,0.119,0.178,1,ADNP
0.002097010529209682,-0.3992887354800728,0.237,0.314,1,WTAP
0.0021047395237778254,-0.38834580892606985,0.058,0.099,1,CTDNEP1
0.0021135959181833044,-0.35092314358055576,0.089,0.141,1,STX18
0.0021140279856525766,-0.5078150933390326,0.085,0.133,1,SRGAP2
0.002122272613161795,-0.17743847043833227,0.104,0.16,1,AHCY
0.0021260423956773454,1.3965977240706255,0.064,0.03,1,C20orf194
0.0021320413807493594,0.9673446153145183,0.135,0.088,1,ATP11A
0.0021437235235228233,-0.5840169987415864,0.024,0.053,1,RP9
0.0021472740043137818,2.6633627667054123,0.025,0.005,1,CAMK1
0.0021569949077470734,2.4462313666985747,0.025,0.005,1,CCR10
0.0021722369497560448,0.7240764545109335,0.234,0.181,1,SURF4
0.0021724633449776557,-0.3974493319913749,0.136,0.199,1,GANAB
0.0021749304058093014,-0.26815155219729414,0.167,0.236,1,RSU1
0.0021770731868904275,-1.1760372679718367,0.007,0.024,1,ZNF45
0.002187773731179729,4.506867408225384,0.019,0.002,1,FKBP6
0.0021956286574093494,3.7774641254682932,0.019,0.002,1,LINC00482
0.002197447785229173,5.061310490245267,0.015,0,1,AIFM2
0.002197447785229173,4.750734225079594,0.015,0,1,C2orf15
0.002197447785229173,4.867821723195156,0.015,0,1,IL22RA2
0.002197447785229173,4.564587919748465,0.015,0,1,SNORD12B
0.002214221834961549,1.013312354852295,0.229,0.181,1,MFSD10
0.0022165960949323484,-1.088939172125388,0.014,0.037,1,CCT6P3
0.002220395080096812,-1.47293220042397,0.013,0.035,1,COA7
0.002225572238562082,-0.376803014005313,0.19,0.266,1,PSMD2
0.0022273208635633463,-0.32691219851011377,0.143,0.205,1,MYCBP
0.002227913898625728,1.2756238847276706,0.053,0.022,1,DIS3L2
0.0022298219273428907,2.3131050074858854,0.046,0.018,1,GPR27
0.0022323192718210444,2.54050069603664,0.028,0.006,1,SPRYD4
0.002238479319811898,-0.42024326907207366,0.024,0.053,1,PRNCR1
0.0022434131882005048,-0.8131494832375172,0.015,0.038,1,COPRS
0.002247321844062635,2.791280824111218,0.019,0.002,1,IQSEC2
0.002250730240062407,1.1502350618397683,0.129,0.085,1,FRA10AC1
0.0022577491427658455,-0.3326898197000794,0.182,0.253,1,WDR1
0.002259408232097,2.5484679453656707,0.019,0.002,1,LOC155060
0.0022611489903509295,0.48366816523994993,0.459,0.438,1,FLNA
0.0022632528304445316,-0.2778312061126209,0.11,0.165,1,XRCC4
0.00226527814007424,-0.4412460907041702,0.088,0.138,1,NFATC3
0.002266609948844495,-0.3247158320843533,0.054,0.095,1,RDH11
0.002273732843509749,-1.3867169149865006,0.007,0.026,1,CRIM1
0.002278154238484975,1.6981142883678597,0.055,0.024,1,KIF1C
0.0022890619141638134,-0.29300965099927645,0.129,0.188,1,GARS
0.002291495751781069,-0.346616082205482,0.07,0.115,1,MLLT6
0.0023066000243694993,-1.7086069098939731,0.009,0.029,1,CRYZ
0.002311579675736726,-0.19625345911710412,0.11,0.168,1,ZNF609
0.002312556130497572,2.0648072842944836,0.05,0.021,1,OCRL
0.0023170249656109683,-0.17347256371290154,0.178,0.25,1,PSMB2
0.0023179903455777325,0.8707713987266108,0.291,0.25,1,CD46
0.0023319294511942243,-1.1857431787408101,0.014,0.037,1,TTC5
0.0023323498643428196,-0.30343901848569094,0.177,0.247,1,ARID1A
0.002340273360165453,-1.7230851115106227,0.008,0.027,1,SCD5
0.0023479243156938087,1.463552655083617,0.05,0.021,1,SIAE
0.0023490833202993904,1.35160366226899,0.073,0.037,1,MAST3
0.0023496328153250023,0.9511143146359267,0.055,0.024,1,EPG5
0.00235336412065926,-0.977647624737001,0.011,0.032,1,VSIG10
0.002353464814775069,-1.6542971895670484,0.009,0.029,1,STARD8
0.002361731352524732,-0.375950114880941,0.108,0.163,1,SLC30A9
0.002373360239764473,-1.0026555264855768,0.022,0.05,1,EIF1AD
0.0023808985187080004,-0.14427870519974006,0.088,0.139,1,MPDU1
0.002387430113866043,-0.6194585076576944,0.098,0.149,1,UQCC3
0.0023876625637996108,-1.1565655610150674,0.011,0.032,1,CHN2
0.0023915438463463666,-0.913372886304264,0.028,0.058,1,SC5D
0.0023990712114617036,0.9948722434216982,0.15,0.103,1,P4HA1
0.002400704644296764,-0.2822399302029826,0.294,0.381,1,SMC5
0.002401509986489115,-1.4851661409184413,0.011,0.032,1,RHOH
0.0024087459493523787,-0.7892239300145016,0.008,0.027,1,ZNF487
0.0024178934851670653,-1.2138157077831595,0.032,0.062,1,CDCA2
0.002420400410221732,-0.4950745253401281,0.014,0.037,1,ADA
0.002421021288570717,-0.5469963247931964,0.061,0.103,1,ZNF738
0.002422313806910029,0.8958952231861884,0.169,0.123,1,ZBTB7A
0.002422538386360216,0.5004226560285301,0.37,0.322,1,BRCA2
0.0024243401211721774,-1.4237762313925924,0.01,0.03,1,C8orf37
0.0024274680740581033,1.2190262136319023,0.066,0.032,1,MT1F
0.0024358658232285896,-0.8375279616075835,0.008,0.027,1,ZNF826P
0.0024431032112844026,-0.5229380119305789,0.154,0.213,1,RABEP1
0.0024524275361292452,0.6119614317773187,0.325,0.277,1,ALCAM
0.002467458619578759,-0.5628357097414656,0.057,0.098,1,MAP2K1
0.002497134916067503,0.9833281423804272,0.088,0.05,1,LYRM1
0.002503420456996602,-0.12204969102158514,0.167,0.24,1,FAM45A
0.0025076873705229094,-0.25482789859754734,0.197,0.272,1,ESD
0.002508259915364296,-0.22141100998829227,0.19,0.263,1,EFCAB14
0.0025096348801023306,-0.221576902578573,0.48,0.583,1,ATP5G3
0.0025266939242180424,-0.26550477179334947,0.291,0.378,1,MEGF9
0.0025268341195834967,-0.5241179898328283,0.089,0.138,1,SRPRB
0.002528993100488473,-0.5341579706644366,0.135,0.192,1,ZCCHC11
0.0025377613224464588,-3.1681914559751085,0.003,0.016,1,ALMS1-IT1
0.0025396777257848373,0.4834512490372084,0.38,0.343,1,SNX2
0.0025491759901152154,-2.680603212889422,0.003,0.016,1,STK32B
0.0025549009149625082,-2.5773904845976396,0.003,0.016,1,SCARNA23
0.0025613750914007588,1.022482778621004,0.221,0.173,1,WHAMM
0.0025660396850175843,-0.22400472611339972,0.54,0.641,1,ANXA5
0.0025721463110464607,-2.613038904379148,0.003,0.016,1,ZNF681
0.00257791838864051,-3.099019557451083,0.003,0.016,1,FFAR2
0.00257791838864051,-2.6134946904868137,0.003,0.016,1,PATJ
0.00257791838864051,-2.3141027991264425,0.003,0.016,1,SPATA2L
0.0025859367046488437,-0.22589727943750085,0.211,0.288,1,HNRNPUL2
0.0025915842058377805,-0.4128328454514306,0.099,0.149,1,ATP6V1C1
0.0025917498938796955,1.3950326593138596,0.109,0.067,1,ZYG11B
0.0025953057602707374,-2.1459057781631437,0.003,0.016,1,AHDC1
0.0025968358530647486,3.465194342542628,0.021,0.003,1,MYO7A
0.0026011253359261685,-2.1017377188055306,0.003,0.016,1,LGMN
0.0026011253359261685,-1.2752401795295905,0.003,0.016,1,ZNF793
0.0026036910577297836,-0.3185239122799224,0.057,0.098,1,ZNF622
0.002604020610244934,-0.6048168434477312,0.028,0.058,1,NT5DC3
0.0026069568403024384,-2.4148707901296804,0.003,0.016,1,GOLGA2P5
0.0026069568403024384,-2.2404125722097286,0.003,0.016,1,PRKCQ-AS1
0.002618655722247316,-1.3105751557411294,0.003,0.016,1,MEX3D
0.002618655722247316,-1.8547734221302141,0.003,0.016,1,PRR29
0.0026266737357987734,0.21389225628677977,0.838,0.849,1,PFDN5
0.002628804120795996,-0.30339025015565446,0.115,0.17,1,NCOR2
0.002630402580500326,-1.7443403573531269,0.003,0.016,1,SH3D21
0.002638597810217339,-0.27638312812323274,0.356,0.446,1,C1QBP
0.0026431495056783243,-0.41747399499615057,0.056,0.096,1,MCM2
0.0026493956089065638,-0.5729910367085966,0.037,0.071,1,MMD
0.0026510509186494775,-0.4820390287392655,0.055,0.095,1,SRGAP2B
0.0026517770139807243,1.0569233859025076,0.061,0.029,1,OSBPL5
0.0026540409261985106,-1.124350889029886,0.003,0.016,1,LOC440896
0.0026810517492494813,-0.21324519125382935,0.472,0.569,1,GAS5
0.002690745494951403,1.8263381596684654,0.047,0.019,1,RASAL2
0.0026938427846658164,-0.4819649347559971,0.047,0.083,1,TARSL2
0.0026968758647456237,1.2467206216219915,0.046,0.018,1,TRAFD1
0.0027005165193772548,-0.4254969762302794,0.2,0.269,1,TAF7
0.0027117585614282675,-0.41024300687248394,0.129,0.189,1,ARID1B
0.0027233800956880487,-0.4809613455815165,0.038,0.072,1,GRIN3B
0.002724976871470307,1.0611594955396162,0.094,0.054,1,UBE2H
0.0027474134295520647,-0.18483316886459883,0.185,0.253,1,GNL2
0.0027524877966777854,-0.43614464122687435,0.038,0.072,1,CIAPIN1
0.0027549815865254095,0.8320233895444926,0.127,0.082,1,ARL8A
0.002755740905186681,-0.574325079556838,0.07,0.114,1,UBA5
0.0027626917515449407,-0.1768985375771915,0.227,0.308,1,LAMTOR5
0.0027650486868305638,2.138014684832982,0.033,0.01,1,FXYD6
0.0027713076258275614,-0.26416829260131836,0.117,0.173,1,KAT6B
0.002772918233979272,-0.19483558702652348,0.489,0.59,1,NONO
0.002776292135178961,0.5214798494326952,0.404,0.369,1,RPN2
0.0027767548467825705,-0.5205531375978796,0.078,0.123,1,PDCD11
0.0027817016913339195,-0.17435122481615295,0.391,0.497,1,TMEM258
0.002820420475537816,2.7554593590331335,0.03,0.008,1,YES1
0.00282366929013786,1.3916512589695034,0.089,0.051,1,CLCN7
0.0028251225922590398,-0.28850951010884796,0.044,0.08,1,NEDD4
0.0028255200598084444,-3.987617260352251,0.001,0.011,1,CFL1P1
0.0028335279725076198,-3.698253862689538,0.001,0.011,1,ARMC9
0.0028335279725076198,-3.941725052853779,0.001,0.011,1,GPR171
0.0028335279725076198,-3.7538908634123187,0.001,0.011,1,INPP4B
0.0028392412568266153,-0.4831087456865151,0.061,0.101,1,EXOSC6
0.002856580849935227,-0.5880593139784993,0.068,0.111,1,ARL1
0.0028576762086819844,-3.0033241453391843,0.001,0.011,1,FOXP2
0.0028576762086819844,-3.0503761711627524,0.001,0.011,1,LINC01970
0.0028576762086819844,-3.0567125554267935,0.001,0.011,1,STK33
0.002865767278975132,-2.8276207766605284,0.001,0.011,1,TRH
0.0028695824461570534,-0.44333140886799516,0.021,0.048,1,CTPS2
0.0028729251587927577,-0.8552490035537876,0.027,0.056,1,LOC100996447
0.0028820121938576216,-1.4065629323671942,0.001,0.011,1,SNORD33
0.0028820121938576216,-2.7329279476815485,0.001,0.011,1,ZNF608
0.0028823622040185645,-0.35533564334348944,0.225,0.298,1,HSPA4
0.0029011484236712024,-0.7993383850158735,0.064,0.106,1,HACD2
0.002912178753024784,-0.4793032978932037,0.05,0.088,1,CXorf56
0.002922949537427072,2.1167507391111107,0.045,0.018,1,HS1BP3
0.0029260347952840323,2.021907499390836,0.045,0.018,1,NIPSNAP3B
0.0029526467712351454,-0.1871789729744331,0.08,0.128,1,NCAPH2
0.002971129947785122,-0.7280332073183073,0.065,0.107,1,TCEAL1
0.002975344051734094,2.8100290725794976,0.027,0.006,1,LOC100505658
0.0029826781836043066,-0.8795007574553906,0.025,0.053,1,HIVEP3
0.003001122694958451,1.52390833533868,0.033,0.01,1,SMIM25
0.0030117840465819696,4.369052711043597,0.018,0.002,1,CDC42EP1
0.0030144368381620455,-0.39680310993763135,0.115,0.17,1,SCNM1
0.0030160711099681816,-0.6786575420955443,0.026,0.054,1,SNHG19
0.003017465829516324,-0.25652329409976027,0.227,0.306,1,MRPL51
0.0030301970508360876,-0.25513406633044666,0.16,0.228,1,MRPS24
0.003030398596014714,-0.20216449224792155,0.564,0.663,1,NDUFB2
0.003036388392832675,4.140838376159774,0.014,0,1,CT45A1
0.003036388392832675,5.210176427089592,0.014,0,1,GAS6-AS1
0.003036388392832675,4.985153445486151,0.014,0,1,MARVELD2
0.003036388392832675,5.477491960162599,0.014,0,1,TSLP
0.0030433839218346756,-0.7248098280382371,0.041,0.075,1,ETHE1
0.00305556465308287,0.6797757480114881,0.164,0.114,1,C9orf72
0.0030638708240764228,0.4354220318591687,0.358,0.306,1,OGFRL1
0.0030781085940001546,-0.917445487581626,0.019,0.043,1,EPSTI1
0.0030827969690500083,-0.19780117319417678,0.236,0.316,1,ATP1A1
0.0030834644096914324,-0.3108047205434685,0.047,0.083,1,HIST1H4A
0.0030948884932375815,-1.1422962642441932,0.018,0.042,1,ATP1A1-AS1
0.0030948884932375815,-1.1779971616600444,0.018,0.042,1,TM2D2
0.0031167175468433204,2.300491871098762,0.047,0.019,1,TMEM91
0.0031379042041077116,-2.712215131305128,0.004,0.018,1,FSCN1
0.0031416188232093107,1.5601642471590966,0.027,0.006,1,LIMK1
0.0031532066424603037,-0.17828468123691477,0.096,0.147,1,LSM1
0.003158134787060124,-0.18464856040825817,0.399,0.503,1,CYCS
0.003159773911511663,-0.35349178434366674,0.191,0.263,1,SNX1
0.00316222969313568,-1.1491882854476132,0.018,0.042,1,AGPAT1
0.0031637619784402925,-2.5063846491059145,0.004,0.018,1,APOC1
0.00316430217238089,-0.728831255578499,0.048,0.085,1,PAXIP1
0.003171812276263119,-0.3905696548477994,0.117,0.171,1,MIB1
0.0031747283938549737,-1.5081437797059412,0.023,0.05,1,UTP14C
0.0031898138329679716,-1.6759573184114416,0.004,0.018,1,FOLR3
0.003195446579759029,-0.2734169948319178,0.172,0.237,1,RNF168
0.0032099805742077368,0.5219432918569673,0.03,0.008,1,FAS-AS1
0.003222045355384871,0.3176467996739565,0.607,0.588,1,COMMD6
0.0032263654183739784,-0.2236486328355427,0.535,0.62,1,SRRM1
0.003235875462598403,-1.8702787444250442,0.004,0.018,1,HIST1H3G
0.003242504942612628,-1.4428825538578414,0.004,0.018,1,FAM58A
0.003255584365288445,-0.5067014461721182,0.066,0.107,1,TUBGCP5
0.003257409873103646,-0.5028831520960915,0.077,0.122,1,PPWD1
0.003268742702276183,2.7963673450762707,0.034,0.011,1,ZFPL1
0.0032746469049397173,-0.23792853550398052,0.177,0.248,1,C19orf70
0.003283024691381379,-0.6683228997574147,0.066,0.107,1,EMG1
0.0032892588883671856,-0.7803597187037541,0.004,0.018,1,MARCKSL1
0.0032959879246503634,-1.0488799347161732,0.004,0.018,1,TUT1
0.0033092986740899835,-0.6747469079528003,0.043,0.077,1,DDX51
0.0033180012694879308,2.1393728563689294,0.053,0.024,1,PPFIBP1
0.0033201389517142866,0.5605049196153165,0.388,0.359,1,ASAH1
0.003323527541035976,0.7638496351227195,0.118,0.075,1,DENND1A
0.0033301512449291915,-0.6028700592323322,0.025,0.053,1,MSANTD4
0.003334416309285236,-0.23876667076440095,0.033,0.064,1,BCL7C
0.0033370479606658664,-0.7316204470818333,0.025,0.053,1,PLK3
0.0033571908504090456,-0.2278053607299637,0.289,0.372,1,ATL3
0.0033584556217212368,1.311985976221897,0.073,0.038,1,MTMR3
0.003373155993897503,-0.7970013304167209,0.044,0.079,1,GABPB2
0.003376812258429299,-0.2546940705078828,0.223,0.298,1,GTPBP4
0.0033774149012417453,-0.4394370107973732,0.126,0.181,1,KRTCAP2
0.0033811588663518965,0.3725640659198485,0.404,0.359,1,EMILIN2
0.003383533144403536,-0.8220102077593188,0.024,0.051,1,SLC30A6
0.003388735080605796,2.1382115579988175,0.042,0.016,1,ARHGAP24
0.0034032154475249414,1.4097288647655946,0.073,0.038,1,DERL1
0.003419233471586069,-0.7499521337839092,0.024,0.051,1,ZNF439
0.0034437259293297515,-0.6025732803184431,0.077,0.122,1,PLK4
0.0034492039087948958,-0.2472651092826168,0.08,0.127,1,USF2
0.003457433468721491,-0.6255701748209006,0.018,0.042,1,CTBP1-AS2
0.0034642613034776117,0.9333018702767504,0.209,0.168,1,CHMP5
0.003470231839325557,1.2974421658199562,0.138,0.095,1,ITPR1
0.003472879728957086,-1.0550949254994357,0.016,0.038,1,STX6
0.0034834496053074366,-0.5017408414411421,0.144,0.202,1,UBAP2
0.003490551781208973,0.7798183074867228,0.183,0.135,1,GABARAPL2
0.0035022123228883864,-0.3546088375905394,0.089,0.138,1,SIRPA
0.0035043895780603744,-0.15280804154328664,0.07,0.114,1,NOTCH2
0.0035234607414017815,-0.3873164727394418,0.076,0.122,1,RCC1
0.0035242521038715635,3.7922241008346034,0.02,0.003,1,SLC35D2
0.003550707245355045,1.494234409696234,0.093,0.056,1,ABHD14B
0.0035712557171919783,-0.5658050327270989,0.043,0.077,1,ERCC3
0.0035814145777834008,3.090050907367004,0.02,0.003,1,LOC440934
0.0035817991523675935,-0.3369498307131673,0.061,0.103,1,CETN2
0.0035871769638507176,3.2608608528419696,0.02,0.003,1,C5orf17
0.0035954514885666753,1.2499460612189577,0.103,0.064,1,NUPL2
0.003610908618479071,-0.8238016872340412,0.034,0.064,1,ELP1
0.0036178035412523725,-2.382123875036603,0.005,0.019,1,ANKRD16
0.0036178035412523725,-2.1689800395875842,0.005,0.019,1,HIST1H4D
0.0036316087455904953,-1.9814368581371546,0.005,0.019,1,ZNF165
0.0036348732357009547,-0.1041820652838168,0.429,0.546,1,SRSF10
0.0036355505760312075,-1.0251513779214108,0.016,0.038,1,LINC00621
0.003645266396451676,2.769939022065664,0.02,0.003,1,SLC9A3R2
0.0036569864310602124,2.513734318199547,0.02,0.003,1,THBS3
0.0036650801207239103,0.8271746873400176,0.201,0.154,1,UBE2E1
0.003667379436568337,0.738749227649207,0.188,0.139,1,SNAP29
0.003683295298909445,-0.2906876194056218,0.192,0.261,1,KARS
0.0036954289445312455,-0.14506913797723264,0.646,0.736,1,SNORA109
0.003698711399117005,-0.5164778602817659,0.095,0.143,1,HMGN4
0.0037018689733789825,-0.2413700664146004,0.172,0.242,1,CCT7
0.003701962333417942,0.1430090880134176,0.829,0.833,1,ACTR2
0.003703652850979526,0.6919345703347102,0.239,0.191,1,ARHGAP11A
0.00370626899286994,1.0133759041752515,0.182,0.135,1,LTB4R
0.003708070971718697,-0.19217753778694535,0.322,0.415,1,STT3B
0.0037090571081609945,-1.0018250268913462,0.028,0.056,1,KCTD18
0.0037326419666642383,0.5581558781298455,0.433,0.404,1,MYH9
0.003732974110841336,-0.5348836730348572,0.047,0.082,1,GK
0.003744296315663682,-0.6073396561158604,0.034,0.066,1,AGBL5
0.003750901431071688,-1.261841688152976,0.005,0.019,1,LOC399975
0.003751061315746529,-0.41254088694457813,0.034,0.066,1,HIST1H2AE
0.003751462737539183,-0.5196972386730387,0.097,0.146,1,BTBD1
0.0037646246547409935,-0.6780809246178192,0.034,0.066,1,NACC1
0.003780154946875412,1.3537370722811832,0.07,0.037,1,SH3BP1
0.0037893455867639516,0.44323719493389147,0.49,0.465,1,BAZ1A
0.003791899764197577,-1.2443061011368854,0.015,0.037,1,RUNDC1
0.0037926102187247775,-0.23336484073412955,0.091,0.139,1,SUN2
0.0037929132241332044,-0.5087473179252395,0.051,0.088,1,RAD51
0.0038091353816058987,-0.6046273502866186,0.023,0.05,1,SNORD89
0.003816149161671338,-0.5554548906238848,0.103,0.154,1,AQR
0.0038326197224728114,-0.49405413892646566,0.03,0.059,1,VPS37B
0.0038396818063935255,-0.703068505826518,0.088,0.133,1,AK6
0.003864167617575681,-1.09689801447657,0.043,0.075,1,EXO1
0.003871788696775717,-0.29209881888837064,0.044,0.079,1,ZNF791
0.003873938452499602,-0.5582439417169187,0.015,0.037,1,KIAA1147
0.0038756520699511758,2.3861608589362655,0.029,0.008,1,CACNB1
0.0038914589688231757,3.0784799010362782,0.023,0.005,1,LINC00630
0.0038934345241144743,-0.30578046389301883,0.061,0.101,1,AHSA1
0.003909506982866592,1.6410588161154958,0.044,0.018,1,ASMTL
0.003932570418440333,-2.5257881847378627,0.006,0.021,1,LOC101927069
0.0039380959906977885,-0.3075248881691861,0.074,0.119,1,LAGE3
0.0039384862909292405,1.4624339882180273,0.078,0.043,1,LOC374443
0.0039432135658983465,-0.4224744664364377,0.091,0.138,1,UBL3
0.003977829436068573,-0.46926973412235284,0.093,0.141,1,PSMD10
0.0039990661182564705,2.1950812694951103,0.029,0.008,1,VNN1
0.00401408020653036,-0.3749676780176108,0.034,0.064,1,ATG4A
0.004028747864227763,-0.3090105023651497,0.059,0.098,1,KDM6B
0.004046612312771154,-0.8916402713965299,0.006,0.021,1,FAM169A
0.0040627670822971544,-1.5451429516962936,0.012,0.032,1,SFXN2
0.004070854783136398,-0.20555946970525363,0.35,0.447,1,CHD4
0.004088619712855406,1.671688824999245,0.075,0.042,1,MBD6
0.004089463495637223,-0.4649946237217548,0.076,0.12,1,ZWINT
0.004092539234241196,0.5584409990998526,0.318,0.28,1,TLE4
0.004094250352039288,1.2375518819121267,0.039,0.014,1,CPT1B
0.004096118402718721,1.738092092370724,0.063,0.032,1,SLC9A8
0.004120371299104351,-0.2602428246649269,0.458,0.553,1,ENY2
0.0041557367384714924,1.0324621281420348,0.128,0.085,1,PCBD1
0.004167685197991194,2.000314478334678,0.036,0.013,1,TBC1D2
0.004181245848988143,1.7256353573774672,0.065,0.034,1,DEF6
0.0041915776654768006,-1.1635245393122031,0.012,0.032,1,NEURL4
0.0041938021116792465,1.2756988310408142,0.06,0.029,1,FAM98C
0.004201043467516308,4.8997259429546505,0.013,0,1,NPL
0.004201043467516308,4.823435594280588,0.013,0,1,OPA1-AS1
0.004201043467516308,4.68589909580252,0.013,0,1,PRRG1
0.004201043467516308,4.815257312605043,0.013,0,1,SNORD102
0.004202951839014535,-1.4473165017903433,0.012,0.032,1,TIGD2
0.004205497320047033,2.307872568422333,0.041,0.016,1,CARF
0.0042118304351413255,-0.1006795005385488,0.097,0.147,1,SAE1
0.004248482156889319,-0.12931447425460155,0.251,0.332,1,COX7A2L
0.004253463158513973,-0.23910196125697014,0.136,0.194,1,FUNDC2
0.004261887088665085,-0.28420912454314395,0.1,0.149,1,TEX2
0.004271727865148767,-1.4692258208367202,0.011,0.03,1,C3orf33
0.004280771349019235,-2.133962598505952,0.007,0.024,1,EMC6
0.00429519254375891,0.8105900681164602,0.199,0.151,1,TBK1
0.004305750740746994,-1.9077041220352027,0.008,0.026,1,SMAD1
0.004305977692484992,1.116785191686632,0.086,0.05,1,SFXN3
0.004312232002195964,0.9635325138189184,0.097,0.059,1,G6PD
0.004313294796775193,-1.1650970366716162,0.033,0.062,1,ZMYM1
0.004319721678658743,1.0700730671434007,0.08,0.045,1,KANSL3
0.0043251313123902225,-0.5179648071143927,0.033,0.062,1,CEP70
0.004325311065609618,-0.4196547212702564,0.109,0.16,1,ZDHHC6
0.004331385031081449,-0.5995078331560832,0.053,0.09,1,HMBS
0.00433578194814429,-1.4045411483631214,0.012,0.032,1,LOC105370333
0.004341929289958741,-1.3609927914212596,0.007,0.022,1,CCDC173
0.0043437747576776965,-1.595581009008396,0.011,0.03,1,IBA57
0.004344539197705863,-0.5734235951080642,0.021,0.046,1,TBRG4
0.0043452837656311125,-0.1253271857833469,0.835,0.875,1,NACA
0.004363575922885676,0.5801919420955645,0.258,0.208,1,PTPN12
0.0043726861156502496,-0.2129614224284978,0.24,0.316,1,ADAR
0.004388673212685777,1.0583773867224038,0.078,0.043,1,SLC6A6
0.0043903930573446605,-3.4462613571492167,0.002,0.013,1,SNORA21
0.004391714707620232,-0.6504994621844618,0.032,0.061,1,SYNJ2BP
0.004396207912575654,-0.293743067276949,0.014,0.035,1,ATG101
0.004404653409523937,-1.1310866834451265,0.011,0.03,1,GSTZ1
0.004409822431484948,-1.8409640035181196,0.009,0.027,1,ZKSCAN4
0.004413606516089838,-1.180235962288668,0.02,0.045,1,RBMS2
0.00441361643278809,-0.18529727935943896,0.068,0.111,1,DNAJB12
0.004413696293288869,-1.574364301950168,0.008,0.026,1,TAF5
0.004419527900397523,0.9853344190538171,0.085,0.048,1,NEK3
0.004429106744980678,-0.5424871851196746,0.073,0.114,1,TTF1
0.004429553352424711,-1.538936444368988,0.009,0.027,1,TMEM203
0.004435825164318612,-0.513385462913313,0.037,0.069,1,HIGD2B
0.004441550761847925,-1.436725798646763,0.011,0.03,1,ZNF614
0.004444165988695327,-1.3838312598741105,0.02,0.043,1,HEPACAM
0.004449364246529204,-1.4872852193319837,0.009,0.027,1,PRMT6
0.004454949083947164,-2.024054273920947,0.002,0.013,1,SH2D1A
0.0044657916642003,-2.3921174112422046,0.002,0.013,1,CMYA5
0.0044657916642003,-2.9559201676091593,0.002,0.013,1,SYNJ2-IT1
0.0044912108353254866,0.9488246690200426,0.101,0.062,1,ZNF394
0.004495370234928606,-0.6233181099886713,0.04,0.072,1,PRPF31
0.0045033361271610214,-0.39045412083633224,0.184,0.247,1,EMP3
0.004509401509968271,-2.044448444467463,0.002,0.013,1,POU6F1
0.004509401509968271,-1.9845106176658494,0.002,0.013,1,RGL1
0.004511403467727967,-0.7070742854093979,0.068,0.109,1,NENF
0.004514541103239585,-1.6565271481744426,0.007,0.024,1,LOC100335030
0.004520364084022496,-1.583075902821621,0.002,0.013,1,PAPOLB
0.004520364084022496,-1.1499711310441807,0.002,0.013,1,PRDM11
0.004521710075521445,-1.3710155053489808,0.02,0.045,1,UBTD2
0.004542361692282616,-1.085357932134622,0.002,0.013,1,TRIM16L
0.004549246763905136,1.5728410175251253,0.041,0.016,1,HAGHL
0.00455099245303743,-0.6966879588428583,0.021,0.046,1,TXNL4B
0.004558266716999359,-0.9754341375456983,0.007,0.024,1,LOC105375218
0.004558762294210784,0.6702558169043893,0.127,0.083,1,NEIL3
0.004564631839900123,-0.3415498985970906,0.064,0.104,1,FDPS
0.004573167322696731,-1.2071244966140355,0.008,0.026,1,SAPCD1
0.00458356755663568,0.9475818264661044,0.059,0.029,1,ABCA7
0.004596470043713144,-0.5971108572466601,0.026,0.053,1,DDX56
0.004596522442713415,-1.392706064619376,0.01,0.029,1,VANGL1
0.004615093797089714,0.47576281530072606,0.034,0.011,1,KIAA1107
0.004631308212428684,-0.538955885745338,0.009,0.027,1,LIX1L-AS1
0.004666925288785374,0.8913743804984424,0.18,0.135,1,EBLN3P
0.004668897947039714,1.1521115353849285,0.057,0.027,1,GAS2L3
0.004687223633952852,0.5468503412367083,0.335,0.29,1,HCLS1
0.004712361033267667,-0.30727452754067125,0.256,0.333,1,USP16
0.00471831326869547,1.0555718382748012,0.075,0.042,1,LINC01000
0.004718492324377422,-0.4418338329944054,0.046,0.08,1,EIF2B5
0.004726009345337073,-0.3245478368421729,0.144,0.202,1,MRPL22
0.004735274473243217,-0.7433406688147066,0.009,0.027,1,SMARCA5-AS1
0.00475296319318961,-0.8199674731825182,0.031,0.059,1,ETAA1
0.004769850590737034,2.4055165959004836,0.031,0.01,1,TNF
0.0047734635230618095,-0.26056664679643937,0.097,0.146,1,SPOP
0.004775941866380126,1.1508691262527855,0.091,0.054,1,PTBP2
0.004816092342041835,-0.8006219350290542,0.035,0.066,1,TBC1D20
0.004819928863503059,0.3950876428485357,0.383,0.341,1,PGAM1
0.0048261674139856965,0.9509637111375454,0.13,0.088,1,HIST1H2BK
0.004838148527072067,-0.5040721097532683,0.076,0.119,1,MOB4
0.004838992361372248,-0.5751628681634209,0.01,0.029,1,CSNK1A1L
0.004844783953818757,-0.918010614178379,0.025,0.051,1,ZNF710
0.004858608364168473,0.5770580312657292,0.425,0.404,1,NPC2
0.004875242984991208,3.7263676043300653,0.02,0.003,1,FAM110B
0.004875242984991208,3.3953974311970168,0.02,0.003,1,KCNJ13
0.004894397137157154,1.1138775900163274,0.12,0.08,1,ZNF83
0.004902638156128948,0.6967665915687153,0.282,0.236,1,HIST2H2AC
0.004902938364928469,-0.7362674397235358,0.065,0.104,1,ARMC1
0.004904669463212242,1.4564279917524923,0.052,0.024,1,TREX1
0.004905530808426774,0.6399238275685526,0.33,0.292,1,CPD
0.004907890281734625,-0.23129193649012614,0.219,0.292,1,RAD23B
0.004909173000147468,0.8274354778223854,0.111,0.071,1,LOC101928429
0.004923454500699302,-1.1755448149725916,0.025,0.051,1,RRAGA
0.004928650769389119,-0.5887331284735873,0.032,0.061,1,CDK2AP2
0.004931291569645234,-0.5722232354092218,0.063,0.103,1,NUBP2
0.004931868116214223,0.624572444415874,0.106,0.066,1,ARFIP1
0.004938318555223359,1.1449792070039901,0.067,0.035,1,LINC01637
0.004967260848432266,-0.9692454891854232,0.019,0.042,1,RHBDD2
0.004978209277420028,-0.7332155729620431,0.025,0.051,1,TNRC6C
0.00498445672961627,1.1829784878007197,0.127,0.087,1,RASSF1
0.004998974756292493,-0.5074923412702095,0.069,0.109,1,FMR1
0.005028495152818718,1.0832759187781873,0.034,0.011,1,LOC101928865
0.005062184374501176,-0.9518101699505936,0.031,0.059,1,BRI3BP
0.005064856347747229,-0.3374798932563148,0.054,0.091,1,MED31
0.005067395122734056,-0.4445189989375531,0.07,0.111,1,MDM1
0.0050757002309105344,-0.8882727435791222,0.044,0.077,1,SIGLEC14
0.005103274429879352,-0.29999715474513367,0.078,0.122,1,PLCL2
0.00510509905063825,-0.1692346477908221,0.385,0.482,1,SNRPB
0.005107188927041697,-0.326254801448598,0.124,0.178,1,PPFIA1
0.005129593215937401,1.7416455419414767,0.068,0.037,1,DPH6
0.005133708709437197,-0.401897980929677,0.126,0.179,1,MAPK1
0.00513566261040599,1.026850378446708,0.124,0.083,1,DIDO1
0.005137933879069739,1.1529037730660774,0.088,0.053,1,PLAA
0.005140929623952349,1.3638109267644278,0.047,0.021,1,NFE2L3
0.005144895118147257,0.43709207673974243,0.198,0.149,1,PRNP
0.005147435513969196,-0.11281068839690023,0.084,0.13,1,MRPL35
0.005169956114169791,-0.2967889035482516,0.061,0.099,1,GPAA1
0.005170232352926476,1.8947679208376829,0.056,0.027,1,SDC4
0.005179630513793344,-0.16511116030533568,0.684,0.768,1,HNRNPDL
0.005185512892528188,-1.256162971827353,0.019,0.042,1,FEM1A
0.00518617536080818,1.0659903813914045,0.065,0.034,1,FLJ37453
0.005187781876845958,2.9641612513241196,0.022,0.005,1,USP21
0.005190770203696491,-1.1979923309751732,0.034,0.064,1,TTC27
0.005199503264518988,-0.24438312225649295,0.031,0.059,1,VDR
0.005208653937018197,-0.12844615712479507,0.168,0.231,1,RMDN1
0.005224488606099476,-0.4150315398249481,0.157,0.215,1,FAM162A
0.005227811993719225,-0.4417379438323441,0.047,0.082,1,UGDH
0.005231202489696271,-0.28979129593035924,0.078,0.122,1,UBE2S
0.005262959229566384,-0.7411606652458551,0.025,0.051,1,ZNF426
0.005281454375914311,0.8059891973080064,0.194,0.149,1,TOX4
0.005291889192555087,-0.8847703042994794,0.019,0.042,1,PAPD7
0.005292992887135177,-0.2202376126992629,0.083,0.128,1,PDK3
0.005304205829946808,-1.089005043503842,0.018,0.04,1,S100A13
0.005330920296453775,-0.43309715596491405,0.132,0.186,1,RFC3
0.0053566633853278775,2.3957602633732553,0.025,0.006,1,SCARF1
0.005357028038621432,-0.5303728202019382,0.04,0.072,1,GET4
0.005359030472056836,0.6767849701134151,0.187,0.141,1,SLC2A3
0.005391366093499439,-0.1664728413538672,0.141,0.2,1,SARS
0.005393340427425118,2.2985394735584297,0.025,0.006,1,TNFSF9
0.005398910681481963,-1.0561798024876046,0.033,0.061,1,PTENP1
0.005404362396794094,-0.8604279267236827,0.024,0.05,1,SPNS1
0.005423252208214873,1.6966157573415215,0.028,0.008,1,PGAP1
0.00542920519975862,-0.28510609052837044,0.187,0.253,1,SEC11C
0.005436749202604831,0.982166597649918,0.226,0.184,1,MAPK6
0.0054747139195577815,-0.2194489137598411,0.129,0.186,1,GMFB
0.005476095639898415,1.822967988446103,0.022,0.005,1,RAB33A
0.005478626457690322,-0.3674425232030556,0.083,0.125,1,BLOC1S5
0.0054899445618038925,-0.8342498902932141,0.057,0.093,1,USP36
0.005490966665466942,-0.4975993861436592,0.076,0.117,1,HDAC9
0.00550362971259129,-0.2694036582133821,0.08,0.123,1,MCM10
0.005517359109893791,0.7509755626240353,0.059,0.029,1,TFE3
0.005531973255160133,1.1091259805375626,0.09,0.054,1,IFT80
0.005535842137354706,-0.5589241307551676,0.074,0.115,1,LAS1L
0.005566389314352692,-0.7416820348820332,0.018,0.04,1,ESPL1
0.005582409639015342,-0.1289803067585241,0.257,0.34,1,ZNHIT1
0.005601059102411402,-0.1276065677500684,0.031,0.059,1,FECH
0.0056313977648993875,-0.20122379233360532,0.128,0.183,1,ZNF511
0.0056315965232219736,-0.9614985396568123,0.017,0.038,1,SERPINB9
0.00563594497327057,-0.19890259394990922,0.204,0.274,1,BTF3L4
0.005638562743092196,-0.27710044615436846,0.061,0.099,1,SEH1L
0.0056628238337818396,-0.8600664859885634,0.018,0.04,1,CREB3L4
0.005679918313209237,-0.17225885343615244,0.128,0.184,1,TRIM24
0.005700951515521108,0.3498733323311145,0.534,0.526,1,ELOB
0.005708291805165619,-0.281247408786506,0.289,0.37,1,EIF4EBP2
0.005719479431839342,4.147377954252829,0.016,0.002,1,NR1I2
0.005739796908980226,3.749257958227661,0.016,0.002,1,GPC3
0.005739796908980226,3.970403198515654,0.016,0.002,1,PDE1B
0.005744713928503783,-0.9901136826893322,0.017,0.038,1,GPR132
0.005760179450067911,3.3416533642885113,0.016,0.002,1,RNU6ATAC
0.005768184427775859,-0.6332262785685387,0.084,0.127,1,CDC27
0.005770395176127287,3.5664172098736375,0.016,0.002,1,PLEKHG3
0.005774997756472498,2.181047306800667,0.033,0.011,1,APOBEC3B
0.005775306856043353,-0.4907429561370633,0.065,0.104,1,CHTOP
0.005780627236066443,3.3312774135009526,0.016,0.002,1,IL10RB-AS1
0.005780627236066443,3.563557761995605,0.016,0.002,1,MZF1
0.0057868499264653655,-0.15932727989188133,0.209,0.282,1,DRAP1
0.0058029280808777955,-2.83986754047877,0.003,0.014,1,GAN
0.0058029280808777955,-3.216651637456109,0.003,0.014,1,TMEM53
0.0058029280808777955,-2.860824516333029,0.003,0.014,1,ZBED6CL
0.005805615028526329,0.3805501433789237,0.389,0.345,1,ITSN2
0.005812762613065115,-0.18175727800725017,0.453,0.54,1,EEF1D
0.005817375263460492,-0.22784563422734305,0.244,0.316,1,TXNDC12
0.005821068065266659,-0.8021334869055781,0.023,0.048,1,TYW1
0.0058211866081977455,3.934488901863247,0.012,0,1,PRDM16
0.005822671028600885,-0.8846547740489821,0.029,0.056,1,COQ4
0.005830575419402468,-0.41713475704230407,0.255,0.325,1,DNAJB11
0.00585201823572945,1.28859716071924,0.051,0.024,1,ANXA2R
0.005852236385172479,1.3664578591895309,0.068,0.037,1,PHF1
0.005853376739237835,-2.168310430292208,0.003,0.014,1,TNFAIP8L2-SCNM1
0.00586605052107461,-2.1605857529131978,0.003,0.014,1,LOC100652758
0.005866369802727101,-0.3046106557058673,0.358,0.444,1,SARAF
0.005868035218307198,1.628968105059609,0.051,0.024,1,DNAJB4
0.0058683427031960694,0.5365829048750285,0.277,0.228,1,SAR1A
0.005878749033385851,-1.9868131025491715,0.003,0.014,1,ACVR2A
0.005891472318058878,-2.0791746968280584,0.003,0.014,1,UNC119B
0.005894789157602738,-0.2799571095341009,0.03,0.058,1,GATB
0.005907897861175597,-0.9978193513142308,0.017,0.038,1,ZNF557
0.00591062583884006,-0.7003087189111752,0.029,0.056,1,L3MBTL2
0.005916993372323961,-2.0046181675717873,0.003,0.014,1,HIST1H2BE
0.005917723708800749,0.8581484160258854,0.217,0.173,1,LACTB
0.005924915200569453,0.496683625954394,0.331,0.29,1,SMARCC2
0.005926213112455675,1.9869827832805207,0.053,0.026,1,LIPT1
0.005929791225975244,-2.274481427637772,0.003,0.014,1,TLR10
0.005931948461985453,-0.4777638963008178,0.154,0.21,1,TXNL4A
0.005949480943580837,-0.49579417010636373,0.029,0.056,1,MCRS1
0.005968334598557155,-1.013483322212771,0.003,0.014,1,KLHL13
0.005971803698429858,-0.9767351656541741,0.023,0.048,1,ZNF689
0.005980595490770274,2.156190510204363,0.033,0.011,1,ADCY9
0.00598865719571687,-0.17741327559004982,0.152,0.212,1,HSPA14
0.00599415544573832,-0.6779414513340596,0.003,0.014,1,NMT2
0.006006793751472109,-0.7652027064548177,0.037,0.067,1,ABHD12
0.006085035839053238,-0.3584254651379686,0.069,0.109,1,GADD45A
0.006110155235718753,-0.18794649799271435,0.168,0.232,1,MRPL16
0.006110966004636176,1.7370365344901597,0.079,0.046,1,DESI1
0.0061357746599697794,-0.5753359407265046,0.029,0.056,1,SLC35C2
0.0061452707439089115,0.8260805616798294,0.226,0.184,1,TRIM38
0.006145768205795052,0.9778732727882642,0.114,0.074,1,MCRIP2
0.0061570071410147476,-0.5791099547539083,0.034,0.062,1,TTTY15
0.006160195038535006,-0.35637247147989104,0.05,0.085,1,RBFA
0.006160888218971685,-0.3854559397820343,0.128,0.179,1,EXOSC9
0.006200859476809373,-0.3805436840329044,0.075,0.117,1,BCL7B
0.006202580707381091,-0.3116625541855602,0.094,0.139,1,CPSF7
0.00621980676426453,0.15499008811221815,0.096,0.146,1,MBP
0.006227289540522106,-0.9974214523314933,0.031,0.058,1,KNSTRN
0.006230325202348348,-0.5038228886653768,0.088,0.131,1,HAX1
0.006234034745247389,-0.12484899870065869,0.052,0.088,1,CHKB
0.006235083972207398,-0.9467342011814126,0.022,0.046,1,TRIM58
0.006243063793663916,-0.11379880234074509,0.205,0.272,1,EDEM1
0.006281253339314569,-0.25237209936192406,0.342,0.413,1,RETN
0.006291265884636287,-0.7653132168331731,0.036,0.066,1,LINC00623
0.006309673617995218,-0.40640238820562313,0.029,0.056,1,TMEM184C
0.006315621137445905,-0.43866245506305557,0.056,0.091,1,AHI1
0.006366048064977798,-0.16849684682283145,0.17,0.232,1,PSMC6
0.006413863040845602,-0.11588115831245133,0.199,0.269,1,DDX27
0.006419057954796992,-0.9303835345564488,0.016,0.037,1,MINPP1
0.006423012993352153,-0.151547812047093,0.63,0.731,1,ATF4
0.00649544827460415,-0.7994857966143103,0.016,0.037,1,TIMM22
0.006533949250964339,-0.39405449774617196,0.016,0.037,1,LRRC28
0.006537813139737242,-0.8780086372250575,0.027,0.053,1,KIAA0040
0.006584951852627686,-0.5495884190837015,0.076,0.117,1,SF3B3
0.006598807905766646,1.370358813559743,0.07,0.038,1,USP40
0.00661435754014386,0.7023889849930911,0.291,0.253,1,SDCBP
0.006641346124238817,1.3670469513201224,0.037,0.014,1,OAS1
0.00665454055599867,0.30038271461506816,0.63,0.635,1,EIF3E
0.006687521035065526,-0.274934172630087,0.133,0.188,1,TK1
0.006699128041910501,2.944449622044559,0.019,0.003,1,ANO8
0.0067192323451512265,-0.4191841950410815,0.022,0.046,1,TMED10P1
0.0067282249774680445,-0.33399983396588895,0.061,0.099,1,SRF
0.006760551804049814,-0.3735470314715823,0.132,0.186,1,MTIF2
0.006761778938336288,-0.1075718549381417,0.097,0.146,1,FLOT1
0.006792966417050285,-0.1744582081035907,0.331,0.413,1,PRDX3
0.006793659014391429,-0.49405601278403233,0.094,0.138,1,ERGIC2
0.006801854706613511,-0.22120128404301642,0.326,0.409,1,XPO1
0.006805786391674042,1.4430879658605753,0.019,0.003,1,GADD45G
0.006808239295835521,-0.40887176675983916,0.074,0.115,1,NAT10
0.006812179012507819,-0.4007831256286334,0.049,0.083,1,BPNT1
0.006825090954354623,-0.25823013276891904,0.128,0.183,1,BRCC3
0.00683847406967516,0.6271274456626325,0.26,0.216,1,KMT2A
0.006848745233330135,0.3963357745284458,0.145,0.103,1,ITFG1
0.006848832301851257,-0.27044454906969684,0.145,0.202,1,PGM2
0.006850210462443171,-0.5385759284003027,0.1,0.146,1,RFC2
0.0068703532444844865,1.0089717484186926,0.11,0.072,1,LINC00342
0.00688074818153564,-0.655622830492089,0.036,0.066,1,VCPKMT
0.006882415774847829,0.7589564492096803,0.151,0.107,1,IRAK4
0.006890709530055699,0.598304750195523,0.16,0.115,1,GPD2
0.006893686224843103,-0.6224506744403293,0.056,0.091,1,FASTKD2
0.006899771259558562,-0.4089036983104075,0.085,0.127,1,YIF1B
0.006902768188046589,1.2914556631017104,0.057,0.029,1,HDAC5
0.006904450521122431,-2.0565086809750124,0.004,0.016,1,DMC1
0.006904450521122431,-2.467806303504278,0.004,0.016,1,PHYHD1
0.0069137393267309265,-0.3678280165152894,0.049,0.083,1,N4BP1
0.00692341728697745,-1.2178546891385742,0.014,0.034,1,SLFN5
0.006927227980652173,0.7315066714132046,0.331,0.298,1,SNHG3
0.006931459613186003,-0.5310956127661974,0.048,0.082,1,NR2C2
0.006935024432537892,-0.21040448893544395,0.071,0.111,1,CDK2
0.006967081263714017,-0.7032100602633782,0.047,0.08,1,ZNRF2
0.00697491520151228,-0.2712896458958447,0.061,0.098,1,MRPS12
0.006980474528850783,-0.12845198485865605,0.116,0.168,1,TSTD1
0.006983591107784941,-0.9265530926043484,0.014,0.034,1,GS1-124K5.4
0.006983705444741449,-0.13122510242865904,0.478,0.577,1,ATP5O
0.0070003024150054926,-1.515334792307824,0.004,0.016,1,ARSK
0.007006104284041296,-0.9193687654017335,0.031,0.058,1,TRIM5
0.007014092664091154,-1.7884094721207555,0.004,0.016,1,NOC2LP2
0.007014092664091154,-1.7013414839789096,0.004,0.016,1,SNHG14
0.0070187406799565545,1.8533313816153538,0.05,0.024,1,SPATA33
0.007031437460336497,0.4942184326600152,0.258,0.212,1,SOAT1
0.007041598388610937,-0.3873170104018615,0.027,0.053,1,TMCC1
0.007041746374272209,-1.6683183615383612,0.004,0.016,1,ZSCAN21
0.007055609909807273,-0.9434616491092704,0.004,0.016,1,GMCL1P1
0.007057022462412475,-3.3920159061927517,0.001,0.01,1,DDX43
0.007057022462412475,-4.3682847326170275,0.001,0.01,1,STARD13
0.0070861108164313276,0.9026675978120016,0.127,0.087,1,C1orf27
0.00708666606719867,-1.3418496349942326,0.013,0.032,1,DSTNP2
0.007096292922588255,-3.6454066222876467,0.001,0.01,1,CLC
0.007096292922588255,-3.03156763003242,0.001,0.01,1,KATNAL2
0.007096292922588255,-3.69695256447097,0.001,0.01,1,SNORA75
0.007096292922588255,-3.345531055760757,0.001,0.01,1,TSPAN13
0.007096292922588255,-3.320050210061689,0.001,0.01,1,ZNF404
0.007096292922588255,-3.817276693087889,0.001,0.01,1,ZNF454
0.007108041701341933,-0.7066009121305203,0.044,0.075,1,MNS1
0.007111058968779079,-0.6389024757145685,0.041,0.072,1,MRPL46
0.007111309458797973,-1.2350119908079504,0.004,0.016,1,GRM3
0.007115832436426964,-0.10162829797619533,0.127,0.181,1,ATXN7L3B
0.007116001633603774,-3.2272565809497102,0.001,0.01,1,GALNT14
0.007116001633603774,-3.093816997831688,0.001,0.01,1,LGALS9C
0.007116001633603774,-3.638628428233445,0.001,0.01,1,TAL1
0.007116001633603774,-3.466742319357838,0.001,0.01,1,ZNF729
0.007116950015414803,-0.5814370562668536,0.065,0.103,1,ALG8
0.0071249751610834786,2.396608959991694,0.024,0.006,1,SLC26A8
0.007125295884754096,-0.6872020066083344,0.004,0.016,1,CTU1
0.007135759472289174,-2.8477708091207043,0.001,0.01,1,PKIG
0.007135759472289174,-2.6417099284657217,0.001,0.01,1,POMK
0.007135759472289174,-2.8496623939805446,0.001,0.01,1,ZNF98
0.007139922564498748,0.3754808917615693,0.408,0.375,1,ZC3H11A
0.007155566544155979,-2.7084317503288675,0.001,0.01,1,BEND4
0.007155566544155979,-2.2475944077374432,0.001,0.01,1,C8orf88
0.007155566544155979,-2.8463294464455204,0.001,0.01,1,CD28
0.007155566544155979,-2.4231512246214244,0.001,0.01,1,CRSP8P
0.007155566544155979,-2.7950918577963844,0.001,0.01,1,PTPN14
0.007155566544155979,-2.8489666794116664,0.001,0.01,1,SGPP1
0.007155779027451174,1.0323570821277408,0.147,0.107,1,RBM19
0.007175422954894304,-1.932481762863171,0.001,0.01,1,CFH
0.007175422954894304,-1.5855048078342602,0.001,0.01,1,JUP
0.007175422954894304,-2.4125168571578186,0.001,0.01,1,POTEKP
0.007175422954894304,-1.7876623871333903,0.001,0.01,1,RFESD
0.007175422954894304,-2.5133291102537507,0.001,0.01,1,ZNF677
0.00719821451262971,2.0205652390784543,0.021,0.005,1,VENTX
0.0072053812033324284,-0.31513950716195294,0.091,0.136,1,GUF1
0.007213726071742221,-0.13913932017227681,0.646,0.752,1,EIF4A1
0.007227974749169358,-0.235268623301446,0.28,0.351,1,VRK1
0.007229070588454227,1.2073904089940524,0.075,0.043,1,TDP2
0.007248831784235859,-0.5393583165870968,0.079,0.12,1,COPS8
0.0072498262040819016,1.3892790065479252,0.097,0.062,1,FLNB
0.007265040294869067,-0.27207838389562933,0.124,0.175,1,DEGS1
0.007294834590101177,-0.3034289346397616,0.075,0.117,1,RNF5
0.007304459581356932,-0.16131120859337233,0.087,0.13,1,ITPA
0.007309294799791278,-0.5810373555057144,0.044,0.075,1,GIT1
0.007321562504071164,0.6008029678979354,0.291,0.25,1,CALCOCO2
0.007325707426159928,-0.43560228227462616,0.05,0.083,1,PSEN1
0.0073426180955311155,0.8844558261759627,0.088,0.053,1,TNFRSF10B
0.007344436808186242,0.3421438299530024,0.502,0.476,1,SMCHD1
0.007370073703025479,-0.4471913672940451,0.045,0.077,1,POLDIP2
0.007379446688902783,1.6221688611910507,0.034,0.013,1,SEPT8
0.0073931757252208566,-0.7647656060108146,0.042,0.072,1,SPATA5
0.007415230876348391,-0.4300956753074845,0.065,0.103,1,DUSP12
0.007417174791589617,-0.7089258020773532,0.047,0.079,1,PTPA
0.007420340351369296,-0.5256789943975222,0.051,0.085,1,CTSO
0.0074227622557705665,-0.1846657824189979,0.206,0.272,1,RRBP1
0.007425307506648701,-0.9690593081465195,0.02,0.043,1,CSNK2A3
0.007495424731894592,0.6539522134300361,0.237,0.194,1,KIAA1109
0.007500789516711918,-0.18101697211895273,0.564,0.668,1,SH3BGRL
0.007513794820370132,-0.28787383568825975,0.064,0.103,1,ZNF330
0.007584571364904784,-0.7417108920119344,0.034,0.062,1,RBM38
0.007584631575676454,-1.2374967224192135,0.012,0.03,1,RALGAPA1P1
0.007599723231426454,-0.43938833635360464,0.02,0.043,1,PGAM5
0.007602520630275053,-2.885135740681348,0.005,0.018,1,RIOX1
0.007616769891376876,-0.3161029136183364,0.04,0.071,1,CES2
0.007617715937650417,-0.1552527923736315,0.213,0.28,1,PHB2
0.007630275006470104,0.43271422128078346,0.388,0.345,1,HEBP2
0.0076442840653348325,-1.9720235353741193,0.005,0.018,1,CRADD
0.007644866950142827,-0.23437109504166265,0.091,0.136,1,PPP4R1
0.007646410413255776,-0.4133268303587083,0.077,0.119,1,POLR3C
0.00765838642437333,-0.15783269944779066,0.374,0.465,1,PPM1G
0.007670316411169061,-0.10888902890835617,0.033,0.061,1,SMARCD2
0.007673857587774642,1.7912551691807237,0.032,0.011,1,HIST1H3H
0.007683498515356816,-0.2538229963059877,0.112,0.16,1,SPAG7
0.007708935905442858,-0.26914704126152467,0.099,0.146,1,RRP7A
0.007711588640195294,-0.48784346653209454,0.031,0.058,1,UBL7
0.007714119018799966,-0.5368003768153815,0.02,0.042,1,LARS2
0.007722830679531779,-1.510376204981958,0.011,0.029,1,NBPF9
0.007726224225858948,-0.42140746159211795,0.066,0.104,1,ELAVL1
0.007742532851046705,-1.3774070171690393,0.005,0.018,1,PYCR1
0.007756660381100855,-1.4617268755477362,0.005,0.018,1,LINC01039
0.007761164536813218,-0.12550471809101493,0.146,0.204,1,WASHC2A
0.007785892274485922,1.2152265077705775,0.087,0.053,1,LOC100996842
0.007809771983377068,0.9430173981479857,0.101,0.064,1,FLJ32255
0.007814128675772329,-0.8292634212567758,0.012,0.03,1,TBC1D32
0.007816033247461352,2.271117194862743,0.032,0.011,1,RFXAP
0.007829355647435667,1.0498703503234772,0.05,0.024,1,TAPBPL
0.007838827839190822,-0.15481024105218033,0.328,0.417,1,APPL1
0.007856201549695283,-1.3922124740650368,0.005,0.018,1,MIR17HG
0.007875153085826083,1.0994094220310442,0.099,0.062,1,FAM199X
0.007884780584707443,-0.3630452577009122,0.02,0.043,1,ALKBH3
0.007898325408003651,-0.758151504724764,0.02,0.042,1,LANCL2
0.007905398840815956,3.840627308385911,0.015,0.002,1,METRN
0.007913594584877073,-0.8129305903990378,0.005,0.018,1,ISG20
0.007919366323779686,3.8367608033423783,0.015,0.002,1,ZNRD1ASP
0.007963675331419638,-1.1406094307637433,0.011,0.029,1,C14orf80
0.008014994429308897,-0.571519426633375,0.068,0.106,1,UBE2C
0.008040823224965039,-0.2556235439469765,0.091,0.135,1,HIRIP3
0.008056504928375853,-0.4970060848919382,0.092,0.136,1,COX19
0.008060261542013916,2.3772385857771017,0.015,0.002,1,NLRP12
0.00808041759542215,4.1671238810627544,0.011,0,1,LINC00379
0.00808041759542215,4.784800558839474,0.011,0,1,LOC151174
0.00808041759542215,4.552195574977552,0.011,0,1,MEIS1-AS2
0.00808041759542215,4.889506239692699,0.011,0,1,NAV3
0.00808041759542215,4.379248090564494,0.011,0,1,RAB11FIP5
0.00808041759542215,4.611532468167997,0.011,0,1,SPAG5-AS1
0.0080932029592457,-0.5774883973056029,0.082,0.122,1,NEK7
0.008098015165167545,0.1272542025345187,0.566,0.529,1,ARL6IP1
0.008111152391529914,1.8091285031785538,0.036,0.014,1,EIF5A2
0.008112397599161408,-2.5745849147002824,0.007,0.021,1,ARPIN
0.008140547211618903,-0.13873403379274762,0.378,0.473,1,FAM120A
0.008191988898723553,2.571995731463468,0.029,0.01,1,ANKRD23
0.00821499784203577,1.5960790418775512,0.047,0.022,1,GALNS
0.008220913967200717,-0.1268264775874896,0.191,0.258,1,RBM34
0.008221539055539946,0.5410166995719108,0.363,0.329,1,ACIN1
0.008222867706538453,-1.817536885440747,0.006,0.019,1,BRF2
0.008229127943385813,-1.025564975951894,0.024,0.048,1,ACADSB
0.008253691873508629,-0.3880857559450033,0.14,0.192,1,GLRX3
0.008257975661169448,-0.7144637418773776,0.025,0.05,1,ERI3
0.008282076172293868,-0.11351748239594098,0.274,0.356,1,C9orf78
0.008282500795530057,-0.5892301618468554,0.084,0.125,1,PSMG1
0.008286004881796212,-0.4121989543812976,0.047,0.08,1,CSK
0.008290149096851976,1.0258463431069782,0.092,0.058,1,UTY
0.008303577281218447,0.9205136570167247,0.109,0.072,1,MGME1
0.008319365759632278,1.7245604122859262,0.036,0.014,1,FLJ46875
0.008321773979981132,-1.0854861909921416,0.006,0.019,1,GK3P
0.008321773979981132,-1.571181985638467,0.006,0.019,1,PFKFB2
0.008325439303412794,-0.4536281948870242,0.047,0.079,1,LILRB3
0.008343498736074123,-1.2089170408126404,0.01,0.027,1,SLC25A5-AS1
0.008350227726899874,-1.4284738249316913,0.006,0.019,1,LOC641746
0.008352945980371916,-1.7203635434020983,0.008,0.024,1,SLC35C1
0.00836194577001841,-0.5998086393128546,0.025,0.05,1,ILVBL
0.008378768472760218,-1.4775353837962975,0.006,0.019,1,LINC02210
0.008378768472760218,-1.3378006711184067,0.006,0.019,1,POMT2
0.008382872966466613,0.6086773755437835,0.097,0.061,1,KCNE3
0.00840138940521478,0.23538931760524462,0.509,0.474,1,TAX1BP1
0.008421743212678192,-1.148323377381347,0.006,0.019,1,HSD11B1
0.008422115116363916,-0.3190347955721795,0.092,0.136,1,GMCL1
0.00842376572337561,-0.19371612601859378,0.326,0.412,1,SEC63
0.008434484352731466,-0.6471557043896249,0.108,0.152,1,LDLR
0.00843989123981611,-0.4568817153917837,0.038,0.067,1,PLCB1
0.008441615319686641,-0.30086841864493596,0.088,0.131,1,CYB5B
0.008446158828682548,1.1513283018362626,0.073,0.042,1,LPXN
0.008446543972325951,-0.41313206423078297,0.05,0.083,1,FBXO33
0.008447286865760536,0.6632164267184419,0.19,0.146,1,NAPRT
0.008454699903855946,-2.0658792575197844,0.007,0.022,1,GABBR1
0.008461129462034749,2.351336753813765,0.029,0.01,1,ZGLP1
0.008463057481517296,-0.15164800325820438,0.083,0.125,1,UBE2J2
0.008464814495299545,-0.333298104152972,0.257,0.322,1,VPS26A
0.00846869900222202,0.6134903199319259,0.196,0.151,1,BCAP29
0.008484991244110953,-0.16680523127306887,0.271,0.348,1,RTF1
0.008489044185768803,-2.2267641116661974,0.007,0.021,1,TCF7
0.008493800494127351,-1.6994497875301469,0.009,0.026,1,BCAT2
0.00850486663927332,-0.6035885522458035,0.034,0.062,1,BTN3A1
0.00850487987215832,0.6663404029647538,0.244,0.2,1,RNF213
0.008516288513227646,0.6667224911686694,0.223,0.179,1,ANXA7
0.008521832409338032,0.8695031853297919,0.105,0.069,1,MKNK1
0.00852200177953279,1.9460429074450403,0.029,0.01,1,LOC100130298
0.008530312605176602,-1.1576802009750047,0.007,0.021,1,LOC105370792
0.008530312605176602,-1.6994044778487885,0.007,0.021,1,STON2
0.008535374259364329,0.891342380667925,0.101,0.066,1,APOBEC3C
0.00855188812191979,-0.5153282420255838,0.01,0.027,1,ALDH5A1
0.008552778472076762,0.4281117082017791,0.39,0.354,1,IL17RA
0.00855421173149814,-0.11958020396289426,0.123,0.175,1,ACBD6
0.008561697783136929,-0.2235100199771174,0.436,0.53,1,SRP9
0.008583711493764008,1.2461202423718096,0.064,0.035,1,DOPEY1
0.008595137328271774,-0.19254961607480572,0.202,0.264,1,PLAUR
0.008596305151886573,-0.5003123995827641,0.104,0.149,1,DHX40
0.008597392486364248,-0.6279920201948572,0.029,0.054,1,TRUB2
0.008600964236621936,-0.31843157503660635,0.221,0.287,1,DNAJC15
0.008616253754152143,-1.466475846582938,0.008,0.024,1,ZNF550
0.008626864282128187,-0.12402478962508834,0.709,0.796,1,YWHAE
0.008627459911116337,-0.880748886983179,0.009,0.026,1,KCTD5
0.008628307249353304,-0.3546954918795535,0.043,0.074,1,DHTKD1
0.008639145026905031,-0.5926090428255035,0.007,0.022,1,WDR19
0.008659563694957285,-0.21930098602512782,0.062,0.099,1,PRCC
0.008660774258466983,-0.3315496302840617,0.047,0.08,1,ZNF107
0.008665975987832279,-0.3849879270575003,0.02,0.042,1,ERMARD
0.00867913381996412,-1.2263949665622151,0.007,0.022,1,SERHL2
0.008683169100935941,-1.1698609632148909,0.007,0.021,1,LINC00680
0.00869718580708117,-1.1959054999731524,0.007,0.021,1,CD244
0.008713491739120898,-0.7974338924690638,0.009,0.026,1,TOP1P1
0.008738150313769812,1.6428274344000888,0.029,0.01,1,TRIM23
0.00875028572657414,-0.8983409295254261,0.019,0.04,1,LOC729732
0.008751394772449368,-0.4235309218184833,0.024,0.048,1,SRM
0.008754352252257782,0.4535802298278094,0.275,0.237,1,RNH1
0.008756923809254207,-0.15132936862641228,0.221,0.29,1,USP22
0.008776987561659228,-0.598132784571237,0.024,0.048,1,CD300A
0.008781711490922694,-1.0219586200335344,0.007,0.021,1,FAM220A
0.008795479668157533,-0.2494566194529524,0.047,0.08,1,DNAJC5
0.008800094646657321,-1.3756979704698495,0.007,0.022,1,TRMT12
0.008808896928777794,1.1774356202771468,0.078,0.046,1,SCHIP1
0.008824248959068293,-0.8888513032235572,0.007,0.021,1,SDHAP1
0.008824897708815956,-0.37444275427987883,0.203,0.263,1,DOCK11
0.008832289435151436,-1.1738466993768397,0.018,0.038,1,PTPN4
0.00886461312271633,-0.7119554653478222,0.019,0.04,1,CLGN
0.008895603633576539,1.1038116602976353,0.136,0.098,1,TRIM13
0.008896758452479498,-0.10225538287324829,0.271,0.353,1,PDCD10
0.008911461465416251,2.1493493287425793,0.034,0.013,1,MHENCR
0.008927263515349988,-0.4626535351764831,0.05,0.083,1,ACSL5
0.008937455956348228,-0.31884643059186324,0.038,0.067,1,ZC3H7B
0.008939604923249753,-0.21553034466996362,0.332,0.415,1,YWHAQ
0.008946440798325128,1.492791160413291,0.043,0.019,1,ST20
0.008955070590967827,-1.302158958377515,0.029,0.054,1,FAM98A
0.008968436735060573,0.8216155869518689,0.067,0.037,1,TRAF3
0.008975232971228776,-0.27221496189189653,0.087,0.128,1,MNAT1
0.008999698279935825,-1.4108822021744722,0.018,0.038,1,DIRC2
0.00901065912694335,0.7231012724770722,0.284,0.25,1,RGS18
0.009012722595162706,-0.21997769656843902,0.059,0.095,1,NEDD9
0.009059736833447778,3.2735295829987763,0.018,0.003,1,BAG3
0.009102431112226009,3.4477262368854036,0.018,0.003,1,PYROXD2
0.009120572744330098,0.8327060442988734,0.077,0.045,1,NCEH1
0.00913244106773424,0.4759471198873105,0.208,0.16,1,AZIN1
0.009140153693157857,0.664350472598032,0.139,0.098,1,ZNF217
0.00916393494344905,-0.4517335808058168,0.128,0.176,1,TIMELESS
0.00920310662932608,0.5016688849283315,0.25,0.2,1,RSF1
0.00921082937210439,0.7526603074018761,0.092,0.058,1,ECD
0.009239128858310571,-0.4952105830338982,0.083,0.123,1,POLR2I
0.009240863762311539,-1.268672629657011,0.018,0.038,1,NBPF11
0.009254251270815162,-0.3978077495428405,0.079,0.119,1,SAR1B
0.009293155029051542,-0.34079670687829133,0.099,0.143,1,NUP107
0.009306456948178004,1.1733530548766824,0.111,0.075,1,GAA
0.009307093967115817,0.43830508894334613,0.324,0.28,1,EDEM3
0.009317844407225813,-0.2943742575447046,0.074,0.112,1,EMC7
0.00931860830517553,2.0980931623181003,0.018,0.003,1,ABAT
0.009339634471452087,2.850908809123357,0.023,0.006,1,GID4
0.009346251830757869,0.7203176853724381,0.2,0.157,1,MKRN1
0.009390333493448387,0.8472498907768895,0.19,0.152,1,C1orf228
0.00939372126545243,-0.9282568527930071,0.023,0.046,1,SMIM13
0.009394536138072347,-0.1410871745152389,0.421,0.506,1,ROMO1
0.00941414543349051,-0.11501174976167128,0.376,0.471,1,ACAP2
0.00942983868633067,-0.3917281593593307,0.086,0.127,1,COQ2
0.009451138829900136,1.5405634134053425,0.034,0.013,1,IQSEC1
0.00945485929898087,-0.29045177210300066,0.165,0.223,1,TNPO1
0.009457508809759369,-0.17248521357141855,0.08,0.122,1,LGALS9
0.009458401959778968,2.720963492012649,0.02,0.005,1,ACBD4
0.009460579339418984,1.3397396111361537,0.085,0.053,1,TMUB2
0.009462594663636833,-0.5038437400330871,0.046,0.077,1,KATNA1
0.009465335297034265,-0.2724092515583765,0.042,0.072,1,PON2
0.009499105548936602,3.000952383154688,0.02,0.005,1,LOC729737
0.009502703281893218,2.069034008905341,0.023,0.006,1,PECR
0.009526417201922861,1.4137775970330133,0.043,0.019,1,DNAJC3-AS1
0.009542019714093901,-0.356586932946953,0.123,0.17,1,MCTS1
0.00954591680447198,-0.49265805955812825,0.048,0.08,1,IRF5
0.00955111183646186,-0.6818752350252564,0.047,0.079,1,UBE2M
0.009575139018371164,-0.15091376605589232,0.242,0.314,1,IMMT
0.009640219190687638,-0.17083106450505015,0.079,0.12,1,STAT5B
0.009662066911902033,-0.3564208618807721,0.25,0.319,1,ECHDC1
0.009685896750716813,-0.3363789686261762,0.112,0.159,1,SUSD6
0.009694010920583728,1.9642904002305417,0.023,0.006,1,MICA
0.00969510195348284,0.341342150617612,0.492,0.471,1,EIF2S3
0.009707281169126716,0.420631602088877,0.349,0.314,1,C1orf162
0.00973268185968742,2.01853046368138,0.023,0.006,1,JADE3
0.009770189004014588,0.47871799564513934,0.256,0.21,1,HELZ
0.009797138016889568,0.6019659714055308,0.208,0.165,1,LGALS8
0.009814277100439743,-0.48838847460339485,0.033,0.059,1,STAG3L5P
0.009821899082690561,1.5636759983609476,0.051,0.026,1,CAPRIN2
0.009846678481379165,0.5879120287225238,0.249,0.204,1,RCN1
0.009858415451233863,-0.4571065178973708,0.018,0.038,1,RDH14
0.009858465424284197,1.856921094852546,0.02,0.005,1,RET
0.009861594462277462,-0.2843491287819644,0.043,0.074,1,R3HCC1
0.009864966126519839,-0.17805942569348288,0.466,0.564,1,ARL6IP4
0.009876758253873895,-0.19382564045600897,0.2,0.266,1,ISY1
0.009889701094903898,-1.519536947481424,0.016,0.035,1,LRRC25
0.009890433576471411,-0.18363368222386445,0.07,0.109,1,RANBP9
0.009891584561864869,0.3291145778091349,0.48,0.465,1,UBXN4
0.009892886524992796,-0.15741533585272993,0.058,0.093,1,VEZT
0.009925371485986453,-0.30692703370170316,0.028,0.053,1,ELOVL1
0.009948649797472587,-0.19163306859183016,0.126,0.176,1,TUBGCP3
0.009948997351261979,1.4915271590558459,0.051,0.026,1,IQCG
0.009966698453166525,1.2265210424892885,0.066,0.037,1,ZNF445
0.010008456016345887,-0.34763970421198653,0.056,0.09,1,DDX41
0.010017758614893376,-0.28239465538449626,0.117,0.165,1,MSL3
0.010043933077744137,-0.13860988212445702,0.081,0.122,1,KRI1
0.010090008878477831,-0.3754916042011729,0.023,0.046,1,KANSL1-AS1
0.010141749879477106,-0.8999132987630682,0.016,0.035,1,MAST4
0.010224982440573849,-0.43179230645507216,0.071,0.107,1,MEA1
0.010233122832323131,0.4536592420856377,0.321,0.282,1,CHMP3
0.010309473592741142,-0.19782737246522686,0.101,0.146,1,PSMD9
0.010316507776167359,-0.33152327623200517,0.203,0.264,1,HSPB11
0.010337250886916045,-3.5944587743656617,0.002,0.011,1,HIST1H2BI
0.010381593277289308,-0.6267617230776819,0.054,0.087,1,DDX20
0.010385980532645396,-3.2472770572281373,0.002,0.011,1,DNAAF4
0.010388512230318118,1.9012363134957737,0.031,0.011,1,LINC02482
0.010398455265266662,0.6589591049736927,0.236,0.2,1,CYLD
0.010405853865110911,-0.25195631655246276,0.133,0.184,1,MEAF6
0.010409991343968741,-0.2923798860625848,0.073,0.111,1,UBE2E2
0.010447188081831095,1.2745282597234673,0.072,0.042,1,EDC4
0.010451493496140721,1.0704751611590106,0.107,0.072,1,NOL4L
0.010458888221071315,-0.8669366352770922,0.016,0.035,1,S1PR2
0.010459458291152128,-2.634066405445732,0.002,0.011,1,ZNF670
0.010484053450869803,-2.6195827172832455,0.002,0.011,1,AHNAK2
0.010484053450869803,-2.7472097833797795,0.002,0.011,1,FAM84B
0.010484053450869803,-2.6437973983211878,0.002,0.011,1,PER3
0.010490443299370126,-0.27631151535662585,0.246,0.317,1,SUCLG1
0.010508700048926935,-2.283230364956429,0.002,0.011,1,INTU
0.010508700048926935,-2.262859920623419,0.002,0.011,1,LOC101928597
0.010533398176445096,-1.700475105371777,0.002,0.011,1,LOC101927181
0.010533398176445096,-2.3694506177321486,0.002,0.011,1,PWARSN
0.010533398176445096,-2.1550566451812037,0.002,0.011,1,TRIM71
0.010535871843233777,-0.4132101723339967,0.028,0.053,1,C7orf49
0.010558147924667617,-2.494138433735051,0.002,0.011,1,ACP6
0.010558147924667617,-1.4659662657316348,0.002,0.011,1,PPP1R2P2
0.010568480063630698,0.9958898200510826,0.084,0.051,1,GOLM1
0.01058294938495968,-1.8849839438335714,0.002,0.011,1,CD24
0.010607802648808345,-1.6190274878695083,0.002,0.011,1,BCAS4
0.010607802648808345,-1.9487762676108016,0.002,0.011,1,EPHB4
0.01061151884134541,1.5429209025113542,0.035,0.014,1,VILL
0.010611999697635571,-0.5592731279916362,0.109,0.154,1,PSMB9
0.010616927150552487,0.6388982252290561,0.162,0.122,1,IFRD1
0.010632707807822692,-1.8522697801489363,0.002,0.011,1,LOC440600
0.010632707807822692,-2.29419292558109,0.002,0.011,1,STOX1
0.010643549322586631,-0.1913366807926815,0.449,0.545,1,ANP32A
0.01067296768422932,1.15617691607306,0.11,0.075,1,NPLOC4
0.010682674178395097,-1.4690079432092125,0.002,0.011,1,GRIA4
0.01072831025627584,-0.26868472208256744,0.017,0.037,1,ERCC4
0.010735746020847018,-0.46185530546404296,0.11,0.154,1,WDR41
0.010754024222529248,-0.8833360281444675,0.021,0.043,1,ZNF160
0.01076670951285003,1.3770065425979046,0.035,0.014,1,S1PR3
0.010788711770277215,-0.2984157422185332,0.093,0.136,1,EI24
0.010809317871165996,-0.6158859194212662,0.016,0.035,1,UPRT
0.010861598627625797,-0.16584466362970396,0.06,0.095,1,ZSWIM6
0.010895003308979285,-0.6450513690623547,0.068,0.104,1,TTC28-AS1
0.010898947554670047,3.845895228462571,0.014,0.002,1,CHRNE
0.010918116078967144,4.149699135204146,0.014,0.002,1,SLC7A11
0.010933445343494512,-0.14255447875220795,0.077,0.117,1,RNF139
0.010937314557985345,3.5490019185252857,0.014,0.002,1,RASD1
0.010951378063373235,-0.5148350788465752,0.028,0.053,1,BCL3
0.010956543031298314,3.734948785007057,0.014,0.002,1,L3MBTL4
0.01097710275100165,-0.1806938902291595,0.4,0.484,1,SMC3
0.010978542905333356,-1.2879652111747957,0.015,0.034,1,DAPK1
0.010990995490930397,-0.3539876479690611,0.047,0.079,1,SLC35E1
0.010992744435909458,0.39273800532501413,0.321,0.274,1,MED13L
0.01100044818030046,-0.3491490156000894,0.027,0.051,1,MICAL2
0.01103925841807066,0.8010296189359063,0.115,0.079,1,C16orf74
0.01104365019610557,-0.6542005099697086,0.057,0.09,1,YIPF5
0.011056293472064058,-0.10044054170922789,0.344,0.436,1,HSD17B11
0.011069468078930852,-0.18347536583753699,0.097,0.141,1,STOML2
0.011091985517174587,2.5989745689926425,0.014,0.002,1,IRAK2
0.01110607275364786,1.3848182009968752,0.035,0.014,1,BRE-AS1
0.011132871019932787,0.46824670202304225,0.404,0.38,1,CAPZB
0.011146834860716019,-0.20613970784252267,0.036,0.064,1,NARS2
0.011147379214862146,0.6912587465671958,0.168,0.125,1,PYROXD1
0.011239935841886614,5.089962510009306,0.01,0,1,MIRLET7BHG
0.011239935841886614,4.127526836106987,0.01,0,1,PLEKHH3
0.011239935841886614,4.5279111127490035,0.01,0,1,PTH2R
0.011239935841886614,4.252450183001142,0.01,0,1,TCEA3
0.011249341888321902,-1.0409956218750125,0.015,0.034,1,RITA1
0.011280380340617891,1.3045979427022938,0.053,0.027,1,CYP4V2
0.011292086324308503,-0.12258304732044412,0.041,0.071,1,PARP11
0.011292514891805352,-0.7234888099440318,0.061,0.095,1,NUP155
0.011314451175328423,0.7629284156199132,0.086,0.053,1,LYSMD3
0.01133173735651908,-0.13733889108794162,0.108,0.154,1,WDR76
0.011424223598776408,1.0159972585350663,0.098,0.064,1,KIF16B
0.011439881481627962,0.9118492685018803,0.156,0.117,1,PHF21A
0.01144972023393484,1.3660748461962715,0.048,0.024,1,ANKRD39
0.011492880967492547,-0.5104355617146523,0.053,0.085,1,ARSB
0.011520851208612895,-0.311271122362178,0.1,0.143,1,GLOD4
0.011616480019314594,-0.33151299747237695,0.413,0.482,1,CEP350
0.011627193251639979,-0.10242872338091757,0.027,0.051,1,COX11
0.011648505695856059,-0.9602840536368302,0.03,0.054,1,ADAP2
0.011700080018909478,1.4728400718139798,0.071,0.042,1,LRP10
0.01172363252641714,-0.3863981525695164,0.043,0.072,1,PRKAG1
0.011727957350783214,-0.5502672799674193,0.05,0.082,1,CYB561D2
0.011757362965233501,-0.5817965520299402,0.042,0.071,1,PIGM
0.011757845667511096,0.7685504012269343,0.254,0.218,1,KBTBD11
0.01180270032070997,-0.16285556854909755,0.717,0.806,1,UBA52
0.011818116930504939,1.5605179134481717,0.05,0.026,1,GGA1
0.01182743892657377,1.2862259305992279,0.048,0.024,1,ZNF880
0.0118537293824982,0.47533111417728274,0.298,0.258,1,VASP
0.011862363709520785,1.1143296903193214,0.065,0.037,1,CEP97
0.011889888137572338,-1.0877709153058976,0.025,0.048,1,VAPB
0.01189361000316388,-0.41943898496904897,0.031,0.056,1,SH3RF1
0.01190495058110417,0.8676540004985298,0.075,0.045,1,PDLIM5
0.011911286661595466,-1.3205515789803006,0.013,0.03,1,LINC00324
0.011917683652487644,-0.8874769724055542,0.02,0.042,1,TST
0.011929813636682416,-0.8822208795499886,0.014,0.032,1,NCK1-AS1
0.011934456136054808,-0.26388415971381507,0.031,0.056,1,THOC5
0.011950700233770779,-0.30632267012574077,0.231,0.29,1,EZH2
0.011958778018488011,1.4575860821411917,0.086,0.054,1,LRMDA
0.011985688670830302,-0.6035427402334332,0.031,0.056,1,QTRT2
0.011986360004675671,-0.40357864775964536,0.179,0.232,1,MIA3
0.012011096367164499,-0.3163309589496448,0.068,0.104,1,PACSIN2
0.012065133294961798,-0.6561571435090743,0.046,0.075,1,POLB
0.01208285478379374,0.47417843701553863,0.191,0.147,1,MAN2A1
0.012089687681106786,-0.27595707976034756,0.138,0.189,1,RNF13
0.012096622447453343,0.716563844515727,0.065,0.037,1,PPP3CB-AS1
0.012099192889576995,0.4231341667835975,0.297,0.255,1,PPCS
0.012101467627409572,-0.25700531552213957,0.385,0.466,1,HSPA9
0.01212188906765242,-0.2899215375053892,0.167,0.223,1,SMS
0.012147605814154047,-0.153934839581509,0.119,0.167,1,NCBP2
0.012153222935747927,-0.22206991090728495,0.303,0.377,1,MORF4L2
0.012186155187560638,-0.3554685868268046,0.04,0.069,1,THEM4
0.01221985910591476,-0.1921922779307882,0.161,0.216,1,VPS4A
0.012249904350130496,0.9041238845116397,0.111,0.075,1,MTF1
0.012271200077185735,3.5082692954552765,0.017,0.003,1,DPH1
0.012301740754389008,-0.4564274525299199,0.014,0.032,1,SCOC-AS1
0.012319697463049247,0.7964020689544853,0.177,0.136,1,NUMB
0.012347630141669211,2.924539526238834,0.017,0.003,1,ADGRE1
0.01235635149264127,-0.3930165584019209,0.175,0.229,1,KNL1
0.01241267299826386,0.37664125999853093,0.38,0.343,1,RBBP6
0.012429216779876238,-0.16047447152441308,0.111,0.157,1,THAP9-AS1
0.01244074415480813,2.6792808823540657,0.022,0.006,1,AIFM3
0.012452945420158805,-0.2945733925261555,0.266,0.332,1,ZC3HAV1
0.012482053385788833,-0.3538890740519849,0.225,0.285,1,BRCA1
0.012489849723891812,2.8783663831658,0.022,0.006,1,LRP11
0.012559991408648203,2.2563430485235187,0.017,0.003,1,HOXA4
0.01258050071171415,-0.4057054238894138,0.069,0.106,1,MOCS2
0.01258846647068165,-0.14222590418053987,0.219,0.288,1,PSMB7
0.012648055210277223,1.1417425993396542,0.074,0.045,1,STRADB
0.012654776837506314,2.4928229215090703,0.022,0.006,1,SMARCD3
0.012683634755165487,-0.1534316269537363,0.206,0.268,1,DCP2
0.012696806611182733,1.29280717156408,0.017,0.003,1,IFIT2
0.012714122215607493,-0.1818561339877458,0.143,0.197,1,ICE2
0.012748469244217367,-0.518622127022359,0.013,0.03,1,ZNF684
0.012751109120376173,-0.10016201270360425,0.097,0.141,1,DDAH2
0.01275506466611991,-0.4507294432243918,0.038,0.066,1,MUM1
0.012755846630146686,1.7537834537389703,0.017,0.003,1,CKM
0.012771370031565057,1.9023556340193437,0.022,0.006,1,SLC25A35
0.012788103574374817,2.0523907170652893,0.022,0.006,1,NOV
0.012795220712280097,-0.8029295267503644,0.029,0.053,1,C4orf32
0.012797884130734846,-3.229602051174818,0.003,0.013,1,HECTD2
0.012802229801335609,-0.12901376266261888,0.106,0.151,1,SLMAP
0.012807058774423292,-0.14474984535075075,0.242,0.314,1,TUFM
0.012807582207568075,-0.214108724183796,0.025,0.048,1,ZNF264
0.012825264941245099,-0.3611235685487315,0.187,0.242,1,GOLIM4
0.012851176180663098,-3.165476980933665,0.003,0.013,1,MAF
0.012860692683143223,1.0574886704147546,0.099,0.066,1,HTATIP2
0.012893746026523942,1.7820899297652066,0.03,0.011,1,TAB1
0.012906747620586297,2.2951419479755204,0.02,0.005,1,TICAM1
0.012924970567440918,2.2459201114705216,0.02,0.005,1,GIMAP1
0.01294710084878102,-0.126941144469511,0.481,0.574,1,TOP2B
0.012958349673916437,-2.3163865929297094,0.003,0.013,1,LOC100129931
0.01295992524102564,1.2809445214160826,0.044,0.021,1,HIF1A-AS2
0.013006977151313425,0.3109869048831324,0.394,0.361,1,CHD3
0.013012232329776862,-2.4877618071269874,0.003,0.013,1,TWNK
0.01303924790093104,-2.449046003676326,0.003,0.013,1,CYSLTR2
0.013092642989553756,1.9035676462260733,0.022,0.006,1,SCARNA2
0.013093427910529525,-2.0361953935044674,0.003,0.013,1,LOC283683
0.013093427910529525,-1.3538635118525724,0.003,0.013,1,ROCK1P1
0.01309350203886466,-0.5595496548691639,0.034,0.061,1,RNF34
0.013095458038267409,-0.7517315344800517,0.02,0.04,1,NDUFAF1
0.01311809670045334,-0.5970459410943485,0.111,0.154,1,MTHFD1
0.013122924535559913,-0.5990911166882968,0.013,0.03,1,EIF3IP1
0.013131196974165713,-0.5730060622580981,0.012,0.029,1,LINC00888
0.013139155288749215,-1.8812009680248383,0.011,0.027,1,SLC5A6
0.013147806918637052,-2.541830330295846,0.003,0.013,1,NPDC1
0.013151415564787623,1.0024726711630267,0.083,0.051,1,STX12
0.013154563831855972,-0.5007394758618107,0.013,0.03,1,CCDC94
0.013155766533937754,0.9460680454892376,0.151,0.114,1,RLF
0.013163840867164597,-1.1205403000155942,0.012,0.029,1,SLC25A20
0.01317507123824897,-1.5057339027376813,0.003,0.013,1,BBOF1
0.01317507123824897,-1.6861030966775612,0.003,0.013,1,SOWAHD
0.01317507123824897,-1.594006542620348,0.003,0.013,1,UBE2Q2P2
0.013202385537000347,-1.5070195995244564,0.003,0.013,1,ANO5
0.01321804484624768,-0.378555427962481,0.013,0.03,1,ZC3H12C
0.013229749891573977,-2.9142286318693706,0.003,0.013,1,SRRD
0.013247460115619874,-0.1342829837926891,0.343,0.425,1,FKBP1A
0.01325716437873846,-1.4644878652678512,0.003,0.013,1,KRBOX1
0.013299215827909737,1.6502672683714925,0.022,0.006,1,TMOD2
0.013312144058343843,-1.1940207095924888,0.003,0.013,1,LINC01678
0.013312144058343843,-1.0482999938787785,0.003,0.013,1,TMEM213
0.013331262930073898,-0.7141849041496564,0.029,0.053,1,UACA
0.013339709404751425,-0.8583004119971385,0.003,0.013,1,ZIK1
0.013347729725882137,0.5774545358615297,0.284,0.252,1,ABI1
0.013351669415301061,-0.9352368865012797,0.037,0.064,1,RBAK
0.013360500035303856,0.6472924500151649,0.277,0.24,1,LUC7L2
0.013377780661457339,-0.9748933631936461,0.012,0.029,1,METTL18
0.01339499149633777,-0.14763748415622757,0.003,0.013,1,ZNF772
0.01341471282732256,1.0099626773976993,0.082,0.051,1,NBEAL2
0.013422498936097125,0.7229745034999349,0.103,0.069,1,CCDC93
0.013426727675181892,-0.23811264044465852,0.102,0.146,1,SLC9A3R1
0.013451364264220226,-0.2316491493644841,0.077,0.115,1,NF2
0.013462031289646466,1.8572751302413186,0.034,0.014,1,MMP17
0.01347468555647926,-0.4407141770222598,0.013,0.03,1,KIF3A
0.013538401610328524,1.4800114540406781,0.03,0.011,1,ZNF81
0.013544435017518902,-1.1013481529493627,0.012,0.029,1,CRYBB2P1
0.013547209212591348,-0.10465983634995657,0.139,0.189,1,KRAS
0.01358892675296956,-0.8215076720285874,0.029,0.053,1,NME6
0.013611136222903067,-0.35130389949805574,0.049,0.08,1,GTF2E2
0.013650262139292036,-0.40764970173657256,0.089,0.13,1,SNX17
0.013663238020480169,-0.40267139836210264,0.033,0.058,1,DHX33
0.013673808016727266,-0.4227194920845019,0.037,0.064,1,ZNF354C
0.013752415000388513,0.8991540305280277,0.127,0.09,1,TSG101
0.013752644220411062,0.983674784541736,0.129,0.095,1,UBAP1
0.01376060356020297,-0.29148921561081886,0.038,0.066,1,RNF217
0.013782084120628502,-0.246219094172752,0.128,0.176,1,TAF1B
0.013796680780153236,-0.41731715706553363,0.059,0.091,1,OSGEP
0.013825681771306927,-0.39257993781475553,0.127,0.173,1,ZBTB8OS
0.013865830520174736,1.4958985421930278,0.034,0.014,1,ZNF507
0.013870556181355137,-0.21690090326926037,0.159,0.215,1,COMMD9
0.013919792613298624,-0.19394250682429282,0.125,0.173,1,PLRG1
0.01399177580075445,-0.31957749053520645,0.079,0.117,1,SPATA13
0.014012935871505329,-0.5466466894666497,0.086,0.123,1,CCNB2
0.014020682578083653,0.7904062760135702,0.124,0.088,1,ZNF516
0.014070722034975044,0.23756952966403655,0.587,0.574,1,SELENOH
0.014071301626220641,-0.1843229188858626,0.116,0.162,1,CENPS
0.014084709162300542,-0.37353461358591833,0.024,0.046,1,SLC7A5
0.014113606290087465,-0.8360044112481315,0.011,0.027,1,HSD17B8
0.014133471686898368,-0.3212318112163701,0.108,0.152,1,FIBP
0.014173826942975375,-0.28646934024537973,0.14,0.189,1,ADD1
0.014174383420981575,-0.8796622109415191,0.023,0.045,1,VSTM1
0.014178259352636498,1.6889399302152444,0.041,0.019,1,CCDC159
0.014203329781327708,-0.8433541855426072,0.028,0.051,1,PFKFB3
0.014203929152780095,-0.45690429102650665,0.065,0.099,1,SEC14L1
0.0142384748678388,-0.5294181621128651,0.074,0.109,1,PTPRJ
0.014270008478682428,2.371632738782367,0.027,0.01,1,CLHC1
0.014282978946517873,-0.3750763176830991,0.147,0.197,1,GUCD1
0.014298043747702847,0.356363522815358,0.438,0.405,1,TFEC
0.014314495526456767,-0.3421092838603641,0.141,0.191,1,CCDC25
0.014337053007067944,-0.31452707725467355,0.103,0.146,1,MRPS22
0.014363474625683948,-0.8032383275743475,0.023,0.045,1,PPM1H
0.014376525091742701,-0.32678114479086706,0.144,0.192,1,ATP2B4
0.014416731373618407,-0.7017186592724496,0.028,0.051,1,TMEM176B
0.014474139484300064,-0.7188942413695618,0.033,0.058,1,ARMCX6
0.014495147853908073,-1.0543401294412664,0.011,0.027,1,ZNF611
0.014531621923433904,-0.11766600246847245,0.228,0.293,1,AFF1
0.014556384729041586,1.317209253791101,0.087,0.056,1,FAN1
0.014568844935138494,-0.7142349161529515,0.011,0.027,1,LHFP
0.014590073861508115,-0.5420769276949704,0.101,0.141,1,ARHGAP21
0.014600522157439316,-0.39837184007158877,0.04,0.067,1,LOC101930071
0.014654228829552323,-2.6329917511202394,0.004,0.014,1,PFKM
0.014681842955180307,-2.3396178446547298,0.004,0.014,1,HIVEP2
0.014683377411731324,1.0147972030167616,0.084,0.053,1,TRIM59
0.014698610004289289,-0.4071455455412121,0.011,0.027,1,SGF29
0.014709502937824005,-2.129286918695686,0.004,0.014,1,CXorf40B
0.014711375018943778,0.8363488299470581,0.203,0.167,1,EIF1B
0.014729133364267169,-0.8875925184664633,0.027,0.05,1,GLRX2
0.014735457618423032,2.1002063536916618,0.032,0.013,1,GPT2
0.014748288923163216,-0.4760246801315402,0.07,0.104,1,DCTPP1
0.01475453476113689,-0.3073803393490153,0.011,0.027,1,CIDEB
0.014843466117153103,0.6482204281920839,0.165,0.125,1,PPID
0.014848492925409953,-1.622046267591534,0.004,0.014,1,EEF1A2
0.014848492925409953,-2.034323649967523,0.004,0.014,1,IRAK1BP1
0.014848492925409953,-1.5476138350522683,0.004,0.014,1,LOC105369332
0.014873966535575357,-0.6562997670296213,0.023,0.045,1,B4GALT4
0.014876429382504512,-1.4467671487952014,0.004,0.014,1,SNORD16
0.014921652290082963,0.31600611856183214,0.214,0.171,1,TLK2
0.014923507888820737,-0.6635310548530335,0.044,0.072,1,USF1
0.014932441265632885,-1.8669178783269302,0.004,0.014,1,ZNF366
0.014960516819289511,-1.3866435975554614,0.004,0.014,1,PLD6
0.014960532780533236,-0.23029981414198208,0.089,0.13,1,MRPS11
0.014963069064294905,1.187404406147361,0.068,0.04,1,IFI35
0.01498994959760455,-0.27306405816394164,0.062,0.096,1,PCNX4
0.015016807470315485,-1.1467286193695028,0.004,0.014,1,LILRA6
0.015026577091820289,-0.9183361447703007,0.01,0.026,1,ANKS6
0.015069652034558048,4.197655454446847,0.013,0.002,1,DLG2
0.015073284606395012,-1.2665531458546617,0.004,0.014,1,ZNF589
0.015091375870601244,-0.22450419752990136,0.033,0.058,1,STS
0.015096014441717973,4.012179103534178,0.013,0.002,1,ANKRD20A4-ANKRD20A20P
0.015096014441717973,3.326405049199728,0.013,0.002,1,NECAB3
0.015096014441717973,3.1958272981458347,0.013,0.002,1,NKX3-1
0.01516318790877706,-0.6055712702670908,0.047,0.075,1,VPS33A
0.015166275437197651,0.430272746364203,0.44,0.423,1,XRN2
0.015180392649618315,0.84268939702522,0.184,0.146,1,VPS13A
0.015211248378424344,-0.10733752137552999,0.183,0.245,1,ENOSF1
0.015248813673694376,-0.756193858038881,0.018,0.037,1,SIPA1L3
0.015281691252078544,2.850158135891273,0.013,0.002,1,KCTD7
0.015303968194872161,-0.4255241503657894,0.01,0.026,1,ZNF682
0.015308379987207825,2.716257125131336,0.013,0.002,1,DLGAP1-AS3
0.015366837425490299,-0.7078485070066574,0.022,0.043,1,HACE1
0.015374488184826104,-0.14176228295939874,0.155,0.21,1,ELOVL5
0.015376286428099175,-0.12957380224754778,0.13,0.181,1,GAS7
0.015380794376599794,-0.9822664694116963,0.009,0.024,1,CENPA
0.015492841000532477,-0.3717606730843226,0.045,0.074,1,PKD2
0.015505206551042375,-1.6808560058557687,0.008,0.022,1,ZDHHC18
0.015506261634809077,-1.3037544992446088,0.009,0.024,1,ZNF251
0.0155265669154884,-0.5950621708928305,0.043,0.071,1,TAF13
0.015548283749070777,-1.0633410926466507,0.009,0.024,1,PIGO
0.015549160942709849,-0.6374809419723095,0.043,0.071,1,DNAJC24
0.015579257228628423,-1.4253239903247366,0.017,0.035,1,CCL28
0.015595728041473852,1.0034239823776159,0.111,0.077,1,TRAK2
0.015619608325854888,0.5215639509861243,0.19,0.149,1,ZNF800
0.015631859815251073,-2.10886156020052,0.005,0.016,1,LY9
0.015634437696809732,-0.31686192457098883,0.126,0.173,1,RPAP3
0.0156496456132146,0.15143273268428192,0.019,0.038,1,DNAL1
0.015653777740337993,-0.45299746388215034,0.009,0.024,1,SNORD104
0.015707662632649656,-0.19895672424089317,0.149,0.202,1,YTHDF2
0.01571736479908581,0.9415403183554987,0.056,0.03,1,RMDN2
0.015752513981928593,-0.5345782116355093,0.047,0.077,1,TMEM250
0.01577061433647427,-0.48730906421076847,0.07,0.104,1,STAM
0.01577637585728871,-0.23546348532523664,0.115,0.162,1,ALAD
0.015786114837416425,-0.8175680781778989,0.018,0.037,1,TMEM101
0.0158508399705906,-1.8844851401311749,0.005,0.016,1,HMGA2
0.015880859086944338,-0.615370974777353,0.008,0.022,1,FAM83H
0.015920288525979286,-0.37098248976067394,0.116,0.16,1,CD52
0.015922452329550134,1.877763251742115,0.024,0.008,1,WDR5B
0.015931529813628772,0.6521606242594333,0.207,0.167,1,R3HDM2
0.015958429817361924,-0.1355855843005107,0.113,0.157,1,JADE1
0.015961142755186418,1.6947526117425107,0.024,0.008,1,IDUA
0.015970402510900185,-1.5500998805358668,0.008,0.022,1,MBLAC2
0.015986051331675036,-0.3054076059856321,0.097,0.136,1,MRPL40
0.01600339085241001,-0.13953844185578806,0.181,0.244,1,SUPT4H1
0.01601222102364355,-0.1253242341506816,0.379,0.471,1,PPT1
0.016032993893622786,-0.269308285911837,0.078,0.115,1,CAMKK2
0.016045103469592342,-0.28628825560830173,0.209,0.269,1,MRPL52
0.0160476810761624,-2.11207965366369,0.006,0.018,1,CD96
0.016140388387762043,-0.19656157094040538,0.081,0.12,1,NET1
0.01614425532708175,-0.30838105553393413,0.028,0.051,1,LIG4
0.016156340778459,-1.038274270588765,0.005,0.016,1,NFATC1
0.016199140423946313,-1.392009998468847,0.007,0.021,1,TUBD1
0.016199142205824066,-2.01269160209277,0.007,0.021,1,SLC39A13
0.016208842352514713,-0.4676806727069345,0.057,0.088,1,ATP11C
0.016224498937461574,-0.6036692411288742,0.022,0.043,1,RPL23AP82
0.016266336485413712,-0.3756645032119236,0.145,0.192,1,MMADHC
0.016287309869546965,-0.7365162501810252,0.008,0.022,1,KIAA1456
0.016287309869546965,-1.017449256070599,0.008,0.022,1,PPP1R3B
0.01631929075460951,-0.11443822082386435,0.023,0.045,1,WDR18
0.016353434091750038,-0.9187696836187671,0.005,0.016,1,TLN2
0.01635821149234713,-0.22916039901319318,0.123,0.17,1,HAUS4
0.016378863888291975,-0.545067906064701,0.008,0.022,1,CCDC71
0.01643834929817984,-0.9853725610010082,0.007,0.021,1,FITM2
0.016451879815342487,-0.1782095721186998,0.703,0.785,1,SUB1
0.016463497623685742,1.2112534267830997,0.074,0.046,1,PLEKHM1
0.016522719137894267,0.5626114025362414,0.281,0.248,1,POLR1D
0.016524812513909585,-1.156730608949422,0.006,0.018,1,LTB
0.01654017174453428,-0.5915809839631283,0.008,0.022,1,ZFAT
0.016540470872214223,0.7192395665103699,0.169,0.133,1,MANBA
0.016569427393595775,-1.3547970332379444,0.007,0.019,1,AHCTF1P1
0.016583370530610726,-0.44285702858134757,0.053,0.083,1,THG1L
0.016585063643688957,-0.48520977536343723,0.07,0.104,1,AK4
0.016605534313219154,-1.2693381978009093,0.006,0.018,1,RILP
0.016620441344014567,-0.963856632163524,0.007,0.019,1,ZBTB46
0.016636111690575387,-0.41539982180283896,0.032,0.056,1,HCG18
0.016659541033059562,-1.0329976652586579,0.006,0.018,1,PALLD
0.016671842411722808,0.7207620100742411,0.159,0.122,1,ARL17A
0.01670505585122533,-1.1807160989576868,0.007,0.021,1,BOLA2
0.016707861733092737,-0.8501480638150323,0.027,0.05,1,BRMS1
0.01671184840646412,-0.533124116630743,0.069,0.103,1,CHTF8
0.01671837775251039,0.7499706901082237,0.058,0.032,1,NPEPL1
0.016732480670190755,1.9536743953702973,0.034,0.014,1,LOC100049716
0.016736279889544858,-0.3556104059936788,0.228,0.287,1,TPX2
0.016774311656613593,-1.1041031807196937,0.007,0.019,1,C2orf48
0.016800077930110634,3.469724896201933,0.016,0.003,1,ANK3
0.016823206911652344,-0.4009020472253191,0.042,0.069,1,SGMS1
0.016824625473459077,2.062672195188535,0.021,0.006,1,FGGY
0.01682587894112544,3.040870312984615,0.016,0.003,1,C17orf97
0.016837762983541928,-0.3268980021510577,0.071,0.106,1,RYBP
0.016852127544222092,-1.0204419972051735,0.007,0.021,1,GAS5-AS1
0.01687674967805807,-0.5438800554792618,0.007,0.021,1,TPI1P3
0.016903490785723733,3.1553892549091485,0.016,0.003,1,C19orf81
0.01690563355402883,1.4782823082184444,0.088,0.058,1,PFKP
0.016926088689994415,-0.645666247565404,0.007,0.021,1,PDXP
0.01692809500505622,-0.132213739665695,0.223,0.292,1,TBC1D1
0.01693189448976868,-0.5090259837157198,0.006,0.018,1,PWWP2B
0.016933474187481964,2.016476421726583,0.021,0.006,1,GPAT2
0.016971328956098344,-0.15681090603182923,0.323,0.397,1,LYN
0.017012953698912127,1.844840514569682,0.029,0.011,1,CCDC126
0.017056258196039165,2.904685891625981,0.019,0.005,1,ABCC10
0.01705965761235713,2.5540363578539695,0.016,0.003,1,LOC102724360
0.017105608752730844,-0.5000195120964599,0.096,0.135,1,SMARCAD1
0.017120026566706192,-0.11993326419571493,0.236,0.304,1,NR3C1
0.017138214690921517,2.7666648806800413,0.016,0.003,1,NMUR1
0.017150919567108316,-0.3599727864089385,0.234,0.293,1,RBBP4
0.017154310967725857,-1.029647431313566,0.034,0.058,1,TPM1
0.017185513900185172,-0.590213032176027,0.049,0.079,1,GMPR2
0.017209885460549686,-0.3782531068375081,0.107,0.147,1,IQGAP3
0.017217088948053457,2.244496768941109,0.016,0.003,1,LINC01063
0.017262826229091706,0.9846101507982579,0.061,0.035,1,ANKMY2
0.017281881727267502,-0.17338001976845843,0.213,0.272,1,BUB3
0.01730819636994561,1.3634288467795246,0.021,0.006,1,MARC2
0.01734659581314996,0.5791502267522644,0.283,0.245,1,RAD50
0.01734784550436366,1.7911216756204413,0.034,0.014,1,GBA2
0.0173624494997852,0.6276460235328283,0.236,0.2,1,RALB
0.017381552731505927,1.6047436135987003,0.048,0.026,1,NUTM2A-AS1
0.017402960862508678,0.9160077438452303,0.077,0.048,1,STAT5A
0.017446404477941713,0.7598689773658792,0.197,0.159,1,NAPG
0.01746466536368543,-0.20693462142971009,0.435,0.518,1,TPR
0.017496199793605904,-0.23137072357357402,0.065,0.099,1,POM121C
0.01757714537095788,-0.9548777795024312,0.016,0.034,1,DTX4
0.017610964142728548,-0.25887179808780836,0.08,0.117,1,CEP120
0.01764858835610675,-0.33996204232539184,0.142,0.189,1,NSMCE4A
0.01765982292676932,1.8841699481574752,0.019,0.005,1,MFSD8
0.017691369252213353,-0.4018451287274063,0.026,0.048,1,ENTPD6
0.01772808549382422,-0.1774552282895483,0.027,0.05,1,KLHL7
0.01784600144437783,-0.624001510525042,0.016,0.034,1,WDR54
0.017860092033068153,1.0268459704259763,0.106,0.074,1,PARPBP
0.017908956913404068,1.0398535083276466,0.115,0.082,1,SCAF4
0.017956738901733063,0.598747094220367,0.102,0.069,1,RPPH1
0.01797264208361269,-0.19673615970634573,0.168,0.221,1,SRP54
0.018001085340420307,-0.2659737510126837,0.141,0.189,1,AP2B1
0.018006319972407873,-0.11537555867128857,0.055,0.087,1,PLXND1
0.018013532805053495,0.16830219189407813,0.787,0.806,1,EEF2
0.018018841114782556,1.4349666809335506,0.034,0.014,1,KLRG1
0.018072121393460438,-0.327232501291685,0.061,0.095,1,SLC25A13
0.018116969565503745,-0.11795366946741126,0.896,0.925,1,MYL6
0.018144894940059074,1.2222420007555512,0.034,0.014,1,RGS12
0.018183584504031115,-0.6853294225461171,0.077,0.112,1,GORASP2
0.01820222879034979,-0.21199386028578515,0.105,0.147,1,POLR2F
0.018212992865993365,-0.2066595744343087,0.047,0.077,1,ZRSR2
0.018331927492768987,0.8691797722322561,0.125,0.091,1,PNP
0.01834686442413107,-0.46770528848846293,0.02,0.04,1,DNLZ
0.018355215189889824,1.0458145886120027,0.053,0.029,1,POLR2M
0.018377412318264175,1.2887389316121483,0.057,0.032,1,SLX4IP
0.018417798370632132,-0.2163178735678175,0.107,0.151,1,PLEKHF2
0.01842112279525826,-0.7121177831034076,0.037,0.062,1,KIAA2013
0.018436011494070238,0.3975376200317673,0.377,0.348,1,HIPK1
0.018473828136267884,-0.3303979919906066,0.108,0.151,1,GTF2H3
0.01853648221040427,-0.4894360480698108,0.026,0.048,1,FKBP1AP1
0.018541933768457145,-0.10306185647529403,0.32,0.402,1,CD99
0.018548830772411734,-0.21719689587612345,0.111,0.154,1,PMS1
0.01858306432314368,0.4446617311083936,0.284,0.245,1,SUGP2
0.018601710797011107,-0.26759644285788564,0.047,0.075,1,MAP3K3
0.01864244391165782,-0.46215909585166104,0.056,0.087,1,SPC24
0.018643584011417243,-0.8503059160632875,0.02,0.04,1,ALG11
0.018660825051413043,2.2281017709445394,0.035,0.016,1,BANK1
0.01869850315898928,-0.21560455076220697,0.203,0.261,1,CHCHD7
0.018703220546220433,-0.9043205021596932,0.04,0.066,1,PALB2
0.018787210456744956,-1.2488488843854806,0.028,0.05,1,PFAS
0.018790502055302742,1.548322530207968,0.05,0.027,1,TP53INP1
0.018944959727622824,0.688192646481327,0.08,0.051,1,CYB5A
0.01898874849751167,1.7729271177681771,0.042,0.021,1,RPRD1B
0.01900444117295216,-0.3502378018700005,0.156,0.204,1,HERC5
0.01902671763928526,-0.3853446154131881,0.055,0.085,1,MITF
0.0190352317050544,-0.8515708428888424,0.015,0.032,1,FAM174A
0.019036403326824353,1.1665336221508693,0.061,0.035,1,LETMD1
0.019043636141151166,-0.1788717601183688,0.185,0.24,1,EIF4EBP1
0.019055061037184663,0.4828987672059457,0.203,0.162,1,FAM50A
0.01915486083036613,-0.2842472997310046,0.102,0.144,1,GART
0.01920113025312229,-0.11149485171551021,0.144,0.196,1,MPC2
0.01920825741331994,-0.25649175194691876,0.124,0.168,1,ADIPOR2
0.019248071804009736,-0.30595231718573945,0.132,0.179,1,MRPL19
0.019268678531043006,-0.37751324799916786,0.046,0.074,1,PCED1A
0.01931108171418304,0.9647570342901027,0.18,0.146,1,EGR1
0.019328660511323766,0.7828629101686588,0.055,0.03,1,DOK2
0.019332285282023284,-0.23060157639185097,0.103,0.146,1,RAP1GDS1
0.019417687807064973,-0.4695268906358825,0.034,0.059,1,SLC23A2
0.019437964027580436,-0.2703299808263844,0.015,0.032,1,FAAH
0.019449650635355326,-0.3241609471480138,0.038,0.064,1,DDX60
0.019464610592590928,-0.11670222044365497,0.788,0.853,1,BTF3
0.01947265004217809,-0.14839628385416836,0.128,0.176,1,PLEKHB2
0.019478591138401558,0.8753554639636798,0.057,0.032,1,GUSBP4
0.019478935180033036,-0.5898012311185719,0.029,0.051,1,PIGC
0.019508326719070868,-0.11625837021632757,0.034,0.059,1,MED12
0.019543181766079123,0.9158570777283144,0.064,0.038,1,SLC12A2
0.019585490553505617,0.6145844243465026,0.096,0.064,1,NCOA6
0.01959321864547946,0.6762147683976745,0.144,0.107,1,RRP12
0.01983902386137184,0.9703134877714343,0.076,0.048,1,DISC1
0.019949568454329006,-0.6183897169870209,0.02,0.04,1,THAP7
0.019964325347756263,-0.21965481628371641,0.109,0.151,1,TNRC6A
0.0199683783262216,-0.7306751213156168,0.04,0.066,1,SLC29A1
0.01999373729594493,-0.3737933650879921,0.106,0.146,1,PAG1
0.02001832574022089,0.5032288081619009,0.29,0.252,1,PSMD12
0.020028655232474633,-0.3393731396156585,0.067,0.099,1,RFC5
0.020056217162226237,-0.633757317451034,0.033,0.056,1,RPS6KA4
0.02007121828763931,-0.9970995987475213,0.02,0.038,1,LGALS2
0.02011131529525005,-0.16396340220565203,0.169,0.221,1,SNX4
0.02020431277467228,-0.15291828401118568,0.162,0.215,1,COPS3
0.020337079874195477,-0.43008375473984994,0.02,0.04,1,ALG3
0.020388442274123394,2.5033470354300746,0.023,0.008,1,NAXD
0.0204121829487062,1.2131085471176397,0.054,0.03,1,PSMD5-AS1
0.02044311879092108,0.8544174079930036,0.052,0.029,1,SNAPC3
0.020465155961205076,-0.2386833219338944,0.098,0.136,1,KIAA0586
0.02063355150475581,-0.39433203913943227,0.071,0.104,1,CCDC124
0.020638015708605247,-0.8911381427154756,0.028,0.05,1,PRDM8
0.020658235999532478,2.3395629617638978,0.023,0.008,1,EID3
0.020691779321887992,-0.279199695289762,0.186,0.242,1,NDUFA10
0.020704771767104696,-0.1258074531063645,0.33,0.405,1,PDIA4
0.020723170966389565,-0.18067562949128435,0.06,0.091,1,TMEM179B
0.020754599039032037,-0.6758775272505924,0.036,0.061,1,DUSP28
0.020754728046553768,1.0441072409789611,0.131,0.099,1,IER5
0.020761134048781004,1.0813298167904737,0.09,0.061,1,UNC13D
0.020823612583623984,-0.7817392771964906,0.024,0.045,1,ZNF76
0.020856399747306433,2.2351508538004863,0.023,0.008,1,CDKL5
0.020885922216460337,-0.18850850564841215,0.39,0.473,1,SH3KBP1
0.020979281975834624,-0.14653644508910674,0.203,0.263,1,MRPS36
0.021006107883407513,1.7649323948325857,0.023,0.008,1,PAN3-AS1
0.021031150065701165,1.7997407946159076,0.023,0.008,1,ACAD10
0.021150447959051525,0.6127372166998819,0.304,0.274,1,PAFAH1B2
0.021154847302674466,-0.18448826215940906,0.081,0.117,1,PLP2
0.021196259861227154,-0.32375301953073055,0.219,0.277,1,ATP6V1E1
0.021234857064981027,-0.16593733749458917,0.099,0.139,1,TMEM109
0.02135295827026668,-0.9159648504872733,0.023,0.043,1,MAEA
0.021453313871635855,-0.40075357345434726,0.08,0.115,1,TRAPPC8
0.02147113628325211,-0.4592667416853755,0.063,0.095,1,ELL2
0.02153567619784794,-0.8489230935378465,0.013,0.029,1,LAPTM4B
0.02153992406685199,0.5782078308646084,0.249,0.213,1,VDAC2
0.021557640336303356,-0.19765317478051048,0.299,0.369,1,BOD1L1
0.021558879427259568,-0.17202203241564656,0.283,0.353,1,EIF3J
0.021626633368350214,0.5939659315569834,0.074,0.046,1,PLEC
0.021648887787733533,-0.35193508310772303,0.036,0.061,1,ALG6
0.021659888746508798,-0.9754844499997026,0.013,0.029,1,CTAGE7P
0.021694350457542765,-0.22814845543746753,0.108,0.149,1,IWS1
0.021701375898752987,1.2345365186633865,0.066,0.04,1,ZNF587
0.02175359618999757,1.2400871501534367,0.074,0.046,1,TRNT1
0.021789386255041836,0.7741318371513166,0.156,0.12,1,ANXA4
0.021790184532275134,-0.10080406279234588,0.12,0.165,1,U2AF2
0.021825692856833945,0.6778148092388276,0.205,0.17,1,ATP6V0C
0.021858505942163934,0.6874706111965201,0.189,0.152,1,BRI3
0.021866381810091075,0.15728741437902083,0.133,0.183,1,FAM13B
0.021985763982252125,-0.9070109002881765,0.013,0.029,1,PP7080
0.0220223002380869,-0.1081862810611387,0.066,0.099,1,BLMH
0.02209634159869064,-0.21755721199957434,0.061,0.091,1,WWP1
0.02227148410710168,2.3241303783064553,0.02,0.006,1,DALRD3
0.022289831122797702,-0.8690242297281019,0.019,0.037,1,ANP32C
0.022311812680851226,0.9298346564052237,0.153,0.117,1,SYPL1
0.02234782202399133,-0.3077515458001847,0.061,0.093,1,ARID3A
0.022350609948728173,1.2910594961099058,0.061,0.037,1,RINL
0.022520795743816848,0.7308880499744144,0.123,0.09,1,RNF11
0.022529608964855834,-0.2704468872037409,0.177,0.229,1,GLYR1
0.022547296308795293,1.3099474229977486,0.033,0.014,1,SLC38A9
0.022661611070169112,-0.8609986666359393,0.022,0.042,1,MTMR1
0.022691289443008054,-0.20397829075935414,0.714,0.784,1,IQGAP1
0.022746707865077456,1.2409632643468855,0.033,0.014,1,LOC730102
0.02279619483415132,-0.8551760863661775,0.012,0.027,1,OSGEPL1
0.02280210285747886,0.737024183287732,0.27,0.242,1,NCBP3
0.022835121155691328,-0.2374761022396541,0.502,0.582,1,SCAF11
0.022861434444496776,-0.14588647199516092,0.438,0.51,1,TMED2
0.02287496183996034,0.20251906728119362,0.7,0.697,1,BCLAF1
0.022879107622334676,-0.4398618911534877,0.078,0.112,1,TMEM71
0.022901578239952012,-0.2448449781565758,0.061,0.093,1,RAB30-AS1
0.022917333178634643,-0.29621580314784524,0.05,0.079,1,PAQR8
0.02293138711133639,-0.42558378290215515,0.032,0.054,1,DDHD2
0.02293295062475925,-0.7202928051167665,0.061,0.09,1,MBNL2
0.022937461485529876,-0.5073730659114617,0.057,0.087,1,MMAB
0.022940206276766028,1.086249308888223,0.162,0.131,1,PLTP
0.0229583608983486,3.4138286923991448,0.015,0.003,1,TNFSF4
0.0229860741314287,-0.15670357068604934,0.642,0.726,1,ARPC5
0.022987713122353346,0.931495908481053,0.02,0.006,1,HOXA10-AS
0.022987713122353346,1.0130063190241918,0.02,0.006,1,TMC5
0.02303772169810251,1.029809099001582,0.095,0.066,1,NHLRC3
0.023051832240275447,-0.20796259240771064,0.064,0.096,1,FTSJ3
0.023054559913794022,-0.10844418185349913,0.217,0.276,1,TSNAX
0.02305748320805348,0.5307349861613111,0.254,0.216,1,PPP4R2
0.02306780168422507,0.5257878075753954,0.091,0.061,1,ZNF143
0.023087577065345463,2.7084239044791834,0.018,0.005,1,SIGLEC17P
0.02309787257362929,2.646349110409119,0.015,0.003,1,HELZ2
0.02309787257362929,3.3689277756795355,0.015,0.003,1,SCAND2P
0.02318784802462289,-0.33596803357899896,0.047,0.075,1,KHNYN
0.02320298892014556,2.8326895064033355,0.015,0.003,1,HCG27
0.02320924957355039,-0.21034813089238122,0.217,0.272,1,FAM208A
0.02321165522375341,1.3788714038038492,0.08,0.053,1,STX4
0.023238600789321124,0.669960004854349,0.148,0.114,1,SELPLG
0.023289072831091603,-0.22295769738953908,0.089,0.127,1,HEATR5B
0.023308520378637516,2.1200964187672326,0.015,0.003,1,CLEC4C
0.023323743734973243,-1.569493503273676,0.011,0.026,1,TBL2
0.023349843708444482,-0.9445592442755428,0.034,0.058,1,BCL2L11
0.02335951063280357,0.46161497008183594,0.212,0.171,1,THUMPD1
0.023361825756811255,-0.11227971697307249,0.041,0.067,1,NOL9
0.02336418234461849,-0.15565084858404177,0.036,0.061,1,RPP38
0.0234216500137664,-0.7657753569032639,0.012,0.027,1,MAP3K21
0.023438087038923295,2.124477928255218,0.018,0.005,1,P3H4
0.023454183081350867,0.6327431116087262,0.156,0.122,1,INPP5D
0.023477697622131467,-0.46232086987781873,0.023,0.043,1,ZNF3
0.023492720550401112,-0.8364211440342291,0.027,0.048,1,PPAN
0.02350372941900574,-1.1233800197060035,0.018,0.035,1,PACRGL
0.023551071156270222,0.6896805140277895,0.157,0.122,1,GNG10
0.023598930623091634,1.7579697824512541,0.018,0.005,1,PDZD7
0.023627442518575268,-0.7745924648165325,0.034,0.058,1,HMGCR
0.02363121402450257,1.476627808471263,0.018,0.005,1,CHIC1
0.02363845040919271,-0.390237694096109,0.039,0.064,1,LONP1
0.023643315594136627,-0.10511853517821859,0.229,0.288,1,YBX3
0.023670417807303407,-0.8905665932653588,0.012,0.027,1,ALS2
0.023680160445740336,-0.39769708334499265,0.071,0.104,1,TNPO2
0.02370654394244934,-0.3272648968457318,0.148,0.194,1,ZNF148
0.023834657231205626,1.3955933577721047,0.067,0.042,1,NEK9
0.023872612416670005,0.35121322876332806,0.468,0.449,1,CDK6
0.023892397998046423,-0.38525601246836594,0.052,0.08,1,FAM102B
0.02392430570591716,0.4711080771564316,0.21,0.175,1,USP25
0.02392708713933049,1.6942349823977216,0.034,0.016,1,INTS4
0.02400332455956967,-0.23559512766891078,0.093,0.131,1,NCOA1
0.024019329370403568,-0.1515940393521027,0.064,0.096,1,MFNG
0.024049383123004565,-0.1635011938885646,0.192,0.248,1,CHCHD3
0.024128037434124772,-0.3267442418375768,0.053,0.082,1,ZBTB21
0.024158965029034928,1.1754340087723274,0.093,0.064,1,PGPEP1
0.02423145597498541,-0.11177730652348661,0.012,0.027,1,LINC00330
0.024317930153171637,-0.6416071962109497,0.031,0.053,1,OAS2
0.02434699102818001,-0.509727064456428,0.05,0.079,1,SPOUT1
0.024367565690250153,0.5925528852690822,0.276,0.245,1,SELENOS
0.024388139507266336,-0.21362347230671785,0.206,0.261,1,CENPK
0.024396073660443815,-3.292411399428209,0.002,0.01,1,CD3E
0.02445096792468384,-2.9884761455901847,0.002,0.01,1,NME1-NME2
0.024457251692739743,2.0672856983981047,0.025,0.01,1,EBLN2
0.024505969196075658,-2.8466834882723653,0.002,0.01,1,DNAAF1
0.024505969196075658,-2.5216946957975006,0.002,0.01,1,LOC101929331
0.02456107140057466,-1.6749206433486368,0.002,0.01,1,HOXC8
0.02456107764192687,-1.9053950621000375,0.002,0.01,1,MS4A1
0.02456107764192687,-2.2295788932237466,0.002,0.01,1,RPUSD2
0.024595312046028585,0.6793273619045983,0.228,0.192,1,SNX14
0.024616293429710286,-1.9262927304099007,0.002,0.01,1,DLC1
0.024616293429710286,-1.7459011953124506,0.002,0.01,1,DNM1P46
0.024616293429710286,-2.0109448543467803,0.002,0.01,1,EVA1C
0.024616293429710286,-2.2064923856699687,0.002,0.01,1,LEAP2
0.024616293429710286,-1.7863168125565592,0.002,0.01,1,LINGO3
0.024616293429710286,-1.876406944647071,0.002,0.01,1,PLEKHA7
0.024616293429710286,-2.068852237450878,0.002,0.01,1,RAB43
0.024616293429710286,-1.8940676265143654,0.002,0.01,1,SERPINE2
0.02467161672706394,-0.42085395095806266,0.002,0.01,1,APOL4
0.02467161672706394,-1.9890123995930633,0.002,0.01,1,FAM89A
0.02467161672706394,-2.0166075994661634,0.002,0.01,1,ZNF10
0.02468179849378963,-0.21437068602346204,0.264,0.33,1,FGD5-AS1
0.024684833705344085,1.635627667614044,0.03,0.013,1,RIC8B
0.024694295894374066,-1.044097894083586,0.017,0.034,1,GMPPA
0.02470357622495309,1.2014103610768432,0.069,0.043,1,RNVU1-15
0.024724307528592775,1.2426077092294783,0.063,0.038,1,HSF2
0.024727047701791117,-1.6233697393062503,0.002,0.01,1,OSBPL10
0.024727047701791117,-1.7110527305295342,0.002,0.01,1,PRG2
0.024727047701791117,-1.6889262989935707,0.002,0.01,1,SEMA3C
0.02476482179469858,1.1305696012554427,0.067,0.042,1,NFRKB
0.024775420542700717,-0.5008620672826671,0.046,0.072,1,TRDMT1
0.024779688923194522,-0.5918215467808281,0.011,0.026,1,ZNF788
0.024782586521860078,-1.7443291388661963,0.002,0.01,1,APOOP5
0.024782586521860078,-1.3274991683883641,0.002,0.01,1,CXorf65
0.024782586521860078,-1.6840181846708315,0.002,0.01,1,STAG3
0.024782586521860078,-1.8964495250612075,0.002,0.01,1,TREML2
0.024782586521860078,-2.4209675959350268,0.002,0.01,1,XKR5
0.024795856194374674,0.676703399635628,0.128,0.093,1,MYOF
0.024835304882905408,1.624993451416549,0.03,0.013,1,TRIP6
0.024838233355404263,-0.799539619970151,0.002,0.01,1,NAV2
0.024838233355404263,-1.3475887109027962,0.002,0.01,1,WIPF3
0.024874815481457178,-0.17391137940748203,0.112,0.154,1,DHX30
0.024893988370722,-1.232575638894584,0.002,0.01,1,GCSAM
0.024893988370722,-1.4872185477404818,0.002,0.01,1,GLB1L3
0.02489681493171933,2.249013391421599,0.025,0.01,1,SYCP2
0.02492681309314636,0.2007559628439215,0.724,0.716,1,TSPO
0.024952758487127073,0.7118059059289472,0.282,0.253,1,CHD2
0.024989873124754005,0.3724921596453217,0.446,0.439,1,DAZAP2
0.025102253179540016,1.2895365014239095,0.071,0.045,1,IRGQ
0.0251099867798246,0.5170601957303392,0.3,0.269,1,UBE2N
0.025136110541851726,1.9659392828907358,0.036,0.018,1,MAST2
0.025179627354644577,-0.17075470119383684,0.039,0.064,1,AP5M1
0.02520546166415703,-1.1369233984462532,0.017,0.034,1,TAOK2
0.025247332275738363,-0.11575274321731865,0.128,0.171,1,RALA
0.02533139563398469,1.0331752358111168,0.082,0.054,1,STARD3
0.02536058650041018,-1.6441566152498206,0.017,0.034,1,CENPI
0.025399880353505305,-1.385362756527953,0.01,0.024,1,NAP1L5
0.02556155639930539,-0.26256907195029533,0.176,0.226,1,CENPN
0.02559051152836033,-1.4870545175573722,0.01,0.024,1,ZNF713
0.02563812602730645,-0.1611247141130323,0.086,0.122,1,RNF6
0.02565705150846723,-0.4052797267077235,0.018,0.035,1,S100Z
0.02570873175717299,-0.20578332344276973,0.074,0.107,1,PANK2
0.025734816441718007,1.6288578812029555,0.036,0.018,1,FBXO6
0.0257697303492517,-0.3792394108842059,0.022,0.042,1,STK19
0.025905407618869128,-1.0503104690832488,0.021,0.04,1,ARHGAP32
0.02590903071114761,-0.2107273657368134,0.147,0.194,1,SDAD1
0.02591852300821567,-0.2680570901581052,0.078,0.112,1,NXT1
0.025922891611010204,0.9506545421737411,0.063,0.038,1,SEL1L3
0.025943217920217858,-0.7309561722130642,0.01,0.024,1,RNF144A
0.025956284851460364,-0.23163777121901719,0.164,0.215,1,PSMA5
0.025962599254408362,-0.4576740490695159,0.048,0.075,1,ERG28
0.025984509063305065,-0.5443584630280063,0.075,0.109,1,MALT1
0.026007795927629165,-1.4491713511264384,0.01,0.024,1,GAB1
0.026010905613410212,-0.3399966878180285,0.052,0.08,1,PRKAG2
0.026031877112601125,0.8880665097726619,0.102,0.072,1,FAM234A
0.026033055859810646,0.5126404666273748,0.299,0.271,1,CDC42SE1
0.026041721834025835,1.4306165283357437,0.03,0.013,1,CDYL2
0.02619314557833395,-1.207154506265943,0.021,0.04,1,TTLL1
0.026213185826622055,-0.3830117760141416,0.054,0.082,1,METTL21A
0.026248989175330077,-0.2750942899521869,0.083,0.119,1,RPS6KB1
0.026269670970370182,-0.3007339116260277,0.126,0.168,1,FBXO11
0.026412226504127848,0.16454887226530035,0.149,0.2,1,SOX4
0.026478185079397667,0.5395235452878717,0.241,0.204,1,CNTLN
0.026617251273967205,-0.260259222437762,0.057,0.087,1,DPP9
0.02666125628529188,-0.6786580043035251,0.01,0.024,1,TMEM241
0.026669634856073477,-0.13716795422775652,0.379,0.46,1,CHD1
0.026693255570972785,-0.4043860501529326,0.039,0.064,1,ZDHHC13
0.026701197361360524,-0.10287055081848573,0.512,0.606,1,SLC25A6
0.026734621282392953,0.915931936925948,0.071,0.045,1,HECTD4
0.026752370580763764,-1.087473394589932,0.021,0.04,1,SLC52A2
0.026777701230505702,-0.8323502021832281,0.449,0.466,1,HIST1H1B
0.02679102754687136,-0.38308082960246725,0.055,0.083,1,DLEU2
0.026822952392634245,0.7027318065143384,0.183,0.149,1,RASA2
0.02684945868582438,-0.6641842688222055,0.026,0.046,1,LINC00959
0.026878122964568665,-0.6622611526203004,0.03,0.051,1,FAM118A
0.026959909669275157,-0.5832252570899481,0.01,0.024,1,YPEL1
0.026974908211021963,-0.4609576991987805,0.087,0.122,1,OSBPL11
0.027005666280388477,-0.15135930296285283,0.022,0.042,1,NME7
0.02701252313822457,-0.6718856568140001,0.017,0.034,1,DOCK7
0.027041063412265486,1.0551228331719682,0.071,0.045,1,SNX29
0.027098278307014983,-0.21550724411514316,0.228,0.287,1,GOLGA4
0.027147451224958506,-0.526868976935877,0.021,0.04,1,NEMP2
0.027147596333608626,0.9226884675497371,0.08,0.053,1,NHLRC2
0.027150469789728505,-0.5838331569532702,0.034,0.056,1,WDR74
0.02716671150331372,0.7096314352607708,0.17,0.136,1,RBM5
0.027192297538148714,-0.44124046235521375,0.038,0.062,1,UBE4B
0.027192572133353875,-0.2214856075050884,0.085,0.119,1,LSG1
0.027282747059362025,-0.4934079993420344,0.026,0.046,1,ZNF362
0.027425008504223317,-1.2559179366776263,0.009,0.022,1,ZNF530
0.02746972319719887,-0.39009784834447325,0.048,0.075,1,NUBP1
0.027500698523573175,-0.3747397530559984,0.045,0.071,1,FOXM1
0.0275073664345774,-0.12763718547262748,0.11,0.151,1,ING5
0.027507436067741746,-0.11086566534627573,0.352,0.426,1,H2AFJ
0.027518992329281806,-0.12529709132874878,0.174,0.224,1,LARP4B
0.02752898418632139,-0.1623594085965454,0.049,0.077,1,CDC25B
0.0275301414910334,-1.3463414371961266,0.029,0.05,1,PRDM4
0.02753078489121872,-1.012394861550061,0.009,0.022,1,YAE1D1
0.027601497827965064,-1.3369656767267548,0.009,0.022,1,BACH2
0.02763971814269466,-0.44879619336062127,0.064,0.095,1,SLC35B4
0.027672367361692568,-1.0035120181271164,0.009,0.022,1,PUDP
0.02774787537867768,-0.1720081454423037,0.092,0.128,1,TWF1
0.027751968379056007,-0.1898321005478607,0.072,0.104,1,ENOX2
0.02776148217543338,1.9432204805210058,0.027,0.011,1,HTRA3
0.027790814456144026,0.9220782398113092,0.09,0.062,1,ZADH2
0.027809670485264112,1.1160164194250866,0.129,0.099,1,ZCCHC7
0.02782369598872678,1.678036509063864,0.032,0.014,1,MIR3945
0.02785693101891521,0.7958815477843793,0.11,0.079,1,LARP4
0.02791566984908843,-0.2139902682536059,0.15,0.196,1,POLA1
0.028024887134355973,2.1778656083741645,0.027,0.011,1,RARRES3
0.028074701847273967,-0.10889275458470146,0.245,0.308,1,PPA2
0.028080265569041307,-0.22397946502990695,0.038,0.062,1,MAPKAPK5
0.028080677982677528,-0.6130222970571739,0.085,0.119,1,CLSTN1
0.028086507765971727,-0.12062950168477604,0.709,0.766,1,LRRC75A-AS1
0.02814086688762071,-0.45228271478750726,0.041,0.066,1,CFAP36
0.028196850055209412,1.209884528870019,0.022,0.008,1,NEURL1B
0.028302586426355313,-0.32984518125380635,0.034,0.056,1,YDJC
0.028409162806931586,1.7434035020957404,0.027,0.011,1,PDLIM7
0.028482912889803227,-0.4014079839885696,0.03,0.051,1,FOXJ2
0.02857156196393256,-0.5813951930133028,0.009,0.022,1,FZD1
0.0285830423907678,0.7237297612847757,0.128,0.096,1,ARHGEF1
0.028593741446016785,1.3542515824772567,0.061,0.037,1,NEU1
0.028637285505423056,-0.16285835756416867,0.08,0.114,1,CNOT6
0.028646860585820062,-0.3682081289877791,0.181,0.232,1,SERINC1
0.028682152464438275,-0.4540545653383945,0.044,0.069,1,BMP2K
0.028704430527997305,-2.23922303474912,0.003,0.011,1,PCDH9
0.028705053791911583,1.1699212163777775,0.066,0.042,1,POLG2
0.02876096213056047,-2.0466680108397863,0.003,0.011,1,ENPP1
0.02876096213056047,-2.2831910392592896,0.003,0.011,1,IFI44L
0.02876096213056047,-1.7622420661542897,0.003,0.011,1,LINC00562
0.028808813593199974,-0.15108786014493214,0.357,0.429,1,DNAJC7
0.028817589572846698,-2.020684776927623,0.003,0.011,1,UCN3
0.028819324547485724,-0.17196211993432398,0.314,0.389,1,PARVG
0.02885180294666346,-1.1644499345511603,0.008,0.021,1,ITPKB
0.028866764018310533,-0.5700256375993344,0.025,0.045,1,ERF
0.02887431298329993,-2.5254787270184247,0.003,0.011,1,LOC102723704
0.02887431298329993,-2.1546456807543137,0.003,0.011,1,LOC641367
0.02887431298329993,-2.2732421699591434,0.003,0.011,1,SAMD12
0.02887431298329993,-0.9327959481551353,0.003,0.011,1,TMEM121
0.02892859562309018,3.297436290656724,0.011,0.002,1,ABCG1
0.02892859562309018,3.8110751548359287,0.011,0.002,1,C15orf52
0.02892859562309018,3.295665053670386,0.011,0.002,1,EPS8L1
0.02892859562309018,3.4725026504147927,0.011,0.002,1,ETV5
0.02892859562309018,3.606385977232345,0.011,0.002,1,TMEM99
0.02893113249046668,-1.5392074761379,0.003,0.011,1,FAM86EP
0.02893113249046668,-1.5097634864193257,0.003,0.011,1,PNOC
0.02895946404417547,-0.5970982477713798,0.037,0.061,1,SNHG7
0.028988048222995652,-1.8961909748073111,0.003,0.011,1,ALG1L9P
0.028988048222995652,-2.2493807604830858,0.003,0.011,1,IL1B
0.028988048222995652,-1.9071805180407972,0.003,0.011,1,PLS1
0.029016886559925743,-0.3888123100172868,0.119,0.16,1,SSU72
0.029045060309637907,-1.2584703894057112,0.003,0.011,1,GRB10
0.029050310389495085,0.563919409850691,0.051,0.029,1,DEDD2
0.02907867945594506,2.9964544143178546,0.011,0.002,1,LOC101927989
0.02907867945594506,3.1635537626155896,0.011,0.002,1,SPATA24
0.02912475016051197,0.823113555336711,0.095,0.066,1,C5
0.029159374060777787,-1.362522919544137,0.003,0.011,1,LOC102723701
0.029159374060777787,-1.263277139393371,0.003,0.011,1,TIFAB
0.0291791072378406,2.600251270701632,0.011,0.002,1,DLGAP1-AS2
0.029250235214925084,-1.6735216955402565,0.015,0.03,1,MED4-AS1
0.02925227699465674,1.2491731084552415,0.027,0.011,1,VAMP1
0.0292798333490483,2.985930577391314,0.011,0.002,1,NUAK2
0.02928278065139372,1.3447252319882095,0.027,0.011,1,LINC00278
0.029315047014629687,-0.2341736223429578,0.136,0.179,1,NDUFS7
0.029324698118470098,-0.5179888612777335,0.02,0.038,1,ECSIT
0.029327258999128816,0.7966229640238578,0.071,0.045,1,ATXN7L1
0.029360903682889176,-0.6203882059783785,0.025,0.045,1,LCMT1
0.029380858488931842,2.246353971790488,0.011,0.002,1,KLK1
0.029393526013204954,-0.977793700872919,0.008,0.021,1,FGD6
0.029393526013204954,-1.049043227043894,0.008,0.021,1,GDAP1
0.02939595528279259,1.1265678185449408,0.062,0.038,1,HP
0.029410715560130897,-0.37564994844623056,0.025,0.045,1,RNF187
0.02946247742683094,2.022831174159288,0.02,0.006,1,IGF2BP2-AS1
0.029547335697568098,-0.26218185258816673,0.118,0.16,1,CTNNBL1
0.029549902210562095,-0.6640030051419616,0.008,0.021,1,KLF16
0.029562454664721054,-0.16666453130290387,0.328,0.405,1,EIF3K
0.02957925978462694,-0.6806217927220102,0.055,0.082,1,C11orf57
0.029658262233222644,0.9100650684345251,0.045,0.024,1,DZANK1
0.02969883753989824,-1.4293515518311652,0.007,0.019,1,ADGRL1
0.02977664855374536,-0.18384475484656426,0.1,0.136,1,DDX54
0.02978747163821482,0.6390279342122787,0.214,0.181,1,VPS4B
0.02980956883540762,1.1441555791384368,0.062,0.038,1,B3GNTL1
0.02982528259163801,-0.45358909968340555,0.008,0.021,1,MED11
0.029842680819515494,-1.3428629083644088,0.015,0.03,1,ASB13
0.02992064070414274,-0.48941050734650293,0.016,0.032,1,ZNF253
0.030032740653353762,-0.2475593449131287,0.12,0.163,1,RABGEF1
0.030063076221713884,-0.5574218073290682,0.008,0.021,1,DNASE2
0.03006883594209052,-1.2064251950788953,0.055,0.082,1,ACPP
0.030105181754700873,-0.2854208132813252,0.016,0.032,1,LRRC27
0.03017746205197032,-0.29341099252961966,0.157,0.204,1,AHCYL1
0.030182582857861375,-0.5082271520527701,0.008,0.021,1,KSR1
0.030187102860348453,-0.44610963166134754,0.033,0.054,1,SOCS6
0.030197391831609195,-1.4845989937087731,0.007,0.019,1,PEX5
0.03027799078943745,1.0739032959569397,0.072,0.046,1,TGFBRAP1
0.030283597269431688,-0.13601459923611547,0.448,0.532,1,CLEC12A
0.030320728886229834,-0.31585420672724096,0.04,0.064,1,HEIH
0.030365167014047866,-1.12158603083682,0.007,0.019,1,PDCD6IPP2
0.03046694215321641,-0.10093627704692847,0.266,0.337,1,TAF1D
0.030541531700746808,-0.7781037260574459,0.015,0.03,1,NEDD8-MDP1
0.030566791033264148,-0.3889382130679415,0.02,0.038,1,HSPBP1
0.03066070084541439,-1.2596336932839813,0.007,0.019,1,JAM3
0.03066470041826812,0.2748478786779778,0.008,0.021,1,C5orf30
0.030745692951247773,-0.16575245943731254,0.008,0.021,1,UBE2NL
0.03078604100324785,-1.683505743513959,0.007,0.018,1,ABCA2
0.03080522928022337,1.2086979740429233,0.072,0.046,1,SNX16
0.030835263777792846,-0.25255452813054635,0.025,0.045,1,ENDOD1
0.030848867462278093,-0.5247834540261911,0.02,0.038,1,SLC25A38
0.030863818296761752,-0.15197888871410165,0.312,0.378,1,HMGA1
0.030920748835731936,-1.4067184857273523,0.007,0.018,1,ZBTB49
0.030928614204128287,-0.9730520120771398,0.015,0.03,1,BIVM
0.030997080014542558,-0.11328642962727331,0.781,0.848,1,CANX
0.03104429966753522,-0.6092310274320303,0.007,0.019,1,RFPL1S
0.031054758906758115,-0.3964429813720871,0.029,0.05,1,SPAG1
0.031091137249144106,-0.12206178070116014,0.015,0.03,1,POP1
0.031095724742960847,-0.15409845354751103,0.263,0.33,1,WAPL
0.03114638635657207,-2.0436771540920335,0.007,0.018,1,SLC18A2
0.03117942438718551,0.7652291827825226,0.142,0.111,1,TOP1MT
0.031201562789127776,2.542462062225108,0.017,0.005,1,LMAN2L
0.03127345504048927,1.9887127765735997,0.029,0.013,1,HIST1H2BN
0.031286455497881345,-1.6880740174138378,0.004,0.013,1,MKS1
0.03132781551487114,2.2092096085958506,0.017,0.005,1,LOC148413
0.031363428879750334,2.9416680762233485,0.014,0.003,1,BBS10
0.031397740179961886,-1.2988968558694642,0.004,0.013,1,FZD5
0.03141591763415692,-1.8239713425383863,0.006,0.016,1,ZNF845
0.03145350974817119,-1.2978299114739764,0.004,0.013,1,LOC105374727
0.031457764855102266,-0.16474055855349357,0.098,0.136,1,SMARCB1
0.0314597573054446,-0.7263506965624709,0.02,0.037,1,DBR1
0.03146465186119509,-1.4124705795125618,0.007,0.018,1,DNAJC18
0.031499441341118435,1.9409642965798484,0.024,0.01,1,LINC02265
0.031504235386842626,2.718369534948697,0.014,0.003,1,DGKQ
0.031507873796290144,-0.2973273633029825,0.127,0.168,1,PPIE
0.03155399801030478,-0.4290324867509705,0.044,0.069,1,PLB1
0.03156530384560124,-1.277281916781373,0.004,0.013,1,BMF
0.03156530384560124,-0.967725278836415,0.004,0.013,1,UPK3BL1
0.031608898079941904,0.7393839430254703,0.086,0.058,1,PREPL
0.03162132857769904,-0.9109758255353428,0.004,0.013,1,SOX2-OT
0.03162132857769904,-0.9248118582353158,0.004,0.013,1,ZNF77
0.03170920675886771,1.6071811082043288,0.017,0.005,1,NCF1B
0.031748579457461644,-0.589600205901148,0.015,0.03,1,CAB39L
0.031774263152070284,-2.1263119601371754,0.005,0.014,1,KLRD1
0.03179557537330483,0.8422638125742963,0.05,0.029,1,EML3
0.031806694093094924,-1.179996411586536,0.014,0.029,1,ANKH
0.03181416418374816,-0.3836650114683695,0.028,0.048,1,BORA
0.031839962373428,-0.19501210687204296,0.088,0.122,1,ARHGAP17
0.03184628109876763,-0.6799218973960164,0.004,0.013,1,ENO1-AS1
0.03186108970902076,-0.48885402069856987,0.043,0.067,1,PILRB
0.03187386675024901,1.0853019268492199,0.117,0.088,1,FAM126B
0.03190146125049029,-0.5300743937203842,0.038,0.061,1,ASCC1
0.032000636961948714,-1.4602764331779348,0.006,0.016,1,BBS5
0.032000636961948714,-1.5621393716664302,0.006,0.016,1,ZNF527
0.03204978195248963,-1.6727948868540792,0.006,0.016,1,ALOX5
0.032074327970351854,-0.10850105843675029,0.091,0.128,1,BRD3
0.03209899161915161,-1.455701301031782,0.006,0.016,1,MIR646HG
0.03214114599887468,-1.5875064276102835,0.005,0.014,1,C1orf132
0.032148266028505686,-1.5352852298283928,0.006,0.016,1,TMEM2
0.03219385306218288,-2.130902478686291,0.005,0.014,1,PGBD1
0.032197605247161636,-1.7625794559189458,0.006,0.016,1,ZNF502
0.03220260700184502,-0.4708936278143536,0.007,0.018,1,BCL2L15
0.032231790199915185,0.6568528365107569,0.059,0.035,1,HTATSF1P2
0.03224700934176802,-1.246049247153615,0.006,0.016,1,RARA-AS1
0.03229948942200062,-1.0806608074624746,0.005,0.014,1,RDH5
0.03234601242562051,-1.0781390168591631,0.006,0.016,1,LIPT2
0.03234800754933697,-0.32538659542202764,0.097,0.133,1,NFYB
0.03237213970703221,0.8769214507906453,0.093,0.066,1,PDXK
0.032415688144106086,-0.5343185381416622,0.163,0.205,1,KIAA0368
0.032427267940291,-0.8760342886450574,0.014,0.029,1,EXTL3
0.0324452758140269,-1.1102711609008038,0.006,0.016,1,ZNF99
0.03246265105594192,-0.39360329190206267,0.033,0.054,1,ERV3-1
0.032495005289470844,-1.2126805288708757,0.006,0.016,1,MTHFD2P1
0.032500477893801095,0.5785193776176076,0.464,0.471,1,ZFP36
0.032529361811060746,0.9250431571151791,0.034,0.016,1,PLEKHA8P1
0.032530097105713786,-0.48360471188263965,0.007,0.018,1,PEX6
0.03254480004157022,-0.9464825563508468,0.006,0.016,1,ZNF154
0.03256488048082398,-0.8392085785463692,0.005,0.014,1,ZBTB39
0.03259466013724448,-0.7039933000233756,0.006,0.016,1,DNMT3B
0.032605799785685716,-0.2522629406885559,0.024,0.043,1,FOXRED2
0.03262080160693381,-0.5033283437017433,0.059,0.087,1,UNG
0.03264458564345176,-0.9324672940916816,0.006,0.016,1,CASP1P2
0.032671558680233366,-1.111613312875142,0.005,0.014,1,AGMAT
0.032671558680233366,-0.8484792322023864,0.005,0.014,1,FRG1DP
0.032671558680233366,-0.5020017824056744,0.005,0.014,1,TDRD9
0.032694576627188714,-0.22373869281204595,0.006,0.016,1,FSIP1
0.032718869335372144,0.41770804265703887,0.336,0.304,1,SNW1
0.032832137067002894,-0.7326289384721489,0.005,0.014,1,LINC02275
0.03284494311412217,-0.5028652934775861,0.006,0.016,1,CELF4
0.032893592860320224,0.547553909616129,0.168,0.133,1,OTUD4
0.03289359642987734,-0.17382907082931798,0.015,0.03,1,B9D2
0.03293956433800963,0.40990903784969834,0.005,0.014,1,BRD7P3
0.032980107165708254,-0.20780119846036282,0.161,0.208,1,CAMTA1
0.03298731339620742,-0.5926636020135807,0.049,0.075,1,ZNF121
0.03299729254180838,0.5683337342294935,0.27,0.242,1,PNPLA8
0.03306109961610569,-0.14924416927310968,0.103,0.141,1,EBP
0.03308153289313568,1.3628319143517462,0.024,0.01,1,MYO1C
0.03315195220683234,-0.1415459377526781,0.275,0.343,1,RN7SL2
0.0332176459960174,1.2544451694751708,0.029,0.013,1,TECPR1
0.03328491904762474,0.5264735546102965,0.291,0.261,1,MAPRE1
0.033299404417039366,1.0673730179016625,0.132,0.103,1,RNPC3
0.03332696010918051,-0.4357647598170544,0.028,0.048,1,THOC3
0.03332940507296261,0.1100789586351334,0.107,0.146,1,DBF4
0.0333447945404672,1.0984987390360108,0.058,0.035,1,MROH1
0.033348670899205034,1.3677873238950893,0.029,0.013,1,ZNF674-AS1
0.0333698022053944,0.8748935564809455,0.024,0.01,1,VAV2
0.033459289139379775,0.8167259253808554,0.034,0.016,1,ILDR2
0.03348971970637248,0.519434034016906,0.347,0.325,1,DOCK8
0.033561570841932745,-0.14219198275257883,0.06,0.088,1,MKRN2
0.03356462381087297,-0.4774169508989772,0.045,0.069,1,UTP20
0.033673981109853195,-0.3353017284085782,0.024,0.043,1,RAP1GAP2
0.03368536730548638,-0.2042138858032002,0.113,0.154,1,ANKRD44
0.0337586589474216,-0.9038491213171458,0.023,0.042,1,NFKBID
0.033900924691349116,0.9746402557575846,0.081,0.054,1,CCDC57
0.03397071843521475,-0.43280650587789093,0.028,0.048,1,HIST1H2BO
0.034057029554802644,-1.5410995360033475,0.013,0.027,1,CTNS
0.034143989970251004,-0.272633440132934,0.135,0.176,1,CCP110
0.034186955124119955,0.7395398352972375,0.101,0.072,1,MRPS31
0.03419588446468013,1.1417434230998889,0.056,0.034,1,HELB
0.034203054121210566,-0.28721335505305,0.067,0.098,1,ASNA1
0.03431056975563014,1.1536530094798172,0.035,0.018,1,DBNDD2
0.03433339354248697,-0.13035384853517867,0.224,0.285,1,RPN1
0.0343647975648653,1.5076238394607095,0.047,0.027,1,TESMIN
0.03442550793593922,-0.16882307431122645,0.428,0.506,1,PSMB1
0.034436835791539076,-0.23594050084599227,0.104,0.141,1,LATS2
0.034523523230259985,0.8320809607359837,0.155,0.123,1,ATF6B
0.03454080849266694,-0.21378303664712517,0.101,0.138,1,PIEZO1
0.03457206069086858,-0.6495260689732341,0.019,0.035,1,B3GALT6
0.03470096618484649,0.8019359907417747,0.176,0.144,1,TPMT
0.03482407746631321,-0.40286176108528093,0.067,0.098,1,P2RY13
0.03486531625252583,-0.3469116885446708,0.048,0.074,1,ARRDC4
0.03489469829209884,-0.26945266384994226,0.267,0.325,1,ILF2
0.03512318578585789,-0.37990811046365724,0.027,0.046,1,AAR2
0.035168594455154405,-0.5159967125054585,0.046,0.071,1,UBASH3B
0.03518759779455002,-0.652736798266552,0.045,0.069,1,INPP4A
0.035359073042808664,-0.17341834736292516,0.101,0.138,1,SRPK2
0.03537525445420156,-0.21805773885652147,0.076,0.109,1,SLC4A1AP
0.035396226396505304,-0.32434403617947805,0.019,0.035,1,CDC25A
0.03545632548421116,2.0095451454569835,0.021,0.008,1,INTS6-AS1
0.0355004275081388,-0.6067882907038205,0.038,0.061,1,EMSY
0.03554403225907022,-0.47727473449173297,0.051,0.077,1,WDR60
0.03555057883685889,-0.5103623379387441,0.074,0.104,1,B3GALNT2
0.035567711278725996,-0.6323241445614953,0.034,0.056,1,BOLA2-SMG1P6
0.03559025828773771,-0.8211517124406411,0.03,0.05,1,DNAJC16
0.035596134025111574,-0.3194573433192991,0.056,0.083,1,FAR2
0.035626547807280466,-0.4935848680430559,0.049,0.075,1,DPY19L1
0.03568315857963219,-0.220597169356346,0.028,0.048,1,LINC01184
0.035721449313458616,-0.8614215107289565,0.027,0.046,1,CEP68
0.035727476665445713,1.6506440589906979,0.051,0.03,1,JOSD2
0.03575649451750383,-0.3431326583883747,0.083,0.115,1,BLZF1
0.035764693765784054,2.094732900534014,0.026,0.011,1,LINC01504
0.03584037362637821,-0.2160784177643622,0.138,0.183,1,JMJD6
0.03584959177309806,0.6121031811506776,0.242,0.212,1,SETD5
0.03594727315377386,1.946009036053793,0.021,0.008,1,CYB561
0.03598559704460619,1.1310757380314262,0.078,0.053,1,ILF3-AS1
0.03598844585625879,1.8287927798107506,0.021,0.008,1,EPN2
0.03605760601826712,0.9737999236558758,0.14,0.109,1,PAPD4
0.036088129558819564,-1.0075805950317611,0.013,0.027,1,NANP
0.036093445233749126,-0.1232404600879402,0.503,0.601,1,USMG5
0.0360952855552367,-0.24985400090848175,0.038,0.061,1,ICK
0.03619541013114793,-0.460435466748752,0.047,0.072,1,ZNRD1
0.036202401030255106,-0.17838235065752722,0.278,0.349,1,ANKHD1
0.03627037957454013,-0.5325143954094766,0.038,0.061,1,INO80B
0.03638075367255092,-0.47208685227682556,0.045,0.069,1,ZNF598
0.0364102496489753,0.788548859978928,0.149,0.117,1,TMEM35B
0.036428802835314536,-0.39806601982957535,0.061,0.088,1,ANAPC1
0.03658480242089607,-0.5941163201515387,0.034,0.056,1,RPP21
0.03671592482348628,-0.3148542723808909,0.075,0.107,1,TIMM44
0.036782105480560996,-0.7105478530845519,0.045,0.069,1,CHPT1
0.036822489711556196,1.4350288562076208,0.039,0.021,1,ITGA7
0.03685981918966997,-0.16907551967021295,0.062,0.091,1,CUTC
0.03690371999837794,-0.12445059002166525,0.084,0.117,1,PELI2
0.03692123011702585,-0.6020920639002267,0.058,0.085,1,ZDHHC12
0.03695307527542083,-1.1616040355136086,0.018,0.034,1,SLC25A33
0.036987032710881884,1.2195520019493933,0.049,0.029,1,SLC35E2
0.037012036305120045,-0.12823159629780467,0.17,0.218,1,GGH
0.037019405567066475,0.8225485906632006,0.125,0.095,1,FBXW2
0.03709198073892522,1.7528981056039874,0.041,0.022,1,LZTR1
0.037101196345359015,-0.6238374033648686,0.03,0.05,1,APPL2
0.03712073926937655,0.9921858288392125,0.046,0.026,1,TSHZ3
0.037176907526409904,-0.4446636693342936,0.031,0.051,1,CRTC2
0.03718352490012023,-0.4318937800753808,0.051,0.077,1,UNC50
0.037188550756590416,0.1993250295783724,0.182,0.24,1,OPA1
0.037231612033227654,0.6573680851674466,0.129,0.099,1,UBXN7
0.03725351875278904,1.8872116037430224,0.033,0.016,1,HIST1H2BF
0.037399927260549456,0.62342110008986,0.155,0.122,1,ZFAND6
0.03748539241921559,0.5861043442383453,0.137,0.104,1,PTAR1
0.03751302251006155,-0.29377066433309085,0.064,0.093,1,CLPTM1L
0.03777019649209243,-0.24958050855919112,0.013,0.027,1,DCBLD2
0.03779376193549176,-0.694006780911872,0.026,0.045,1,TSSC4
0.03788195591735381,-0.33871715579442796,0.094,0.128,1,WBP4
0.03788804848540473,-0.22205453214771165,0.074,0.104,1,CHTF18
0.03791092111094857,1.2343571925157977,0.026,0.011,1,RASSF7
0.03798320457318986,-0.17871138756091698,0.038,0.061,1,LCLAT1
0.03803394758495989,1.392232380141532,0.033,0.016,1,SMG1P2
0.03805785754830623,1.6407585977626793,0.066,0.043,1,MVP
0.038102463301291495,1.57993222176699,0.033,0.016,1,AFG1L
0.03811418137293629,-0.36086593380514387,0.031,0.051,1,ELMOD2
0.03815567006132164,-0.27150369577968325,0.079,0.111,1,RAB11FIP2
0.03819993276013592,1.1436400479700548,0.074,0.05,1,SLCO4C1
0.03825860731744217,-0.19224321189687155,0.059,0.087,1,DMAP1
0.0384076218628985,0.7261725732196324,0.145,0.115,1,ADAM17
0.03844974829056708,0.8299075576434392,0.061,0.038,1,CRISPLD2
0.038478845718202745,0.928473934561628,0.12,0.091,1,FNTA
0.03847898391282663,1.0624988984569004,0.071,0.046,1,AVL9
0.03851602789513105,-0.2446487376653197,0.022,0.04,1,GCDH
0.03865623448873593,-0.7629137993551418,0.012,0.026,1,GPHN
0.0387143949384008,-0.45244198641069033,0.08,0.111,1,SUCLA2
0.0387912293954204,0.913043444550008,0.118,0.09,1,GLB1
0.038807904424213654,-0.17257638987560975,0.25,0.311,1,GNL3L
0.038909847719659774,-0.2712205184394796,0.07,0.099,1,INCENP
0.038964421692855106,0.8959142562583757,0.06,0.037,1,SMG6
0.038980099653839785,-0.883911443884541,0.012,0.026,1,PTCSC1
0.039001774910538405,-0.4916018596350291,0.012,0.026,1,HARS2
0.039054726736942394,-0.1627744150900554,0.313,0.375,1,SETD2
0.039156321217515756,-0.3354631233793639,0.088,0.122,1,SRFBP1
0.03919559924385801,-0.36970070108640796,0.044,0.067,1,TSEN34
0.0394647874947796,1.8205405305100877,0.019,0.006,1,ZNF767P
0.03957861058621808,-0.20430218806035882,0.304,0.365,1,BDP1
0.03959836437081254,1.323611929472698,0.089,0.064,1,GFPT1
0.03963961621381642,0.1007256510638801,0.119,0.16,1,PRMT1
0.03967872632354693,-0.4579846618358925,0.012,0.026,1,NSDHL
0.03973599658483618,0.9374836730307785,0.051,0.03,1,ENGASE
0.039751547485700096,-0.16439230496484258,0.042,0.066,1,MCRIP1
0.03978884337532415,-0.4147141120143685,0.012,0.026,1,DPP6
0.03982922545965863,-0.36101094281448853,0.097,0.131,1,AASDHPPT
0.03992132313222986,-0.6510898920626031,0.012,0.026,1,FANCE
0.04000997711085974,-0.23069594387773296,0.085,0.117,1,CEP83
0.0401202401991378,-0.49885872540144893,0.04,0.062,1,VPS50
0.040181556942699356,3.5661099087851627,0.01,0.002,1,FRRS1
0.040181556942699356,2.80457024851611,0.01,0.002,1,LINC01127
0.040181556942699356,3.2812668409974304,0.01,0.002,1,LOC101927543
0.040181556942699356,2.96788455356465,0.01,0.002,1,PRSS12
0.040181556942699356,3.3309488215624556,0.01,0.002,1,TRPM4
0.040182154358442496,-0.12766392168080642,0.076,0.107,1,BDH2
0.040231898597632015,-0.36394246345304904,0.012,0.026,1,CABLES2
0.04025038651526112,3.21415773313391,0.01,0.002,1,SOX6
0.04025038651526112,3.200116103688342,0.01,0.002,1,UBTD1
0.04031931605222375,2.849057212823106,0.01,0.002,1,BTBD8
0.040358090058488075,0.7155502116849433,0.067,0.043,1,ZBED6
0.04039769017105614,-0.8149965076786385,0.017,0.032,1,RAD54L
0.040422653753095894,0.626497052070013,0.073,0.048,1,KIAA1841
0.04045747546191374,2.537507731170572,0.01,0.002,1,AOC1
0.04045747546191374,2.8465472464950814,0.01,0.002,1,HOXB-AS1
0.040526705556072955,2.713094340987827,0.01,0.002,1,LINC00513
0.040539665315823356,-0.10699325092714751,0.163,0.212,1,APRT
0.040594166588173206,-0.136306049303773,0.147,0.192,1,COMMD2
0.040595225293267215,-0.3760812775014952,0.07,0.099,1,MRFAP1L1
0.040597589988734854,0.7771439547269641,0.094,0.067,1,ATXN2
0.04076908115690911,-0.5935670893345182,0.012,0.026,1,ALKBH2
0.04078948891772468,-0.21557454467355353,0.061,0.088,1,GNPNAT1
0.040795141985452615,0.6450974207016462,0.197,0.167,1,ZDHHC3
0.04079613128554939,-0.23052873249775363,0.037,0.059,1,TSPYL4
0.040804631114317445,1.5255492137756965,0.01,0.002,1,MFSD3
0.040859300962535476,-0.17452703424601745,0.061,0.09,1,NDUFS8
0.040987239193701196,-0.4757470652773623,0.077,0.107,1,RAF1
0.0409931935074749,-0.12814364558183666,0.432,0.516,1,PSMA1
0.04102861016264317,0.7081796160423979,0.019,0.006,1,LINC00641
0.04108983466668783,-0.11746915595793173,0.771,0.857,1,HNRNPC
0.0412076078475447,1.18513020051732,0.062,0.04,1,SOGA1
0.041293550586014215,0.5368505755780076,0.136,0.106,1,ZNF318
0.04129866352534278,1.6226004234373126,0.048,0.029,1,KANSL1L
0.04132071665761403,-0.10307166105032484,0.144,0.188,1,ZNF24
0.04134729285338009,0.8527768855594329,0.057,0.035,1,RSPH3
0.04139895585186444,-0.5373136901086333,0.069,0.098,1,NUP160
0.041442839297792515,0.7933241838434719,0.101,0.074,1,SBDSP1
0.041475396681283506,0.5946161503984962,0.218,0.186,1,HSH2D
0.041478543538097996,0.5730400263927401,0.233,0.2,1,MYO5A
0.04150090828205286,-1.0629016872136776,0.011,0.024,1,ALDH1L2
0.04151165649447291,1.6274400677479792,0.023,0.01,1,THBS4
0.04163548464956708,-0.25923680320411124,0.034,0.056,1,SYMPK
0.04170434135477577,1.1021687041584198,0.057,0.035,1,S100PBP
0.041706495719582536,1.3204199571495003,0.028,0.013,1,LINC00528
0.04173666813157417,-0.2658874936810871,0.114,0.154,1,C17orf62
0.04175313777263912,1.3319556028938662,0.034,0.018,1,CH17-340M24.3
0.041898669545639235,0.3500893460106535,0.275,0.242,1,TCF25
0.041933050395503615,1.0435289785555066,0.07,0.046,1,USE1
0.04197953966659617,1.80753724880499,0.016,0.005,1,DYNC2H1
0.042012632362095265,-0.7689667321234168,0.025,0.043,1,FAM117B
0.04207979740065865,0.6520593547337039,0.25,0.223,1,C4orf48
0.042103374559712296,-0.27039105065065394,0.037,0.059,1,RAD9A
0.042216099340751184,-0.5929231137779247,0.011,0.024,1,WDYHV1
0.04221700260130788,-0.2554461506697516,0.13,0.17,1,NAE1
0.04225944431625782,1.4759799447072872,0.045,0.026,1,PRUNE2
0.04231224143676246,-0.7358300147898129,0.011,0.024,1,HIPK1-AS1
0.04232640161571659,-0.6235044181555276,0.026,0.045,1,DZIP3
0.04237623968002146,-0.34925508592638876,0.074,0.104,1,NAXE
0.042381939750337376,-0.28678973888051984,0.068,0.096,1,PPP1R14B
0.04242560506330028,-0.10526957977547546,0.113,0.149,1,NCBP2-AS2
0.042561113198312905,-0.7846175800934412,0.025,0.043,1,SLC25A26
0.0425763383851636,3.287499031120408,0.013,0.003,1,C18orf65
0.0425763383851636,2.885794726858175,0.013,0.003,1,DGCR6
0.04259214075289389,-0.18176477407388805,0.233,0.285,1,KIF22
0.04261203592538735,1.1939839971962805,0.043,0.024,1,DENND1C
0.04262331862170475,0.7057304552629808,0.151,0.119,1,MCU
0.04263900934699122,3.1501567970100774,0.013,0.003,1,C9orf47
0.042639773327163344,-0.2656201644426548,0.017,0.032,1,ZNF737
0.04270175829833926,2.8355229901146295,0.013,0.003,1,ANKRD44-IT1
0.042729399399544725,0.978183571455528,0.092,0.066,1,IFT52
0.042742948304237,-0.15094498707392123,0.034,0.054,1,RPS6KB2
0.04276458531261515,2.7052229947711073,0.013,0.003,1,DHRS1
0.04276458531261515,2.811139372239831,0.013,0.003,1,TP73
0.04279127311024815,-0.7532324654943885,0.029,0.048,1,NECAP2
0.04289047382374212,2.7480368892480964,0.013,0.003,1,CDH23
0.04289047382374212,2.7394160365305016,0.013,0.003,1,ECM1
0.04289047382374212,2.491756717924824,0.013,0.003,1,NPIPA5
0.04296850427777789,-0.1503736167958114,0.017,0.032,1,TMUB1
0.04312268416834367,-0.2931251402920063,0.044,0.067,1,CCDC138
0.043143190834656064,2.391285843719225,0.013,0.003,1,PPIP5K1P1-CATSPER2
0.043325221637623874,-0.5773823141219016,0.109,0.143,1,CLPX
0.04333605395844378,0.4690120400008106,0.322,0.293,1,EEA1
0.043365824527007976,-0.4873056507520439,0.029,0.048,1,UBXN8
0.04342034181228224,1.0736598204184329,0.064,0.042,1,VAMP4
0.04349341534589633,-0.15848678964701213,0.119,0.159,1,CDC26
0.04358368587842787,-0.2337910001605863,0.021,0.038,1,CLP1
0.04359505392918018,-0.16073377362910946,0.1,0.135,1,STRN
0.04360584074246568,1.8103629202304998,0.03,0.014,1,FXR2
0.04384274815869663,0.9015396909365969,0.034,0.018,1,HIST1H2BJ
0.04387886025562669,-0.15491473366114605,0.494,0.566,1,HP1BP3
0.04391623145717813,-0.3419077384961242,0.053,0.079,1,TCTEX1D2
0.04394185854336905,-0.4477631322664952,0.057,0.083,1,CARHSP1
0.04404804340473187,0.19362719207146162,0.042,0.066,1,TATDN2
0.044115718100583734,-0.4303100530762518,0.04,0.062,1,RAB3IP
0.044126708941553364,-1.2108036413461214,0.01,0.022,1,SLC25A19
0.04422038765150995,-0.31995753074380806,0.017,0.032,1,URB1-AS1
0.04422323266734994,-0.8847732738690826,0.028,0.046,1,ZNF268
0.044236555706549455,-0.394943371118633,0.065,0.093,1,REXO2
0.04424899582478487,0.5482094195818569,0.163,0.131,1,TMED7
0.044334241416294266,-1.1444244225496445,0.01,0.022,1,ZNF257
0.044363006717456126,-0.2261056922194955,0.063,0.091,1,SART1
0.044478690683372415,-0.7119698439430291,0.02,0.037,1,FBXW8
0.044647494309904216,-0.17031684264135727,0.291,0.351,1,ELOC
0.044699743358737255,1.0245581855370627,0.085,0.059,1,RBM18
0.04474348313983378,-0.7114651266509755,0.041,0.062,1,GNB5
0.04477138610266343,-0.30683671142456115,0.029,0.048,1,RPL23AP7
0.04493993327285354,-0.1629561518583159,0.165,0.208,1,DR1
0.04498556417843676,0.6663178304700985,0.185,0.155,1,MGEA5
0.04503326067266056,-1.306852924122024,0.024,0.042,1,TMEM251
0.04503783152985496,0.3791211829168539,0.506,0.494,1,OSBPL8
0.04507158231546802,-0.8299526836701792,0.016,0.03,1,THOP1
0.04508400345623341,-0.24878059813863018,0.04,0.062,1,TBC1D10C
0.04510778059330657,-0.8802721633110462,0.02,0.037,1,BRMS1L
0.04511366333665113,-0.6046792862963675,0.032,0.051,1,FANCA
0.04511971740085457,0.5153671281676226,0.359,0.348,1,SPCS1
0.045165617386032496,0.8657298663039965,0.066,0.043,1,GAB2
0.04521649018566982,0.6965427615072202,0.134,0.104,1,WARS
0.04530348718911623,0.315591261107272,0.143,0.112,1,CCNT1
0.04537383423303702,-0.2974806477044001,0.143,0.186,1,KAT6A
0.045393678758521,-0.18326964125215017,0.044,0.067,1,SLC35B3
0.04542209979956441,-0.23515413679612485,0.154,0.196,1,ARFGEF2
0.045480811850626655,-0.38698837941056796,0.065,0.093,1,DANCR
0.045554863107569066,0.1658677181035202,0.065,0.095,1,CFAP20
0.04563293141727947,-0.43581070932388455,0.035,0.056,1,MGAT4A
0.045643928391393446,-0.4306818380097661,0.074,0.104,1,PMF1
0.045741105063597944,0.8531151816909484,0.066,0.043,1,IPCEF1
0.045747262433864545,0.8651474836973942,0.081,0.056,1,SNHG12
0.04579702635561328,1.5150553010034504,0.038,0.021,1,LOC102724532
0.04586362027594204,-0.3714732873825648,0.01,0.022,1,RHOBTB1
0.04588825055752323,0.9698717913295467,0.045,0.026,1,NMRK1
0.04614447882297589,-0.1902983541829424,0.046,0.069,1,ARAP2
0.046196773413699654,2.0370939797134477,0.025,0.011,1,BSPRY
0.0462032497268336,-0.1897089767370621,0.091,0.125,1,PHTF2
0.04633479490006626,-0.2986653110163551,0.065,0.093,1,ZFY
0.046337754681831204,0.4613290717791707,0.179,0.146,1,RGS19
0.04636141489614712,0.10882154475747918,0.087,0.12,1,STK38
0.04638760933342307,-0.4356790884756707,0.016,0.03,1,PEMT
0.046423960645749975,1.2928632443670645,0.038,0.021,1,NAA40
0.04644363819216905,-0.4085609704004862,0.039,0.061,1,ABRAXAS2
0.04656268936021855,0.8978946958042031,0.159,0.131,1,FAM91A1
0.046672911789254506,1.1126404847357536,0.048,0.029,1,PLAGL2
0.04675488221432236,1.8890732567775146,0.025,0.011,1,SREBF1
0.04699337526962015,-0.16821014359553121,0.049,0.074,1,RACGAP1
0.04702500212949324,-0.17351835812525995,0.108,0.144,1,TUBB6
0.047415868198806756,-0.4067415927953526,0.057,0.082,1,WDR5
0.04744981597013967,-0.9011522707046815,0.031,0.05,1,USP28
0.047601473578702425,-0.234147940387331,0.08,0.111,1,PARG
0.04767348385584938,-0.6441610994630356,0.024,0.042,1,WDR45
0.04784233861748053,-0.10551065247656011,0.101,0.136,1,PSMD13
0.04787747700106117,-0.41750961710571,0.032,0.051,1,C12orf49
0.04804904205210442,0.7296340328782913,0.201,0.171,1,CCDC186
0.048090952033334126,0.8071973989185661,0.118,0.09,1,FAM198B
0.04811725557290249,-0.8693868556613378,0.009,0.021,1,IDI2
0.04811725557290249,-1.1261765865905375,0.009,0.021,1,LOC105373656
0.04828596744122776,1.2133734199123847,0.04,0.022,1,METTL7B
0.048309564559244685,-0.5888149028965852,0.041,0.062,1,FBXO4
0.04840815955098806,-1.4203986979726455,0.009,0.021,1,ZNF764
0.048425571499549264,0.3442600928626073,0.147,0.117,1,COIL
0.048563112757042205,0.2073498574614856,0.029,0.048,1,ETFDH
0.048628341565462106,-0.7217668609762833,0.023,0.04,1,FAM89B
0.048641941548845394,-0.5645613689234681,0.009,0.021,1,CTAGE1
0.04879741982810611,-0.11383842202869854,0.069,0.098,1,COX10
0.04883061576370347,1.1338607445771602,0.061,0.04,1,SNORD3A
0.04885542100448548,0.5172673355747128,0.137,0.106,1,ARPC5L
0.048894476126189745,0.5241373360357635,0.116,0.087,1,UHRF2
0.049013124102450824,-0.25600497373800035,0.052,0.077,1,URM1
0.04904937938134324,-0.10847523891470501,0.082,0.114,1,OXCT1
0.04905368444588646,-0.19407357416163418,0.028,0.046,1,MPPE1
0.049197985191358796,-0.45805381815591395,0.052,0.077,1,ZNF430
0.049332728783762644,-0.19386519765156662,0.095,0.128,1,PHF19
0.04940830478328815,-0.48582433162139615,0.009,0.021,1,LINC00969
0.04941047357288285,-0.8686853128720577,0.015,0.029,1,ZNF747
0.049456169105023165,-0.19429195216711492,0.16,0.204,1,EIF2S1
0.0495637330569682,-0.21967661072926792,0.161,0.202,1,NUDT1
0.04958789461435306,-0.41867625807366293,0.061,0.087,1,PHF2
0.049596531781773125,-0.18939250151951903,0.035,0.056,1,SLC10A7
0.049730644374137864,1.3003162732495732,0.032,0.016,1,DNAJA4
0.049834607101487925,0.15680485662259014,0.55,0.556,1,TMBIM6
0.04985143142895843,0.8689713817364453,0.05,0.03,1,RASGRP4
0.05010868715675591,0.6636783256893498,0.174,0.144,1,AFF4
0.05014145529460525,0.4460466170021571,0.21,0.178,1,BNIP3L
0.05029142944186232,-0.37893594501993055,0.13,0.167,1,SMG7
0.05035243623712697,-0.6445845061537523,0.037,0.058,1,LOC101927752
0.05036539759262722,-0.5246576664537281,0.009,0.021,1,ZNF28
0.05039795552546947,-0.10377505377331397,0.015,0.029,1,DEPTOR
0.050416030748698076,0.41575945513697804,0.227,0.192,1,UPF2
0.05045794249087114,-0.9854478026727289,0.023,0.04,1,ZNF44
0.0505448229394976,-0.5562925842387378,0.02,0.035,1,ZNF496
0.050644279684441136,-0.17998977796589788,0.048,0.072,1,ADAM15
0.05090023603941308,1.169493234296888,0.075,0.053,1,ATG7
0.05091384853671174,-0.42441866641661186,0.023,0.04,1,LOC100288798
0.051034924469840044,-0.16933664845604168,0.648,0.732,1,CTSS
0.051101842210809566,-0.14170128975912233,0.053,0.079,1,EHD4
0.051116940559142864,0.8168449462747462,0.04,0.022,1,CYB5D2
0.05114270748732745,0.9951568654063878,0.094,0.069,1,GBA
0.05122545214660901,-0.4280741387755813,0.065,0.091,1,GALC
0.051291131667730014,-0.3309626454858514,0.064,0.091,1,CLOCK
0.05136416003777336,-0.2022160814260301,0.071,0.099,1,TEC
0.05144132523810441,-0.24909467113964157,0.02,0.035,1,CA5BP1
0.051503233357751234,-0.11102335683111342,0.015,0.029,1,TTC26
0.051599318822560705,1.0927280857541086,0.071,0.048,1,CSRNP1
0.05162057591545641,-0.2569969773743883,0.089,0.122,1,USP39
0.05164889100705606,-0.7783385856388523,0.019,0.034,1,DCLRE1A
0.051667316110361336,-0.6241983020265192,0.023,0.04,1,CPSF4
0.05185473627616811,0.4114839087839839,0.151,0.119,1,RAB5A
0.05189193155351718,1.8046222299247603,0.018,0.006,1,FLYWCH1
0.0519205363338131,-0.46871827033020264,0.023,0.04,1,GSK3A
0.051953789376206115,1.90788159526919,0.018,0.006,1,IL1R1
0.051992061699804644,-1.3419582808744037,0.008,0.019,1,ZNF717
0.05201570887131201,1.5831666832080908,0.018,0.006,1,HKR1
0.052040497730636605,2.271282754898497,0.022,0.01,1,CSAD
0.052043318311275046,-0.14511852234295508,0.124,0.162,1,CEP135
0.05211380956665377,0.9751541609050567,0.027,0.013,1,TOMM40L
0.0521188181206302,-0.9364221415176508,0.014,0.027,1,PSKH1
0.05213973305955895,2.0481595744055436,0.018,0.006,1,BCORL1
0.05218667658371785,-0.7353171890206234,0.008,0.019,1,VPS18
0.052187968995849585,0.4521453691609584,0.233,0.204,1,KPNA4
0.052242563174106936,0.4691742070779133,0.217,0.183,1,ARCN1
0.05234318652800742,1.579897295621043,0.047,0.029,1,SLC24A4
0.05236761986187246,2.5170420980423946,0.022,0.01,1,CXCL2
0.05241733230495906,0.6629348430454307,0.127,0.098,1,GPBP1L1
0.052600296412647955,-0.28005714156866257,0.087,0.117,1,GRK3
0.05264314821232803,-0.7456612246253744,0.008,0.019,1,GUSBP1
0.0526459710296891,-0.47357563572718897,0.038,0.059,1,CCZ1
0.052826295077531026,1.609419950689479,0.018,0.006,1,ZNF14
0.052847205448468326,-0.10051314711116177,0.041,0.062,1,PI4K2B
0.05286152558955899,2.0497526312133063,0.022,0.01,1,INCA1
0.05289075616045193,0.13603389188500037,0.053,0.079,1,RABL3
0.05307855001761151,-0.42755512799377193,0.071,0.098,1,MAP3K4
0.0531025781756871,-1.8680695507783138,0.007,0.018,1,CBR3
0.053107401336864105,-0.40885228865693124,0.027,0.045,1,KYAT3
0.05323642273698566,-0.8152617741017769,0.014,0.027,1,LOC105372480
0.05334938478954473,-0.4301592977508073,0.044,0.066,1,ABT1
0.05334998980314694,-0.18628632111700716,0.054,0.079,1,PRPS1
0.05343180719942909,-0.5080067162150996,0.027,0.045,1,PITPNA-AS1
0.05375110515952844,0.6924470864305889,0.044,0.026,1,TIFA
0.05376911697867677,-0.11042971728433226,0.073,0.101,1,MAF1
0.05377957591474676,0.7637052553075874,0.06,0.038,1,RNF170
0.053813548045846524,-0.11534366168065335,0.12,0.159,1,GATAD2A
0.05402478870379673,-0.25211107893390805,0.101,0.133,1,FAF1
0.05404249279418008,1.3360422939305723,0.047,0.029,1,RBM43
0.05406291320218077,-0.30672570150246736,0.073,0.101,1,DRG1
0.05410781983368968,-0.6101050173247136,0.019,0.034,1,KIF21B
0.054319218636562,-0.24407205033973378,0.071,0.098,1,BTBD7
0.054320211322115376,-0.3765955695823786,0.047,0.071,1,PES1
0.05438899366031689,-0.10888193282539094,0.048,0.072,1,BICRAL
0.054521753820657076,-0.6928653499934767,0.056,0.08,1,DHX16
0.05463968600229831,-0.7760996875677253,0.022,0.038,1,BPGM
0.054844725623281694,0.15100597840018537,0.042,0.064,1,POLG
0.05487133915325369,-0.5931389548563546,0.034,0.053,1,CBR4
0.055000494807394676,-0.9085277588730207,0.007,0.018,1,PLXDC1
0.05508782812318918,0.7036349621126127,0.177,0.151,1,LASP1
0.05513161679911327,-0.14902303482612778,0.151,0.192,1,HSPH1
0.0552261805234816,-0.6400539392839244,0.019,0.034,1,RIN2
0.055429846896165376,-0.5235174375670955,0.007,0.018,1,MAPK7
0.05555734591687029,-0.6342100142100802,0.034,0.053,1,NAF1
0.05557035144648723,-0.34260878523251526,0.019,0.034,1,DHODH
0.05558153423647829,-1.003632811570697,0.046,0.067,1,EXOSC7
0.05560251226880682,0.3620565735392959,0.217,0.188,1,ZKSCAN1
0.05564556815859468,2.614127890566004,0.015,0.005,1,OASL
0.055859467591368506,1.0516685273109916,0.097,0.072,1,C21orf58
0.05586198842361302,-0.41493717517234074,0.007,0.018,1,NPIPB5
0.055878158832621226,-0.7033486934157551,0.025,0.042,1,ITGB7
0.056006657747146,2.6403366285666965,0.015,0.005,1,PLIN5
0.05602292818017711,-1.5753538005242858,0.013,0.026,1,KLF5
0.056090231258049975,-0.3472664979640898,0.014,0.027,1,FAAP24
0.056177631276839966,-0.19479723068282717,0.181,0.226,1,PUM2
0.056234275154949484,-0.4543702903776481,0.022,0.038,1,ZNF518B
0.056268189731775727,-0.3018374255581282,0.056,0.08,1,ORMDL2
0.056296932541036716,-0.19645873928470436,0.007,0.018,1,CCDC51
0.056351034547561935,0.41699185140069706,0.166,0.135,1,MPHOSPH9
0.056362110515663026,0.23153972275607493,0.632,0.662,1,EIF4G2
0.056404757678371574,1.5184592375081012,0.037,0.021,1,EIF4ENIF1
0.056442289217958956,-0.5522154344376098,0.04,0.061,1,HDGFL2
0.05657743436111201,0.2607741073383758,0.506,0.498,1,PTGES3
0.05666153634211793,-0.4091150251601636,0.007,0.018,1,ZNF337
0.05666153634211793,1.887862865755801,0.015,0.005,1,LOC105377102
0.05673469242075383,1.6725787305310025,0.015,0.005,1,PSEN2
0.056898082650457614,-0.14837470567418962,0.277,0.338,1,CAPN2
0.056994898946832934,1.134680353948036,0.115,0.09,1,OSER1
0.05719793049159352,-1.6344368144660457,0.007,0.016,1,FZD2
0.05725628154853379,-0.5262336039372193,0.022,0.038,1,UMAD1
0.057302957757701396,-0.3803455579646402,0.078,0.107,1,ABCB10
0.057345272380230856,1.1610752584721293,0.029,0.014,1,BCYRN1
0.0573687202233463,-0.21244515643574235,0.019,0.034,1,LOC104968399
0.05739664065993982,1.133264313048583,0.015,0.005,1,MELTF
0.057692894677683404,1.0130065158489687,0.015,0.005,1,PBK
0.057709682413016335,1.2887512882981143,0.039,0.022,1,METTL3
0.057710707796326026,0.7741752376648325,0.18,0.154,1,NXPE3
0.057767257361839464,0.8143975307569611,0.098,0.072,1,MTPAP
0.05786247238217063,3.621606822512642,0.012,0.003,1,CNTNAP1
0.05788783057460222,-0.11122649750102581,0.182,0.228,1,LYRM2
0.05793318355073806,-0.3405584591539186,0.03,0.048,1,RNF219
0.057946161992976246,2.8936794294006134,0.012,0.003,1,HINFP
0.05798472888504878,0.8073592610979778,0.097,0.072,1,TCAIM
0.058012906566124484,0.6104903433768976,0.415,0.415,1,KLF10
0.05821759280664353,-0.8042291721268686,0.007,0.016,1,SCD
0.05829665000271973,-1.3061812315989325,0.007,0.016,1,ZNF215
0.05836917154338468,-0.1795445442731025,0.037,0.058,1,FAAP20
0.05841507695106347,-0.25897872955786383,0.03,0.048,1,ELK1
0.058528294161501244,0.632655786357887,0.122,0.095,1,CD37
0.05853481017465772,2.6304160533968135,0.012,0.003,1,RECQL5
0.0586158822608883,-0.4727361117906064,0.039,0.059,1,SLC1A5
0.05861930680591218,1.978556462329391,0.012,0.003,1,HIST1H4K
0.05877286822022537,-0.7385132711760729,0.007,0.016,1,KLHL22
0.05878860396721991,1.9131806900133892,0.012,0.003,1,SNORA50C
0.05885255110695218,-0.8333106695828834,0.007,0.016,1,LIME1
0.05890472648433679,-0.5636053738181199,0.018,0.032,1,ZNF280C
0.05893232366829626,-0.3062607120834704,0.007,0.016,1,LOC728613
0.05895830690965869,1.9078031425682225,0.012,0.003,1,CES4A
0.05904061215299517,0.8794159498380889,0.057,0.037,1,SIPA1
0.05921362369342304,1.5267602066253705,0.012,0.003,1,LOC100270804
0.05926366234338077,1.5771903209188363,0.024,0.011,1,DGCR2
0.05946166417631254,-0.7440613832535679,0.013,0.026,1,SUV39H1
0.0594698574216494,1.405696170864851,0.012,0.003,1,LINC01475
0.059493248588850044,-0.7901685496835729,0.007,0.016,1,TIPARP-AS1
0.059624052765990206,-0.17161867985661478,0.178,0.221,1,SMIM10L1
0.059743395995962255,1.0324802038149123,0.091,0.067,1,FAM210B
0.05977751843142916,2.356730092312062,0.02,0.008,1,ZFYVE1
0.05997423290381828,2.0084942663714003,0.02,0.008,1,ZG16B
0.05999125508156918,-0.8086177397335628,0.021,0.037,1,PIAS4
0.06001028802483127,0.5513807269834241,0.065,0.043,1,LSM14B
0.06010238465773463,-0.1763132032221053,0.049,0.072,1,COASY
0.06017148389927771,2.0914446144846437,0.02,0.008,1,ZFYVE26
0.060205384279675866,1.7148974718614296,0.047,0.029,1,SMA4
0.06028591765285549,0.5079268418725534,0.332,0.314,1,EWSR1
0.06029449488293993,0.1559192292690743,0.108,0.144,1,PUF60
0.06050400909800075,-1.414355539027234,0.006,0.014,1,FAM69B
0.060629189429182044,0.8430697153488709,0.131,0.104,1,ILK
0.060677808390131115,-1.3117270255597209,0.006,0.014,1,RNLS
0.06076486305349171,-1.5779697365278569,0.006,0.014,1,ITPR3
0.06088859620358727,-0.23020821768395772,0.056,0.08,1,PIP5K1A
0.06093928285445678,-1.4425010394762081,0.006,0.014,1,EXPH5
0.06102892610118449,0.697785387964974,0.053,0.034,1,RYK
0.06111411720753419,-1.6571546172261389,0.006,0.014,1,ERN2
0.061173245215202364,0.7105545550116106,0.114,0.087,1,CKAP2L
0.06121236678202298,1.0309669578347824,0.031,0.016,1,GOLPH3L
0.0612381767700478,-0.7161022765668075,0.025,0.042,1,CSTF2
0.06128936681676609,-1.414456107181695,0.006,0.014,1,TEN1-CDK3
0.061334353457142644,0.5986538381886897,0.098,0.072,1,SENP2
0.06135724286303757,0.8261270197244781,0.055,0.035,1,TTLL3
0.061366315620186566,1.5989508820793765,0.02,0.008,1,ZNF322
0.06141409925390363,-2.520688389706436,0.003,0.01,1,MYCBP2-AS1
0.06141409925390363,-2.103284747726148,0.003,0.01,1,STAT4
0.06150838329792137,0.9836700728182,0.043,0.026,1,H2AFY2
0.06153520130166092,0.13838990454247613,0.047,0.071,1,EDEM2
0.06155417258728163,-0.275061204750203,0.043,0.064,1,ZNF506
0.06160552832796853,-1.222497275154724,0.017,0.03,1,REPS2
0.06164094014854479,-1.7688826921048664,0.003,0.01,1,CC2D2A
0.06164094014854479,-1.9790622937455744,0.003,0.01,1,LOC643387
0.061641114621548476,-1.1228796828662437,0.006,0.014,1,CLIP2
0.061641114621548476,-0.9783900648999859,0.006,0.014,1,SPACA6
0.06170167837852185,1.3952050319747276,0.02,0.008,1,LRRC17
0.061729312208839635,-1.4650074606674206,0.006,0.014,1,NBPF25P
0.0617546204352459,-2.04582130225422,0.003,0.01,1,SLC12A9-AS1
0.06182953988065133,0.5222528627221086,0.099,0.072,1,GLT8D1
0.06186847419977575,-2.5639310295063167,0.003,0.01,1,EVC2
0.06186847419977575,-2.9649639594446766,0.003,0.01,1,KIF21A
0.061982501630886325,-1.8343460613781835,0.003,0.01,1,CREB5
0.061982501630886325,-2.193074645074099,0.003,0.01,1,LYRM4-AS1
0.062096702917386046,-1.8349065982264685,0.003,0.01,1,PKD1P1
0.062096702917386046,-1.9228802865880663,0.003,0.01,1,SNORA40
0.062171868370219444,-0.8832566426843496,0.006,0.014,1,NDUFAF4P1
0.062211078248139234,-1.5387416205257844,0.003,0.01,1,TPTE2P1
0.062211078248139234,-1.2880590514714259,0.003,0.01,1,ZNF707
0.06222392634798461,-0.6237562821098814,0.037,0.056,1,BATF
0.06226069386504323,-0.6345362840390099,0.006,0.014,1,C12orf66
0.06229396608986202,-0.21943762254183463,0.056,0.08,1,PCCB
0.06232562781206608,-0.8696618619113465,0.003,0.01,1,LINC01725
0.06232562781206608,-1.373372082623768,0.003,0.01,1,SNORD38A
0.06232562781206608,-1.4181619430244492,0.003,0.01,1,ZNF443
0.06237695214833501,1.0795804044728463,0.02,0.008,1,ZBTB25
0.06239321911621207,-0.3922451988999818,0.029,0.046,1,TNFRSF14
0.06242256401121959,1.3418335370755838,0.031,0.016,1,ANKLE1
0.06243865982338936,-0.27058708891151273,0.006,0.014,1,CSNK1A1P1
0.06244035179814201,-1.7916375085974163,0.003,0.01,1,LOC643733
0.06244035179814201,-0.7611207401476836,0.003,0.01,1,PPT2
0.06244035179814201,-1.1440835217535277,0.003,0.01,1,TANC1
0.06250639517522827,-0.2673735842413598,0.07,0.096,1,SLFN11
0.06255525039539778,-1.2438355589377181,0.003,0.01,1,ANOS1
0.06255525039539778,-1.142663530459477,0.003,0.01,1,LRRC56
0.06255662123330086,-0.7686049537595121,0.057,0.08,1,ZNF585A
0.06258274364865753,-1.5013756894289578,0.005,0.013,1,ZNF334
0.06264826720826724,-0.37325517845737766,0.074,0.103,1,ARMC10
0.0626703237929188,-0.9151753306154822,0.003,0.01,1,CD320
0.0626703237929188,-0.9410406127378002,0.003,0.01,1,SYCE1L
0.06267862625520863,-1.851483541529051,0.005,0.013,1,IL7
0.06269531609019739,1.1406462195454576,0.041,0.024,1,APOLD1
0.06275845298631774,0.14753954514841405,0.071,0.099,1,PMS2
0.06278557217984519,-1.1670754484085055,0.003,0.01,1,CCDC127
0.06278557217984519,-1.2164135449629274,0.003,0.01,1,LOC284412
0.06278557217984519,-0.5316433206159701,0.003,0.01,1,LRRC75A
0.06278557217984519,-1.3225998851089589,0.003,0.01,1,PIF1
0.06278557217984519,-0.9360767241603325,0.003,0.01,1,TPGS1
0.06284572295183401,-0.2031818421872127,0.029,0.046,1,DUS4L
0.06286270765829595,0.65187736923157,0.085,0.061,1,SMIM10
0.06304298703939581,-0.2096106613925781,0.541,0.62,1,HSPA8
0.06308771134131201,-0.2457385485022301,0.039,0.059,1,CELF2-AS1
0.06309241735526686,0.5313019200803264,0.131,0.104,1,NUP88
0.06313236916926873,-0.8987852366499292,0.003,0.01,1,FAM102A
0.06313236916926873,-0.49148795760838304,0.003,0.01,1,LOC100505715
0.06313236916926873,-0.18144159775705582,0.003,0.01,1,LOC105369431
0.06315986311044555,-1.3018096657204445,0.005,0.013,1,PLCG1-AS1
0.0632464710505887,-0.9735845807019063,0.02,0.035,1,SLC24A1
0.06325647601193304,-1.084614926401482,0.005,0.013,1,TMEM116
0.06325718047846626,1.3483322033308114,0.048,0.03,1,RASAL3
0.0633532110123351,-1.308082343624326,0.005,0.013,1,PRKXP1
0.0633532110123351,-1.180959852160007,0.005,0.013,1,YY2
0.06337658440602638,-0.9992952556142045,0.017,0.03,1,METTL22
0.0633894290672068,-0.3586978054704555,0.012,0.024,1,RABEP2
0.06342348039861259,1.8495497334540154,0.034,0.019,1,TMCC1-AS1
0.06345006822117472,-1.9339158661205307,0.005,0.013,1,FAM200A
0.06345006822117472,-1.227806052129174,0.005,0.013,1,GPR82
0.06345006822117472,-1.1433967385812656,0.005,0.013,1,LOC101928402
0.06345006822117472,-1.4915312444783657,0.005,0.013,1,NAIF1
0.0634561066395993,-0.3617845415468497,0.08,0.107,1,CLCC1
0.06354704774800009,-1.0780467222416377,0.005,0.013,1,ACTG2
0.06354704774800009,-0.7234054487182551,0.005,0.013,1,FAM86C1
0.0635602937040026,0.5671578741626742,0.179,0.151,1,CAPN7
0.06361939455954733,0.1835147578418832,0.076,0.106,1,ADNP2
0.06363534513150984,-1.5346345041664637,0.004,0.011,1,TMEM67
0.0636901567596573,0.1769870733625294,0.03,0.048,1,SCMH1
0.06369765719026999,-0.2579848083752174,0.092,0.123,1,GRPEL1
0.06370292306378932,1.4399321526144568,0.06,0.04,1,SIGIRR
0.0637755024386225,-0.14856683501950702,0.236,0.287,1,TMEM230
0.06384674086752677,-1.3659727041713117,0.004,0.011,1,CHST14
0.06384674086752677,-1.468469520431194,0.004,0.011,1,MGC12916
0.06384674086752677,-1.5063264216462127,0.004,0.011,1,MPL
0.06391255725574471,-0.15478445736341184,0.088,0.119,1,NBPF14
0.06393619122700173,-0.8499627338771756,0.005,0.013,1,ACVR1
0.06394438576957534,-0.36968949777417137,0.021,0.037,1,DMAC2
0.0639526560381083,-1.3684555673215808,0.004,0.011,1,OTOA
0.0639526560381083,-1.235993080203463,0.004,0.011,1,TMEM182
0.06403378398785561,-0.9485512372542333,0.005,0.013,1,SNORD55
0.06415972226093308,-0.5764288041092174,0.057,0.08,1,MRPL39
0.06427127244815743,-1.1874431102373801,0.004,0.011,1,FBXO36
0.06427127244815743,-0.8204096019458129,0.004,0.011,1,SLAIN1
0.06437548542167876,0.6114599435727088,0.062,0.042,1,CDK17
0.06437776868669969,-0.6604685234405165,0.004,0.011,1,RNF138P1
0.06439161311372835,-0.13674060201144944,0.14,0.178,1,NNT
0.06447831101397455,0.42451279652677304,0.266,0.24,1,RAC2
0.06448441054413485,-1.1120978106741344,0.004,0.011,1,CCDC30
0.06448441054413485,-0.9962226788037025,0.004,0.011,1,MLF1
0.06448478463335847,-0.12844899552474454,0.04,0.061,1,CMTM3
0.06449570309257131,0.11369994408605888,0.075,0.104,1,RNGTT
0.06452882660810873,-0.1267790714360877,0.13,0.167,1,CYP51A1
0.06459119816129125,-0.8579363487183151,0.004,0.011,1,ZNF620
0.06465912266678811,-0.5534271748841526,0.012,0.024,1,FAM129B
0.06469813167903035,-0.7016146239943177,0.004,0.011,1,CELF5
0.06469813167903035,-0.695859881335803,0.004,0.011,1,HCP5
0.06472652585956934,-0.6391589914185252,0.012,0.024,1,EXO5
0.06472652585956934,-0.7700749382856236,0.012,0.024,1,LOC729652
0.06480210809338932,1.704197698771384,0.026,0.013,1,DLG4
0.0648118635835733,-0.3497047773631259,0.025,0.042,1,EID2
0.06482088578510473,-0.11652447447598879,0.083,0.112,1,GOSR1
0.06484732854239576,-0.3470780441205519,0.069,0.095,1,C1orf131
0.06489423692087955,-0.70145047880309,0.017,0.03,1,WDR35
0.06500344106658083,0.6918635631401262,0.081,0.058,1,INPPL1
0.06501000763349779,-0.13322866130255218,0.398,0.466,1,FNBP1
0.06523371459166263,-1.00374391324863,0.02,0.035,1,PUS1
0.06528827804499433,0.8163264042508125,0.068,0.046,1,ZNF25
0.06533478202458111,-0.20350093669445535,0.039,0.059,1,RINT1
0.06539328799565151,0.509042738256102,0.092,0.067,1,STX2
0.06545033240493751,-0.11594916816214917,0.033,0.051,1,DYRK2
0.06592054768915231,-0.15263824785559432,0.043,0.064,1,RALGAPB
0.06601680634270155,-0.1525012224288036,0.107,0.139,1,RFC4
0.06640698797995405,0.4732994288201024,0.29,0.263,1,ESYT2
0.06648858779352122,-0.9220650645107207,0.024,0.04,1,RNASEH1-AS1
0.06656497257694965,-0.1661375991527252,0.046,0.067,1,XPO6
0.0666398808427966,2.8430669148062035,0.017,0.006,1,GRIP2
0.066736024123844,-0.3174178195752233,0.104,0.136,1,MAT2B
0.0668240819021127,-0.3556580980549877,0.021,0.037,1,EPDR1
0.06690432149068727,-0.1559351282779815,0.065,0.091,1,TYK2
0.0670960380797247,0.1884700422077925,0.021,0.037,1,PAQR4
0.06713592189292827,-0.4150212624421057,0.028,0.045,1,TMEM120A
0.06714383030214506,0.7134223743144104,0.107,0.082,1,ACTR1A
0.06743854644588981,-0.3895860737646899,0.078,0.106,1,RTCB
0.06745984538198503,1.1089800437028683,0.054,0.035,1,GPR108
0.06757869331843709,2.0613254383486312,0.017,0.006,1,ACSF2
0.0677197438806208,-0.44811527452380906,0.02,0.035,1,CHCHD4
0.06785917860929422,-0.19726171862325792,0.067,0.093,1,ABHD16A
0.06792226588277465,1.109540721474151,0.054,0.035,1,TCTA
0.06793875227588418,1.3909753198893622,0.034,0.019,1,CRTC1
0.06795839622922605,-0.15620531499291812,0.434,0.514,1,LSM7
0.06811271954816665,-0.3284760369842217,0.048,0.071,1,TESC
0.06821059308946695,1.9010719845326016,0.017,0.006,1,C16orf86
0.0682737067324851,-0.4438739642887013,0.038,0.058,1,STXBP5
0.06828992104912839,1.4951924133604004,0.017,0.006,1,EVI5L
0.06837349884522549,-0.11786821165942307,0.135,0.173,1,SUDS3
0.06838451327987914,0.7719342208988433,0.078,0.056,1,PRADC1
0.06848544602576957,0.5162991313131744,0.252,0.232,1,AGTRAP
0.06852836012796408,1.6545370195838904,0.017,0.006,1,TSTD3
0.06855047476592359,-0.7936901301058463,0.016,0.029,1,ARG2
0.06862902214757376,0.6067508803078647,0.043,0.026,1,RGS14
0.06868769935374809,0.9256164457902134,0.017,0.006,1,DECR2
0.06869541842160504,-0.5405010285667031,0.034,0.053,1,UVSSA
0.06878721128138414,0.8861708139324195,0.153,0.128,1,PAIP1
0.06884734292447617,1.885697812972868,0.017,0.006,1,PDK4
0.06903976598999537,-0.2225762932711326,0.105,0.138,1,BARD1
0.0690969209595973,1.0162508043180107,0.052,0.034,1,RC3H2
0.06913886321715332,-0.8869690685131069,0.011,0.022,1,PICK1
0.06916130221727243,-0.20069293203495397,0.063,0.088,1,RNPEPL1
0.06916469596024281,-0.14022642686682474,0.096,0.127,1,ARHGEF18
0.0691865257600246,-0.969402339919128,0.016,0.029,1,ZNF41
0.0693100745311353,-0.33138635619949053,0.073,0.099,1,PARP2
0.0693131011842293,-0.5097745823962629,0.045,0.066,1,TRAM2
0.0693926509721815,0.9039912026088759,0.034,0.019,1,LEMD2
0.06954440825019632,0.5011347180664487,0.186,0.157,1,CASP2
0.06957654599061476,0.5979646626522177,0.036,0.021,1,PARP15
0.06958067427106154,-0.441122473887416,0.024,0.04,1,RRS1
0.0696336444248145,-0.12757566671293463,0.129,0.165,1,ACER3
0.06965014015090501,0.5682096680493443,0.017,0.006,1,HTR7
0.06981095848820304,1.183589937051301,0.05,0.032,1,TBC1D24
0.06981665910809884,-0.20842506640595526,0.092,0.122,1,CCDC28A
0.06982997618680502,-0.13294276646383005,0.287,0.345,1,ACP1
0.06989177253122214,-0.7508105243599608,0.016,0.029,1,FOXRED1
0.06991619578299117,-0.17143769190199243,0.331,0.394,1,PAK1
0.06996561926346016,0.2632265719294915,0.088,0.12,1,ZNF770
0.06999226014766995,-0.48603510030987884,0.023,0.038,1,HAUS8
0.07012377409132764,-0.41975734876686666,0.041,0.061,1,MLLT1
0.07018697237909917,0.9988141599595481,0.054,0.035,1,STK25
0.07019116189134524,-0.5178476638682792,0.105,0.136,1,UBLCP1
0.0703094194287111,0.5256801176601267,0.274,0.25,1,MICU1
0.0703594856275737,0.8447189202201217,0.076,0.054,1,GOLGA1
0.0705175067841275,0.9357338947363574,0.085,0.062,1,STK3
0.07059287716147424,0.2667737532881076,0.059,0.038,1,EZH1
0.07059700370364465,0.5151508850793513,0.209,0.183,1,NT5C2
0.07082247052525238,1.242083353124951,0.028,0.014,1,ACOT8
0.07087240938180586,-0.1952417479375237,0.028,0.045,1,WDR34
0.0709316152329451,0.8156718751281091,0.061,0.042,1,CCDC32
0.07110171662542798,0.9652688494660162,0.056,0.037,1,ELP3
0.07110674385830378,0.765830493298539,0.144,0.119,1,CARD19
0.07122008954571821,-0.9912212385368071,0.02,0.034,1,MTFMT
0.07125525897403392,1.7077616199336858,0.04,0.024,1,COQ6
0.0713798156012723,1.18990269340815,0.028,0.014,1,WIPI1
0.07150433591697937,-0.17292738691803322,0.054,0.077,1,FYN
0.07153709140150544,-0.1685965814070478,0.028,0.045,1,PEX16
0.0717053242337404,-0.2795605615375347,0.038,0.058,1,GNL1
0.07171438217513941,0.45923865374899053,0.107,0.082,1,PHC3
0.07181578712902177,1.4244899135799112,0.028,0.014,1,SNX24
0.07186013400383523,-0.11533559714038777,0.032,0.05,1,CDK10
0.07186421903424822,-0.24355930052417019,0.159,0.199,1,TTF2
0.07191108613498934,-0.3776946687954865,0.016,0.029,1,FAM120C
0.07210901443237841,-0.6678801135034056,0.016,0.029,1,MOSPD1
0.07222412127300441,0.513835318696998,0.186,0.159,1,IGBP1
0.07236035015742713,-0.6059616588793741,0.059,0.082,1,C6orf120
0.07241398983797807,-0.38707441981306046,0.028,0.045,1,ANKRD27
0.07250724296402711,0.5154958526911978,0.19,0.162,1,MASTL
0.07256142926097212,-0.1445126818411966,0.078,0.106,1,PER2
0.07267787731282237,0.9910440775632634,0.074,0.053,1,TMEM161B
0.0727255767982803,-0.1451801918409772,0.028,0.045,1,BRF1
0.07272836764417527,-0.6841793710387907,0.047,0.067,1,EXOSC3
0.07281939246603279,-0.29854309543914526,0.066,0.091,1,CCNB1IP1
0.07299239665788829,-0.2354896321336013,0.123,0.157,1,CTCF
0.0730024796659866,1.9131278585219174,0.03,0.016,1,CDK5RAP1
0.07303446658456396,-0.24489455478861366,0.091,0.12,1,PCMTD1
0.07318964030099917,-0.17941955642091,0.057,0.08,1,MLX
0.07321635101113232,-0.8105373509094234,0.02,0.034,1,RPGRIP1L
0.07328135539192505,-0.3486469673209567,0.041,0.061,1,KNOP1
0.07351060809149178,1.0733501935066703,0.038,0.022,1,LINC02207
0.07355346750503843,1.5928409354495021,0.03,0.016,1,ADGRE2
0.073601790359135,-0.23062748614985473,0.104,0.135,1,LCORL
0.07367805948993997,0.2447723039686741,0.149,0.192,1,ZBTB44
0.07371260234621362,-0.12591306500757882,0.188,0.231,1,EPB41
0.07373061102971935,3.1139105985190083,0.014,0.005,1,PTGS1
0.07377090246555601,0.6802615297644801,0.069,0.048,1,ERI1
0.07379944381306115,1.6786049483023397,0.03,0.016,1,CROCCP2
0.07391355446831288,0.48423263304355846,0.185,0.159,1,HCK
0.07392921827933639,-0.2374826779304775,0.142,0.176,1,HACD3
0.07394950818279532,-1.2049679893104441,0.01,0.021,1,VPS33B
0.07394950818279532,-0.8364523576433154,0.01,0.021,1,ZNF492
0.07397794233067001,0.32314300596931034,0.016,0.029,1,PWP2
0.07416966524654119,1.602815093799283,0.03,0.016,1,HDAC10
0.07419236885977391,-0.15996101645963035,0.115,0.147,1,UTP14A
0.07419285937387289,0.443344724116042,0.036,0.021,1,MINK1
0.07428580426972978,0.9810947133701862,0.061,0.042,1,PAM16
0.07429185629115287,-0.11651326575470994,0.192,0.237,1,CDC123
0.0743324222037253,0.1393978032866885,0.032,0.05,1,TSPOAP1
0.07434624058970463,0.4723737509415126,0.254,0.228,1,CASC4
0.07448029608889797,2.3727438587839362,0.014,0.005,1,LOC101928020
0.0745396660819916,-0.5695725578621431,0.023,0.038,1,DSCC1
0.07464467331039909,-0.20577424307418601,0.063,0.088,1,ERGIC1
0.07464660874669854,1.6283492512077191,0.023,0.011,1,FBN1
0.07469674263663435,-0.5668063047739533,0.02,0.034,1,PPFIBP2
0.07474861778857668,-0.13959430448517396,0.126,0.162,1,ZC3H18
0.07485746762721751,2.1858019736651295,0.014,0.005,1,ATE1-AS1
0.07492013014294754,0.844145940363795,0.067,0.046,1,PLEKHM2
0.0750019971235724,0.9541031310694499,0.067,0.046,1,PBXIP1
0.07504663757364775,1.942560919508896,0.014,0.005,1,RFPL4A
0.07530844978192593,1.799253722959485,0.032,0.018,1,ZFYVE19
0.07533112426237781,1.3014647771843393,0.014,0.005,1,ZHX2
0.07533979632033615,-1.2113969657176433,0.01,0.021,1,ZNF227
0.07542223803798595,-0.9672229807729913,0.01,0.021,1,AGPAT4
0.0754458630647892,-0.30130530665903255,0.034,0.051,1,CDC45
0.075767116630936,0.9304395773111019,0.132,0.107,1,FES
0.07607760125486678,1.1455328389268025,0.023,0.011,1,GPR18
0.07609366238684785,-0.5541597451026714,0.034,0.051,1,GRWD1
0.076094061595636725,0.8076551659915765,0.014,0.005,1,C5orf56
0.0761898704041028,1.2359079704304312,0.014,0.005,1,LOC100506804
0.0761898704041028,1.4858127827772458,0.014,0.005,1,ZNF785
0.07626972380479154,-0.4503249861582539,0.049,0.071,1,DLAT
0.07629805627379921,0.6404831814106375,0.11,0.085,1,EXOC4
0.07638178320610974,0.9705102046107417,0.014,0.005,1,LOC101929709
0.07640956172274074,-0.29881678308844495,0.093,0.122,1,KIAA0100
0.07651807700995805,-0.5025663109631675,0.02,0.034,1,ASGR2
0.07669322232351723,-0.22560761298273535,0.031,0.048,1,APPBP2
0.07670024165746285,0.7777845474016907,0.118,0.095,1,CCSAP
0.07674032166141632,0.9562130472586472,0.03,0.016,1,CTC1
0.07675134904504165,-0.5970874376098587,0.01,0.021,1,LRRC37B
0.0768692260853043,-0.3915856768026629,0.047,0.067,1,RNF126
0.07693503925654284,-0.16843205971857333,0.088,0.115,1,SLC20A1
0.07709255026357925,1.0033086098096846,0.023,0.011,1,C7orf43
0.0771718913155371,0.8706360661719765,0.062,0.043,1,GALK2
0.07717431939458193,-0.2657096057370776,0.027,0.043,1,LOC100130357
0.07721350907544292,0.1703678756516117,0.152,0.196,1,KLC1
0.07722945618965342,0.40082088122401427,0.318,0.3,1,CTNNB1
0.07725466248349099,-0.5842545653646978,0.01,0.021,1,LOC100506127
0.07733728263345425,2.079146105909748,0.019,0.008,1,LINC00968
0.07739674274011853,-0.43207958764541,0.027,0.043,1,UBIAD1
0.07750630143711011,1.257468602184277,0.03,0.016,1,MANEA-AS1
0.07770679022625276,0.9469241137703208,0.072,0.051,1,WBP2
0.07784525710800795,-0.38039098721594833,0.01,0.021,1,SPHK2
0.0778578087856994,-0.3371601148250556,0.057,0.08,1,PIGN
0.07787249993081388,-0.8477107467160185,0.046,0.066,1,CHEK2
0.07787249993081388,-0.6432433786374325,0.046,0.066,1,UBFD1
0.07797014889685612,-0.3219855839169128,0.015,0.027,1,SLC4A5
0.07803626081453761,-0.13013984673777435,0.077,0.104,1,AKIP1
0.07804183109844719,-0.7216681764680528,0.036,0.054,1,KLHL18
0.07818438719468931,0.10345491433268617,0.01,0.021,1,DUSP18
0.07819827377469656,-0.1737782732813451,0.155,0.192,1,MRPL11
0.07833314493492019,-0.4416231969329334,0.015,0.027,1,ZDHHC14
0.07835978981062265,-0.4875890392557132,0.056,0.079,1,MOGS
0.07851670578472636,-0.10479143842145922,0.027,0.043,1,SNRNP35
0.07864899347854203,-0.11247680957458472,0.037,0.056,1,PAM
0.07868740656347262,0.6704746394822723,0.098,0.074,1,RCHY1
0.07875028210423841,1.7705305976455525,0.019,0.008,1,RIPK3
0.07879085915712528,-0.4467949819555206,0.061,0.085,1,PHF8
0.07881956173958243,3.308162202416929,0.011,0.003,1,CCDC136
0.07889428658750339,0.2232067160231277,0.168,0.213,1,TRIM33
0.07893123325149264,3.2774174455178855,0.011,0.003,1,DSC2
0.07895182814627871,0.16063190198015853,0.01,0.021,1,PYCARD-AS1
0.07897771010885601,1.8147782857488841,0.035,0.021,1,TRPT1
0.07903046034727026,1.0633744754488572,0.047,0.03,1,TRIM4
0.07904303343457074,2.5866156441995596,0.011,0.003,1,CLDN12
0.079053373127894,-0.48228626613759795,0.03,0.046,1,PCK2
0.07915496238898978,2.8826941070928758,0.011,0.003,1,FLJ20021
0.07915496238898978,2.530079522121225,0.011,0.003,1,N6AMT1
0.07915496238898978,2.603477015422989,0.011,0.003,1,ZFYVE28
0.07925397505474183,1.5612168435937948,0.019,0.008,1,SDC2
0.07926702021492746,2.3585387172510863,0.011,0.003,1,EPS8L2
0.07939368911767948,-0.1783608465784896,0.031,0.048,1,MTFR2
0.07960396792369664,2.427191511761685,0.011,0.003,1,ARHGAP22
0.07965305480211461,-0.1984278353386908,0.03,0.046,1,POC1A
0.07982235932103718,0.4780993398054454,0.203,0.178,1,RBM4
0.07986379708432231,-0.8476900816027184,0.022,0.037,1,ATP13A1
0.079929637810547,1.2246834116289391,0.019,0.008,1,BBC3
0.07994207908295287,1.8890888548169933,0.011,0.003,1,HEXIM2
0.08005504181486271,1.8663781930266135,0.011,0.003,1,PSAT1
0.08020306730805901,-0.44554610349701695,0.055,0.077,1,DTWD1
0.08035429906460081,1.0463961542009432,0.019,0.008,1,PPP1R26
0.08039470845001326,1.5690954004982736,0.011,0.003,1,LOC101929741
0.08040817541955826,-0.17657572393018084,0.064,0.088,1,RNF115
0.08059766390922747,-0.21815772475560413,0.049,0.071,1,FAM3C
0.08062180257514805,1.4410864103243481,0.011,0.003,1,UBOX5-AS1
0.08063770566776278,0.3459780757082358,0.106,0.082,1,EMC2
0.08071194707401172,-1.3791498429190563,0.009,0.019,1,PIMREG
0.08084495582596783,-0.4203005612152424,0.036,0.054,1,DGKE
0.08084941739707499,1.1145972878599464,0.011,0.003,1,PTGFRN
0.08091279615477578,-0.1212973725800719,0.015,0.027,1,PNPLA4
0.08096116125762362,-0.11590420521992117,0.136,0.173,1,TRAPPC1
0.0810573422791708,0.5687742816757991,0.156,0.13,1,EIF6
0.08110850348105655,0.5425372067639407,0.223,0.199,1,CREB3L2
0.08117674367203814,0.8104580861429835,0.032,0.018,1,NECTIN2
0.08120017420327894,0.7218579798282736,0.09,0.067,1,HERC4
0.08126589083354238,-0.5142818236910505,0.019,0.032,1,RNF19B
0.08128967149506505,0.7193295523082212,0.141,0.115,1,POLD4
0.08134204089806378,1.5271845506196509,0.025,0.013,1,RRN3P1
0.08149030476993713,1.0650526053556866,0.088,0.066,1,DHRS9
0.08166591139445914,-0.5330761540498887,0.026,0.042,1,ARRDC2
0.08171777885586873,-1.084120730638345,0.009,0.019,1,ARHGEF38
0.08180972015525219,-1.3322669681261576,0.009,0.019,1,AKTIP
0.08186483506368215,-0.30089226365520605,0.114,0.146,1,ATXN7
0.0821405219691357,-0.45868022807470954,0.026,0.042,1,ELAC1
0.08214200396696027,-0.19726577807329065,0.251,0.306,1,TLR4
0.08220000524927608,-0.3033156381155018,0.026,0.042,1,MRPL50
0.08232052767422969,0.5847579055846004,0.067,0.046,1,UFSP2
0.08254827513006717,-0.9550407009441262,0.009,0.019,1,IFT22
0.08267954745628764,-0.31813060401053184,0.057,0.079,1,ATF1
0.08270650442097727,-0.11827839859661121,0.212,0.26,1,AAED1
0.08271641116426756,-1.0348890908603234,0.014,0.026,1,ATP8B5P
0.08272492617476732,-0.1790092669109442,0.043,0.062,1,KIAA0391
0.0827776877458362,-0.29534600688873414,0.088,0.117,1,ARL3
0.08323285267046494,-0.11332791400114628,0.061,0.085,1,GPATCH2
0.08334326592988081,-0.3974031577530459,0.022,0.037,1,ABCC4
0.08344429147480023,0.3076732581724244,0.493,0.479,1,PPA1
0.0834770233189517,0.8907535141954412,0.079,0.058,1,A1BG
0.0835444334237672,-0.29900508476753207,0.058,0.08,1,ZBTB38
0.0839324869061395,-1.0240127745347571,0.041,0.059,1,SETD1B
0.08407271731137185,-0.7146792445695869,0.051,0.072,1,CAMK2G
0.08407536879273313,-0.11166017720986066,0.04,0.059,1,STAG3L5P-PVRIG2P-PILRB
0.08437445794899337,1.1052171109453486,0.025,0.013,1,KIAA0556
0.08437599039258213,-0.4106975030586648,0.014,0.026,1,GCAT
0.08454086335509577,-0.40374381838030615,0.022,0.037,1,TNFRSF10D
0.08466265699980463,0.7116162280768048,0.053,0.035,1,FAM160B1
0.08473000984394057,1.5744423564482783,0.037,0.022,1,STK35
0.08476644778825444,0.2464268825709397,0.098,0.13,1,FLOT2
0.08481782958578431,0.4066145695118786,0.251,0.228,1,TAF9
0.08483644265135938,-0.35518112456571127,0.064,0.088,1,STX17
0.08483788378407678,-0.23195288797349445,0.183,0.224,1,MGST2
0.08485507344917304,-0.9471832043610351,0.014,0.026,1,SPATA5L1
0.08487595491810652,-0.14566349204359152,0.056,0.079,1,MRM2
0.08493647508670554,0.4591304087280841,0.187,0.162,1,COPS6
0.08498773039049123,-0.41918749619672235,0.048,0.069,1,ITSN1
0.08510247961640925,0.606465581745399,0.173,0.147,1,ZC3H14
0.08516116402475178,1.1628179878195581,0.034,0.019,1,TONSL
0.08521488337569767,0.2699854314891377,0.52,0.53,1,ARL6IP5
0.08524360917493477,0.84156107527745,0.088,0.067,1,AP1G2
0.085286306046027,-0.39693176111999806,0.091,0.119,1,FGD4
0.08534158420458028,1.4043822424092025,0.037,0.022,1,ACO1
0.0853727855905574,-0.1105791309947648,0.154,0.192,1,TMEM256
0.08542358193261876,-0.1378548996932223,0.095,0.125,1,RARS2
0.0854640172952789,0.54054617997239085,0.2,0.175,1,DDX39B
0.08549369631553688,0.9590865167723277,0.064,0.045,1,MTHFS
0.08554119140460541,1.797892015180845,0.045,0.029,1,UNC119
0.08573691026592047,-0.4300558609310525,0.029,0.045,1,PDSS2
0.08584725810505774,0.4602710115323295,0.314,0.298,1,VCP
0.08613512946783601,0.5401526764706945,0.131,0.106,1,PRKCD
0.08625556742105318,0.22964557337029445,0.034,0.051,1,PCIF1
0.08626563224263033,1.414520945082093,0.037,0.022,1,C3orf62
0.08633857043295876,-0.11774452495139076,0.283,0.337,1,ACAT1
0.08636133307019163,0.22009933402799797,0.047,0.03,1,SCAMP1-AS1
0.08636460881680609,-0.8670852092307291,0.018,0.03,1,SSH3
0.08646792755916727,-0.5251236400425343,0.014,0.026,1,GSKIP
0.08663056559209528,-0.8532707757581628,0.014,0.026,1,NLRC4
0.0866667575046043,1.2117070771804497,0.035,0.021,1,ZNF75D
0.08670259503140272,-0.4414570574907879,0.042,0.061,1,MGAT5
0.08680351238141651,-0.4224822334829783,0.025,0.04,1,TTI1
0.08694585300268004,-0.12726458416068542,0.092,0.12,1,SDHA
0.0870388879489861,0.20494514677581543,0.056,0.079,1,NUDT2
0.08710229367079345,-0.6361985534620787,0.029,0.045,1,CCNJ
0.08757285893674915,1.3748207972074908,0.037,0.022,1,ALKBH6
0.08764493543834163,-1.3543749298885563,0.008,0.018,1,FOXO3B
0.08765456920047444,-0.23728583179683538,0.046,0.066,1,TBC1D7
0.08793840961956431,-0.5351157464211038,0.038,0.056,1,PUS7
0.08795240185166053,-0.11923651552398828,0.127,0.16,1,MICU2
0.08801578450561187,0.16236606472868642,0.177,0.223,1,NDUFV3
0.08804512008295141,0.19993941493992873,0.405,0.399,1,AP1S2
0.08808396684059759,-0.3917362697310176,0.066,0.09,1,LPIN2
0.08815246147688348,-0.22867737731921833,0.035,0.053,1,SPPL3
0.08818797690933979,0.28574103453663824,0.014,0.026,1,PPP1R16A
0.08821729421264102,1.6009544188215479,0.027,0.014,1,HSBP1L1
0.08856998982103469,0.4810901948738733,0.14,0.114,1,NBR1
0.0885942484631306,0.1076597115323279,0.103,0.136,1,SPI1
0.08880297613695422,0.11411345314925037,0.13,0.168,1,RNF138
0.0888130055333509,0.7818106245804501,0.149,0.125,1,TBC1D9B
0.0888518026465847,0.4199663003548505,0.433,0.455,1,LAMTOR4
0.089183217719295,-0.22233030406312748,0.029,0.045,1,MT1X
0.08938379382009623,2.0287445398008277,0.016,0.006,1,PHOSPHO2
0.08939725333238603,0.4179915010215779,0.264,0.239,1,DNAJC2
0.08944829757139917,0.3881356166016723,0.222,0.2,1,CWC25
0.08967024707802751,0.21362116985353374,0.046,0.029,1,TSPYL2
0.08967090784816226,-0.1156860790618148,0.25,0.303,1,SMARCA2
0.08973634573246085,0.6221856438004889,0.154,0.128,1,ATP23
0.08976845130026799,-0.4027605003646564,0.074,0.098,1,IAH1
0.08993766049599729,0.8228303036188604,0.101,0.079,1,JAZF1
0.0900832033506775,0.628015838178535,0.02,0.01,1,PTOV1-AS2
0.09026854557243072,1.0731392554709125,0.071,0.051,1,CCDC88B
0.09031017387580605,-0.25793246054232166,0.077,0.103,1,PDCD7
0.09032461063751758,-0.25330397517474523,0.051,0.072,1,ZNF726
0.09038868030860166,-0.47498578422231086,0.021,0.035,1,BMS1P4
0.09039943938906968,1.1862197855078076,0.016,0.006,1,FOXP4
0.09048010203347637,-0.187093954428597,0.075,0.101,1,NOC3L
0.09060367852575792,0.43172971967302587,0.016,0.006,1,DUS2
0.09064171943251287,-0.441567030798371,0.008,0.018,1,PGAM4
0.0907144035400996,0.6094250729525814,0.091,0.069,1,HLA-DQA1
0.09082600443928819,0.7362513594596658,0.053,0.035,1,BAD
0.0908786483077612,0.8291165244676728,0.037,0.022,1,DNASE1L1
0.09104210443007071,1.117528834378831,0.039,0.024,1,WDR37
0.09107468601387399,0.13376977605640272,0.071,0.096,1,SLC35A3
0.09114099816524639,0.3270045147789832,0.447,0.447,1,RTN3
0.09127191900686867,-0.19951181929079098,0.008,0.018,1,SPSB2
0.09135155433352216,0.6930397758641405,0.148,0.125,1,MAP3K7
0.0913859921461584,0.6350733640727637,0.157,0.133,1,SLC38A10
0.09139275497097016,0.4939012057813903,0.33,0.319,1,TMF1
0.09142101170865465,0.7265539657524421,0.177,0.155,1,CHST11
0.09181813370794271,0.9326248458994493,0.037,0.022,1,ZNF385A
0.09185759451482904,1.3093797634116635,0.045,0.029,1,CPEB2
0.09190787389325687,0.5839332321945139,0.02,0.01,1,STRIP2
0.0919414562491305,0.9170596713864043,0.027,0.014,1,PRR34
0.09211358303881034,-0.22236355490696358,0.029,0.045,1,PPME1
0.09225096395027152,0.5678281496973412,0.027,0.014,1,ZNF32
0.09226031829352013,0.886522449487853,0.041,0.026,1,GOLGA8R
0.09245917153676775,0.6669632922822074,0.196,0.171,1,VEZF1
0.0926789358763694,-0.1657266918215657,0.225,0.269,1,PPP4R3A
0.09277203974388348,-0.23438615774202187,0.048,0.069,1,EFL1
0.09279981900099807,1.3417273328409425,0.029,0.016,1,HIST1H4B
0.09284349644827945,-0.14391471867006445,0.038,0.056,1,VKORC1L1
0.09290277542264919,-0.2209803930298646,0.071,0.095,1,CLIC4
0.0929160606905221,0.4815676272491305,0.186,0.16,1,GPATCH2L
0.09305718475818653,-0.2089908979882913,0.025,0.04,1,COQ9
0.09316848472771588,2.0251457856903188,0.022,0.011,1,ACRBP
0.09338836546662517,0.5456402898144617,0.068,0.048,1,ZNF33B
0.09340150188734853,1.1665897076050173,0.029,0.016,1,HIST1H2BB
0.09359495347134128,-0.13433285063073086,0.106,0.136,1,SNRPA
0.093654118864377,0.3228932472827135,0.027,0.014,1,KIAA0753
0.09366403326376835,-0.16313079807158593,0.021,0.035,1,PAAF1
0.09372008857719927,-0.22029160282382354,0.085,0.111,1,POLR2H
0.09374202487017161,1.7427977416380025,0.031,0.018,1,STAR
0.09402385132538954,-0.11724479158367296,0.128,0.162,1,GNA13
0.0942983734936364,-0.21083076427326874,0.032,0.048,1,RNF103
0.09439019960044559,0.7872978975473637,0.041,0.026,1,SLX4
0.09444947589863785,-0.6112326221582425,0.037,0.054,1,ZNF460
0.09454336544327015,0.5864901095049553,0.148,0.123,1,NUCB1
0.09463801294225868,0.19147045791593964,0.033,0.05,1,FRMD8
0.09471976795527595,-0.5428433184550334,0.049,0.069,1,RNASEH1
0.09512813832232897,-0.21130466727207597,0.013,0.024,1,WRAP53
0.09516013775704739,0.3867108405608963,0.317,0.301,1,DMAC1
0.09516231186338775,-1.2597052762117897,0.007,0.016,1,SLC8A1-AS1
0.09516372786066524,1.091896733714437,0.058,0.04,1,HIST2H2AB
0.09520986746813996,-0.38245870728873776,0.074,0.098,1,NOL11
0.09524149804056567,-0.17936810570155948,0.227,0.268,1,AFG3L2
0.09530945626134064,0.2877674885580421,0.279,0.256,1,ZNF326
0.09533704882070938,-0.21905379306156902,0.021,0.035,1,CLUAP1
0.09537862614810641,0.1770758298236066,0.029,0.016,1,FSD1L
0.09538387010587339,-0.8753359100783897,0.017,0.029,1,RCAN1
0.09544141815176381,-0.10293183641144887,0.239,0.288,1,TBC1D15
0.0954839434230985,-0.10663127084015356,0.074,0.099,1,MIIP
0.09549134465190674,-0.2963789565468815,0.013,0.024,1,RRNAD1
0.09552177862216726,1.874929897578074,0.022,0.011,1,MTA3
0.09553512533360635,0.7139117501354844,0.039,0.024,1,RAD51B
0.09571418590812229,-0.10370954632988982,0.394,0.455,1,NIPBL
0.09621206185485899,-0.2641836965862132,0.032,0.048,1,TFIP11
0.09631523742426008,-1.4537266767435293,0.007,0.016,1,DNAAF5
0.09632574540552971,0.13625175711042647,0.801,0.816,1,COX4I1
0.09635622910870133,-0.1527939697752556,0.048,0.069,1,HLA-G
0.09637819566145148,0.8444947497370818,0.043,0.027,1,METTL4
0.09639076164868624,0.6836338085006166,0.069,0.05,1,GALNT11
0.09640421974891487,-0.323083709958202,0.013,0.024,1,POLR2J4
0.09648457147177943,0.4922484597153476,0.144,0.119,1,ATP6AP1
0.09660340087231344,-0.10412461790290917,0.273,0.329,1,OLA1
0.09661632979875508,-0.10176867140350088,0.133,0.168,1,GINM1
0.09666935997427926,0.7838366391444174,0.071,0.051,1,PHYKPL
0.09669499047988633,-0.9919373500250184,0.02,0.034,1,KMO
0.09678971256613407,1.0926102672402354,0.048,0.032,1,LRP3
0.09697994399294535,-0.39049710327064835,0.053,0.074,1,RANGRF
0.09701234016441122,-0.9674125696693077,0.007,0.016,1,BCL9L
0.09701234016441122,-1.136435924110387,0.007,0.016,1,PARGP1
0.09702945777668658,-0.75588696277359535,0.017,0.029,1,SDR39U1
0.09711232938119568,-0.8613941810931465,0.017,0.029,1,GFER
0.09712263644333595,-0.22084913915166426,0.065,0.088,1,PDPK1
0.09712891522782166,-1.4776191017569889,0.007,0.016,1,MYH10
0.09712891522782166,-0.7150763394144137,0.007,0.016,1,PMS2P4
0.0971340265856388,0.875058346395909,0.043,0.027,1,RXRB
0.09727319777703831,0.7749849815045864,0.088,0.067,1,FBXL15
0.09729545854698265,1.2471189201592092,0.022,0.011,1,SRP14-AS1
0.09748557462463064,0.18582827291143733,0.116,0.151,1,SDHC
0.0975285844575701,0.4267884995139486,0.228,0.207,1,ETV6
0.09753224096242939,0.42319759657828115,0.372,0.362,1,BAZ2B
0.09755386934786445,0.9119589785348903,0.069,0.05,1,SMG1P6
0.09773889985665472,0.9415799326182679,0.048,0.032,1,ERI2
0.09773922372735706,-0.16971662180442926,0.078,0.103,1,GOLGA5
0.09783071947717434,-0.7362869095996061,0.007,0.016,1,GNAL
0.09798398304622613,0.592032754486362,0.041,0.026,1,PDXDC2P-NPIPB14P
0.09801956387483005,0.7465294840576824,0.085,0.064,1,CCDC130
0.09806718868119696,-0.23454529653668665,0.134,0.167,1,GPALPP1
0.09811475483012302,2.14782391682972,0.024,0.013,1,EML2-AS1
0.09821095315273294,0.6762939932651977,0.115,0.093,1,ITGAL
0.09851615151569683,0.8060215851183523,0.061,0.043,1,TBXAS1
0.09859590601535581,0.408414952127504,0.175,0.149,1,TBRG1
0.09870600790867945,3.0387664930863396,0.013,0.005,1,NEB
0.09870600790867945,2.111171165767927,0.013,0.005,1,ZNF345
0.09875757843155171,-0.6445883878653604,0.02,0.034,1,TRMT10A
0.09883463993997287,-0.7463249557293081,0.02,0.034,1,MED26
0.09884699382928584,-0.4821448899120324,0.047,0.066,1,SIK3
0.0989178443849856,-0.10194358211825838,0.032,0.048,1,AIG1
0.0990330269450348,0.398268384785711,0.395,0.389,1,TMED9
0.09907547467316821,0.5939834021214041,0.168,0.144,1,BCL2L13
0.09915701310001211,0.1150470593136855,0.27,0.332,1,SLU7
0.09917615807518831,0.5223188738865558,0.096,0.074,1,ZBTB18
0.0991996744798735,-0.16451396651940597,0.105,0.135,1,CRLS1
0.09920607287062867,-0.24349609263685768,0.054,0.075,1,RCAN3
0.09934235103812292,-0.11543020151120909,0.141,0.175,1,UTP23
0.09959021325215184,2.81388628722432,0.018,0.008,1,MZB1
0.09965958204490748,0.5382996496167709,0.048,0.032,1,CASP7
0.09975404577126733,-0.6704412108324176,0.027,0.042,1,ACACA
0.09976996261450868,-0.3406082447434158,0.037,0.054,1,HPCAL1
0.0997964853356825,0.6550086699209157,0.065,0.046,1,DYM
0.09980463247281195,2.014227337127683,0.013,0.005,1,MRNIP
0.09980463247281195,1.9271823689649956,0.013,0.005,1,ZNF623
0.09991395201910305,0.48639499727089586,0.022,0.011,1,TMEM106A
0.09999633249687756,-0.34449229215726573,0.02,0.034,1,EDC3
0.10005009081617038,2.000304319432259,0.013,0.005,1,RTN2
0.10005009081617038,1.7190803399591683,0.013,0.005,1,SLC12A4
0.10017300037224407,1.6229232335990265,0.013,0.005,1,SNORA33
0.10023139867820262,0.8451646884277549,0.163,0.141,1,COA6
0.10029748122150885,-0.12944368709610532,0.128,0.16,1,ZMYND8
0.10030601746606561,1.7926274893045022,0.034,0.021,1,AMMECR1
0.10054245146863722,1.4733385694457795,0.013,0.005,1,ROPN1L
0.10054447058472896,0.32201834487192554,0.347,0.337,1,ITGA4
0.1005451801243153,1.7817359088214841,0.024,0.013,1,LRFN4
0.10078935496494927,1.847517452611048,0.013,0.005,1,PLA2G4B
0.10094084126296207,0.41733138852589535,0.055,0.077,1,EPHA1-AS1
0.10102601335913738,-0.2055985225692396,0.034,0.051,1,METTL2A
0.1012474457210272,-0.5060244341704627,0.02,0.034,1,GAMT
0.10130355226957626,-0.2479788777969837,0.122,0.154,1,THUMPD3
0.10140872771027583,0.8495258140664967,0.013,0.005,1,SPDYE5
0.10143702847084704,0.28674189819690743,0.582,0.611,1,UBE2D3
0.10169008225755397,-0.9550695420086135,0.012,0.022,1,SLC39A14
0.10177687763561462,1.8638710644165104,0.018,0.008,1,TNNT1
0.10190107169871171,-0.2862605467570931,0.082,0.107,1,KIAA1586
0.10193757264540305,0.7913779500273923,0.105,0.083,1,GOLT1B
0.10193757302739216,-0.17349287498467825,0.09,0.117,1,SRGAP2C
0.10198755868827322,-0.6868524373089402,0.012,0.022,1,THTPA
0.10214327993857833,0.1523205876673417,0.095,0.125,1,SEMA4D
0.10219393783086445,-0.43141211416492276,0.02,0.034,1,ZNF90
0.10250430898340598,0.6319814727978443,0.111,0.088,1,TRIQK
0.10250844313375766,0.6448059537058138,0.137,0.114,1,TM7SF3
0.10253123396297546,0.2558928293584719,0.013,0.005,1,TAF6L
0.1025343900831878,0.4603808224201567,0.196,0.17,1,CSTB
0.102684364178281,-0.9323153566347107,0.012,0.022,1,BOLA1
0.10270413076215326,-0.30031405106118747,0.053,0.074,1,CDS2
0.10275224347071502,0.5979466850647024,0.101,0.079,1,PAXX
0.1028686585829728,1.1251393215209902,0.034,0.021,1,SCRN3
0.10295523270922548,0.1802384045948383,0.186,0.234,1,LINC00674
0.10308809135379739,0.13104652155409224,0.163,0.205,1,CSF3R
0.10316413556399925,-0.17249879413581226,0.059,0.08,1,IMPDH1
0.10327709027913763,-0.422113300162251,0.04,0.058,1,POP7
0.10349027306150889,-1.6672520589537712,0.007,0.014,1,TARBP2
0.10362038434795066,-1.4688368731049595,0.007,0.014,1,BAIAP3
0.10364752255859123,-0.3064615071169974,0.024,0.038,1,CCM2
0.10368472790360979,1.1853602784779858,0.034,0.021,1,ZNF844
0.1036863638475751,-0.32377608811490877,0.012,0.022,1,NR6A1
0.1040942513024433,-0.502073771296998,0.061,0.082,1,PCED1B-AS1
0.10419026947751735,-0.690203750069851,0.012,0.022,1,PRKCH
0.10437158376778495,1.2954359408872382,0.036,0.022,1,ZMIZ2
0.10442969930944797,0.6449051258393554,0.018,0.008,1,MFSD4B
0.1044514031474698,-0.2923452781541347,0.07,0.093,1,JKAMP
0.10445361184774532,-0.5509181943180677,0.034,0.05,1,FASTK
0.10453480720269488,-1.2027893175293274,0.007,0.014,1,FHIT
0.10464220978469241,-0.17533943911809802,0.056,0.077,1,CTDSP2
0.10470362610440061,0.7428679742313005,0.056,0.038,1,TJP2
0.10475325010767109,0.5676931802557378,0.239,0.22,1,PSMD8
0.10478767452395335,0.9494178071055175,0.097,0.077,1,NTPCR
0.10484014061577167,0.12036071553803196,0.331,0.402,1,NAIP
0.10485181706801143,0.7905310984608016,0.072,0.053,1,CRYZL1
0.10490171300703935,1.2043592074107188,0.07,0.051,1,FBXL17
0.1050111341370487,0.5695299823575293,0.05,0.034,1,SFMBT1
0.10510129052338597,0.45421840034465966,0.078,0.058,1,PEX19
0.10517309128438272,0.13347293796931958,0.098,0.128,1,COPS7A
0.10530990678039544,-0.2506688328609885,0.101,0.13,1,EIF3B
0.10533380657442874,0.4445681508974273,0.187,0.163,1,CEP63
0.1053582723502922,0.5376477290522873,0.148,0.123,1,SEC23B
0.10551300790889084,-0.776995612106758,0.023,0.037,1,ABCD4
0.1055622192837693,0.34960115524893576,0.02,0.034,1,OCIAD2
0.10577977932436296,0.4507841016176788,0.033,0.019,1,FMO5
0.10583456982434268,0.1659588769662772,0.047,0.067,1,SURF6
0.10585222840130078,-1.0758035702162916,0.007,0.014,1,CCDC134
0.10585222840130078,-0.7484785862665086,0.007,0.014,1,IQCK
0.10598469159957787,-0.4296994457891481,0.007,0.014,1,TMEM201
0.1061172862250581,-0.3794234340950773,0.007,0.014,1,GPR89A
0.1061561276516637,0.4567534154957924,0.018,0.008,1,HES6
0.10624811403680866,0.7229110030010455,0.033,0.019,1,TMEM104
0.1062500123581891,-0.7664883434659826,0.007,0.014,1,RAB40C
0.10626592076753187,-0.270159938130452,0.037,0.054,1,ZNF830
0.10635619422011762,-0.6833500706727587,0.02,0.032,1,ST7
0.10638287007939905,-0.11439403958537753,0.007,0.014,1,ZNF784
0.10651553866712596,0.21541256072028547,0.045,0.064,1,NBPF26
0.10651585946909717,-0.4452663718326697,0.007,0.014,1,ZC4H2
0.10662304762438182,0.43350737680179785,0.34,0.327,1,TMEM170B
0.1069156184529166,-0.17857766001139996,0.007,0.014,1,XRCC6P5
0.10693778808765696,-0.2580770983782914,0.072,0.095,1,USP37
0.10715479943665013,1.2775182649373504,0.055,0.038,1,VPS45
0.10724374884314807,0.4853973571129048,0.212,0.189,1,ANLN
0.10727801769982882,2.713764680386217,0.01,0.003,1,AGRP
0.10727801769982882,2.673242511812484,0.01,0.003,1,FADS3
0.1073165653459699,-0.22940015133581593,0.007,0.014,1,DZIP1L
0.10732045959503454,0.5727753160341786,0.153,0.13,1,TRMT1
0.10742641535446566,2.873857179683241,0.01,0.003,1,SNORD14E
0.10746085656436619,0.5189735994112739,0.08,0.059,1,NECAP1
0.10754411729369884,-0.3018542157757471,0.034,0.05,1,TOGARAM1
0.1076465661622685,0.2918442537164604,0.371,0.364,1,LSM12
0.10799545712791933,-0.1385272613330497,0.065,0.088,1,BMS1P20
0.10806195458066194,0.7065636537489777,0.077,0.058,1,CDT1
0.10807833920146374,1.7916582583695626,0.026,0.014,1,ADAMTSL4
0.10817713169758555,0.6666014684124852,0.11,0.088,1,ATF7
0.10819748650264016,1.0361566688422483,0.064,0.046,1,TRMT10B
0.10832021841140503,2.0516300514690586,0.01,0.003,1,LOC728975
0.10846975612811348,1.916258749044463,0.01,0.003,1,ZNF222
0.10851556033103828,-0.469327895277424,0.139,0.17,1,KIF14
0.10854843691342445,-0.2223096869316552,0.02,0.032,1,ZNF493
0.10870647704447395,-0.7952700629584135,0.023,0.037,1,GTF2IRD2
0.10876932157821928,1.6314341738590734,0.01,0.003,1,SMPD3
0.10891934952966398,1.3759942769160274,0.01,0.003,1,VASN
0.10906954111068097,2.078611993864045,0.01,0.003,1,AATBC
0.10913989275888364,1.239606206545579,0.038,0.024,1,GNPDA2
0.10914472792944976,-0.42726269063326416,0.02,0.032,1,MED27
0.10920918831748742,0.8826650359663022,0.042,0.027,1,BMT2
0.10923725843964527,0.2676074491788982,0.109,0.085,1,LRP8
0.10952109872042844,1.185046060926588,0.01,0.003,1,ZHX1-C8orf76
0.10958642061955662,-0.15091360794290853,0.04,0.058,1,AASDH
0.10959336647564598,-1.3812623552310144,0.011,0.021,1,ALG1
0.10969977856398885,0.7678893381143705,0.119,0.098,1,MRPL55
0.10974347252160419,0.6863667444651986,0.141,0.119,1,MPP1
0.10974360320409576,-0.4977475153542956,0.02,0.032,1,NBPF15
0.10975998079447054,-0.18631483953780847,0.016,0.027,1,FCHSD1
0.10994804358183584,-0.4438560799791347,0.016,0.027,1,MECR
0.11007996085168312,-0.15426679479677297,0.141,0.175,1,MRPL42
0.11012147775613643,0.6703564310978822,0.104,0.083,1,VPS8
0.11036092503296019,0.49354442681174027,0.238,0.213,1,TXNL1
0.11051517370804685,-0.10962054548366207,0.07,0.093,1,NUDT9
0.11058256330567826,0.40022295305348143,0.252,0.231,1,TIAL1
0.11084147623405687,0.5652067180689986,0.269,0.256,1,DYNLL1
0.11086268776605168,-0.4055981456813984,0.02,0.032,1,AMMECR1L
0.11101974337466883,-1.1851943276557093,0.011,0.021,1,GLYCTK
0.11102572492517063,1.8100058973104813,0.02,0.01,1,GOLGA8IP
0.11103565153560596,-0.19621407559340298,0.02,0.032,1,IFT46
0.11120958430727104,0.518925629402184,0.038,0.024,1,FAM20C
0.11123825838203967,1.440595738327894,0.02,0.01,1,LOC100129203
0.11162373498676191,0.3864085646122215,0.105,0.082,1,CHFR
0.1117910925498046,-0.23365292806154114,0.03,0.045,1,PPM1D
0.11179384057836565,-1.7082201379531474,0.011,0.021,1,ZNF420
0.11188379799564127,-1.437423769564652,0.006,0.013,1,FDX1L
0.11188649701779091,0.5247777849540389,0.036,0.022,1,VTRNA1-3
0.1119456563585234,-0.10780786361209854,0.19,0.229,1,NUS1
0.11195622350572637,0.5855479999052182,0.038,0.024,1,ST7L
0.1120570559858799,0.8649273451025832,0.046,0.03,1,KDM4B
0.1120916050592513,1.029724511093709,0.02,0.01,1,NUDT12
0.11232787329868443,-1.1765809741967637,0.006,0.013,1,ECE2
0.11234543436204454,0.15624491908189908,0.575,0.587,1,ATP5H
0.1123917885833466,2.058715461512054,0.03,0.018,1,PROCA1
0.1124054400327999,1.629377149043847,0.028,0.016,1,ST3GAL2
0.1126246948112001,-0.9478596671294852,0.006,0.013,1,FBXO31
0.11268033488423292,0.9783414308528466,0.076,0.058,1,C5orf22
0.11271166219582365,0.5780570941810144,0.296,0.288,1,CCT3
0.11285362308929812,-0.10950073468184796,0.736,0.801,1,SRP14
0.11285985851272108,0.4618146522781055,0.091,0.071,1,NDE1
0.11293640710040648,1.1301840321751904,0.057,0.04,1,POLR3A
0.11302583349218037,1.9943423119094672,0.028,0.016,1,EIF3C
0.11305884557937118,-0.2184584611420486,0.074,0.098,1,HDHD5
0.11308228339150835,0.11206977965394893,0.067,0.09,1,FASTKD1
0.11322019246786115,-0.6271402246478628,0.006,0.013,1,LKAAEAR1
0.11322019246786115,-0.90191337183128,0.006,0.013,1,SPON2
0.11322877259087312,-0.11233852680809245,0.221,0.264,1,FAM192A
0.11330414699786984,0.7944678996173373,0.099,0.079,1,DENND3
0.11352985598420466,0.2733726863103391,0.281,0.26,1,BLOC1S2
0.1135791941810094,-0.6572899693183958,0.011,0.021,1,COL23A1
0.11367920257806347,-0.13093079705245936,0.113,0.141,1,TRAF3IP3
0.11370553813426203,1.3753948205315094,0.02,0.01,1,LOC100419583
0.11381816812623875,-0.19774297114193384,0.006,0.013,1,CLEC4GP1
0.11381816812623875,-0.5118586620772838,0.006,0.013,1,TTC7B
0.11381816812623875,-0.5156532334605606,0.006,0.013,1,ZFP30
0.11390532491317175,0.5212308964578309,0.295,0.287,1,UFC1
0.11397665957632933,0.792808413919808,0.128,0.109,1,DNAJB1
0.11415063046265236,0.9330431866110427,0.044,0.029,1,PGM3
0.11418048352494062,2.743634599579403,0.015,0.006,1,MAMDC4
0.11432793382534881,-0.1219374269547755,0.781,0.821,1,HNRNPK
0.11434328337902387,-0.14143678676614058,0.107,0.136,1,NCOA2
0.11441862797044877,-0.410499500706905,0.006,0.013,1,ATP2A1-AS1
0.11441862797044877,-0.1658455588327481,0.006,0.013,1,NAB2
0.11446611567722473,-0.29053230026812615,0.062,0.083,1,CENPP
0.11453817392372974,0.5189817567754694,0.146,0.123,1,WDR36
0.11455795844032468,0.43894801682430096,0.063,0.045,1,CABIN1
0.11475856180020019,1.1260370943960933,0.051,0.035,1,REPS1
0.11479755041937827,-0.25827977907654764,0.026,0.04,1,CLPTM1
0.11492277964446532,-0.5342275351481676,0.056,0.075,1,SRP68
0.11504626620497016,-0.4564427276474481,0.011,0.021,1,ZNF256
0.1150480791541993,-0.2342661589756316,0.291,0.345,1,MINOS1
0.11518234057223968,-0.7985241028170917,0.022,0.035,1,IRF9
0.11519096081439037,2.3302252557795136,0.015,0.006,1,LOC105373383
0.11561447786684238,-0.3444112017615941,0.011,0.021,1,PKD1P5-LOC105376752
0.11566287602296672,0.2810315020422205,0.139,0.114,1,MZT1
0.11569883012867703,1.8666261991854265,0.015,0.006,1,ANPEP
0.11590414915227094,0.3189819311750832,0.059,0.08,1,MRPS26
0.11592768898722608,0.5067095755117432,0.166,0.141,1,FUCA2
0.11602693036609557,-0.6684509472975062,0.022,0.035,1,MAP7
0.11605759382514659,-0.6728378896005025,0.026,0.04,1,ERCC8
0.11633614024698596,1.9126332681084817,0.015,0.006,1,FNTB
0.11652378659687831,0.3423494684001547,0.042,0.027,1,OSBPL2
0.11681591652856257,0.6196286888504048,0.075,0.056,1,TMEM192
0.11684540837509778,-0.22367514295750146,0.224,0.266,1,SRPK1
0.11690018665653536,1.3003846032712314,0.03,0.018,1,SBNO2
0.11709098012289494,-1.1449919396785457,0.015,0.026,1,ZNF181
0.1171091652567482,0.12152896084327347,0.034,0.05,1,NOP9
0.11716920495090762,-0.19476425770958627,0.039,0.056,1,WBP1L
0.1172330042327078,1.6493900657358633,0.015,0.006,1,RASSF1-AS1
0.11723846013203904,-0.7759710285018229,0.019,0.03,1,RIBC2
0.11724249112672323,-0.11763453198956286,0.056,0.075,1,SEPHS1
0.1173615695732774,1.3726123249619526,0.015,0.006,1,ZFP69
0.11740356933208569,0.4227221795672221,0.318,0.309,1,AP2M1
0.11756145210835119,0.11870343337707867,0.043,0.061,1,SMARCD1
0.11769504059402272,-0.25406865679630153,0.033,0.048,1,PDE4DIP
0.11785453967660171,0.35548657092770086,0.22,0.196,1,STAT1
0.11790075694258567,0.21452208047220545,0.059,0.08,1,CENPBD1P1
0.11804814079968144,-0.14537629703130994,0.026,0.04,1,BTD
0.11813528719091249,1.1367181550377552,0.015,0.006,1,RNVU1-8
0.11819358994786328,0.3327480398449921,0.176,0.149,1,SORT1
0.11822754241128516,0.7117373238768692,0.053,0.037,1,HIST1H2BG
0.11845787585594542,-0.44909527247887926,0.033,0.048,1,PPP1R2P3
0.11852364354544129,1.0274629307973386,0.015,0.006,1,NHSL1
0.11864246710570613,0.38856180914973404,0.383,0.38,1,ATAD2
0.11884864491748494,1.6140082972002618,0.032,0.019,1,CAMTA2
0.11901977814229268,0.7128116013187449,0.053,0.037,1,MARCH5
0.11903892138292495,-0.5479007853818452,0.015,0.026,1,CCT6B
0.11927058931647849,-0.41482388705433815,0.05,0.069,1,CD99L2
0.11932464187542201,-0.17174356726079498,0.051,0.071,1,ARV1
0.11939824018172218,-1.446659367522705,0.005,0.011,1,VGLL3
0.11954073343613637,-0.3761448347071106,0.022,0.035,1,COCH
0.11954731830540034,0.5250868332299454,0.123,0.099,1,KIN
0.11959731835390637,0.4122365963779603,0.187,0.163,1,DNAJB14
0.11965930962783267,-0.35702499515827224,0.015,0.026,1,GEMIN4
0.11965930962783267,-0.625786941719471,0.015,0.026,1,TMCO6
0.11980107917163796,1.4258050445043238,0.032,0.019,1,ZNF641
0.11981624211110843,-0.4484986386969314,0.05,0.069,1,SQLE
0.11990279415786391,-0.9260440151710405,0.005,0.011,1,PPP1R37
0.11990953642620585,0.43042414471285806,0.034,0.05,1,HSPBAP1
0.11998798674548643,-0.1100125386293872,0.154,0.189,1,MRPL41
0.12003668200782559,0.6125625238809513,0.172,0.154,1,ECHS1
0.12010536713676433,0.7270187071636007,0.057,0.04,1,AAGAB
0.12010599482003552,1.4944286643630877,0.021,0.011,1,GRAMD1A
0.12017823213752794,-0.5384185413799503,0.015,0.026,1,RTL8A
0.12020992177561889,1.6936701874916489,0.034,0.021,1,LOC100507507
0.12024009012249583,-1.3831692541354927,0.005,0.011,1,S100B
0.12048023965351497,-0.12889911910767737,0.45,0.51,1,CNTRL
0.12057812852112754,-0.779574807595071,0.005,0.011,1,LOC728024
0.12057812852112754,-1.0695401117177816,0.005,0.011,1,SLC2A11
0.12069891501748801,-0.2558793428015669,0.015,0.026,1,GPR155
0.12073453416822806,1.2326221322531854,0.03,0.018,1,LOC150776
0.12092674202664296,-0.1570128083178095,0.054,0.074,1,COX18
0.12094805342473318,-0.24555270469143897,0.045,0.062,1,OIP5
0.12101217117549552,-0.8096527036587635,0.015,0.026,1,UEVLD
0.12108247437516566,-0.40330978358591896,0.035,0.051,1,HDAC3
0.12108658027338681,-0.784421119430113,0.005,0.011,1,HYLS1
0.12121571526639792,0.43683859463827623,0.364,0.357,1,DOCK2
0.12123227791869896,0.5339982614785592,0.137,0.114,1,SLC25A46
0.12125643644269285,-0.9590644190124502,0.005,0.011,1,FAM227B
0.12125643644269285,-0.4053415365720481,0.005,0.011,1,TTI2
0.1214264789366983,-0.9436365560519571,0.005,0.011,1,LINC00367
0.12144960489471157,0.24299107892286909,0.064,0.087,1,XPO4
0.1214576181461366,0.6993733601856684,0.051,0.035,1,SAP130
0.12167448976337195,-0.5353841615569941,0.058,0.077,1,LOC653653
0.12179112088969424,-0.11582097387569457,0.052,0.072,1,CIZ1
0.12194508454544487,-1.2850837729837377,0.01,0.019,1,NUP50-AS1
0.12195502446106872,-0.2724793039401592,0.098,0.123,1,CNP
0.12195727523787586,0.41736977096849925,0.223,0.2,1,TMED4
0.12212880894804529,0.5277701228188199,0.135,0.112,1,GIT2
0.12216421922036119,1.067654090986632,0.032,0.019,1,HILPDA
0.1222457632610068,0.531538807635195,0.057,0.04,1,TSPAN31
0.12227949044620504,0.3467935164205631,0.005,0.011,1,LRRC49
0.12241782550377134,-0.1284694907976326,0.168,0.204,1,CHD8
0.1224972632160881,0.14047166125655752,0.073,0.096,1,RALGAPA1
0.12260165646022544,0.7039341392128138,0.169,0.147,1,B4GALT5
0.12271835369904158,0.23521395841748216,0.064,0.087,1,CHKA
0.12280240534465768,1.748504890529933,0.037,0.024,1,RBM5-AS1
0.12292008417348248,1.0152110819515556,0.021,0.011,1,ACY1
0.12296691409870415,-0.9407695187049954,0.021,0.034,1,TADA2B
0.12308106374699435,-0.3367692302371994,0.052,0.071,1,BUD23
0.12314181442710335,-0.3144998542943498,0.139,0.17,1,ATP6V1D
0.12316569947188254,0.11632382741307334,0.146,0.181,1,NUDT3
0.1231870292178295,-1.5420263837393775,0.01,0.019,1,GSTM3
0.1231870292178295,-0.7385789225669264,0.01,0.019,1,TPI1P2
0.12331494615983926,0.14559479626998106,0.022,0.035,1,COQ7
0.12355479195694072,1.16917574867293,0.056,0.04,1,GTPBP2
0.12366378567294214,-0.19621762919228816,0.209,0.248,1,KIDINS220
0.12369840388235964,1.3756556568776364,0.052,0.037,1,KDM5D
0.12381317608879625,-0.16630398813142347,0.259,0.308,1,EFHD2
0.12419138328822396,0.8042278164282844,0.19,0.171,1,PAN3
0.12456363700742328,0.1266956524820091,0.022,0.035,1,TBPL1
0.1245778801874413,1.2427721977059187,0.034,0.021,1,NOMO1
0.12473429123297992,1.0719107352711994,0.035,0.022,1,LOC652276
0.1248162974833105,-0.8331964619419647,0.01,0.019,1,GOLGA8O
0.12499728834037972,-1.9451390205458896,0.004,0.01,1,RAB23
0.12501198036750807,0.866608099765851,0.032,0.019,1,C16orf70
0.12506843871870543,-0.3622778972511034,0.01,0.019,1,KCTD6
0.12518792958524744,-1.3868565444244627,0.004,0.01,1,NDRG2
0.12518792958524744,-1.9840607290247885,0.004,0.01,1,UBE2E4P
0.12519465815379494,-0.5345665355017326,0.01,0.019,1,LINC00294
0.1252171387037953,-0.1168184203054099,0.019,0.03,1,PIAS3
0.12528525270119978,0.5878672925526118,0.184,0.163,1,APOL6
0.12529635513822224,0.3985276327299689,0.274,0.252,1,FGFR1OP2
0.12531461065638044,0.16534833085034428,0.019,0.03,1,GDPD1
0.12532097686029678,-0.7673893634528124,0.01,0.019,1,CDK3
0.12540410704244506,0.6570569396542478,0.109,0.088,1,HJURP
0.12554652522348686,-0.46540453138000615,0.058,0.077,1,MRPL4
0.12565320143949965,0.16661085803971565,0.526,0.518,1,KIF5B
0.12565337196338333,-0.14292983232974743,0.035,0.051,1,SIGMAR1
0.12570052905661225,-0.3614795649883238,0.01,0.019,1,P2RY11
0.12582724529701417,-0.2621575120578292,0.01,0.019,1,ACTR3C
0.12582724529701417,-0.5163765786122605,0.01,0.019,1,SLC9B1
0.12595157819927347,0.7811285194884374,0.069,0.051,1,USPL1
0.1259811670874961,0.7443196153198077,0.089,0.071,1,AKAP10
0.12614453747716728,-1.5371515789957844,0.004,0.01,1,RPP25
0.12633654047009973,-1.4192582235518705,0.004,0.01,1,LINC01205
0.12633654047009973,-1.6306297122983766,0.004,0.01,1,ZNF114
0.12645682450716494,0.45347137194881304,0.082,0.062,1,NUDT19
0.12645836394466758,0.5552318147818041,0.094,0.074,1,SLC43A3
0.1265287709611413,-1.837639439725585,0.004,0.01,1,LBH
0.1265287709611413,-1.4765322490979544,0.004,0.01,1,SYCP3
0.12669270240518093,0.814344483721738,0.154,0.133,1,DRAM1
0.1267212291043659,-1.2168690973725855,0.004,0.01,1,ZNF208
0.1268954712631279,0.43090881721517993,0.242,0.223,1,MSL1
0.12691391505375618,-1.376990163409256,0.004,0.01,1,GRK6P1
0.12691391505375618,-1.1009566811025486,0.004,0.01,1,SCARNA28
0.12691391505375618,-0.9991856696625296,0.004,0.01,1,ZNF8
0.12691476415435712,0.5230694121144874,0.116,0.095,1,RXRA
0.12693992216642352,0.948852827285537,0.034,0.021,1,C12orf76
0.12723326528999462,0.11180051031614635,0.106,0.136,1,SMAP1
0.12729997098650891,-0.762970113807377,0.004,0.01,1,FDXACB1
0.12729997098650891,-0.898069604957298,0.004,0.01,1,SNORA49
0.1274500404884064,-0.1431080309295949,0.088,0.112,1,RHOU
0.12749334127737902,-0.8973668652753419,0.004,0.01,1,ARHGEF26
0.12749334127737902,-0.2840952263794927,0.004,0.01,1,OVCA2
0.12749334127737902,-0.6035911795453499,0.004,0.01,1,SLC30A4
0.12749334127737902,-0.7234601549142265,0.004,0.01,1,SNORD28
0.12768685246733175,0.40722377804502585,0.021,0.011,1,COBLL1
0.1278671089634745,0.44118737222039117,0.225,0.205,1,FLI1
0.12788076727618364,-0.4809003431153638,0.004,0.01,1,CDRT4
0.1281123027395069,0.12345675644987897,0.209,0.258,1,LAT2
0.12812519464847802,2.21597482973719,0.017,0.008,1,LINC01521
0.12821648125239302,0.8549174151181029,0.071,0.053,1,KCMF1
0.12826910818742487,-0.10990589329404887,0.004,0.01,1,FAHD2B
0.12826910818742487,0.30484479726214797,0.004,0.01,1,GRK4
0.12839823094450836,1.4199767413390414,0.023,0.013,1,PTGR2
0.12849386422668835,0.8772414314143462,0.035,0.022,1,ASMTL-AS1
0.12858934920868237,0.36517722249122686,0.021,0.011,1,PARTICL
0.12863214675053244,0.374519407595364,0.299,0.282,1,LTA4H
0.12865327015056544,0.18806906899157233,0.182,0.226,1,TXLNGY
0.12876926997347918,0.5510165961826177,0.01,0.019,1,LOC101927021
0.12880152026620578,-0.2709022243109347,0.053,0.072,1,LMNB2
0.12881574617420857,-0.9034903187611079,0.014,0.024,1,SLC27A2
0.12884769483435288,-0.34123454933748176,0.038,0.054,1,KIF18B
0.12893825105584844,1.368194397831744,0.023,0.013,1,URGCP
0.12897068919020696,0.6315984090387694,0.156,0.136,1,CCDC6
0.12915692105822027,2.2038751070177787,0.017,0.008,1,SOX12
0.12924598360195094,-0.19479548769546717,0.025,0.038,1,ASB16-AS1
0.12927756512646327,-0.4584479325653197,0.028,0.042,1,TAF4B
0.12928633933417863,1.8748872567817019,0.017,0.008,1,LOC105375304
0.12928633933417863,1.785645630464129,0.017,0.008,1,TPM2
0.12928633933417863,1.6922404885995004,0.017,0.008,1,ZKSCAN3
0.1293336552493194,-0.2761832284833079,0.025,0.038,1,GLUD2
0.12936137085729202,-0.5294811132771753,0.028,0.042,1,OGFOD3
0.12941114579292662,0.34742179806692236,0.316,0.293,1,RN7SK
0.1294452187748398,-0.5360654789967643,0.028,0.042,1,DUSP11
0.12944738267115197,1.180121983639769,0.035,0.022,1,FASN
0.12964404555524445,-0.3068437313463359,0.067,0.088,1,POLE
0.1302017504138944,-0.45751524643791974,0.028,0.042,1,FAIM
0.1307792574937231,1.1056610528866888,0.039,0.026,1,SGSM2
0.13088862718834618,1.0664989356816799,0.047,0.032,1,GTPBP1
0.13114971995572502,0.7482462643766465,0.104,0.085,1,PSMB5
0.13123972195629224,1.4583360895521915,0.017,0.008,1,TMEM161A
0.13157446213025156,1.8688823222648505,0.012,0.005,1,MIR5087
0.13173156432151642,2.094711029321785,0.012,0.005,1,CELF6
0.13204620479635978,2.278406309479605,0.012,0.005,1,SERPINI2
0.1322220580828254,-0.17020630633540534,0.038,0.054,1,ZNF718
0.13229084165634472,1.3872335070937547,0.017,0.008,1,LNX2
0.13233859053196456,2.0676858672564147,0.025,0.014,1,SLC2A13
0.13236142722889851,1.7843488750654801,0.012,0.005,1,BICRA
0.13245448892612066,0.61162097220353,0.074,0.056,1,SPTAN1
0.13248070116912145,-0.1961672093068474,0.021,0.034,1,PDE6B
0.1325547464728071,0.28430035214437405,0.361,0.346,1,PPP1R12A
0.13269044855980747,1.0611750701627276,0.043,0.029,1,INPP1
0.13283535336283314,2.0016074865200757,0.012,0.005,1,CRY2
0.13283535336283314,2.138362664068411,0.012,0.005,1,SERPINI1
0.13290356034607112,0.19449722549065662,0.169,0.21,1,TMEM205
0.1329141204127165,1.2719552405473706,0.047,0.032,1,RAB2B
0.13299631482688312,0.18290034578883363,0.029,0.043,1,PLPPR3
0.13308345207149733,0.9756575799306395,0.017,0.008,1,MOSPD3
0.1331763832239818,-0.35906138702782897,0.014,0.024,1,WIZ
0.13331059227916808,0.11896443686225133,0.012,0.005,1,SPRY3
0.13333772927907686,-0.5846871847285238,0.043,0.059,1,PXN
0.13347562557184064,-0.31328152804494014,0.018,0.029,1,ZSCAN25
0.13356094527504633,-0.17554112901023355,0.038,0.054,1,ARID5A
0.13357452443878534,1.0400155644265325,0.043,0.029,1,FAM120B
0.13362814854572924,1.6481428139770173,0.012,0.005,1,CTIF
0.13363726998806352,1.0073930224871015,0.076,0.059,1,CYBRD1
0.1336413396012336,-0.12022246779355927,0.104,0.131,1,IPO8
0.13375855799845446,-0.3872665027879516,0.014,0.024,1,LOC101930085
0.1338569792598077,0.4840143849952634,0.184,0.163,1,KDM2A
0.13393464104770725,1.127194566629747,0.037,0.024,1,FOCAD
0.13409623675913768,0.26407352861712263,0.434,0.426,1,NIN
0.13422253623177588,1.2249137560247982,0.066,0.05,1,ATP6V1H
0.1343297379629556,-0.11985723586071861,0.041,0.058,1,INTS7
0.13439137427779396,0.9394610326392812,0.039,0.026,1,VPS72
0.13464623269836998,1.0716409235874353,0.039,0.026,1,CENPL
0.13474542298910896,0.6028768280917265,0.035,0.022,1,PML
0.13488085638197045,0.4029396695239136,0.034,0.021,1,FYCO1
0.13498866207588467,0.727232912330245,0.185,0.165,1,COMMD3
0.13528925031724168,0.8040762683294105,0.056,0.04,1,PIGU
0.1353481908899696,0.37998259952937796,0.111,0.09,1,NF1
0.13536832402080928,-1.2752413882387863,0.009,0.018,1,TAF1L
0.13541140878916932,1.0845583549471127,0.072,0.054,1,UBA7
0.1357029464174864,-0.26316191188387905,0.088,0.112,1,FAM35A
0.1359103177701247,0.44436566714368064,0.322,0.316,1,C12orf57
0.13593051273863604,-0.6426604566831209,0.009,0.018,1,FAM72B
0.13593051273863604,-0.7576455528599366,0.009,0.018,1,LOC101927420
0.13597316384103025,1.1259695821916482,0.025,0.014,1,LOC102724814
0.13618616416454926,0.9180025683575965,0.035,0.022,1,VOPP1
0.1366530752589809,0.18306391897984453,0.16,0.197,1,SNX5
0.13666533292584537,0.6609468207913989,0.054,0.038,1,TRIM56
0.13673208668775486,0.533660179785762,0.232,0.213,1,CUL5
0.13675096949053878,-0.2986247079766309,0.052,0.071,1,PROSER1
0.13693117685042658,-0.12349050948007223,0.044,0.061,1,PQLC1
0.13701833703198774,-0.3743636452660186,0.024,0.037,1,WDR4
0.13706029664120833,-1.357299514720299,0.009,0.018,1,GRK5
0.13706029664120833,-0.8629656295446511,0.009,0.018,1,SP2-AS1
0.13723474420725432,0.38459065445122764,0.035,0.051,1,ARFGAP1
0.1373865106677605,0.1661278931047978,0.516,0.516,1,RBM25
0.1374919658730692,0.7303571215544871,0.025,0.014,1,PDLIM2
0.13749535550753467,0.8666113015764356,0.074,0.056,1,BTBD10
0.13762789815292648,-0.2743342977951819,0.009,0.018,1,CBX3P2
0.13762789815292648,-0.46502455090886397,0.009,0.018,1,SLC37A4
0.1376973012096132,-0.581288341774401,0.048,0.066,1,TRMT13
0.13772972396719502,-0.1587305747897032,0.018,0.029,1,MTFP1
0.13786838091927653,0.43763150113890337,0.236,0.218,1,CHMP2A
0.13795578427306757,-0.14611791543555297,0.024,0.037,1,TTC13
0.137987939006789,-0.2905173574453297,0.031,0.045,1,IMMP2L
0.13842228550779082,0.7177831397251508,0.054,0.038,1,USP31
0.1384826962430361,-0.26382416175485535,0.009,0.018,1,ZEB2-AS1
0.13870930040314822,-0.45738979082198616,0.024,0.037,1,SURF2
0.1387965022146592,-0.24511016455506773,0.115,0.143,1,ATG5
0.1389947864135393,-0.67221425424923,0.02,0.032,1,OSBPL3
0.1390288960134284,-0.1791454241731203,0.132,0.162,1,SIKE1
0.13922058460942854,0.1505813917048323,0.129,0.162,1,CAMLG
0.13929208466614335,2.126506428417941,0.019,0.01,1,LOC100289230
0.1397094893459926,-0.6306052371751076,0.02,0.032,1,TACO1
0.13977255497497162,0.41549960864956414,0.009,0.018,1,NECTIN1
0.13984550918870212,-0.333424475772814,0.024,0.037,1,TGIF2
0.13984917663980193,0.7855259155554402,0.084,0.066,1,BECN1
0.13992244006807006,1.1131896848388472,0.062,0.046,1,LOC101928464
0.13994607960508623,-1.1632303294720217,0.013,0.022,1,DEXI
0.14000359346347913,1.9404981221774924,0.019,0.01,1,TBL3
0.14026301414725667,1.72782497221315,0.019,0.01,1,ACCS
0.14030079446015853,0.61272081998121,0.091,0.072,1,IL18
0.14034878471849577,0.38583016137356196,0.009,0.018,1,SEC14L1P1
0.14039286307233848,2.059141206482372,0.019,0.01,1,LOC100507670
0.1404033970974749,1.2037533307955104,0.027,0.016,1,FAM151B
0.140509906219902,1.2564391683199516,0.027,0.016,1,KBTBD8
0.14052280443358958,1.7722794781645934,0.019,0.01,1,ADGRL2
0.1405332428883099,-0.3699713338388433,0.071,0.091,1,NGDN
0.1407353953297076,-0.8272920460101632,0.02,0.032,1,TPK1
0.14073586331689952,0.10602048041805334,0.065,0.087,1,PITHD1
0.14082332437617115,0.1352202575959458,0.056,0.075,1,ZDHHC24
0.1408472682596846,0.569945060506446,0.216,0.196,1,PICALM
0.1410156364065854,0.6822784147446663,0.054,0.038,1,CEP76
0.14102795159596532,1.9139642506240135,0.031,0.019,1,TRANK1
0.1410882163966312,0.4933726464118715,0.069,0.051,1,TAB3
0.1411278829592151,-0.2186552396347543,0.202,0.237,1,SGO2
0.14117389902455477,1.5680127820027243,0.019,0.01,1,PDE7B
0.14130439574787268,1.5777098372246288,0.019,0.01,1,IGF2BP3
0.1415181115244092,0.132636724748032,0.736,0.756,1,UQCR11
0.14155175878561632,-0.421323658961144,0.036,0.051,1,LRCH3
0.14164024891633467,0.18248038004578637,0.126,0.157,1,PPP2R5E
0.14168501462308294,-0.30079099378799423,0.039,0.054,1,INVS
0.1417522914715366,-0.4474512886672586,0.036,0.051,1,SRD5A3
0.141768230124896,-0.6064538319724231,0.042,0.058,1,L3MBTL3
0.14181882046607136,1.4773243410843153,0.029,0.018,1,AGAP3
0.14207593447763667,0.2772586676784875,0.446,0.449,1,SP100
0.14210250796824161,-0.29156663686587647,0.037,0.053,1,ALG10B
0.14213104336520668,0.1572118750131013,0.067,0.088,1,CTPS1
0.14219353659301476,0.8122271918856656,0.074,0.056,1,LINC00467
0.1425446557418646,1.2523365998771459,0.029,0.018,1,PLCB3
0.1426144664525864,1.0881234834016666,0.019,0.01,1,HIST2H3D
0.14263255617847706,0.4355897269290119,0.088,0.069,1,ENOPH1
0.1427191238530749,-0.18264865225717553,0.096,0.12,1,METAP1
0.14272470310507124,0.39065480832998434,0.075,0.099,1,NDUFS2
0.14281800444821177,0.13446202282663755,0.037,0.053,1,TATDN3
0.14282440076285577,-0.19324252345477988,0.096,0.12,1,SOCS4
0.14297737851861905,-0.11127517563197031,0.037,0.053,1,MTRF1
0.14300994214650795,-0.3231709677508632,0.039,0.054,1,PDSS1
0.1431432527631654,-0.159693161723248,0.04,0.056,1,ABHD10
0.14322355501514172,-0.6227484720204384,0.013,0.022,1,ZNF180
0.14328654304036806,0.7182683939629975,0.107,0.088,1,YY1AP1
0.1433254974668703,-0.2650995306562147,0.02,0.032,1,SLC25A15
0.14336399390974067,0.606072975245084,0.111,0.09,1,CHORDC1
0.14340910110145705,0.9105937128812971,0.027,0.016,1,LINC00539
0.14356443777384612,-0.14073905888752036,0.069,0.09,1,FAM92A
0.14387869126146227,-0.11419819100923423,0.024,0.037,1,LINC02285
0.14399792536395722,-0.131584566256564,0.047,0.064,1,ANKRD13C
0.14402695583457265,-0.1937125435101612,0.067,0.087,1,XPO7
0.1440502359090552,0.6581832458161534,0.183,0.167,1,LCP2
0.1443716841768933,-1.3380331202324274,0.013,0.022,1,MAN1C1
0.14456749849957368,0.22072631942125664,0.385,0.377,1,HDLBP
0.14489658718079262,0.7615027748771164,0.05,0.035,1,BMS1P6
0.14510754986838445,-0.3208326133609969,0.02,0.032,1,TJAP1
0.1452656010125773,1.1538157292485538,0.029,0.018,1,DENND2D
0.14534839192307086,0.344074266827908,0.217,0.194,1,METTL7A
0.14538625612565623,0.6086668823224977,0.101,0.082,1,COMMD4
0.14540501473566422,0.8852843603698051,0.057,0.042,1,P3H1
0.14550944640074256,0.8007109148172094,0.132,0.114,1,C1orf123
0.14552685450683336,-0.6260331381284558,0.013,0.022,1,DBN1
0.14565282175009972,-0.20398270004980068,0.055,0.074,1,TCF19
0.14578451752743982,-0.7756327883009071,0.013,0.022,1,RPTOR
0.14578583984331533,-1.7001649422681968,0.008,0.016,1,SFT2D2
0.1457867478902881,0.5431263280369123,0.047,0.032,1,NFAM1
0.1459304237585561,0.6720196545711232,0.019,0.01,1,KLHDC1
0.14597819874540338,-0.8812029394829008,0.017,0.027,1,PXN-AS1
0.1463756529192761,-0.1657870233454486,0.02,0.032,1,ZNF808
0.146450513810853,-0.3402498550331834,0.027,0.04,1,CHMP7
0.14653987158192822,0.4465793478907347,0.056,0.04,1,FGD3
0.14681866297293472,-0.21165283146352554,0.013,0.022,1,FARS2
0.1468263951834464,-0.23878820681382162,0.027,0.04,1,SCRIB
0.1469013606468855,-0.3341331495331117,0.057,0.075,1,WDR3
0.14701287573919936,-1.0698142900830194,0.02,0.032,1,PRKAB2
0.14734387815741118,0.5179998391211651,0.076,0.058,1,VPS39
0.14741600889329493,0.7579613299860135,0.103,0.085,1,RAP2C
0.14751355030492644,0.37322300752368953,0.396,0.404,1,PRKAR1A
0.14764475917999603,-0.15984090733503464,0.043,0.059,1,PLA2G12A
0.14772108260423505,-0.6532912874272192,0.017,0.027,1,LOC100133315
0.14772108260423505,-0.36457406588604657,0.017,0.027,1,RIC8A
0.14782579332619958,-1.3891606003035237,0.008,0.016,1,LOC100287042
0.1480540960349663,0.5408819598525243,0.114,0.095,1,SCAMP2
0.14812132651832627,0.8126893235621928,0.062,0.046,1,PI4KAP2
0.14828515261557354,-0.24381901092474711,0.036,0.051,1,PPIL1
0.14837942264894527,-0.16173612663515935,0.184,0.223,1,GTF2F2
0.1484540805965363,0.7377210333153579,0.103,0.085,1,GOPC
0.14848827504472797,0.14213048464786648,0.165,0.2,1,PSMC5
0.14851312812364365,1.8460621466544698,0.02,0.011,1,LOC105369438
0.14877441996170226,-0.32402540963309256,0.017,0.027,1,NPRL2
0.14893322721937713,-0.9912548000449917,0.008,0.016,1,SNORD68
0.14897442616880519,-0.5183960212198455,0.089,0.111,1,RABAC1
0.14898419055718123,1.3180953816954002,0.034,0.022,1,ZNF692
0.14909194773298418,2.3900671099363304,0.014,0.006,1,ZNF20
0.14909456276071476,-0.16534848405539293,0.101,0.127,1,CCDC43
0.14947069588665612,-0.22699670320347876,0.068,0.088,1,COG2
0.14950202539181767,0.741345870797357,0.08,0.062,1,ZFAND2B
0.1495283405336173,1.5035025882143853,0.038,0.026,1,SIRT5
0.1496908226693443,-0.238807774583083,0.02,0.032,1,GHDC
0.14988748761636136,-0.7105863534637118,0.008,0.016,1,ZNF174
0.1500253578467834,0.14090519452322403,0.101,0.127,1,CA5B
0.1501356954514222,0.7371240669387027,0.064,0.048,1,C1orf35
0.15036636335737746,2.1703531661736966,0.014,0.006,1,LINC00847
0.1503749074301378,0.553034312796338,0.156,0.136,1,CPPED1
0.1504823861728266,0.19273326153529968,0.013,0.022,1,NPRL3
0.15054271257565452,0.13993046089389516,0.017,0.027,1,POLR1C
0.15063461406498868,0.9895569432876186,0.111,0.093,1,KIAA0319L
0.15074672418754426,0.2145373157733843,0.013,0.022,1,FGFBP3
0.15089677127701392,-0.22661877483850057,0.142,0.171,1,RUVBL1
0.1509263847634921,-0.12951637433908192,0.166,0.199,1,MCM5
0.15114738874720174,1.232964558480707,0.034,0.022,1,APOL1
0.15117169694119456,0.2881977643996856,0.492,0.519,1,BNIP2
0.15132761325165509,1.9510363090981802,0.014,0.006,1,TMEM147-AS1
0.15146616992834375,0.47978298670472896,0.211,0.196,1,PSMA3-AS1
0.15147528992175252,0.21868021316395936,0.068,0.09,1,RMRP
0.15168427853695654,0.18908136728933744,0.071,0.093,1,NSUN6
0.151717631991083,-0.46776923365278034,0.052,0.069,1,TROAP
0.15213222496860707,-0.6947175056988701,0.008,0.016,1,C19orf68
0.15214750625596074,0.6012703549338934,0.146,0.127,1,PDE7A
0.1524167828154937,0.4176571916610202,0.305,0.303,1,SF1
0.15266952320903515,1.0740136644375773,0.02,0.011,1,LOC101929595
0.152767612126048,0.2353952344512571,0.096,0.122,1,CUL4B
0.15276873230166022,0.2780192891236315,0.438,0.439,1,SNRPB2
0.15277825601184028,1.5335223878120852,0.014,0.006,1,B3GNT8
0.1528225298715996,0.25452420137602594,0.396,0.386,1,COMMD8
0.1530362250562777,-0.4169824414426868,0.023,0.035,1,IPO11
0.153063684175702,1.2290254909865488,0.02,0.011,1,PLAG1
0.15308163147189838,-0.1959752905812886,0.03,0.043,1,UBE2O
0.15332688455092236,1.0416815393467056,0.02,0.011,1,MIB2
0.15332939589203884,0.7801232074135959,0.146,0.128,1,HAUS2
0.1533623697486592,0.9312604762441263,0.033,0.021,1,GBP5
0.15342706354885097,0.11328348466531724,0.027,0.04,1,ZNF629
0.1534797906097161,0.2800002447848866,0.094,0.12,1,HLA-J
0.15362135601403012,0.2389614605198953,0.059,0.079,1,ATP6V0A2
0.15375121341498585,0.17585106724027622,0.008,0.016,1,EHHADH
0.154053346093577,-0.19617909584535287,0.065,0.085,1,HMOX2
0.15409011218854268,1.2157318646082098,0.049,0.035,1,NR1D2
0.1541182750519791,-0.1875318546280722,0.082,0.104,1,MRPL58
0.15413566566487966,1.1427404131728838,0.034,0.022,1,MFSD2A
0.15422244826132128,0.1116531839358531,0.325,0.386,1,BRD2
0.15435094220799225,-0.5781042282810347,0.02,0.03,1,RCC1L
0.1544891326096837,-0.12143170221945931,0.059,0.077,1,FGFR1OP
0.15489140322134834,0.3291025910871377,0.027,0.04,1,KCTD10
0.155055808151715,0.9532091615074405,0.014,0.006,1,ASPN
0.15519508659474382,-0.279889386147487,0.158,0.189,1,METTL5
0.1554041029188876,0.15727218307311963,0.046,0.062,1,MNT
0.1554687622281843,-0.135730311964026,0.19,0.226,1,ATAD5
0.15554546729316912,0.9645232192499544,0.034,0.022,1,SLC39A1
0.15579757314018677,1.828635920693627,0.022,0.013,1,RRN3P2
0.15587351057556773,0.8210898171933985,0.036,0.024,1,HIST1H3A
0.15594787737348081,0.2842603866188518,0.067,0.088,1,POGK
0.15602318236245136,0.6844733176852253,0.128,0.109,1,RUNX2
0.15643358563990317,1.6161317174987033,0.022,0.013,1,HECTD3
0.15673446245156578,0.5368237128626295,0.171,0.151,1,ANO6
0.15675995713759391,0.8762342180105946,0.057,0.042,1,SEC24A
0.1567947944971941,0.2916492385702358,0.299,0.284,1,PPP1R2
0.15681156819228956,-0.21930218148906022,0.151,0.181,1,DPY30
0.15691493607668344,-0.18662509338463296,0.115,0.143,1,GFM1
0.15719067495158714,0.5400706018265018,0.107,0.088,1,BRAP
0.15745289442416538,0.43353808651701675,0.196,0.173,1,SEC22B
0.15745529884467216,1.9338189551640022,0.022,0.013,1,HAAO
0.1575868823508685,1.2302001687474182,0.038,0.026,1,PAQR3
0.15778263737185796,-0.27757400657798037,0.033,0.046,1,PRIM2
0.15779018013999013,1.0736982051610413,0.04,0.027,1,AK9
0.15800508170148236,-0.4684994751460545,0.045,0.061,1,FAM114A2
0.15814421297090414,-0.6439069880194199,0.012,0.021,1,PRDM1
0.15825308113520134,-0.8944294269565112,0.016,0.026,1,NCR3LG1
0.15845787593604715,0.5658898212837382,0.07,0.053,1,BNIP1
0.15860812193456889,-0.5235421017554986,0.033,0.046,1,SAYSD1
0.15892643609669516,0.20278209343909626,0.204,0.252,1,FCGRT
0.15907282619389,0.35832692244806874,0.177,0.155,1,KPNA2
0.15928534430433172,-0.7682176056704053,0.012,0.021,1,PRKRIP1
0.15966643256354443,-0.24396310609681793,0.095,0.119,1,STX10
0.1597148709241181,-0.5101443727998713,0.012,0.021,1,MYO1E
0.1600017082788292,-0.2648957907655607,0.012,0.021,1,LZTS2
0.16013710318145896,0.49950936457088346,0.051,0.037,1,BISPR
0.1601613486774247,1.1325282154638039,0.022,0.013,1,MED25
0.16035457836132982,0.6038995866666881,0.08,0.062,1,LINC01881
0.16057655122116468,-0.6142887047124317,0.012,0.021,1,BTBD6
0.160833992069271,0.8633638940102815,0.04,0.027,1,CLEC16A
0.16084179015667885,0.36586601730567203,0.053,0.038,1,GALNT6
0.1608529601209794,0.7752894948742277,0.071,0.054,1,PITRM1
0.16112408188588762,0.2383539273866695,0.484,0.498,1,ZC3H15
0.16145284735676516,0.34169214605278275,0.14,0.12,1,RCOR3
0.1615608173760234,-0.16599759190752605,0.057,0.075,1,PRIMPOL
0.1615862798724993,-0.9756158999492,0.012,0.021,1,ATP7A
0.1616886980026937,0.18417668582124813,0.048,0.066,1,PRAM1
0.16173287579732176,-0.2017192675557533,0.141,0.17,1,RAPGEF1
0.16181564248133917,0.7514350517769803,0.049,0.035,1,ST3GAL4
0.16208556694977158,-0.1873375857701971,0.016,0.026,1,PANK4
0.16211566433556965,0.8360406014641208,0.022,0.013,1,GFOD2
0.1621262952201448,0.30662129655661285,0.036,0.051,1,B3GLCT
0.162293200156106,0.753615308049725,0.101,0.083,1,FOXO3
0.1623104446130747,-0.4465787507259602,0.012,0.021,1,MIPEP
0.16234645165142442,0.15989495949256405,0.045,0.061,1,ZNF350
0.1625782576642213,-0.27063847316124834,0.081,0.103,1,FANCB
0.16265573057825938,0.41746764901678635,0.02,0.03,1,PRKCE
0.1627057251323015,0.11161723466990026,0.051,0.069,1,TMEM218
0.16303705558289833,-0.43818820070630604,0.012,0.021,1,MTMR7
0.16314540955515283,-1.189685779190408,0.007,0.014,1,TSIX
0.16316529792765438,1.1116902013773249,0.022,0.013,1,NCDN
0.16318267167813572,-0.20851886102444528,0.012,0.021,1,CNPY4
0.16324473294975378,-0.11838306967661705,0.02,0.03,1,NFS1
0.16332331069290562,-0.20115551227323358,0.045,0.061,1,RNF216P1
0.1633283858153367,-0.15897011884345869,0.012,0.021,1,SMPD2
0.16343654076546582,0.6733391787290222,0.04,0.027,1,CLEC4D
0.16346726178352236,0.6107854533801795,0.083,0.066,1,ABHD18
0.16367710831809693,0.6187939579394981,0.057,0.042,1,CYHR1
0.16368785577591322,0.7530152458430424,0.114,0.095,1,LUC7L
0.16386513701332933,-1.3055892592272125,0.007,0.014,1,BAG2
0.16386957411683928,-0.486309440989964,0.038,0.053,1,QDPR
0.1641579937994925,-0.11640889469003657,0.016,0.026,1,LACC1
0.1641810509785509,-0.268268713312279,0.074,0.095,1,MTMR12
0.16424991501658048,0.7561237059747001,0.055,0.04,1,WDR13
0.1643603737104464,-0.41060573123554,0.049,0.066,1,RNF8
0.16440650086791259,-1.5134527820605213,0.007,0.014,1,AR
0.16460086729627513,0.3534746126866349,0.334,0.322,1,NORAD
0.16469028665073002,-0.2739898571954541,0.135,0.162,1,TRIP11
0.16482486123731693,0.12003642773821888,0.039,0.054,1,OPA3
0.16487571359941197,-0.3266424776776615,0.093,0.115,1,KIAA0232
0.16513041342733045,-0.9243630922956187,0.007,0.014,1,SLC9A1
0.16514304802115642,0.43733627269951714,0.181,0.16,1,FAM136A
0.16515409899424335,0.36771330674982017,0.149,0.128,1,UBR2
0.16528008300791236,0.8602129094894817,0.103,0.087,1,EMD
0.16531176590906357,-0.2449154981023458,0.007,0.014,1,ATAT1
0.16553514256621638,0.12909633013452448,0.091,0.115,1,ADRM1
0.16565197893437406,1.3451614886779746,0.024,0.014,1,FAM157A
0.16578581609592014,0.6639231097587278,0.139,0.12,1,SCYL2
0.1658567227270748,-0.7281939743959542,0.007,0.014,1,LENG8-AS1
0.1658567227270748,-0.7910031374999598,0.007,0.014,1,ZFP36L1
0.16603867498865096,-0.9114408131975882,0.007,0.014,1,SRD5A1
0.16611896103637658,-0.11941559453340966,0.016,0.026,1,GLIDR
0.166476501882071,0.4012681763791516,0.275,0.255,1,PUM3
0.16655719794910964,0.6047645770522119,0.185,0.168,1,ARHGAP45
0.16658543256995603,-0.4793277765852837,0.007,0.014,1,TTC12
0.16674222160348884,0.20702578120758208,0.154,0.186,1,KNTC1
0.1667875627272731,0.5755214565170653,0.245,0.232,1,GALNT7
0.16691485481524346,-0.26484428903219004,0.074,0.095,1,UBE3C
0.16692881561237818,1.2491019782058723,0.024,0.014,1,SMN2
0.16695068887943426,-0.4443747305982022,0.007,0.014,1,JAKMIP2
0.1669626597218502,-0.20068346565103168,0.032,0.045,1,LINC00869
0.16702069931056132,0.3295113916867403,0.208,0.186,1,MED13
0.16703253251345856,0.20441141608156732,0.026,0.038,1,MTERF3
0.16713354258789054,-0.2530439851970119,0.007,0.014,1,TPRN
0.16724639266440733,0.3074317232917698,0.063,0.083,1,CDC14A
0.1673002844402522,1.4367372057042473,0.026,0.016,1,CIPC
0.16786646248748952,-0.2724081964710585,0.007,0.014,1,SNORD87
0.16793684951399226,0.8443671724652493,0.061,0.046,1,PNPO
0.1679788544562814,0.15157693356612567,0.057,0.075,1,FAM206A
0.1680114338641332,-0.33143501817334986,0.034,0.048,1,AAMDC
0.16808341450981398,1.5203882937654623,0.016,0.008,1,ZNF234
0.16810952606041296,-0.19396461591603265,0.06,0.079,1,GANC
0.16819376844629585,0.4856373133396221,0.283,0.274,1,IGF2BP2
0.16823905348487414,0.40731289350717226,0.18,0.159,1,VPS53
0.1684071048456504,1.4895817321586513,0.016,0.008,1,ARAP3
0.1684071048456504,1.2055808430955626,0.016,0.008,1,GTF2IRD2B
0.1686656525490669,0.8667621958378202,0.065,0.05,1,TGFB1
0.16872878807815903,1.0165349268416954,0.024,0.014,1,DAG1
0.16881124397211758,0.3277790087947152,0.296,0.287,1,DDX3Y
0.16897036399229184,0.33764053535761906,0.007,0.014,1,FUT11
0.1692011299816845,0.16170813518395732,0.683,0.729,1,TPI1
0.16937515262538702,0.9464651155679409,0.024,0.014,1,NAGLU
0.16958136317978587,0.4152274768566702,0.209,0.191,1,UHRF1BP1L
0.16977811165645115,1.1015219154202494,0.026,0.016,1,PARP10
0.16984903107595925,0.635787371947746,0.06,0.045,1,YIPF6
0.16986950325050254,0.8749389571536828,0.016,0.008,1,LOC100287015
0.16990469156358423,-0.18990921886694645,0.035,0.05,1,TSTD2
0.1703814222372242,0.49649749453193226,0.128,0.107,1,YAF2
0.1708476373869318,0.4560227612897627,0.063,0.048,1,TCF7L2
0.17084971100499843,0.38582412047293957,0.016,0.008,1,USP54
0.17102729562564545,1.1572870117475356,0.026,0.016,1,CCDC191
0.17164208658731023,-0.12009429219523371,0.059,0.077,1,VAV1
0.1716465393586239,0.10164313648476986,0.122,0.149,1,NT5C3A
0.17177716088116887,-0.14536441184953608,0.029,0.042,1,SCAMP3
0.1718405931055508,0.5753336078520194,0.199,0.183,1,NDUFB5
0.1718421448769122,0.3612676899644175,0.354,0.351,1,SENP6
0.17184630462383566,0.7262420466080044,0.123,0.106,1,HGS
0.1725353869428126,1.0689764649146185,0.026,0.016,1,CHST13
0.17254936430384696,0.5217448014416317,0.255,0.245,1,TXNRD1
0.17391426387541473,-0.5707861186186785,0.015,0.024,1,MYBL1
0.17392652094361463,0.3780780787987106,0.026,0.016,1,BEST1
0.17395370611357472,2.296491314751581,0.011,0.005,1,LINC00662
0.17395370611357472,2.053237078484531,0.011,0.005,1,RELB
0.17395988836731452,1.3714894631545032,0.028,0.018,1,HIF1AN
0.17405889970638413,-0.6927829753768582,0.056,0.072,1,E2F8
0.17415434059483323,2.1884760396114675,0.011,0.005,1,SCARNA9L
0.17420844424807738,0.11509265405230829,0.075,0.096,1,TDRD7
0.17447550294650982,-0.6231103357285597,0.015,0.024,1,ORAI1
0.1745719101138654,1.302925151222869,0.028,0.018,1,CALCOCO1
0.17475728097629567,1.781781443902303,0.011,0.005,1,GLI4
0.17491474796602477,0.21235531692889187,0.1,0.08,1,EHBP1L1
0.17495860697625887,1.684523138513529,0.011,0.005,1,MPZ
0.17495860697625887,1.5146993571948926,0.011,0.005,1,ZNF594
0.17499831217719888,0.5900390273744267,0.156,0.138,1,HAUS6
0.17516010602588258,1.8377661985499483,0.011,0.005,1,YPEL3
0.17518272807812077,0.15747790259623184,0.18,0.22,1,GNPTG
0.17529577225050064,-0.8039273570962311,0.011,0.019,1,RORA
0.17535329844138253,-0.268565454114404,0.107,0.13,1,PPP6C
0.17577591485711636,-1.2373034601412298,0.011,0.019,1,NUBPL
0.17577650577558465,0.9506503677995151,0.088,0.072,1,ATP6V0D1
0.17580077387536466,1.0987502178495547,0.028,0.018,1,CDC42BPB
0.1758370019062378,0.4262731084105491,0.026,0.016,1,THAP6
0.17584368830576322,-0.24195597708904248,0.034,0.048,1,RMDN3
0.17585419060368682,0.7163331479020025,0.167,0.151,1,TCIRG1
0.17656525444817456,-0.39077999455889145,0.087,0.107,1,FBXW11
0.17666822400328933,0.6356980967310516,0.175,0.157,1,GRIPAP1
0.17674451437310143,0.27229525566212365,0.026,0.038,1,CNNM3
0.17675360115744038,0.9192771928563013,0.048,0.035,1,MAPK8IP3
0.17677833633361018,1.139766195316124,0.011,0.005,1,CNNM2
0.17691239277632714,0.9820499319527596,0.088,0.072,1,LACTB2
0.1769813958729426,0.9894409485195377,0.011,0.005,1,KDELR3
0.17702236117192333,-0.11711903351510955,0.069,0.088,1,ASB8
0.1770327332540966,1.058813056451414,0.048,0.035,1,SLC35B2
0.1772045254111475,-0.4356809935754886,0.061,0.079,1,SNAPC5
0.177318101695693,2.075354696498926,0.018,0.01,1,TET1
0.1773880361916463,0.5913835160877188,0.011,0.005,1,ECE1
0.1773880361916463,0.8532077111220326,0.011,0.005,1,LOC100289561
0.17759161710497368,0.9918719305864814,0.011,0.005,1,LRRC42
0.17759998652384373,0.2732302427977187,0.5,0.519,1,FCER1G
0.17787233808924952,0.9712316242109185,0.054,0.04,1,STAG3L3
0.17794618666639622,-0.19070316636916917,0.043,0.058,1,DCAF1
0.17795112536369276,2.010850088725607,0.018,0.01,1,TMEM44
0.17799930077385248,0.7160995809331556,0.011,0.005,1,FMO4
0.17821271909948183,1.3698967894360252,0.035,0.024,1,EPGN
0.17826826734224344,1.5542645723112782,0.018,0.01,1,FOXO4
0.17834036771138992,0.9454992833229239,0.093,0.077,1,ZNF92
0.1787179215076919,-0.3124771587277926,0.046,0.061,1,MED17
0.17877419647604456,-0.12013046547684114,0.075,0.096,1,ABCD3
0.17883493087780145,0.42397068802493143,0.108,0.09,1,STAM2
0.1790215571359267,0.49293543170286824,0.011,0.005,1,FRMD4A
0.17930003346691958,1.4051045748522601,0.032,0.021,1,CRACR2A
0.179334116890924,0.30550919187408,0.348,0.346,1,UQCRFS1
0.1793815767858723,1.1503305789571305,0.018,0.01,1,PTOV1-AS1
0.17943841553035128,-0.14568401004010756,0.061,0.079,1,BTN2A1
0.17949666996995245,0.46207562729344875,0.063,0.048,1,C2orf74
0.17962591238051293,0.1215908405241155,0.059,0.077,1,ISCA1
0.17963700311158382,-1.376396304614003,0.007,0.013,1,CRTAM
0.17981610708310827,0.31999137838357705,0.097,0.079,1,CYSTM1
0.17982944343351256,0.5757074380990272,0.111,0.093,1,PLXNB2
0.1800351723842621,0.6000362614644144,0.203,0.189,1,NUDCD2
0.1801799569466792,1.0521169244864739,0.018,0.01,1,LMLN
0.180220764689082,1.1107026299330376,0.03,0.019,1,POLR1B
0.1802574721777389,0.18070739927732965,0.207,0.247,1,ACTN4
0.18036843083236473,0.306650255235112,0.034,0.022,1,ASB1
0.18046004230040413,-0.9373816695858199,0.007,0.013,1,MOCS3
0.18060524833205913,0.5894752074395182,0.079,0.062,1,ARFGAP2
0.18066623906424809,-1.026461306694653,0.007,0.013,1,GIN1
0.18098097409669298,1.5137135148649339,0.018,0.01,1,MARCH2
0.18102153244022998,0.6604883626928909,0.198,0.183,1,SDCCAG8
0.18118432751234578,-0.2855459955158981,0.031,0.043,1,PEX3
0.1812081870307183,-0.11549863100349977,0.084,0.104,1,COMMD1
0.18131618686168904,-0.19645816828038143,0.015,0.024,1,PPCDC
0.18144006663511658,0.4406510755028447,0.329,0.329,1,AP3S1
0.18189529610544014,-0.1753235251776335,0.122,0.147,1,ORC6
0.18214138549065073,0.6116243099202541,0.092,0.075,1,ZNF267
0.1822236848341928,0.3174794846861624,0.101,0.127,1,CUEDC2
0.18227317816896527,0.30537067717692834,0.155,0.135,1,CCDC90B
0.18232211571511817,-0.9424544116241798,0.007,0.013,1,RPEL1
0.18232211571511817,-0.8377240601815075,0.007,0.013,1,ZNF461
0.18252988909226617,-0.9300823569740899,0.007,0.013,1,TESK1
0.18260015960304984,1.152209667616431,0.037,0.026,1,HYI
0.18276173319677205,0.8072647417305807,0.126,0.109,1,STXBP2
0.18305150935503167,-0.12762164435781045,0.259,0.303,1,ANAPC16
0.18306603036517452,0.8255585863680861,0.048,0.035,1,GBP2
0.1831009436400007,0.8014995820034652,0.05,0.037,1,NRIP3
0.1832378835504311,0.8011386259598332,0.018,0.01,1,STMN3
0.18329010583000463,0.5888206914030067,0.102,0.085,1,ACYP1
0.18336273829352703,-0.5297871092661612,0.007,0.013,1,RUNDC3A-AS1
0.1834368534365189,0.3313755378975598,0.028,0.018,1,MAN1B1
0.18375483820136887,0.3846261400997115,0.134,0.115,1,NOTCH2NL
0.18392898066938235,1.049395995662493,0.034,0.022,1,HCFC1R1
0.18406383975586255,0.48792706703614547,0.258,0.25,1,HACD4
0.18427454002442714,-0.28649517212086284,0.04,0.054,1,NUDCD3
0.18449310724421378,-0.18027342911691147,0.028,0.04,1,ZNF274
0.18500505745610807,-0.3228701986657345,0.046,0.061,1,ORC4
0.1853610249902018,-0.334295757148114,0.051,0.067,1,CORO7
0.18542543986991228,-0.2740779780297955,0.021,0.032,1,PSRC1
0.18544754058187599,0.5265674869145958,0.137,0.119,1,DCUN1D5
0.18566758639760092,-0.10769342488459621,0.007,0.013,1,ABHD8
0.1856901928286133,0.7968110401025719,0.05,0.037,1,WDR55
0.1858098172932969,0.4312277772010341,0.16,0.141,1,DCTN1
0.18590164155569233,0.26370984155598287,0.079,0.101,1,DHRSX
0.18613659951049535,-0.5128074597962708,0.024,0.035,1,ARMCX5
0.18622097885613073,0.9593219789451837,0.037,0.026,1,PDRG1
0.18629119509698863,0.45488882187445334,0.019,0.029,1,MAPK3
0.1865818893335371,0.6225430475355067,0.157,0.139,1,MITD1
0.18727315477048392,0.6844180147180849,0.045,0.032,1,NFIX
0.18738850434161994,-0.25584800144216757,0.028,0.04,1,TMEM68
0.1874425764567227,0.47898844278612096,0.158,0.139,1,FOPNL
0.18752530631314956,0.3512990808966304,0.233,0.215,1,ARID4A
0.1878183918661892,1.4634590137129662,0.02,0.011,1,AGER
0.18782820479677534,-0.3328118422564561,0.036,0.05,1,SFI1
0.18813499405599574,0.7430777325990534,0.103,0.087,1,ARAP1
0.18876937489784226,-0.3957833906619159,0.024,0.035,1,TRIM41
0.18898753604259122,0.9785482845635105,0.062,0.048,1,ARHGEF2
0.1891061021428275,0.5409092222620786,0.068,0.053,1,TMBIM1
0.1891791263762407,-0.3879274818863143,0.089,0.109,1,FAF2
0.1895694777885541,0.5707504088688307,0.052,0.038,1,PYGB
0.1896500787467314,0.6515744840245299,0.054,0.04,1,GCLM
0.18968405563308693,0.506511928863389,0.068,0.053,1,DNAJC4
0.18992180654194749,0.3478998398333335,0.271,0.258,1,ARRB2
0.19010955221333134,-1.5172004005560602,0.01,0.018,1,OPTN
0.190312113825043,0.3201768563259891,0.221,0.2,1,COMT
0.19035582014543587,0.39562305835966294,0.061,0.046,1,ZNF621
0.19046735448520838,0.3341359654031082,0.119,0.099,1,TTN
0.1904913826759535,0.13728317156089842,0.058,0.075,1,ENTPD7
0.19050177079225522,0.5442233082841892,0.088,0.071,1,MAN2B2
0.1909572646245177,1.0179340189575674,0.02,0.011,1,SGCB
0.1909677626835002,0.5100926563860013,0.034,0.022,1,RPUSD3
0.19106514864205912,-0.5178044738621748,0.024,0.035,1,NNT-AS1
0.1911616058795834,0.6017053396608816,0.032,0.021,1,FLYWCH2
0.19145195339980237,0.20873355437582664,0.037,0.051,1,FAM193B
0.19148881984200244,-0.23293777511009006,0.034,0.046,1,SNX9
0.19164768777611893,-0.25027895064402195,0.059,0.075,1,UBL7-AS1
0.19170296059741435,0.15271402806474033,0.114,0.139,1,MFSD14A
0.19189182981987737,-0.3225711114053351,0.042,0.056,1,MCM9
0.1919825237762683,0.4873956996720328,0.092,0.075,1,RAB44
0.19201433587995131,-0.17877869226900867,0.034,0.046,1,SMUG1
0.19204416673494015,-0.19473203088456126,0.074,0.093,1,DDX11
0.19220197988866455,0.33766139617048896,0.29,0.277,1,GMPS
0.19231430327276003,-0.5112357358929853,0.018,0.027,1,FBF1
0.19231675720584845,0.1750415529542395,0.084,0.106,1,KDM3A
0.19242891883162838,0.6794663546277038,0.045,0.032,1,TTN-AS1
0.1926334286790884,0.6672944351928849,0.035,0.024,1,F8
0.1927000176021107,0.7854749451995469,0.02,0.011,1,LOC101927550
0.19311856065401703,-0.1507630729930609,0.115,0.139,1,DGUOK
0.1933206699943841,-0.12628016103428363,0.051,0.067,1,WDR46
0.19385850604452018,-0.7724662443062504,0.01,0.018,1,HEG1
0.1938623462585583,-0.41726692682603383,0.018,0.027,1,NOD1
0.1939564000424707,2.248730577393136,0.013,0.006,1,RNVU1-7
0.19399070175708197,0.13438746853917752,0.299,0.349,1,GUK1
0.19403837194278908,-0.9049690052807442,0.01,0.018,1,HIST1H3J
0.19446717571536531,0.45213635280851483,0.154,0.136,1,MKLN1
0.1947590605745671,-0.9250450711665525,0.01,0.018,1,LOC102606465
0.1949780522780022,-0.2507596668226859,0.024,0.035,1,CCDC28B
0.1954296554487465,0.6253011609886072,0.093,0.077,1,NT5C
0.1956250705875201,0.42265417407154304,0.264,0.253,1,RNF181
0.19595324149807888,0.4055006607471451,0.345,0.349,1,SPART
0.19597944459134758,0.383236142719179,0.262,0.244,1,ERO1A
0.1959938823475578,-0.531598078141462,0.033,0.045,1,NDST1
0.19602246797659037,-0.35835153018016275,0.057,0.074,1,CCDC117
0.1960721737567974,-0.23031914880376547,0.265,0.301,1,HIST1H2AM
0.19637376390591085,0.3880963409839314,0.26,0.247,1,GPI
0.19656936923727017,-0.9834583385657121,0.01,0.018,1,THNSL1
0.19656936923727017,-0.8450379757141726,0.01,0.018,1,ZNF600
0.19714322566892212,-0.5539581271736171,0.014,0.022,1,REC8
0.19736083649073125,0.8092551810110737,0.098,0.082,1,DYNC1LI2
0.19748781396566864,0.6990062259402985,0.104,0.088,1,NUTM2B-AS1
0.19752412127492583,0.9837488781181225,0.063,0.05,1,MBD1
0.1976640503581289,-1.6072923826055376,0.006,0.011,1,ZNF813
0.19810070867977816,-0.23313983177756903,0.027,0.038,1,MORN2
0.19820915748977602,-0.3953674342335258,0.01,0.018,1,PAX5
0.19835708786185527,0.9814925151671527,0.021,0.013,1,ZNF586
0.1984034050931646,-0.10484698275349302,0.034,0.046,1,RNF14
0.19856425060693303,1.2644057515615712,0.013,0.006,1,PARP16
0.1986122383232477,-1.3051465098784059,0.006,0.011,1,DUSP19
0.19897097043587034,0.38621073669748984,0.149,0.13,1,LYAR
0.19897695431244705,0.326545571562632,0.075,0.096,1,SMIM20
0.1990875774594438,-1.2630420530216657,0.006,0.011,1,MS4A2
0.19917112654084262,0.4459570374380828,0.013,0.006,1,ZNF846
0.19928537283484515,1.05182728509459,0.021,0.013,1,GMDS-AS1
0.1993130016458187,0.42472661942297174,0.171,0.154,1,PIBF1
0.19931817050101228,-0.3212068378576971,0.055,0.071,1,GALNT4
0.19932555856660805,-1.3970146568535542,0.006,0.011,1,INPP5E
0.19940561048359462,-0.41628243205065685,0.08,0.099,1,SAMM50
0.19947911071853328,0.6477543397366639,0.093,0.077,1,HDHD2
0.19957646282028724,1.0754013689773263,0.013,0.006,1,SLC25A22
0.19966186600350683,1.2685467375032489,0.047,0.035,1,SCRN2
0.1997950813318886,0.1074777665767841,0.116,0.143,1,PPDPF
0.19980214421569298,-0.612477185638383,0.006,0.011,1,PPIL6
0.19980214421569298,-1.3428737526581225,0.006,0.011,1,RABL2A
0.19990769104224543,-0.28791127686552676,0.056,0.072,1,METTL2B
0.19998602755606418,0.17600012197394932,0.031,0.043,1,LRBA
0.19998777787066213,-0.11669765592676831,0.285,0.324,1,ETFA
0.20004074889987297,-0.9805398941788699,0.006,0.011,1,SLC27A4
0.20020874850357565,0.14496745793450738,0.181,0.216,1,SMIM26
0.20027099823511288,0.28692678448848286,0.043,0.058,1,PPP2R5D
0.20042982198876547,0.4665878783931232,0.168,0.151,1,AATF
0.20045213285221328,1.6250178605747663,0.023,0.014,1,ISYNA1
0.20049165538274538,-0.2380891023988616,0.104,0.127,1,NELFE
0.20051858234217954,-0.6528431049606667,0.006,0.011,1,EVA1B
0.20051858234217954,-0.7885201858751971,0.006,0.011,1,GOLGA8J
0.20051858234217954,-0.7852218950167593,0.006,0.011,1,LINC01503
0.20061565497408143,0.3446238273634621,0.404,0.42,1,DIAPH1
0.20064874015684456,0.4874556059374528,0.215,0.2,1,MARCH6
0.20075781124178246,-0.5711560613550013,0.006,0.011,1,CEBPE
0.20080554941321271,0.8831494846618364,0.053,0.04,1,KLHL2
0.2009972483544514,-0.6533581485506765,0.006,0.011,1,MMAA
0.20133379027458922,0.1214510278430927,0.01,0.018,1,LINC00910
0.20147674750049788,-0.2412835524601098,0.006,0.011,1,FAM72A
0.20149637570716655,0.3844201002650086,0.293,0.284,1,CCAR1
0.2017505817231792,0.3509207960396159,0.215,0.197,1,HLA-DRB6
0.20179263839286649,-0.2234310429189139,0.03,0.042,1,RFX2
0.2018165872774631,0.3918233659451369,0.013,0.006,1,NFKB2
0.20207034697742,0.7776057994783927,0.065,0.051,1,PCYOX1L
0.20209323397485124,1.2349382955956507,0.023,0.014,1,CDKL1
0.20219755957355062,-0.46074027393283146,0.006,0.011,1,RCN3
0.20258754001143015,0.7794257482332592,0.073,0.058,1,HLX
0.20271789904534748,0.4136705935141394,0.058,0.075,1,NVL
0.20292024934779046,-0.2914648525611705,0.006,0.011,1,TMEM17
0.20300248112045852,0.4362639433578215,0.01,0.018,1,SLC38A5
0.20312132032011646,-0.18964195151425178,0.03,0.042,1,WDR77
0.2031426573395157,1.1395533057515,0.023,0.014,1,LRIG2
0.20318851118414905,0.3296199906880011,0.01,0.018,1,TRIM39
0.20330576714430784,0.5741606597381426,0.181,0.163,1,SCLT1
0.20332815580405217,0.15022205385273257,0.114,0.095,1,ARNT
0.2036413138716255,0.6889296363727868,0.053,0.04,1,CCZ1B
0.2038604538295477,0.40545431769354207,0.276,0.264,1,MAP4K4
0.20391967699281685,0.3471878114543898,0.07,0.054,1,MRPS30
0.20394960025151296,0.1040664349212631,0.197,0.234,1,RALY
0.20407811665682252,-0.3331807624358798,0.02,0.03,1,SLC19A1
0.20409641823571023,-0.7780423624421138,0.023,0.034,1,LINC01004
0.20417157434952118,1.287784231471821,0.042,0.03,1,BCLAF3
0.20424814585310164,0.750760758738358,0.098,0.082,1,CUL4A
0.20428986663612897,0.5138222781332007,0.062,0.048,1,TNKS
0.20467906146378795,0.5149603857094699,0.209,0.191,1,FLII
0.20475286300786766,0.47901134059147155,0.124,0.107,1,ZNF280D
0.20475631757955473,0.8888632271516377,0.051,0.038,1,BLCAP
0.20477284670661466,0.7914090768627804,0.055,0.042,1,NUDT7
0.20503432412004916,0.14867787556630185,0.05,0.037,1,SIRPD
0.205078087142266,0.1128411941949472,0.027,0.038,1,POLR3F
0.20518045430956885,-0.828371357867614,0.02,0.03,1,RTL8C
0.20554675107368425,1.300431612252786,0.025,0.016,1,ICAM4
0.20570776184573614,0.8914662891872309,0.023,0.014,1,GALE
0.206033500156941,0.601716043528393,0.099,0.082,1,PRKAA1
0.20635115541421464,0.9463109283127058,0.049,0.037,1,NEMP1
0.20644682015830956,1.3128299431664638,0.031,0.021,1,TTTY14
0.20646667035049043,0.6996789969850572,0.023,0.014,1,CD300LB
0.20649333868544512,-0.24450557850664723,0.033,0.045,1,KLHL36
0.2068420665634758,-0.28983517540857884,0.02,0.03,1,LRRC37A2
0.20720860420255996,-0.181048755741116,0.045,0.059,1,DGKG
0.2075820619821676,0.8983964140089897,0.087,0.072,1,KDM4A
0.20769190642558433,0.61932226679441,0.049,0.037,1,FURIN
0.2081522173992132,-0.15243913086584543,0.241,0.28,1,UBE2G2
0.20827108217047255,0.1673771386642644,0.513,0.524,1,COX6B1
0.20848824239831554,-0.1628077169920318,0.25,0.282,1,UBA2
0.20867450359546183,0.5717251960847771,0.059,0.045,1,SCAI
0.20947863186731808,-0.4573134379913735,0.023,0.034,1,RNF26
0.2094862537510062,0.4128017350419328,0.204,0.188,1,RHOT1
0.2094906814691412,0.6775238971977057,0.148,0.131,1,HEXIM1
0.20949845840866183,0.8839486999501767,0.025,0.016,1,SH3PXD2A
0.20956403093211384,1.2659299197270868,0.038,0.027,1,CD79B
0.20958531982908318,-0.16890590040005127,0.103,0.127,1,TPGS2
0.209791582725865,0.8371597236112407,0.155,0.141,1,ZNF131
0.20981161623955813,1.9722517050929262,0.015,0.008,1,LOC100506321
0.2098361415123343,-0.2560638889308895,0.035,0.048,1,TLE1
0.21008012642590723,1.307859927005489,0.033,0.022,1,ETV3
0.21020168229262917,1.8587419157914526,0.015,0.008,1,ZNF699
0.2103395288419063,0.2998433908732172,0.108,0.133,1,PPP6R1
0.21039798323726075,0.13793740655319864,0.065,0.083,1,MMS22L
0.21044575350087888,0.6113895153154987,0.023,0.014,1,MXRA7
0.21098338836626987,2.285038205027987,0.015,0.008,1,PAPSS2
0.21098338836626987,2.1801191656281365,0.015,0.008,1,SNHG20
0.2110929118596003,1.0674324984068635,0.04,0.029,1,LOC642852
0.2111454292546174,-0.11585768950859376,0.224,0.26,1,FYTTD1
0.2113192827907438,0.14490131246565063,0.092,0.075,1,DDX55
0.21141850088758188,0.3890348311880576,0.036,0.05,1,ACSF3
0.2114636652354809,0.59531522481310994,0.101,0.085,1,HIST1H2AL
0.21160929191933656,0.3416631903146024,0.262,0.248,1,SCAND1
0.2117671947624314,1.4541172862390104,0.015,0.008,1,ISPD
0.21177751971483558,-0.17316514603835875,0.044,0.058,1,TSR3
0.21178119197040288,0.2609425850442444,0.4,0.399,1,UBE2J1
0.21187374899912073,-0.3280129490193575,0.023,0.034,1,CAMK1D
0.21220199690764266,0.14983999234650724,0.259,0.24,1,NAA15
0.21262301712410608,0.26085328793145135,0.054,0.071,1,ZNF805
0.21290453889651811,-0.11821144577124176,0.097,0.119,1,ERICH1
0.21297837714249157,0.764918489694141,0.047,0.035,1,ADAP1
0.21304872444270648,-0.6021747083549687,0.026,0.037,1,PPP2R1B
0.21334111661591462,1.30002113612053,0.015,0.008,1,DBF4B
0.21361582157739448,0.8884979650698548,0.031,0.021,1,LOC339803
0.21364517586700513,0.4823884696403944,0.049,0.037,1,ITGB2-AS1
0.21373591293097352,1.1224875047074825,0.015,0.008,1,LRRC63
0.21374446385497353,0.39713508136369696,0.209,0.189,1,MCEMP1
0.21378014840227919,0.9085666707644862,0.075,0.061,1,PRPSAP1
0.2138346866595437,0.9190401592184481,0.015,0.008,1,SLC22A18
0.21393350863766333,0.9853695279229902,0.015,0.008,1,BMP1
0.21393350863766333,1.5502706193746594,0.015,0.008,1,LPCAT4
0.2139395424614126,0.6814927127539465,0.061,0.048,1,VPS37A
0.2139457423650278,-0.11133798851177024,0.091,0.112,1,PUS7L
0.21408971433940518,-0.22726136937750496,0.017,0.026,1,NCOA5
0.21432909530429484,1.251299737330438,0.015,0.008,1,MUC1
0.21474446708645312,-0.9856734186493714,0.013,0.021,1,LOC101926943
0.21500339410013847,0.9157398161876018,0.034,0.024,1,EML2
0.2150245039967862,0.721300425927891,0.047,0.035,1,TM2D3
0.2151022573893299,0.7018284578476086,0.142,0.127,1,CEP95
0.21552057947454403,-0.8839847796953704,0.009,0.016,1,MARK4
0.21577506820487632,0.8024380295022842,0.036,0.026,1,STARD4-AS1
0.21606333080353624,0.6908189725849818,0.093,0.079,1,CCDC174
0.21611576307978086,0.8808235622754266,0.015,0.008,1,FARP2
0.21611576307978086,0.7319339226086985,0.015,0.008,1,SPRYD3
0.216451731227049,1.1599757640630912,0.031,0.021,1,JRKL
0.2166219395271474,0.24617696802471478,0.142,0.123,1,CREBZF
0.21672086213716982,0.5854822723925945,0.049,0.037,1,FAM214A
0.2169132703515252,0.8389148603201537,0.015,0.008,1,SNORA25
0.21708138519767825,1.1190850243245762,0.036,0.026,1,ACD
0.217112977591298,0.3152113564645598,0.015,0.008,1,ACACB
0.21713986180383868,0.24796289969822816,0.135,0.117,1,PKP4
0.21714902898347166,-2.148056240647194,0.005,0.01,1,PRUNE1
0.21737313526388075,0.33837445702438607,0.132,0.114,1,STIM2
0.21750473636786333,0.2635828412284562,0.107,0.131,1,PYCR2
0.2175805220836002,1.3731305351657817,0.036,0.026,1,SIGLEC10
0.21758140804227996,0.545248052978711,0.201,0.186,1,FBP1
0.21758571359741216,0.9450661715716837,0.076,0.062,1,NAGK
0.2176929640552944,0.297690580252604,0.068,0.087,1,NADSYN1
0.21771289280479045,0.3509533593913572,0.015,0.008,1,N4BP2L2-IT2
0.2179152295456852,0.892237388900337,0.038,0.027,1,GRAMD1B
0.21797589447444973,-1.9132354470157722,0.005,0.01,1,CASS4
0.2181504567389992,-0.4382531300409864,0.032,0.043,1,MTMR9
0.21818240119057544,0.18283194527323499,0.065,0.083,1,FRG1JP
0.2181964834219259,-0.2945582987815625,0.026,0.037,1,YIPF2
0.21821318454373584,0.8557885584085665,0.027,0.018,1,TMTC2
0.2182492558919755,0.3631811100417712,0.074,0.059,1,ADAT1
0.2182520185913924,-1.2311451017420207,0.005,0.01,1,CCRL2
0.2182520185913924,-2.182698908030532,0.005,0.01,1,ZNF471
0.2183226803416438,-0.5669064125150336,0.037,0.05,1,ASB6
0.21838407321121342,-0.11283933247806655,0.009,0.016,1,ST6GALNAC6
0.21845229111896747,0.10408487025079927,0.05,0.066,1,IKBKB
0.21849060202294646,-0.3344287041995937,0.017,0.026,1,ANKRD36BP2
0.21851031670596824,-0.2055209011223864,0.066,0.083,1,CDC7
0.2185823542595571,-0.21188966587936586,0.085,0.104,1,DHX38
0.2186956371032685,0.46445171706379007,0.046,0.034,1,VPS16
0.218795365007483,-0.4309411840358903,0.009,0.016,1,ZNF230
0.21880502072277305,-1.083244890234468,0.005,0.01,1,LOC101926935
0.2190818988923554,-1.0305473489398338,0.005,0.01,1,PRH1-TAS2R14
0.21920328050286533,-0.22934322564743637,0.122,0.144,1,ESF1
0.2192687504768844,-0.16467268746309927,0.038,0.051,1,KIF9
0.21933212457123238,-0.2513501990861897,0.013,0.021,1,AMBRA1
0.21935902856762193,-1.402734556428678,0.005,0.01,1,FOXN3-AS2
0.2193985031923815,-0.10258417730406855,0.061,0.077,1,FIGNL1
0.21986596366000397,-0.2206287211151725,0.013,0.021,1,RBM4B
0.22015778565440491,-0.42440293889380776,0.029,0.04,1,GLCE
0.2201657798770308,1.0547252646752199,0.083,0.069,1,NFU1
0.2204464068767427,1.7856246792234138,0.017,0.01,1,CDAN1
0.22055723081053502,-0.549245562251798,0.02,0.029,1,ZNF510
0.22058669111507634,0.5199768441818216,0.047,0.035,1,GTF2H2C-2
0.22074845221919911,-0.9832409150250898,0.005,0.01,1,LINC02246
0.22082505766844726,0.238110454141522,0.031,0.021,1,PIGB
0.2208601703305504,-0.10634230110861775,0.009,0.016,1,RFNG
0.22102709253968558,-0.9692479531585931,0.005,0.01,1,LOC100506142
0.22118148223761086,0.7007072016901115,0.079,0.064,1,TBC1D23
0.22119586256615673,0.3058211804654525,0.121,0.149,1,PDCD2
0.22130598490097586,-0.760933112335846,0.005,0.01,1,GFRAL
0.22130598490097586,-0.5678730901129443,0.005,0.01,1,RASL11A
0.22130598490097586,-1.0519288126280157,0.005,0.01,1,SAMD13
0.22133886858437582,0.1561409338856764,0.144,0.173,1,CBX1
0.22140888240844667,-0.14836366361697717,0.029,0.04,1,GTDC1
0.22151375766820708,0.5967418221643715,0.202,0.191,1,CAPNS1
0.22158512937869126,-0.3914450452068392,0.005,0.01,1,LOC100507557
0.22158512937869126,-0.4967744938802765,0.005,0.01,1,LOC101927572
0.22181729858687133,-0.2573208566610776,0.055,0.071,1,HARS
0.2218203055293491,-0.1173911615326344,0.101,0.123,1,NSL1
0.22186452604824639,-0.5202974513258045,0.005,0.01,1,LOC101929066
0.22189799828797083,0.5987933979348281,0.128,0.111,1,ESCO1
0.22214417498484831,-0.39393697064855804,0.005,0.01,1,PMFBP1
0.22219004028982636,-0.19287303750015639,0.013,0.021,1,TNFAIP8L1
0.22226405161322585,0.5105092668013337,0.161,0.144,1,ATXN2L
0.22229031910194297,0.8703354142915558,0.137,0.167,1,RECK
0.2224240762634968,-0.6047949010823626,0.005,0.01,1,ICAM1
0.22258673539385837,0.9390078008921166,0.114,0.099,1,SHKBP1
0.22265105419174444,-0.322340527495919,0.02,0.029,1,KLHL20
0.2229086675569449,-0.4547459479396254,0.013,0.021,1,XYLB
0.22326529489859698,0.521886840911324,0.005,0.01,1,ZNF619
0.22328109630730017,-0.1350054238529208,0.071,0.088,1,TRIAP1
0.22364998421212764,-0.5841022126468789,0.046,0.059,1,LXN
0.22367785176737984,1.4402284120875626,0.017,0.01,1,LOC441242
0.22378351095519386,0.642144502229502,0.033,0.022,1,MGAT4B
0.2238092887878064,0.1834072180445281,0.013,0.021,1,DDX28
0.2238464242952874,0.395099900271422,0.204,0.189,1,CDK2AP1
0.22384725132242717,0.7171663732575351,0.105,0.09,1,TAF10
0.22401764852461295,0.21479152260285161,0.038,0.051,1,JMY
0.2240915209935123,-0.17984803048673692,0.044,0.058,1,ZNF708
0.22412036489743578,0.3448468962269109,0.073,0.058,1,DCTN5
0.22464585062905731,-0.6437174330829158,0.032,0.043,1,ACOT7
0.22488871117475667,0.24873301977574336,0.026,0.037,1,ABHD15
0.22505135978376622,0.1319437221620614,0.056,0.072,1,MTOR
0.2251453693694692,0.3107287262975267,0.067,0.053,1,DENND5A
0.22518892802659332,0.30094459764412007,0.49,0.519,1,ROCK1
0.22526945125454875,0.558657157100606,0.033,0.022,1,ELL
0.2254022675555317,1.4145593564307961,0.017,0.01,1,PRKD2
0.22545145388189114,0.8750680461063303,0.116,0.101,1,FBXO25
0.2254637010396377,0.9784142811857355,0.062,0.05,1,LRRC57
0.22546773314035906,0.7853040366472359,0.047,0.035,1,MFN1
0.22556649865009049,0.34527065895561493,0.083,0.067,1,ZCCHC2
0.22562487972597053,0.35638565519383647,0.056,0.043,1,BCOR
0.22575102368158886,0.8418655536659134,0.034,0.024,1,CGRRF1
0.22605257843666723,-0.6934578710500503,0.042,0.054,1,PLK1
0.22621792749060096,-0.10576144473650428,0.026,0.037,1,JMJD8
0.2263674323776039,0.3026624090286094,0.061,0.079,1,ZNF544
0.22655713948078432,0.9879107323612919,0.017,0.01,1,CHKB-AS1
0.22690259496316523,0.7300894780898677,0.04,0.029,1,AP3S2
0.22735787310983072,-0.2761257780406421,0.065,0.082,1,MRPS27
0.22762406101766616,0.17836835432537934,0.617,0.639,1,SFPQ
0.22765479647796305,0.35053508119925225,0.107,0.131,1,PTGER2
0.2276802954631866,-0.4035818666376705,0.034,0.046,1,LOC101928000
0.22810046376540297,0.6835392395437057,0.103,0.088,1,ZDHHC21
0.2281224266764185,0.5423893117216048,0.099,0.083,1,CDADC1
0.22849129468868765,0.9724660484777923,0.017,0.01,1,THAP2
0.22932087116952934,0.47844753781621985,0.106,0.09,1,XIAP
0.22946276969761503,0.46112041308869767,0.017,0.01,1,ESS2
0.22953251621899762,0.580411857649182,0.239,0.234,1,ERAP1
0.22965741684391464,0.8425111257801978,0.017,0.01,1,ECM2
0.22983815326091528,1.9108854853510104,0.01,0.005,1,ALOX12-AS1
0.22983815326091528,2.001976996659982,0.01,0.005,1,CCDC80
0.22985218142261404,0.6897084727195955,0.017,0.01,1,TCTE3
0.23026024389584537,0.5442986650471047,0.13,0.115,1,HAL
0.23034269140346736,-0.18630193422525299,0.04,0.053,1,NADK2
0.23034719308860355,1.4536787693984543,0.01,0.005,1,CYB5RL
0.2306487006744585,0.652460358821449,0.123,0.107,1,TPD52L2
0.2306641431926067,0.5112185458076697,0.038,0.027,1,ARHGAP11B
0.23088477003494617,0.7154384011427903,0.113,0.098,1,SP110
0.23092352122170784,2.109710940269032,0.019,0.011,1,ZNF761
0.23093488164279008,0.4034342230078207,0.137,0.12,1,AK3
0.23118923317337195,0.3212714144353108,0.041,0.054,1,ZNF680
0.23147735174132883,2.209908530483465,0.019,0.011,1,ZSCAN26
0.23162329798879633,1.295520647445196,0.01,0.005,1,TRIM68
0.23170650305589677,-0.7097096873216904,0.016,0.024,1,FKBP7
0.23187912026436278,1.070809307204442,0.01,0.005,1,SLED1
0.23191653572014345,0.9060018425357197,0.054,0.042,1,PPM1F
0.2319573995754343,0.5351628093274743,0.095,0.08,1,KYNU
0.23200234850558712,0.6249866133628381,0.017,0.01,1,CLCN6
0.2320828393722045,0.44818147617862847,0.31,0.309,1,VMA21
0.23224425887251945,-0.3671051826326748,0.022,0.032,1,PSPH
0.23241590336352272,-0.12074421497866084,0.068,0.085,1,ALDH6A1
0.23252741309833413,-0.7118380440495422,0.062,0.079,1,CSTF3
0.23264779053414494,1.772158929903557,0.01,0.005,1,ANGPT2
0.23274694115787126,0.5914653381328558,0.125,0.109,1,CARNMT1
0.2327732899847417,1.428997931264239,0.019,0.011,1,RCL1
0.2329454387517891,-0.26789546799147024,0.116,0.139,1,TRAPPC2L
0.2330234673302121,0.38439509209056855,0.02,0.029,1,FAM133CP
0.2331278009061181,0.2130505101767115,0.078,0.098,1,NTAN1
0.23316124071952787,0.21830609593969896,0.01,0.005,1,SNORD22
0.23329931464103684,0.5665743034864228,0.228,0.216,1,PRDM2
0.23334097732722303,-0.1398581538428032,0.076,0.095,1,GCFC2
0.23347567935409463,-0.35730003910327657,0.04,0.053,1,CPT2
0.23367549401178314,0.74434423275863,0.01,0.005,1,ABCD1
0.23367549401178314,0.8934060989557855,0.01,0.005,1,PMS2P5
0.23367549401178314,0.27987115544722574,0.01,0.005,1,VNN2
0.23393292193903495,1.0075900307606576,0.01,0.005,1,UPB1
0.23455413607468154,0.8533855395342855,0.058,0.045,1,GPANK1
0.2348201490953562,1.3017214404955917,0.019,0.011,1,SLC25A10
0.23496464326481062,0.5245879082848823,0.01,0.005,1,LOC105371414
0.23500125344320635,0.14418351126187412,0.072,0.09,1,FMC1
0.2350591463179999,0.8718782084396404,0.064,0.051,1,IDH3G
0.23559714047754265,0.5039601370381591,0.228,0.216,1,SPAG9
0.2357624503021665,-0.31715574938516466,0.022,0.032,1,XXYLT1
0.23577022348376805,0.29608646532010585,0.029,0.04,1,TMEM216
0.23583210997006757,0.6960480187917439,0.121,0.107,1,SYNE3
0.2359710550497341,-0.20998402568281627,0.037,0.05,1,ALDH16A1
0.23633589866136395,-0.48173675458044807,0.059,0.074,1,DHRS4
0.23639448570679358,1.0598201427760312,0.045,0.034,1,UBQLN2
0.2365043067804853,0.7748304384056457,0.019,0.011,1,SNX11
0.23682718981166057,2.0227083920295352,0.02,0.013,1,ZNF417
0.23687051562488753,0.9482575209370738,0.103,0.09,1,RRN3
0.23692950959574438,0.36859386670072364,0.193,0.179,1,WIPF1
0.23706833356002657,-0.31533684415364194,0.056,0.071,1,MED8
0.23710184858198272,1.0670977582796874,0.069,0.056,1,GTF3C5
0.23713217178698523,0.23054987759568957,0.07,0.088,1,HAUS5
0.23724025872485008,0.7978288820930786,0.098,0.083,1,YEATS2
0.23738749452160873,-0.11262528915430758,0.022,0.032,1,ATAD3B
0.23753699181805069,0.7524349975528131,0.087,0.072,1,GBF1
0.23763181263423497,0.6033239244556547,0.019,0.011,1,LOC100131289
0.23771990045019858,1.4891055014536887,0.02,0.013,1,BBS4
0.23782597405360426,0.9125473100258016,0.127,0.114,1,ZNF33A
0.23787008475568164,0.302815114871575,0.249,0.301,1,BTAF1
0.237874460005467,0.3917274335093923,0.029,0.04,1,PHKG1
0.23788008367457403,0.5899485264144684,0.095,0.08,1,SP140L
0.2379803771911271,0.4122037197030579,0.022,0.032,1,ZCCHC14
0.23816444009675217,-0.1950456851846345,0.116,0.138,1,ESCO2
0.23817881281115597,0.36585145110177564,0.02,0.029,1,ZNF672
0.2383738457692149,0.9944173134211316,0.057,0.045,1,EEF2K
0.23888183031653748,0.1710415553136232,0.148,0.178,1,UBBP4
0.23900100504863195,0.8400563993620167,0.085,0.071,1,ZNF654
0.23926180374661687,0.5941209336178337,0.155,0.141,1,ATAD2B
0.23937042295038116,-1.230412517044221,0.008,0.014,1,ZNF500
0.23953972338623217,0.5586350797311177,0.216,0.205,1,EP300
0.23985402412680493,-1.3021166405070814,0.012,0.019,1,RPL23AP53
0.23990440166278995,0.9560884390998701,0.05,0.038,1,TMLHE
0.2400508715909385,-0.5067507949562593,0.012,0.019,1,TUBE1
0.24009509823730682,1.7129868267064587,0.035,0.026,1,BCL2L2
0.2402961270102023,-0.8462076816385791,0.008,0.014,1,PTGR1
0.2403885788275491,0.16413163985657464,0.074,0.093,1,ZBTB10
0.24051920162202162,1.117157906457761,0.061,0.048,1,EXOC8
0.2405279466642187,-1.2641338711916248,0.008,0.014,1,URB2
0.24075992383271352,-0.8528708133608163,0.008,0.014,1,ZFYVE27
0.2409604732053651,0.2767542771876341,0.022,0.032,1,SNN
0.241546115061663,0.4700272482648433,0.016,0.024,1,PLPPR2
0.24162975095649955,-0.870608898759401,0.012,0.019,1,SDHAP2
0.2416894082357391,-0.7551387226274286,0.008,0.014,1,ENTPD1-AS1
0.24192217341407155,-0.7187243885596475,0.008,0.014,1,P2RX5-TAX1BP3
0.24236261600789855,0.5985724721099739,0.156,0.143,1,CRCP
0.24238246770372962,0.31609098519791423,0.387,0.399,1,SCP2
0.24254175079763338,0.11073785448908335,0.079,0.098,1,TMEM141
0.2428186971670687,-0.4740370987067042,0.012,0.019,1,ACOT2
0.24285481130314335,-0.8587699617155637,0.008,0.014,1,ENAH
0.24297775560425325,0.4413816412219932,0.274,0.266,1,TMED5
0.24308835603544246,-0.7737209193842007,0.008,0.014,1,GCC1
0.24315313544577036,0.2923742576706947,0.032,0.043,1,IDNK
0.24331729071238692,0.6926905230887321,0.05,0.038,1,USP49
0.24343171570125552,-0.3523174562043452,0.019,0.027,1,PGM5P2
0.24348954117989838,1.1516954507341342,0.02,0.013,1,CLEC12B
0.24357461322818386,0.5610669031111346,0.099,0.083,1,MAP3K5
0.24369523154897768,0.6240927245601084,0.07,0.056,1,PLOD3
0.24375213202689094,-0.3901526502958723,0.039,0.051,1,YKT6
0.2437899740446531,-0.5183842416969737,0.008,0.014,1,ATG9A
0.2438126228937879,-0.5675237306814696,0.012,0.019,1,RNY3
0.2438445406728593,0.3187217620490427,0.362,0.361,1,FLT3
0.2438638998142427,-0.5690795264071773,0.045,0.058,1,WDR44
0.2440072083029205,0.49909522644331794,0.016,0.024,1,MGC27345
0.24416752921641624,-0.24939854070061385,0.058,0.072,1,UAP1
0.24425850280166964,-0.5000150990123151,0.008,0.014,1,MARS2
0.2444329227869924,0.8157089010398897,0.047,0.035,1,OSCAR
0.24480940295703704,-0.305501341013648,0.012,0.019,1,EFCAB7
0.24491911852439055,-0.21304380481271235,0.113,0.135,1,C1GALT1
0.245170334615435,0.9592149703664852,0.059,0.046,1,ARHGAP25
0.24520891467810255,-0.28408000420148394,0.012,0.019,1,KBTBD7
0.24534974012242033,-0.11276571180021802,0.217,0.252,1,TERF2IP
0.24542463633206452,1.457184026383802,0.022,0.014,1,SIRT6
0.2454317663218637,-0.15889084691993904,0.088,0.106,1,HSPA13
0.2456365835889816,-0.23202670601211528,0.034,0.045,1,POLR3E
0.2459033310457727,-0.21537327404532203,0.008,0.014,1,ZFP82
0.24598552848868985,0.3551916265882942,0.193,0.176,1,PRPF8
0.24620969441047766,-0.23259953652991694,0.012,0.019,1,ZNF398
0.24627255482399257,0.707735324514601,0.073,0.059,1,ZNF410
0.2463090364572243,-0.6474971060943149,0.071,0.087,1,THUMPD2
0.24658221953542792,-0.11730457799097449,0.068,0.085,1,RNF141
0.24661080682904435,-0.11869398282340171,0.012,0.019,1,AP5S1
0.24672801159696955,0.11773039851311573,0.019,0.027,1,ZNRF1
0.2468892659269967,0.7918123658791836,0.045,0.034,1,THRA
0.24689364332527883,-0.11734875290053282,0.019,0.027,1,ZNF23
0.2469917410069139,0.23288641300372803,0.076,0.095,1,PEPD
0.24710346741087486,0.21793396223324057,0.049,0.064,1,SLC25A39
0.24721333358058595,-0.2059273566397266,0.012,0.019,1,CLYBL
0.24725659273130848,0.13495764189679682,0.153,0.181,1,NDUFAF3
0.2473903056026093,0.4479403559012862,0.186,0.171,1,GOLGA7
0.2474958410422765,0.7449114045114458,0.492,0.538,1,NFKBIA
0.2475321397356439,0.10574971291702528,0.127,0.152,1,PPP3R1
0.24803119738499196,0.33788482054704305,0.056,0.043,1,POC1B
0.2480517093477336,0.8913795472432362,0.022,0.014,1,ZNF768
0.24819362924539815,0.4646465431083162,0.048,0.037,1,DDX58
0.24822741195827466,-0.17925075343478802,0.031,0.042,1,NSMCE3
0.248339431972405,0.8884046856997716,0.043,0.032,1,TRMT1L
0.24857321473610525,0.3544795851799065,0.123,0.106,1,EVI5
0.24858062883869134,1.3630479684454708,0.024,0.016,1,C12orf65
0.24860834654578795,0.4489858079521336,0.052,0.04,1,SETD9
0.24874107263620618,-0.2254828902651349,0.008,0.014,1,CLK2P1
0.24894604832460024,0.9236778216689592,0.041,0.03,1,RCCD1
0.24920352442211374,0.9596623965797544,0.041,0.03,1,BEX1
0.24934590059118303,0.9201385798660251,0.043,0.032,1,ABCC1
0.24937966569724132,1.5171334508440233,0.026,0.018,1,PHF13
0.24945038498095096,0.8209854844519333,0.121,0.107,1,RWDD4
0.2498573508003327,0.548074743097728,0.203,0.191,1,INTS10
0.25018644895302816,0.11509806732389993,0.048,0.062,1,ABHD3
0.25022127539746636,-0.23164621500358562,0.034,0.045,1,MFHAS1
0.25022264329295985,-0.11161695223178825,0.019,0.027,1,RNY1
0.25084605347629546,1.2075070763275888,0.026,0.018,1,CLN8
0.2515823931817564,0.24611097652471026,0.02,0.013,1,CCDC170
0.25167111438843875,0.5225671722533837,0.282,0.277,1,TMOD3
0.2516831415243357,0.7039119761734547,0.106,0.091,1,CCDC112
0.25180055239256427,1.1800727078351838,0.024,0.016,1,SLC41A1
0.25214716689360855,-0.15070903802013724,0.165,0.192,1,TXN2
0.25218056898840674,0.8471333450210925,0.062,0.05,1,CANT1
0.25233092153555775,-0.10566444614292703,0.061,0.075,1,RBMX2
0.2523697780945775,0.2390769972427184,0.268,0.256,1,NEMF
0.25244187877568885,0.9130448903971544,0.037,0.027,1,ZNF746
0.2524857421357186,-0.12225751790798123,0.05,0.064,1,STX5
0.25257830327682945,0.16976279900926539,0.062,0.079,1,NBDY
0.25265070213108026,1.5131113369909732,0.012,0.006,1,PDP2
0.25271064064255977,0.6010712767366742,0.048,0.037,1,SLC17A5
0.25278772730848414,0.46434649203963296,0.025,0.035,1,LINC00537
0.25311848369016426,-0.2340108918878383,0.021,0.03,1,AGAP6
0.2531863573433045,0.5118435863186104,0.022,0.014,1,FBXW4
0.2534290560108581,0.48288929874115505,0.048,0.037,1,DCAF12
0.25362247710905833,0.18867791226577246,0.135,0.162,1,IFNAR2
0.25379157539358765,-0.40485418114722327,0.041,0.053,1,EYA3
0.2538547466499413,0.3145195824258611,0.131,0.115,1,RICTOR
0.25413521119972365,1.179144190233968,0.012,0.006,1,CRIPAK
0.2547982602002669,0.1976238667556851,0.094,0.114,1,CWF19L1
0.25500810861958645,0.4262920903735823,0.087,0.072,1,ARL2BP
0.25514482923863496,0.8915052707715363,0.034,0.024,1,MTSS1
0.2551593633516843,0.6147775828164046,0.116,0.101,1,EXOC3
0.2552639951776234,1.0348377270696298,0.028,0.019,1,C19orf66
0.25544659526777974,0.574076994208153,0.026,0.018,1,GLMP
0.25555551623433836,-0.2843014478595203,0.053,0.067,1,MRPL37
0.2558330806783795,-0.10602192829687551,0.181,0.208,1,CMC1
0.25585221284277143,0.2377475091056387,0.028,0.038,1,ZNF7
0.25587479712414,0.9390123945925417,0.012,0.006,1,CCDC85C
0.25587479712414,0.9095137870723944,0.012,0.006,1,MAP3K6
0.2559414013958872,0.934508375484115,0.039,0.029,1,PDGFC
0.25606168923097583,-0.16288361924723427,0.058,0.072,1,JPT2
0.2560749082111382,-0.4956733926205903,0.015,0.022,1,ENG
0.256252597583513,0.43763311976943786,0.073,0.059,1,IL2RG
0.25650449138222353,0.13833584318848824,0.122,0.146,1,THYN1
0.256622860877189,1.560920695075211,0.012,0.006,1,SPOCK1
0.25677105322139887,0.5694780690987633,0.024,0.016,1,TRIM66
0.25684264229047893,0.2453938409187746,0.028,0.038,1,B3GALNT1
0.25693771872270094,0.8287559025446898,0.026,0.018,1,PQLC2
0.25694365628151994,0.5720537029521111,0.024,0.016,1,LINC00997
0.2571272189400213,0.7073887907359002,0.069,0.056,1,HUS1
0.25718829441039087,0.3883668579378172,0.048,0.062,1,SF3B4
0.2575325930332722,0.6340319628750513,0.185,0.176,1,UIMC1
0.25768567493564826,0.23769928879253888,0.048,0.062,1,NABP2
0.2579099397069632,0.8920588395986506,0.034,0.024,1,SLC35E3
0.2580193564358553,0.10988777776633452,0.155,0.183,1,PNKD
0.2582554415566588,0.8074757490363221,0.164,0.154,1,PLEKHA2
0.2582776582461178,-0.2921327287050248,0.055,0.069,1,CCDC115
0.25832149005399324,-0.399501941763142,0.041,0.053,1,DHRS4-AS1
0.25845936643049094,0.6438304564499469,0.088,0.074,1,EPB41L4A-AS1
0.25847951906118377,0.21945453388827452,0.117,0.141,1,DCXR
0.2585314872071374,-0.7541466165293667,0.015,0.022,1,SLC25A25
0.2587874112448371,0.8631455987365606,0.028,0.019,1,HYAL3
0.25925904182293125,0.608723222217276,0.035,0.026,1,PDE8A
0.25932861294068627,-0.13907392593570478,0.063,0.079,1,TMEM242
0.25952115196689635,0.585189312020741,0.101,0.087,1,ICAM3
0.2597884667061812,-0.19749730715214664,0.024,0.034,1,BOD1
0.25981379014657985,1.3343197243144425,0.034,0.024,1,L3HYPDH
0.25988076927520476,0.8637416235829054,0.065,0.053,1,SLC12A6
0.26010545834667936,0.8888535941205085,0.026,0.018,1,DDX31
0.2604132687890057,0.364784248330547,0.05,0.038,1,APOBEC3G
0.2604755155282221,0.4420769772460851,0.043,0.032,1,SLC2A5
0.26058428526359734,0.5005670481341737,0.041,0.03,1,TMEM189
0.2605869332823402,0.6116838520092878,0.024,0.016,1,DTNB
0.2609435477620988,0.219567387048484,0.026,0.018,1,TMEM42
0.2615994257143049,-0.15531245559528073,0.099,0.119,1,BAG6
0.2617796143370263,0.1412347042331743,0.08,0.098,1,MBTD1
0.2618346970663676,0.8064796850324463,0.035,0.026,1,TFB1M
0.2619319001179975,-0.15231528456095234,0.039,0.051,1,ZRANB3
0.26193430231121584,0.2663601847905728,0.116,0.139,1,HECA
0.2619597909363838,-0.10005318984236045,0.015,0.022,1,DPH2
0.2620122592536076,0.5645394133439441,0.098,0.083,1,SMA5
0.26201963683331,0.435218607415929,0.028,0.019,1,CCDC9
0.2623518114998094,0.22065560685153063,0.045,0.058,1,ACTR1B
0.262456810991508,0.3802620333196165,0.026,0.018,1,COG7
0.2625204402151551,0.6253188082084763,0.166,0.152,1,PPM1A
0.2627123142360058,-0.1609694448413646,0.186,0.215,1,MAPKAP1
0.26290527980013806,0.9412958327954368,0.053,0.042,1,DEF8
0.2629084250335646,-0.2590409971993437,0.027,0.037,1,SBF2-AS1
0.26299472043996647,0.46634426333910817,0.028,0.019,1,PAXIP1-AS1
0.26321801004635725,-0.221770012215464,0.061,0.075,1,MXD4
0.26332273307559206,0.3162468845916047,0.264,0.252,1,SEC31A
0.26368567912975,-0.5769427866687846,0.015,0.022,1,LOC109864269
0.2643473814822288,0.20684311031215197,0.748,0.808,1,NUCB2
0.2645309247777233,2.3535859079787333,0.014,0.008,1,IFIT3
0.26461019810881525,0.38235915780000573,0.19,0.178,1,USP33
0.2647198247557963,-0.11950071454044764,0.084,0.101,1,COA3
0.26486176346147494,0.39799103418289694,0.155,0.141,1,EMC10
0.264943161374479,0.14460503122066215,0.115,0.138,1,ANKRD13A
0.2650179910852952,0.14813605513996952,0.024,0.034,1,MIER3
0.2650490186447537,0.26225093908249264,0.431,0.438,1,PTBP3
0.2652445767973478,0.589573839237794,0.03,0.021,1,TANC2
0.2653474080936135,0.5214842774283823,0.164,0.151,1,SNAP23
0.26574299509568594,0.1647052852858213,0.032,0.022,1,SEPSECS
0.265990623086502,0.3215356615463927,0.168,0.152,1,APAF1
0.26619720368075084,-0.43785651363834255,0.011,0.018,1,KIF1BP
0.26633573575558084,-0.4334842320331931,0.06,0.074,1,TBC1D22A
0.2664225175638836,0.2233261106579032,0.081,0.099,1,HMBOX1
0.2665831862236121,0.12265830116971277,0.193,0.224,1,VHL
0.26685923494694314,-0.7243615304024109,0.011,0.018,1,PRH1
0.2669958943838332,0.17378861374413068,0.304,0.362,1,HLA-H
0.26703260412027163,0.3183533722337719,0.036,0.048,1,EOGT
0.2672684424507275,-0.18596339828935982,0.06,0.074,1,RIPK1
0.2674131834079659,0.24785216055906467,0.042,0.054,1,NSUN3
0.26752239054998656,-0.9273083791796113,0.011,0.018,1,AVPI1
0.267598787658643,0.4283886462543175,0.169,0.154,1,NGLY1
0.26775688400940756,-1.7392605998193438,0.007,0.013,1,ZNF70
0.2678381190784045,1.884177530370791,0.014,0.008,1,CUL7
0.2678559236934725,0.2945528584815623,0.146,0.13,1,PUM1
0.2680377955048947,0.36946194747655614,0.069,0.056,1,KIAA0141
0.26855826093108337,0.2741218207501477,0.41,0.42,1,F13A1
0.2686691963329744,0.3593567429650282,0.37,0.373,1,KMT2C
0.2686927746730804,0.7530399769221217,0.072,0.059,1,LPCAT1
0.26896831447090713,-0.12537367025240265,0.027,0.037,1,ZNF316
0.2691067289711965,-0.2744100516173118,0.075,0.091,1,RAPGEF6
0.2691437881205212,-0.16723941219026406,0.058,0.072,1,NCK1
0.2692663552703988,-0.18835962999438927,0.027,0.037,1,PITPNM1
0.2693706989478621,0.5691123874920812,0.051,0.04,1,PIGG
0.26966052663849044,0.21288105135804758,0.245,0.287,1,PTPN2
0.26991197973427067,0.38093762501184436,0.032,0.022,1,IQCE
0.2699130932758724,0.22138619840331808,0.039,0.051,1,CLPB
0.27011209297239286,0.31671589841890313,0.282,0.271,1,BASP1
0.27011849685453226,0.6205283881054919,0.053,0.042,1,CDCA4
0.2701719139879137,-0.5841401740992822,0.018,0.026,1,MINDY1
0.27021772737332067,1.3126319171351657,0.014,0.008,1,LOC100506023
0.270248133129966,0.9313162282542358,0.096,0.083,1,RNF44
0.2702814180305656,0.60686344486235,0.08,0.067,1,IFI44
0.27041461331609934,-0.6925598751174968,0.007,0.013,1,C9orf147
0.2705949473939467,0.33398111171013567,0.287,0.282,1,PSPC1
0.27064247860692003,0.674733107550324,0.084,0.071,1,FAM104A
0.2707153647085629,0.21527578558952631,0.154,0.183,1,HNRNPH2
0.27085519972503447,-0.2588661823764413,0.011,0.018,1,C6orf136
0.2708697860683383,0.7343031075075113,0.168,0.157,1,SPG21
0.2708923355010741,-0.44651208425422073,0.03,0.04,1,SOCS5
0.2711736177879884,1.3325026340164658,0.014,0.008,1,CIDECP
0.271301713909445,-0.3537618412943493,0.011,0.018,1,WDR31
0.27160511197211806,0.8570594829019944,0.077,0.064,1,SETDB1
0.271750237943771,-0.4472111391651179,0.007,0.013,1,BYSL
0.27188819333132197,0.18500017553904158,0.683,0.723,1,GPX1
0.27203538877745853,0.823469743243852,0.063,0.051,1,DSTYK
0.27228575050880094,-0.11405501201364654,0.007,0.013,1,MRAS
0.2723524328616082,-0.4777805972821736,0.018,0.026,1,ZNF468
0.27237173514273755,1.1677859360301461,0.014,0.008,1,EFCAB5
0.27269421592902127,0.39060053607840217,0.039,0.029,1,NBEAL1
0.27282198487552134,-0.3040323467235515,0.007,0.013,1,LOC105374952
0.27282954644122254,-0.29944414035005407,0.055,0.069,1,MAD1L1
0.2729956399245924,0.3914573285299663,0.167,0.202,1,KIAA1551
0.27326452738258816,-0.3349279220974206,0.018,0.026,1,ACTR5
0.273358941208489,-0.2145002043384565,0.007,0.013,1,RPS16P5
0.2733735641248507,0.15689158114862423,0.047,0.061,1,MTERF4
0.27355869592376103,0.3159962594506348,0.155,0.141,1,SPOPL
0.2736276901632054,0.3415891710028722,0.007,0.013,1,FAM212B
0.27381425146798283,0.7105792640094428,0.014,0.008,1,FOXO1
0.2738383500937797,0.18544577813996632,0.039,0.051,1,MRRF
0.27399138621754704,0.12411626139691556,0.011,0.018,1,MSTO1
0.2740551775533237,0.49690261461431273,0.014,0.008,1,ZNF383
0.27472821881340054,-0.3203235551646255,0.018,0.026,1,CNTD1
0.27488708407212703,-0.1578431149045223,0.081,0.098,1,PPM1B
0.274974143621119,0.17254230773781298,0.007,0.013,1,FAM86DP
0.27498925295725374,0.16028496801434033,0.195,0.228,1,ARHGAP4
0.2750673047521125,0.22987238824406842,0.253,0.239,1,C1D
0.27563169412202904,-0.11793714428852997,0.061,0.075,1,KLHL9
0.2764728754806124,0.48608290145111166,0.011,0.018,1,C11orf63
0.27657477008143394,0.27358574958245774,0.385,0.385,1,CSGALNACT2
0.2767994137658861,1.134777856749416,0.042,0.032,1,HEMK1
0.27686676634371404,0.2249582109456476,0.007,0.013,1,LOC654342
0.27715229623450977,0.17036939477443003,0.011,0.018,1,FBXO43
0.27717512640414244,0.4523602754534095,0.134,0.119,1,PHF11
0.27729828912016063,-0.5951295869360251,0.023,0.032,1,POLR2J3
0.2774720721368618,0.46945091348687995,0.204,0.196,1,ACTN1
0.27749033640862975,0.36154921332813034,0.225,0.212,1,ARID4B
0.2776716385023392,-0.11615425822534453,0.018,0.026,1,CPOX
0.27768060175770204,0.9355715373869016,0.007,0.013,1,LOC730098
0.2779254658252917,0.7404224929484118,0.088,0.075,1,HINT3
0.27794229590487196,0.5454049727277751,0.151,0.138,1,ATG16L2
0.27827763694341795,0.5457498096936741,0.067,0.054,1,ZC3H8
0.27834293307807495,0.35018020198752997,0.082,0.069,1,CDKAL1
0.27838658781348796,-0.2364268258612947,0.033,0.043,1,SMURF2
0.27855720045137056,0.9041207456026736,0.079,0.067,1,TMEM11
0.27858068228695676,0.21748269998512182,0.045,0.034,1,GPATCH1
0.2789696428171113,1.567310986416619,0.016,0.01,1,LOC101928069
0.2794252430806564,0.42950460615249764,0.011,0.018,1,SNORA57
0.27967707767036704,-0.21370070512496664,0.02,0.029,1,MAP10
0.27968532443649047,0.6089545996365486,0.063,0.051,1,SLC33A1
0.2797778548238022,-0.2588758003197027,0.041,0.053,1,LSM10
0.2797820811066461,0.3938514573281149,0.137,0.122,1,COX15
0.28003110616285964,0.21162021975962886,0.401,0.393,1,PCBP1
0.2800789252306816,0.17022082447094355,0.018,0.026,1,CCDC22
0.2804208329442844,0.5579553120124401,0.17,0.157,1,RRM2
0.2805664559708421,1.6634441221772311,0.016,0.01,1,NEU3
0.28075711114196955,-0.16878104006193007,0.137,0.159,1,SPIN1
0.2810786094685628,0.31620961505718653,0.252,0.245,1,GLUD1
0.2811422753843198,0.33259253920125786,0.104,0.127,1,SCAF8
0.28118966990259014,0.12961688286894857,0.03,0.04,1,TRAF3IP1
0.28119474947367956,0.3840898255078615,0.018,0.026,1,SBF1
0.28122847750832247,0.5400765031938498,0.175,0.162,1,PIKFYVE
0.2816272357245754,-0.1581334167441173,0.065,0.08,1,KMT2B
0.2816305452361091,0.14323302043374575,0.03,0.04,1,LMBR1
0.28171083018964843,0.7006818632423357,0.011,0.018,1,LOC100288846
0.28171083018964843,1.3550081315353957,0.016,0.01,1,GALT
0.2821680557985801,0.36316481366723874,0.387,0.405,1,C20orf24
0.28275995144968735,0.9605042482090838,0.058,0.046,1,DCAF17
0.2830230803941461,-0.28478784677223445,0.089,0.106,1,NAAA
0.28349416598938615,2.0638470442666423,0.018,0.011,1,LOC101928617
0.28351907937233467,0.6524419827195156,0.06,0.048,1,SEC24C
0.28408236617970967,0.718713129531098,0.047,0.037,1,WWP2
0.2845342006004813,0.7795304009522559,0.074,0.062,1,PRRC1
0.28649103724397657,0.2245119494206136,0.12,0.144,1,OXA1L
0.2867836633103592,0.4495978813002681,0.016,0.01,1,LETM2
0.28722022313277007,0.2766533456457787,0.096,0.115,1,AGA
0.28730746528337575,0.11990979726079543,0.02,0.029,1,C9orf64
0.2877136022419541,-0.13481033927087088,0.304,0.341,1,HOOK3
0.287784190883051,0.2397123232614078,0.035,0.046,1,FUOM
0.28797929765149566,0.6295951586128679,0.046,0.035,1,NINJ2
0.28827099998086375,0.14612339680676967,0.09,0.109,1,ZFAND1
0.2882790765521539,-0.2773926680556915,0.054,0.067,1,CDC23
0.28903970514536886,0.9541661086867266,0.147,0.136,1,RALGAPA2
0.2895194020569381,0.14513738686748168,0.041,0.053,1,IFT88
0.28970562985554027,-0.6038999555431763,0.014,0.021,1,ZC3H3
0.28973111999515133,0.1652721586540591,0.071,0.087,1,PCMTD2
0.2899729229199576,0.15734105857838276,0.055,0.069,1,CLK4
0.29016820378422153,0.5303564598237305,0.049,0.038,1,MINDY3
0.29045779537703015,-0.2348514351626927,0.096,0.114,1,INSIG1
0.2904722867185917,0.679379341528141,0.128,0.115,1,MLKL
0.29082978182324987,0.19442698721962204,0.061,0.075,1,CHID1
0.2909231786315713,-0.171022986434183,0.037,0.048,1,UCKL1
0.2912952295400931,-0.13707723490905055,0.067,0.082,1,LIN54
0.291588153188815,0.8929780446640398,0.018,0.011,1,ARF4-AS1
0.29162777214683255,0.3253675084976402,0.167,0.152,1,INO80D
0.2917060491870022,0.27472318963234477,0.052,0.066,1,ZBTB2
0.29223756983538246,1.1297548435002471,0.036,0.027,1,CYB561A3
0.29239356892393503,0.24986067261475386,0.139,0.167,1,CWC27
0.2925613304920492,0.6237005662316264,0.02,0.029,1,PLEKHO2
0.2926502319375439,1.653712769346361,0.02,0.013,1,ZDHHC8
0.29304253102839595,-0.2119066128093019,0.026,0.035,1,FBXO8
0.2933900271542756,0.5937160886001156,0.095,0.082,1,BRWD3
0.2937823388735156,0.9668296827417113,0.042,0.032,1,ZNF26
0.2938021217509887,1.0247620050073158,0.018,0.011,1,NCKAP5L
0.2945396064083588,-0.22865405898362612,0.029,0.038,1,AREL1
0.2950047960919717,0.44684518107586624,0.114,0.099,1,USP24
0.29503833459511863,0.10733234996927621,0.014,0.021,1,ZNF701
0.29508002598712146,0.7005701577204697,0.157,0.147,1,SDHAF2
0.29513590115103006,0.3558888646058955,0.018,0.011,1,ZRANB2-AS1
0.29515678854157457,-0.23697891479309874,0.029,0.038,1,STAP1
0.29517508123765224,0.8696294249074059,0.02,0.013,1,NAT6
0.295287512438249,0.8641885996775467,0.038,0.029,1,HIST1H3C
0.29593619657203757,-0.6055343888013973,0.017,0.024,1,PPIP5K1
0.29623139571108115,0.9092260036358404,0.02,0.013,1,TBC1D13
0.2963404390754113,0.767227835649086,0.02,0.029,1,FAM13A-AS1
0.29636811365861193,0.1406756870018695,0.071,0.058,1,KIFC1
0.29642021167073784,0.38762681340475813,0.159,0.146,1,AES
0.29673044937082593,-0.3695532983118923,0.017,0.024,1,QPCTL
0.2968293338953708,0.34378064403176545,0.291,0.29,1,TRA2A
0.29705432551065614,0.574679086896952,0.076,0.064,1,NCSTN
0.2970639561793824,0.7442671605512703,0.02,0.029,1,ZNF542P
0.29707826642697427,1.100242177732298,0.02,0.013,1,ZNF783
0.29727573867997314,0.5500695934319535,0.117,0.104,1,LRMP
0.29771447491605335,1.1647264863275675,0.02,0.013,1,FAM221A
0.29776069817747575,1.221886828160311,0.021,0.014,1,MOB3B
0.2979071634233427,0.6208391566989272,0.137,0.123,1,TMCO3
0.29839992317473973,0.6574793193312395,0.195,0.186,1,RAB32
0.29843933732967437,0.3910020925020361,0.149,0.135,1,TP53BP2
0.2986955973870511,1.1887262188035446,0.029,0.021,1,TRAF3IP2
0.2988777346240636,0.5268696112438714,0.135,0.122,1,SOS2
0.29903720296314157,-0.9072247848152415,0.01,0.016,1,APBB2
0.2990372209330111,0.2657215116599465,0.026,0.035,1,P2RY1
0.2994164588538489,0.1948257279819936,0.038,0.05,1,PRMT3
0.29944344824267444,0.11299295020395483,0.111,0.131,1,MRPL30
0.2996058217543865,-0.17574558801452467,0.106,0.125,1,RNF20
0.2998176674632111,1.0993838168326344,0.027,0.019,1,RAD52
0.2998417668699787,0.9572518628405216,0.02,0.013,1,ZNF528
0.299891309764659,-0.11768984411475447,0.048,0.061,1,SUCNR1
0.29994237734119344,-0.14399417032737016,0.12,0.141,1,STT3A
0.30028663864015315,-0.8741438295446384,0.01,0.016,1,CXCR2
0.3006115206023979,0.7942062924286852,0.064,0.053,1,AP3M1
0.30061683840642145,0.24587881222519847,0.091,0.077,1,TADA3
0.3006256263942192,0.6352693032998649,0.023,0.016,1,SNTB2
0.3007665291608406,-0.4116596528859082,0.047,0.059,1,PCBD2
0.30099932270101115,-1.040034188642215,0.007,0.011,1,SLC4A1
0.30099964661946677,-0.29202287473442423,0.032,0.042,1,TAZ
0.3012886891797612,-0.16608117065210326,0.01,0.016,1,HIST1H4I
0.30131864471977016,0.6454448968060857,0.054,0.043,1,ZFP90
0.3014718166069809,-0.10558573673352978,0.061,0.075,1,GTF3C3
0.30172680651652956,-0.513000170635928,0.017,0.024,1,ADGRA3
0.3017958349207833,1.2186048963330882,0.023,0.016,1,FBXO3
0.3018462479098557,0.13004427896698934,0.04,0.051,1,STN1
0.3019192287248656,-1.0517045682594173,0.007,0.011,1,ZNF668
0.3021123091056969,0.6524651949357474,0.074,0.062,1,RNF113A
0.3021955991693669,0.8168135747393312,0.115,0.104,1,KRCC1
0.3022929640720778,-0.2340944437519994,0.01,0.016,1,POLL
0.3022929640720778,-0.30192795102761494,0.01,0.016,1,ZNF829
0.3023820746868085,1.0813446993857263,0.023,0.016,1,ASB7
0.30253353784521864,-1.159953972949146,0.007,0.011,1,NMNAT3
0.3028384378710019,0.26764015927064755,0.179,0.208,1,BACH1
0.30285379650220073,-0.48244339282994986,0.034,0.043,1,USP46
0.3029598281544931,0.42630473087466747,0.087,0.074,1,INTS6L
0.3031649054014051,0.40411297657221024,0.023,0.016,1,SCYL3
0.30322779318994036,0.7221651732446404,0.029,0.021,1,HCFC2
0.30323392337012356,0.39686241603811323,0.181,0.168,1,MRPL14
0.3032999878043646,0.7578482981394081,0.103,0.091,1,TRAPPC6A
0.30340301650849505,0.954200311030148,0.029,0.021,1,GEMIN8
0.3034565593522358,-0.17206946067788387,0.007,0.011,1,CACNB2
0.3034565593522358,-0.6222839818297459,0.007,0.011,1,TRAF4
0.30346687528513305,0.412689534861739,0.075,0.093,1,LOC284454
0.3036963679151523,-0.4053532493084173,0.02,0.013,1,LOC729162
0.30376464864071173,-0.5253174886580911,0.007,0.011,1,ULK4P3
0.30387968862920606,0.4977936189192822,0.073,0.061,1,NKIRAS2
0.3039428513601641,0.1080897737230293,0.017,0.024,1,GDF11
0.3044445071376899,0.4877960336521441,0.076,0.064,1,MTRR
0.3046901629725198,-0.4050376463382346,0.007,0.011,1,CTAGE10P
0.304751232643668,0.12880040407022753,0.065,0.08,1,MIEF1
0.3049990832631337,-0.661384000495131,0.007,0.011,1,IDH1-AS1
0.3049990832631337,-0.22738502117944392,0.007,0.011,1,SNORD105B
0.30506619177376265,-0.24939179478828244,0.01,0.016,1,PEX11B
0.305132484461734,0.15355825846331816,0.065,0.08,1,MRPL45
0.30513372876158734,0.6368336345381472,0.133,0.12,1,XPC
0.30570919524009205,0.5794329613755098,0.115,0.103,1,VAV3
0.30592709077326025,-0.29780672802424757,0.007,0.011,1,LOC101928120
0.3059767372447632,0.16013280907321525,0.302,0.356,1,CLTC
0.30601424348648854,0.49184250951093333,0.088,0.075,1,SPICE1
0.3060376410653749,0.5439349621876286,0.115,0.103,1,MARF1
0.306112509930748,0.7922276332053806,0.023,0.016,1,DIEXF
0.30612123032978517,0.9694250843922281,0.048,0.038,1,KAT8
0.3061532100671905,0.625436631631139,0.025,0.018,1,SCAF1
0.30659767861077103,0.38613598588556997,0.128,0.114,1,COPS4
0.30659964134395207,-0.10357500587282109,0.053,0.066,1,NBPF1
0.3067292965500698,0.7574605061627411,0.052,0.042,1,HIVEP1
0.30685228520023106,0.8516538741055393,0.033,0.024,1,CYB5R1
0.3069113525258003,0.8599762824334904,0.025,0.018,1,TICRR
0.30710108792181623,-0.155442131326871,0.02,0.027,1,SH2D3C
0.30714257771367265,0.2857649874176298,0.04,0.051,1,NCK2
0.30729089646012653,-0.3888318617017208,0.02,0.027,1,AARS2
0.30744783787170193,0.46202283757936446,0.184,0.173,1,STRAP
0.3075700885200578,0.15604652427231125,0.037,0.048,1,TMEM60
0.3075861181508787,0.6396984320801422,0.096,0.083,1,LOC441081
0.3080997145093408,0.5015220967171663,0.007,0.011,1,JMJD7
0.30820342230460485,0.10954455899569737,0.017,0.024,1,KIAA0754
0.3082866282187333,0.2631146224572514,0.359,0.364,1,PECAM1
0.3083866137297828,0.6447753238290101,0.115,0.103,1,FMNL1
0.30839853197670064,0.5950046765854363,0.216,0.21,1,LY75
0.3086200950949243,0.22804722425827606,0.01,0.016,1,HPGD
0.3103139621634755,0.4685126354762627,0.222,0.213,1,POLR3GL
0.31038691594030393,-0.8401668447375172,0.025,0.034,1,ZNF317
0.3105648746068635,0.44436114826852524,0.148,0.136,1,MRPL34
0.3106872791258646,-0.2942377826286937,0.022,0.03,1,ARID3B
0.3107207309616756,-0.2269363719602735,0.02,0.027,1,TMEM175
0.31095346010883523,0.1259524010146763,0.203,0.237,1,UBE2I
0.31116649841487753,-0.30912125163156867,0.056,0.069,1,NDC1
0.31139255503108515,0.5276876715569623,0.073,0.061,1,TERF2
0.3118153550356815,0.13999224235387198,0.724,0.777,1,MYL12A
0.3118522732425095,0.42363438735321024,0.027,0.019,1,RHBDD3
0.31191394463605476,0.48653202025636966,0.1,0.087,1,KIF1B
0.311933257465437,0.4477000575054544,0.021,0.014,1,DHX34
0.31198132671338474,-0.5079000793236084,0.041,0.051,1,C12orf43
0.3124854489759631,0.6603618942214595,0.05,0.04,1,FANCM
0.3125000856812154,0.181182879717376,0.04,0.051,1,SCAP
0.3132073223631287,0.7361435514940156,0.047,0.037,1,LYSMD2
0.3134681397639439,0.6029613913114622,0.096,0.083,1,NDEL1
0.3136857468027254,0.7313809650429803,0.045,0.035,1,C11orf71
0.313790600873726,0.5330933771909101,0.025,0.018,1,HSD17B7
0.31380964179700044,0.21831337510978344,0.102,0.122,1,ERCC1
0.3138240283647668,0.4937545908984944,0.093,0.08,1,RPAP2
0.3141173309714326,-0.4791879997802688,0.045,0.056,1,DENND4C
0.3150202532311092,0.1312476596948895,0.07,0.085,1,NUP85
0.3156422630305358,0.30092870091167256,0.046,0.058,1,BCL2L12
0.31599247731444513,-0.2083778386980204,0.042,0.053,1,SART3
0.3161193799550511,-0.3283793986260166,0.022,0.03,1,ERAL1
0.3162449772310144,0.36922457124413244,0.04,0.051,1,ZNF787
0.31668741792179533,0.2624638914962494,0.099,0.119,1,ARRDC1
0.3169276754624355,0.5417562561285465,0.073,0.09,1,ZFX
0.31713962955926955,0.12080498232265624,0.043,0.054,1,NBPF3
0.3172679771230016,0.10430281180547762,0.025,0.018,1,SERGEF
0.3174699874664837,0.3061956047391854,0.074,0.062,1,MED15
0.3176739077256,0.9248755046930608,0.067,0.056,1,SMCR8
0.31784998713089746,0.4325928403741961,0.02,0.027,1,TNK2
0.3181815343112383,0.3362625768796961,0.245,0.239,1,LAMTOR2
0.3182186197058154,0.16745476627982514,0.053,0.066,1,WWOX
0.31827187922253075,0.7979432548768841,0.08,0.069,1,TMEM87B
0.3184090612281216,0.4896609469451567,0.061,0.05,1,CPXM1
0.31844590183381977,-0.44424507133767177,0.064,0.079,1,RFFL
0.3189540019691849,0.4923940500087918,0.033,0.024,1,PXMP4
0.3190116699637958,0.4864998602212869,0.045,0.035,1,ABHD14A
0.31904286039421975,0.10395921213968928,0.098,0.115,1,MOSPD2
0.3190801165900592,0.3900041351145266,0.161,0.147,1,LRRFIP2
0.31953008147396905,-0.2769530108028495,0.085,0.099,1,TXLNG
0.3196686000704146,0.6744267055975972,0.062,0.051,1,STYXL1
0.3200419225407268,0.38456624884550394,0.127,0.114,1,ERLIN2
0.32042460764643965,-0.22405973990191974,0.013,0.019,1,SLC25A45
0.3204941753767654,-0.12809544513788618,0.055,0.043,1,RNF135
0.3206194562129429,0.5906214248887971,0.128,0.117,1,DACH1
0.32065974854258666,-0.21859219367757188,0.013,0.019,1,COL18A1
0.3210680139955249,0.3521324192942825,0.198,0.186,1,ZCCHC6
0.32112335509139134,-0.1862588676334549,0.036,0.046,1,ADO
0.32147904123716126,0.1630169686211722,0.081,0.067,1,PSMF1
0.32160143952687803,-0.3917394510898937,0.013,0.019,1,SARS2
0.3221320101361847,0.8245785946556392,0.063,0.053,1,TRAPPC2
0.3225478967449727,-0.2021133192356852,0.039,0.05,1,BUD13
0.3227516125102638,0.394859987178139,0.225,0.216,1,CGGBP1
0.32309073565231733,0.4155053424491775,0.073,0.061,1,ELP4
0.32315173874465125,1.7576408717867524,0.011,0.006,1,BOLA3-AS1
0.32315173874465125,1.7471823272014166,0.011,0.006,1,CEP131
0.32315173874465125,1.3116909235800147,0.011,0.006,1,DCBLD1
0.32315173874465125,1.5036065248973456,0.011,0.006,1,GNAI1
0.32315173874465125,2.031825113797198,0.011,0.006,1,HYMAI
0.323253739093706,-0.24102595662959914,0.013,0.019,1,GKAP1
0.3237639212534756,-0.19266195591283264,0.039,0.05,1,FKBP4
0.3240255582187061,0.12272839589050388,0.068,0.083,1,POGLUT1
0.3240539022142507,1.4822649525992873,0.011,0.006,1,PAXIP1-AS2
0.32419856593384755,-0.1538639793792771,0.022,0.03,1,NAGPA
0.3243549875692221,1.264783741854341,0.011,0.006,1,XRRA1
0.3244643302684304,0.14635193908764377,0.059,0.072,1,AGL
0.32467439231752215,0.228693042162039,0.013,0.019,1,PUS10
0.32495770455793216,0.9988816489366839,0.011,0.006,1,SIDT2
0.324982933547436,0.847536564344531,0.047,0.037,1,ABCC5
0.3252879138001639,0.5403408552000579,0.067,0.056,1,CARD8-AS1
0.3253862406743892,0.2992311975940778,0.013,0.019,1,SND1-IT1
0.32556114989548923,0.5684151329369236,0.011,0.006,1,MAP3K20-AS1
0.32590114365944917,0.34385222240165725,0.233,0.22,1,ME2
0.3260907445217735,-0.10719033893229035,0.031,0.04,1,ZNF766
0.3261653129660284,0.5419957976522518,0.011,0.006,1,PRRT3
0.3263223287329164,-0.228192904660093,0.049,0.061,1,PCYT1A
0.32646768349107735,1.0048531476775002,0.011,0.006,1,DUSP5
0.32695803314668476,0.8100178975909329,0.083,0.072,1,COG3
0.32705116511190335,0.2957578461969472,0.013,0.019,1,SEC61A2
0.32707294956742217,0.5273234611697273,0.011,0.006,1,FAM222B
0.32707628452781795,0.5464468929621682,0.085,0.074,1,ZNF431
0.3277663947141366,0.18815781652683228,0.013,0.019,1,FAM43A
0.32781041294835034,0.4796970642452513,0.221,0.212,1,CTNNAL1
0.3282856663919136,0.2320689233762092,0.011,0.006,1,TRIB3
0.3283503656201369,0.622699948218328,0.071,0.059,1,TCEANC2
0.3287216118918005,0.44341187290870465,0.013,0.019,1,ALG9
0.3289340007780004,0.16618426971643308,0.047,0.059,1,GNE
0.3292837058967961,0.9487738515399267,0.049,0.04,1,TMEM206
0.32988399620928555,0.30385484936127916,0.23,0.218,1,PRLR
0.3300270051878224,0.3585867539065861,0.128,0.115,1,MIR4435-2HG
0.33032395911365753,0.18183987780028277,0.039,0.05,1,ZNF252P
0.3303635505665934,-1.1119829321901449,0.009,0.014,1,CYP2R1
0.33216082278783066,-0.5375108705433718,0.03,0.038,1,CTNND1
0.33223521442834775,0.1325433764829531,0.142,0.168,1,SCARNA9
0.33302040384287857,0.1147196117091982,0.188,0.175,1,MARK3
0.33317850103836844,0.3259742922648228,0.113,0.099,1,SETDB2
0.3333323666247487,0.5405026411213132,0.152,0.139,1,EML4
0.33358807907958266,0.11929974181297043,0.111,0.13,1,POM121
0.33373387846673586,-0.4696807165638175,0.009,0.014,1,ZNF583
0.3340157368364617,-0.800241452023811,0.009,0.014,1,ZNF440
0.33411112755245287,0.8135724776100064,0.061,0.051,1,MED21
0.3341339588957509,0.4375764384950034,0.12,0.107,1,COQ10B
0.3342957072168463,0.24546189005190083,0.264,0.258,1,DENR
0.33432257249571246,-1.8122766803754562,0.006,0.01,1,LRP5L
0.3345514775417486,0.1585260251429832,0.093,0.111,1,SLC16A7
0.33482680285721583,0.37791630047009095,0.091,0.079,1,PLPP5
0.33486223272768934,-0.7428139818462443,0.009,0.014,1,PIK3C2B
0.33490269068186157,0.41987812986429063,0.077,0.066,1,DCTD
0.3349836399308764,0.7090622734486545,0.098,0.087,1,INTS13
0.3354193738887719,0.21594303180031083,0.119,0.139,1,ZHX1
0.3356168668822793,0.4517349019787101,0.246,0.242,1,CRBN
0.33571010966231596,-0.8878430279258538,0.009,0.014,1,JRK
0.33571010966231596,1.8616621379169978,0.013,0.008,1,CLDND2
0.33572955713303465,0.25330267973968645,0.016,0.022,1,FAM161A
0.33575097632515594,0.2994551009752277,0.278,0.271,1,VPS36
0.3359930421759666,2.2856137228275046,0.013,0.008,1,FSTL3
0.3360489796946678,1.3621863687208022,0.032,0.024,1,CELA1
0.33614701228948474,-0.12587775963436765,0.081,0.096,1,C12orf45
0.33662774173301935,1.1536140810238953,0.035,0.027,1,C2CD3
0.33680199038814757,-0.29637870068228533,0.061,0.074,1,DENND6A
0.336808162781914,-1.2678055212612644,0.006,0.01,1,DPY19L2P3
0.33684276023043674,1.5620260337992873,0.013,0.008,1,SKIDA1
0.33686200834231017,0.7427241020574371,0.07,0.059,1,RNPEP
0.33755760615406094,-0.23411486197317677,0.089,0.104,1,OTULIN
0.3376092087799605,-0.1494138603659101,0.033,0.042,1,RSPRY1
0.3377183643189612,0.16688643325799513,0.056,0.069,1,MTX1
0.33779445916446177,0.728977536812039,0.092,0.082,1,COG5
0.3378770443318696,-1.253400974576059,0.006,0.01,1,FLVCR2
0.3378770443318696,-0.9755424258203531,0.006,0.01,1,ZFP69B
0.3380886691615585,0.899744264917218,0.06,0.05,1,TRIM37
0.3382055611131643,1.1393175435696326,0.034,0.026,1,HMGCL
0.3382620249503358,-0.20227832764140619,0.009,0.014,1,RSAD2
0.3382626159100531,0.18488266125679131,0.095,0.112,1,FOXJ3
0.3385463380240138,1.2961731711430877,0.013,0.008,1,MSANTD2
0.3389950850553219,0.3009223288958709,0.084,0.101,1,MAP2K3
0.3391154242413549,-0.1482999063142465,0.009,0.014,1,DBP
0.33915622615503394,0.19029363958598977,0.116,0.138,1,MAX
0.3391881600008269,0.23150343303999676,0.088,0.106,1,ARMC8
0.3393056054832194,-1.0420219045414276,0.006,0.01,1,FMNL2
0.3395789474681115,0.21308377493500075,0.183,0.17,1,HSD17B4
0.33966335026995315,-1.3037857600765692,0.006,0.01,1,ZNF580
0.33966335026995315,-0.8428950023389072,0.006,0.01,1,ZSWIM8-AS1
0.3396820186468628,0.22968257102012357,0.063,0.077,1,MOB3A
0.3398609360701109,-0.34610680327694876,0.048,0.059,1,XRCC2
0.3400213368252387,-0.7488484374067985,0.006,0.01,1,ZSCAN32
0.34034801905546547,-0.23519704383643925,0.041,0.051,1,OTUD5
0.3407380351774311,-1.2181566674732043,0.006,0.01,1,CCDC39
0.3407380351774311,-0.7523784700875851,0.006,0.01,1,TIGD5
0.3408263628902602,1.0947549791611726,0.013,0.008,1,FAM149B1
0.34109674694168807,-0.3314381981888168,0.006,0.01,1,HIST1H3I
0.34130117762888457,0.5028504829850826,0.043,0.034,1,PITPNC1
0.34139790222288413,0.9334528561745374,0.013,0.008,1,ZNF862
0.3414557004091972,-0.39672539804256157,0.006,0.01,1,LEPR
0.34153206137572645,0.8666275652225055,0.035,0.027,1,PPP1R3E
0.34157955536227086,0.6265096503512209,0.053,0.043,1,SMYD3
0.34181489556300054,-0.3571695486170787,0.006,0.01,1,NPIPB11
0.3418403960107053,0.7702169783966766,0.037,0.029,1,CBFA2T2
0.3418492312940852,0.6899177970063346,0.063,0.053,1,UBE2L6
0.3421743323858865,-0.4058651137042455,0.006,0.01,1,KCTD17
0.3421743323858865,-0.23878007483108288,0.006,0.01,1,SLC22A5
0.3421743323858865,-1.645642349552297,0.006,0.01,1,SMTN
0.3421743323858865,-0.30707081935793035,0.006,0.01,1,ZSCAN16
0.3422142853123385,0.10631001361570647,0.016,0.022,1,WDPCP
0.342542820156764,1.244371316323785,0.013,0.008,1,ZNF782
0.34266089325310495,-0.2400308020681594,0.019,0.026,1,ULK4
0.3428294327699442,0.21009346958418984,0.009,0.014,1,CD99P1
0.3428939309687931,0.3279324229144036,0.006,0.01,1,KLHL21
0.3428939309687931,-0.10785672143181824,0.006,0.01,1,LOC100132057
0.34294487217448816,2.0535157088368834,0.015,0.01,1,VIPAS39
0.343254092693122,0.4968789241306686,0.006,0.01,1,NRXN2
0.343403117688844,0.5744984315074966,0.013,0.008,1,LOC100286925
0.3436144960151503,0.3460519150806167,0.006,0.01,1,DCUN1D2
0.3436144960151503,-0.19058291606642452,0.006,0.01,1,LOC100499489
0.34369018997612244,0.6778446777830265,0.013,0.008,1,LOC101928042
0.3438594283271433,-0.11569172960231233,0.047,0.058,1,TFB2M
0.34397741546948873,0.39835374082149766,0.013,0.008,1,FAM160B2
0.34415075008556095,-0.4957772159297451,0.024,0.032,1,SETMAR
0.34467031624996436,0.6383604358861015,0.072,0.061,1,EDRF1
0.3446971553813495,0.1851178550219963,0.006,0.01,1,LINC01126
0.34489152108447574,0.19664950089167488,0.245,0.285,1,OIP5-AS1
0.3450505753302386,0.4711664083465089,0.188,0.181,1,CASP1
0.34515865282448305,0.31647757439293356,0.053,0.066,1,NFYC
0.34520315025720666,-0.30880673919752377,0.033,0.042,1,TRIM52-AS1
0.34524447116793805,-0.28159882951535486,0.071,0.083,1,ISOC2
0.3452947391004235,-0.149077482231882,0.248,0.277,1,IFNAR1
0.34560720901889824,0.1452176710243971,0.049,0.061,1,PACS1
0.3456576287027298,0.17132671119354703,0.348,0.351,1,YME1L1
0.3457829675591868,0.5518442882560526,0.106,0.093,1,FEM1C
0.34603624003089056,-0.1035367347178684,0.06,0.072,1,RBM14
0.3460710254375733,-0.29141473972919807,0.126,0.144,1,VPS41
0.3461820286610905,-0.12570764160279885,0.207,0.234,1,EAPP
0.34642343078791155,1.696218886226541,0.015,0.01,1,SUSD3
0.3464408039100343,0.10346143019862897,0.019,0.026,1,MRM3
0.3466533657107597,0.6113397301739552,0.035,0.027,1,SLC25A1
0.3466919397220027,1.4479292390155738,0.015,0.01,1,HERC2P9
0.3467835731487184,0.5405459694569328,0.053,0.066,1,NDST2
0.3472293549600436,1.140514757460255,0.015,0.01,1,C1QTNF3
0.3475613652921391,0.33000892249936786,0.049,0.061,1,CHM
0.3476288771140871,0.23796105360739306,0.049,0.061,1,ARL5B
0.3479735480465172,0.1397067945290802,0.058,0.071,1,FRG1EP
0.34823627291726317,0.6322476362489371,0.028,0.037,1,TTC3P1
0.34863776823977355,-0.4178572095492621,0.024,0.032,1,ARHGEF10L
0.3486573849739207,-0.18652731132186684,0.064,0.077,1,NQO2
0.3488134480818019,-1.00514419580107,0.012,0.018,1,DGUOK-AS1
0.3491871883153739,0.11332795893449443,0.019,0.026,1,RAI1
0.34924870618731174,0.10021648982942732,0.052,0.064,1,STAG3L2
0.3494522088691732,0.4301193229240088,0.042,0.053,1,POLD1
0.3495225392207983,0.12943958384350607,0.049,0.061,1,DDX49
0.3495558881114023,0.9666069572231089,0.032,0.024,1,WRAP73
0.3496456034624095,0.28782242965714133,0.258,0.247,1,SNX27
0.3498229273863502,0.4453227926972545,0.019,0.026,1,PCNX3
0.34992437628666806,0.938679460074316,0.015,0.01,1,SLC16A4
0.3502302802297221,0.4496074824402268,0.201,0.191,1,PTCD3
0.3502710647088782,-0.22148125831341492,0.033,0.042,1,UTP15
0.35053431470591134,0.3348408793342672,0.08,0.096,1,SUPT7L
0.3508443639200748,0.7566103306511005,0.034,0.026,1,C5orf63
0.3511152855186883,0.4493275137614243,0.037,0.029,1,IRF7
0.3512187034865589,1.2636808155167536,0.024,0.018,1,TANGO6
0.3515551901181349,0.6014290144229086,0.034,0.026,1,ARMC6
0.35204610111637136,0.23765990570553686,0.155,0.181,1,HSPB1
0.35208992314359666,0.5150579309497498,0.015,0.01,1,TTYH2
0.3521008417097446,0.504934957820045,0.051,0.042,1,PCGF6
0.3522669279288192,0.4377683228791267,0.034,0.026,1,TVP23C
0.3523044876146876,0.16824167237184295,0.094,0.112,1,AHSA2
0.3525672324803137,1.2400863542361291,0.019,0.013,1,PYGO2
0.35274218273084285,1.0245228599033243,0.028,0.021,1,KMT5C
0.3528083315550198,1.4290345224897854,0.019,0.013,1,MPZL3
0.3528083315550198,1.3370900795164693,0.019,0.013,1,YTHDF3-AS1
0.3529041860240503,0.6111750351207208,0.015,0.01,1,IPO13
0.35336412512719323,0.5337750223582964,0.036,0.046,1,TASP1
0.35336549403211076,0.5408392813813758,0.115,0.103,1,C6orf106
0.35351324011271007,0.7840255074960907,0.099,0.088,1,DCAF5
0.3537196391072676,0.27634477093205234,0.015,0.01,1,ZBTB11-AS1
0.3539172121570086,0.8109328030691567,0.06,0.05,1,ISG15
0.3539773935164069,0.4858928458916516,0.058,0.048,1,TFPT
0.3540614655103574,0.2669619536760153,0.039,0.03,1,HAGH
0.35426393558224334,0.4211879696975389,0.015,0.01,1,CATSPER2
0.3543934805025383,0.30173606561890176,0.138,0.162,1,NUTF2
0.35474270304771527,0.7264413562048624,0.066,0.056,1,PPP1R12B
0.3548087608280216,0.8174773976968348,0.015,0.01,1,SLC7A6OS
0.35488311304627185,0.15954740853335997,0.22,0.255,1,MRPS16
0.35502883023846166,1.0277969798304403,0.017,0.011,1,LOC389765
0.35504746458432007,-0.6182527310136683,0.012,0.018,1,NARFL
0.3551716040457588,-0.19652876334911806,0.24,0.268,1,USP3
0.35528488535866504,0.8822787065900677,0.017,0.011,1,IFT172
0.3553635186067719,0.9654081980948157,0.022,0.016,1,LMBR1L
0.3555907182519786,0.15048784495069323,0.141,0.128,1,C21orf33
0.35562104312265486,1.2664340864874268,0.04,0.032,1,PARP6
0.35565279753767143,1.267080883407477,0.02,0.014,1,ATG16L1
0.3558198069844935,0.412536874649142,0.076,0.066,1,KAT2B
0.35589226181700623,0.27399192935006766,0.055,0.067,1,PMM1
0.356093263081749,-0.38853589562388446,0.012,0.018,1,MAN1B1-AS1
0.3561262880376108,-0.25655833935535677,0.046,0.056,1,MUT
0.35613691535766806,0.22302276568878798,0.068,0.082,1,PLEKHA3
0.35631027075594035,0.9292911138639957,0.017,0.011,1,EXOC6B
0.3565291060775106,0.7240006549245215,0.032,0.024,1,RBM45
0.35682224870485646,0.6462167963572722,0.123,0.112,1,CCDC125
0.3570802405703151,0.21623423090967542,0.027,0.035,1,USP9Y
0.3571020363931806,0.21989201518658286,0.104,0.123,1,ACLY
0.3572521729174565,0.3520589710414761,0.021,0.029,1,ZNF321P
0.3572689992560875,1.2454211605197387,0.02,0.014,1,DVL1
0.3574032393244621,-0.16152064095149132,0.012,0.018,1,TRAM2-AS1
0.35759462287413357,1.3089970322296147,0.017,0.011,1,TRMT44
0.35785184258692654,0.9588796749783146,0.017,0.011,1,METAP1D
0.3579171725766464,-0.11638369890445277,0.172,0.196,1,ALG13
0.3579762902310341,1.5177376121429318,0.038,0.03,1,TGIF1
0.358109178707179,0.704088073200249,0.017,0.011,1,GPN2
0.35813888069605226,1.2807736997187416,0.019,0.013,1,TRIM35
0.3583823762921268,0.729355884251726,0.019,0.013,1,TMEM129
0.3586242001313583,0.389966474231338,0.017,0.011,1,ZMYM3
0.3588898181711201,1.3799451837404728,0.02,0.014,1,LOC100133091
0.35918209757526787,0.41774087922635905,0.026,0.019,1,HPSE
0.35919637191184534,-0.1173791476403121,0.046,0.056,1,EGLN2
0.35924613857847243,0.9903940079256062,0.024,0.018,1,HLA-F-AS1
0.35956899093316785,0.2081281708026137,0.035,0.045,1,REXO1
0.3596371452474488,0.22347787963968102,0.012,0.018,1,ZFP64
0.36000737736901545,1.0743315262285842,0.022,0.016,1,LOC100130698
0.36004062940409004,0.4730553964942499,0.07,0.059,1,AURKB
0.3601126608105342,0.46326228052349605,0.083,0.072,1,RP2
0.36035724516300444,0.10841704642606254,0.086,0.101,1,TRAK1
0.3604648964576146,0.22598831249593565,0.119,0.139,1,FAM208B
0.3605968273566869,0.26296514715249897,0.131,0.154,1,C22orf39
0.3606738827620848,0.9595487998139784,0.022,0.016,1,PFN1P2
0.36098050875382837,0.7963761168082142,0.02,0.014,1,GMEB2
0.36117706763278856,0.32025664399881393,0.084,0.072,1,HTT
0.3612649775040054,0.25308310088759667,0.027,0.035,1,SHC1
0.3613280680332703,0.4279702175570701,0.095,0.083,1,ANKRD49
0.3618022415265919,0.3235195582038002,0.019,0.013,1,ZNF546
0.36180485617027,0.5269477618444891,0.028,0.021,1,EIF2AK3
0.3618504289368685,0.7284930281694573,0.026,0.019,1,TBC1D12
0.3619835614052223,-0.1356459440433282,0.165,0.188,1,SUGT1
0.36206630739777484,1.0477337399730118,0.042,0.034,1,TEP1
0.3621452923516493,0.8024432943192803,0.02,0.014,1,SIGLEC7
0.3622260570002649,0.25872141888559175,0.408,0.413,1,FAM49B
0.36224237997638936,0.4245521873603231,0.017,0.011,1,PTPDC1
0.3622924579725244,0.7782315172114496,0.019,0.013,1,PRKAB1
0.36230665340882506,-0.3192640721098998,0.015,0.021,1,IKZF3
0.36267233615544814,0.585507682384784,0.058,0.048,1,FRAT1
0.3626780356455347,0.6276252936259672,0.022,0.016,1,SGK494
0.36273599901440334,0.5033875415783531,0.207,0.2,1,SPIDR
0.36288000961007866,0.6129898368566016,0.026,0.019,1,NIT1
0.36289592978579904,0.2097271301985688,0.095,0.112,1,TXLNA
0.36334763989768276,0.686864300425635,0.022,0.016,1,AS-PTPRE
0.36346813722433524,0.26127892804419606,0.012,0.018,1,CCDC146
0.36354614908058747,0.8154614162666594,0.02,0.014,1,AKT1S1
0.3639999681092814,0.23345967552655544,0.062,0.075,1,PLCXD1
0.36416399773807734,0.14313189863291986,0.139,0.162,1,TTC39C
0.3641830785205328,0.12613254520331332,0.236,0.268,1,ERBIN
0.3642046882197255,0.17103979342011244,0.098,0.115,1,HVCN1
0.36436957529882574,0.7859896845229248,0.064,0.054,1,RNF111
0.3643922689473659,0.5012752232106554,0.028,0.021,1,SCAMP4
0.364450577808214,0.3094193051204889,0.193,0.183,1,LZIC
0.36446535636020494,0.9177872774995524,0.022,0.016,1,TSPAN17
0.3644820972957521,0.7020425553157916,0.056,0.046,1,PLD1
0.36449381483055393,0.5770457010644199,0.046,0.037,1,ZNF720
0.3645294373990831,0.3030526182591391,0.012,0.018,1,KIAA1522
0.36462270407281183,0.7611355236220638,0.056,0.046,1,LIMD1
0.364741530048447,0.249507845227244,0.202,0.236,1,CNIH1
0.36520617739392874,-0.20263803278655868,0.015,0.021,1,SLC27A1
0.36529692332081143,0.3810312699475127,0.12,0.107,1,NAA16
0.3655568040183772,0.7839850698098365,0.024,0.018,1,RNF123
0.3656908364531688,-0.42277531651576705,0.015,0.021,1,ZMAT5
0.36593331645725746,-0.5074813342815676,0.015,0.021,1,ZDHHC9
0.36631262826143607,0.24319932726821092,0.048,0.059,1,CITED4
0.36637150796145523,0.16557349905468577,0.051,0.062,1,ZNF593
0.36641857736816047,-0.17770194266926786,0.015,0.021,1,PIGW
0.36651743188161057,-0.19908187006250744,0.088,0.103,1,SNRNP48
0.36652550077662843,0.5219695961201576,0.024,0.018,1,TRMT61B
0.3667409828972012,0.4967511092597494,0.024,0.018,1,C1orf112
0.36690423942054756,-0.6010658100790103,0.015,0.021,1,CMBL
0.36715941941259644,0.8067546641727534,0.056,0.046,1,CLN5
0.36729829647973117,0.39265407770584115,0.02,0.014,1,SMG9
0.36740110759171085,0.787536025586749,0.044,0.035,1,METTL25
0.367616320272865,0.20318180617905618,0.325,0.329,1,TBC1D5
0.36821021098196355,0.4386757321556698,0.082,0.071,1,TTLL5
0.36857733673118576,-0.39978431120116253,0.057,0.069,1,ECI1
0.3685962063443874,0.5583571814678994,0.094,0.083,1,RHOT2
0.3686238474053155,-0.703535292929955,0.02,0.027,1,PIK3IP1
0.3686755804352864,0.11415419279442074,0.609,0.654,1,PKM
0.36870043197755337,0.8492433173429514,0.052,0.043,1,ZNF12
0.3688016322128928,-0.27719303136254103,0.032,0.04,1,CCDC15
0.3690003742198013,0.7714407767441012,0.04,0.032,1,NFXL1
0.3690350559827381,-0.12923552988422604,0.095,0.111,1,HEATR1
0.3690605331992971,0.5443837550309043,0.062,0.053,1,GCHFR
0.3692396775698431,0.3656763192358472,0.106,0.125,1,MRFAP1
0.3694955328126093,0.6331107458408098,0.085,0.074,1,MYNN
0.36955112987780764,-0.21949427084503137,0.029,0.037,1,ZNF69
0.3695825477143281,-0.36867465480929695,0.015,0.021,1,CHRNA5
0.3695825477143281,-0.2493242560148925,0.015,0.021,1,LLGL1
0.3699389640147534,0.11391191591539829,0.146,0.168,1,SUPT5H
0.3700043101256996,0.14579729962316756,0.028,0.021,1,MSMO1
0.37002622742985675,0.2136934146593088,0.057,0.069,1,SAT2
0.37041625525306876,0.10259758788235729,0.024,0.018,1,PRMT9
0.37063735161186406,-0.2912073134984594,0.07,0.082,1,MELK
0.3706511385366361,-0.6505861965403947,0.018,0.024,1,WDR59
0.370839640818452,0.17735519533589428,0.334,0.378,1,GLIPR2
0.371304341146314,-0.5826869452829033,0.026,0.034,1,DDIAS
0.371355432614533,-0.42591003292727736,0.029,0.037,1,DNAJB9
0.3715195488327805,0.40769699071805965,0.155,0.143,1,LONP2
0.37226242153807293,0.10501652289482122,0.059,0.071,1,CTNNBIP1
0.37268842222568405,-0.150323307047751,0.037,0.046,1,ERCC6
0.3730654481608301,-0.8402803236264451,0.02,0.027,1,TCTN1
0.3731639674293881,0.14009923199233576,0.12,0.139,1,AKR1A1
0.3732880910082471,0.6148053818623587,0.119,0.109,1,DNTTIP1
0.3738985724933158,0.20213734469087719,0.149,0.173,1,STAU1
0.37399136942992595,0.30910801674591504,0.015,0.021,1,PKP4-AS1
0.37454661742709167,-0.19151945742541487,0.034,0.043,1,TP53RK
0.3745724792564391,-0.9916534517910289,0.008,0.013,1,DHRS4L1
0.3745724792564391,-0.5279296602536032,0.008,0.013,1,MIER2
0.37461692227166266,1.1692730332892292,0.034,0.027,1,HIST1H2AK
0.3747661680169836,-0.3194589619287993,0.02,0.027,1,GOLGA8B
0.37486530348816877,0.6851786619680382,0.073,0.062,1,POLI
0.37504345808515605,0.3077341048608897,0.06,0.05,1,TMEM260
0.3752147392916195,0.868220819121019,0.04,0.032,1,CCDC26
0.37526885574607893,0.6329977661450883,0.044,0.035,1,D2HGDH
0.37535343168514845,1.1484975755519056,0.038,0.03,1,CRK
0.37568274531219004,0.7172224266330258,0.079,0.069,1,PPP1R10
0.37618008672640857,0.1412612439700507,0.083,0.072,1,HIST1H3B
0.37624388862566643,0.16639092908619835,0.393,0.457,1,SLC25A37
0.3762582226736883,0.10996315648334276,0.02,0.027,1,CDK8
0.37626085911447216,-0.3325641717561485,0.032,0.04,1,PKD1P6-NPIPP1
0.3763762962530159,0.13361455377179055,0.118,0.136,1,LAMTOR3
0.37645537730529177,0.5726187689376364,0.134,0.125,1,QSER1
0.37646608798720244,0.24667315643988896,0.049,0.04,1,CERS5
0.37681839813082724,-0.5290541264897906,0.008,0.013,1,LINC01128
0.3768987953942592,-0.46362825409169206,0.02,0.027,1,TMEM41A
0.3770468008882657,0.7355804918165907,0.137,0.13,1,GCNT1
0.3775836729641096,0.20689859948503625,0.335,0.388,1,RPS4Y1
0.37763809616759597,0.4010825376799798,0.064,0.054,1,SPSB3
0.37778347210583263,-0.5334524498481956,0.008,0.013,1,CLEC1B
0.3777872570783076,0.25069470979597475,0.173,0.2,1,CYP20A1
0.37781200805773585,0.407290091253656,0.155,0.144,1,POU2F1
0.37786286958252313,0.1104309857833854,0.168,0.191,1,MED1
0.3781055015565242,-0.1867827628126717,0.008,0.013,1,CSTF3-AS1
0.3781055015565242,-0.239618456227074,0.008,0.013,1,TNRC6C-AS1
0.3781396262842617,0.4571680568607621,0.086,0.075,1,EXOSC1
0.37842770002782367,-0.4036878130574024,0.008,0.013,1,CCDC107
0.3784724355205579,0.2762221406701188,0.21,0.2,1,SEL1L
0.3787369193481846,0.5163025249714903,0.052,0.043,1,HBP1
0.3787500674941886,-0.5040748255470353,0.008,0.013,1,SNORD95
0.37939530930927995,-0.576277452546945,0.008,0.013,1,C19orf35
0.3795816960344102,0.5774099233393915,0.126,0.115,1,ALDH3A2
0.3796162318331686,1.0047177164589596,0.036,0.029,1,ANKZF1
0.37980251592918,-0.14121055172577845,0.061,0.072,1,LANCL1
0.38000319604828686,0.7489234713647335,0.052,0.043,1,TRAF6
0.38031137351085054,0.1977900058537745,0.114,0.133,1,LILRA2
0.38039727340489415,0.13925237930257506,0.118,0.138,1,MRPL36
0.3805863105865396,-0.11711033080085809,0.061,0.072,1,PMPCA
0.38068781974160204,0.15171809847523043,0.008,0.013,1,TBC1D10A
0.38075633986354224,-0.10769275275738677,0.02,0.027,1,GPD1L
0.38082176454337335,-0.22558946181743567,0.115,0.13,1,DDX10
0.3809569734878045,-0.16486265672838707,0.05,0.061,1,GZF1
0.3810454766470695,0.9308066536382458,0.036,0.029,1,ZHX3
0.3813350879384261,-0.1435102277248701,0.008,0.013,1,MROH6
0.3815972015333357,0.39271273863531175,0.131,0.12,1,GEN1
0.38159952635387573,0.4725346033383975,0.042,0.034,1,MSH5
0.3816589751889889,-0.11999473401503291,0.008,0.013,1,BCDIN3D
0.3816589751889889,0.6671653074394364,0.008,0.013,1,PIP5K1P1
0.3816595292808795,0.26179700216548274,0.09,0.106,1,MYO9A
0.3817636142112963,0.3546462191988822,0.154,0.181,1,LIG1
0.38183348286415836,0.11532162342932306,0.018,0.024,1,BET1L
0.38198302136255924,0.3794840287819419,0.008,0.013,1,ID2-AS1
0.38212550679590496,-0.2503367189655554,0.023,0.03,1,MVB12A
0.38229425830706404,0.30571222234052975,0.018,0.024,1,GSTM4
0.38232868394492237,-0.2764513020541397,0.023,0.03,1,URB1
0.3830643585111725,0.20066679276410215,0.104,0.093,1,STARD4
0.3832809418842509,0.4959931013815986,0.008,0.013,1,SRGAP3
0.3842840339810955,0.6276049559660624,0.099,0.088,1,C3orf38
0.3846918339633019,0.10149600211220156,0.029,0.037,1,UBXN6
0.38489260417533244,0.49835621019615994,0.157,0.146,1,RAB3GAP2
0.3849071234709086,0.6261335776203865,0.008,0.013,1,C7orf31
0.3849071234709086,0.7644038301056959,0.008,0.013,1,SNORD47
0.385066033076725,0.41939379617853145,0.059,0.071,1,SLC16A3
0.3852039026038078,0.2504687490671449,0.154,0.176,1,STX7
0.3855306466820216,0.10282550397765622,0.04,0.05,1,MTURN
0.3856043852947393,0.6336385014146595,0.064,0.054,1,GXYLT1
0.38574609214751676,0.18706160834392427,0.077,0.091,1,CENPB
0.3863946724978868,0.161648288378357,0.266,0.303,1,PRKCB
0.3873371809504645,0.9851348872718053,0.036,0.029,1,YBEY
0.38738526148735597,0.5150554774411136,0.018,0.024,1,CHST12
0.38758385280376084,-0.10361083435928631,0.047,0.058,1,FKTN
0.38759766269978163,-0.8996007451713384,0.011,0.016,1,SLC25A25-AS1
0.38766725713643485,0.4006519962987034,0.074,0.064,1,OSBP
0.3876991956604518,0.4050975856176653,0.075,0.066,1,INTS12
0.3880021153996957,0.5264342418945804,0.063,0.077,1,ODF3B
0.3884619917907023,-0.9038501268131469,0.011,0.016,1,RASGRP1
0.3885014980986146,-0.15646381579806534,0.074,0.087,1,PIK3C3
0.3886227300244227,0.6331387499102239,0.082,0.072,1,C5orf42
0.38865998731538776,0.22343917331309537,0.023,0.03,1,CYP7B1
0.38910788669653723,0.41617432040991686,0.082,0.072,1,HERC3
0.3893275831901571,0.9646945880369269,0.036,0.029,1,CC2D1B
0.3900529059893868,0.8940741464403219,0.036,0.029,1,DNAJA3
0.39045929329852846,0.46030503791949284,0.119,0.109,1,NSMAF
0.3906507756707484,0.3822524981092279,0.037,0.046,1,FAM53B
0.39093411406333084,0.22185625547932908,0.026,0.034,1,ZNF136
0.3910020358506592,1.1173110959871533,0.034,0.027,1,SUGP1
0.3912861768493955,0.42766270926012906,0.162,0.152,1,SPG11
0.39133393933467703,0.3546982852572609,0.023,0.03,1,NT5C3B
0.39137517478797873,-0.2913749877745704,0.029,0.037,1,POLE2
0.39137517478797873,0.28386200549965634,0.029,0.037,1,SETD6
0.39150968356318744,0.14384030408566018,0.048,0.059,1,MCCC2
0.3915855432252416,-0.2602169612873704,0.047,0.056,1,PPAT
0.3917601750557442,0.7169416119478564,0.074,0.064,1,LINC00938
0.39237003912052776,0.34619349857366966,0.198,0.191,1,CYB5R4
0.3924243533090207,0.13605048825954058,0.175,0.199,1,GIGYF2
0.3924460969737431,0.6932769573732824,0.149,0.143,1,OXR1
0.3924868679723946,0.14768366595239035,0.071,0.061,1,MTO1
0.39251102560698,-0.6690592341822339,0.011,0.016,1,DEPDC4
0.39253112488965136,0.30659996128208,0.038,0.03,1,CD180
0.3931624787996311,-0.6487071667279389,0.036,0.045,1,INTS2
0.39318129835089366,0.1491600137798983,0.042,0.051,1,EXT2
0.3934977833212531,0.10735760188407029,0.128,0.147,1,PIN1
0.3936461495648702,0.5032079939905669,0.052,0.043,1,ANKRA2
0.39400846662516426,0.5114672741005144,0.02,0.027,1,ACO2
0.39404300377592416,0.6090810822382431,0.054,0.066,1,ANKRD40
0.39469544243325466,0.2811860662257215,0.127,0.115,1,SH3BP2
0.3947089185065521,0.3278362009165583,0.144,0.135,1,YARS
0.39539895024548954,-0.35134657043621753,0.061,0.072,1,ESYT1
0.39576229017592773,0.24292377135816023,0.032,0.04,1,ZNF529
0.3959486638036618,-0.14610009500608756,0.042,0.051,1,CREBL2
0.3963914577883263,-0.13452231299742223,0.06,0.071,1,VARS
0.3968775534516615,-0.8956468771984567,0.011,0.016,1,GEMIN5
0.3978088489376741,0.2738868872828353,0.185,0.213,1,CPNE3
0.3981103742707667,0.4903045342299668,0.112,0.101,1,GOLGA8N
0.3982703638218014,0.44063858920821786,0.084,0.074,1,UBR3
0.3983648843435841,0.40311050749526167,0.297,0.303,1,DAD1
0.39878251787064445,0.29635678988586145,0.04,0.032,1,BRPF3
0.39904612012777946,-0.13879307641128635,0.042,0.051,1,PAN2
0.4000969142531442,0.43032776207537227,0.032,0.04,1,SAMD8
0.4004935271695948,0.5191184915559464,0.033,0.026,1,RTEL1
0.40075347560524366,0.34971230846846235,0.118,0.107,1,SNX13
0.4012732609236767,-0.3805484784450659,0.011,0.016,1,NCKIPSD
0.40235964945847175,0.520527932641321,0.192,0.184,1,UQCRC2
0.4027257111334757,0.3001032628281013,0.079,0.069,1,LENG8
0.4031973188585491,0.2613243006658883,0.072,0.085,1,TMEM131L
0.4035900111375497,0.4951215421592392,0.084,0.074,1,CD1D
0.40366413673675716,-0.1728707327112904,0.092,0.106,1,ATG14
0.40386554706793476,0.41361765656696625,0.136,0.127,1,PFKL
0.4044581931182067,0.44499331821091254,0.178,0.168,1,FAM200B
0.4047632917366956,0.5194745905955469,0.026,0.034,1,NSMF
0.4049689364494441,0.29300693827545343,0.047,0.038,1,IFFO1
0.4050907214829389,-0.5740629125636341,0.056,0.066,1,IL1RN
0.40537924996013686,0.791725347889995,0.031,0.024,1,MAML1
0.40554215369802477,0.38584412458833395,0.047,0.038,1,MEFV
0.4056550912627625,0.43943645546945964,0.061,0.051,1,CFAP44
0.4056851334934462,0.2997753970586552,0.12,0.139,1,PLCG2
0.40579746693046,0.507533859971528,0.092,0.082,1,ECT2
0.4059631243643149,0.6521944872201852,0.033,0.026,1,BBS2
0.40615172791010196,0.31033934128094676,0.14,0.162,1,GNB2
0.4065727548721733,0.7367471920937514,0.029,0.037,1,TRAIP
0.40658037225547816,0.24313043076136198,0.116,0.135,1,ANAPC4
0.4066253835811976,-0.4417408806127332,0.014,0.019,1,ALG12
0.4067412543043668,-0.28661171963694176,0.017,0.022,1,ZDHHC16
0.4068933471155055,-0.3698915053233556,0.014,0.019,1,MEI1
0.4074956130732085,-0.4356060183339845,0.02,0.026,1,ZBED5-AS1
0.40828618365694647,2.044890523298365,0.01,0.006,1,LOC100289495
0.4083062118622499,0.412011996684845,0.058,0.069,1,SNX30
0.40859953611660627,0.23815055342305044,0.305,0.3,1,ARHGEF6
0.4086394123209948,0.5115166214804687,0.029,0.022,1,PLSCR3
0.4090471998881354,0.8902922040602899,0.076,0.067,1,METTL16
0.4093138441552535,0.49084896989180016,0.13,0.12,1,CD33
0.4094758109865436,0.21586839116093204,0.042,0.051,1,ZNF236
0.4094850324947481,0.2750219330672974,0.053,0.064,1,CLN6
0.4094989964379963,0.11181987197385457,0.669,0.708,1,COX6A1
0.40972384157364755,1.9744883516098444,0.01,0.006,1,MED22
0.4098960535771871,0.7091642245759773,0.029,0.022,1,ZNF561
0.40995326051875236,-0.1503639381227515,0.017,0.022,1,PDCD4-AS1
0.41041414788572556,0.19424046492003377,0.432,0.455,1,SAP18
0.4104737459352265,1.2910548241385882,0.064,0.056,1,C16orf72
0.4108040578173278,1.4700056261893373,0.01,0.006,1,ZNF467
0.41080448047900237,0.31346377301635897,0.169,0.16,1,MRPS10
0.41096050618499513,-0.26672773700438857,0.061,0.072,1,TMEM5
0.41125666985905696,-0.2823905277296763,0.051,0.061,1,RABGAP1
0.41200464280451765,0.3183917879251723,0.014,0.019,1,SP140
0.41218670023819015,-0.19440101396162968,0.033,0.04,1,E2F6
0.4122469741628351,0.32436801474629995,0.01,0.006,1,PARP3
0.412434264407473,-0.23430284729329154,0.017,0.022,1,MRPS31P5
0.41251561280960714,-0.2630834986011181,0.035,0.043,1,HAUS7
0.41262664540798094,0.7273970948420172,0.029,0.022,1,STRN4
0.4126707531625052,0.10857347860112387,0.034,0.042,1,TARS2
0.4128151562958825,-0.23817436542121673,0.014,0.019,1,PPP2R3B
0.4128702176805294,0.9488217278757052,0.027,0.021,1,LOC100132356
0.4129695577826816,1.1848552314304381,0.01,0.006,1,SLAMF1
0.413087979897783,0.9145837476870322,0.027,0.021,1,CRTC3
0.4136928911932606,1.1624338780451735,0.01,0.006,1,RTCA-AS1
0.41435467610884236,0.10050580410191934,0.079,0.093,1,VAMP2
0.4145792265196232,0.5445683160125254,0.07,0.061,1,NAA10
0.4147792963259842,0.982662033265826,0.01,0.006,1,ZNF549
0.41512026325647833,-0.7182676354727611,0.033,0.04,1,PDIK1L
0.41532136981887335,0.268885777988491,0.048,0.04,1,HCCS
0.41567284085365147,0.30074345434640737,0.017,0.022,1,DPCD
0.4158544366545802,0.3595824103438774,0.086,0.075,1,C8orf76
0.4158673863153618,0.6758321563175533,0.01,0.006,1,ZNF513
0.41650967223418484,0.5235166205897377,0.185,0.178,1,PHKB
0.41659371502081366,0.5734480997259928,0.01,0.006,1,ARHGEF17
0.41681412449558813,2.0388514041219548,0.012,0.008,1,MMP19
0.4171503644477806,0.30955988050925587,0.108,0.125,1,FBXW5
0.417463254772475,0.9221239389313123,0.025,0.019,1,MIR155HG
0.4174824293797451,0.23242320768146685,0.135,0.155,1,ASXL2
0.4175370722644547,0.30042870189796456,0.152,0.176,1,PLIN3
0.41768461015972946,0.9366947749391032,0.01,0.006,1,SNORD17
0.4191142560565355,0.19841562442593857,0.207,0.239,1,BCAP31
0.41933998242278614,0.13583316720380845,0.057,0.067,1,ELP2
0.4194758394781793,1.743496392372764,0.012,0.008,1,TMEM198B
0.4195065042749812,-0.1024113302975147,0.01,0.006,1,PAPLN
0.42045948525651294,-0.3626012417455944,0.048,0.058,1,KLHDC3
0.42060187985040903,-1.7062564099813509,0.007,0.011,1,RDM1
0.4208104360765818,1.6453741216893896,0.012,0.008,1,TNFAIP1
0.420953248993592,0.5750928057392438,0.144,0.136,1,NRBP1
0.42114447429501,1.265840733529914,0.012,0.008,1,ZNF696
0.4212481007356076,-0.12412882476539533,0.088,0.099,1,LOC100294145
0.4214242433221693,-0.22679953367209382,0.02,0.026,1,MEGF8
0.4221279287499839,0.620681502444814,0.02,0.026,1,DNAJC27
0.4221557240523688,0.14668095435285644,0.086,0.099,1,THUMPD3-AS1
0.42225457873390626,1.0178837917059491,0.043,0.035,1,PAPOLG
0.42248218226119044,1.1864583522628331,0.012,0.008,1,SNHG4
0.42248218226119044,1.3337558356144914,0.012,0.008,1,TPST1
0.4229575164906772,0.8688526293917631,0.027,0.021,1,VPS9D1
0.42307832074955204,0.19031272719201198,0.063,0.075,1,SLC2A4RG
0.42329851028223203,0.5235521705128963,0.107,0.098,1,WDR48
0.42337815298356796,0.3285819710721771,0.057,0.048,1,MED23
0.42348709496863296,0.6512551415802239,0.012,0.008,1,LOC729683
0.42348709496863296,1.2333706336948138,0.012,0.008,1,PNPLA1
0.42382237646364646,1.2815666158753976,0.012,0.008,1,THEM6
0.42401589543543877,0.641406983523882,0.061,0.053,1,RPS6KC1
0.42426524018856654,-0.8395186258999479,0.007,0.011,1,LOC101930370
0.4244612949202884,0.23252033019138546,0.184,0.175,1,SUCLG2
0.4246863007525901,1.5119856890682515,0.016,0.011,1,ORMDL3
0.42482915216055633,0.9637282695695086,0.012,0.008,1,SNAP47
0.42505587390682664,0.5902484530815677,0.043,0.035,1,SMYD4
0.4251249265512399,0.8079559971881394,0.039,0.032,1,GLE1
0.4251587778655442,-0.27516776347241034,0.056,0.066,1,THAP1
0.4252691178668197,1.6514174483172055,0.016,0.011,1,C10orf88
0.42534901780866835,1.2842720948716249,0.014,0.01,1,ZNRF2P1
0.4253678753673779,-0.6551094089512617,0.007,0.011,1,LOC400682
0.4256054615388215,1.6334028745276803,0.02,0.014,1,BANP
0.425735791938952,-0.4149855569356955,0.007,0.011,1,KPTN
0.42580831941995767,0.3484985513969767,0.065,0.056,1,C18orf25
0.4258373238202343,0.8125777446010263,0.012,0.008,1,HOMEZ
0.4258373238202343,0.7918099233004048,0.012,0.008,1,RRP9
0.4259547266027057,0.5192010615205274,0.13,0.122,1,CLDND1
0.4260965509229635,0.13064141460845358,0.047,0.056,1,EED
0.4261283134040797,1.6862755177371112,0.02,0.014,1,ARRDC1-AS1
0.4262452277120169,0.13245640006696835,0.025,0.032,1,FPGT
0.42647218202699466,-0.1369512204557024,0.007,0.011,1,NKIRAS1
0.4265957280507819,1.5558757274130146,0.014,0.01,1,ZNF397
0.42702036923174236,1.076614438948467,0.016,0.011,1,USP30
0.4271837222816081,0.6898471210395645,0.012,0.008,1,HLA-DQB2
0.4271925370661695,0.29820687205502905,0.166,0.155,1,ITCH
0.42719619809488835,0.18669233386211115,0.028,0.035,1,STRIP1
0.4275207090463312,-0.26447576314135546,0.012,0.008,1,GRAP
0.4275207090463312,0.7248697071665982,0.012,0.008,1,PAIP2B
0.4275781587076931,-0.18747008445096913,0.007,0.011,1,SCARNA17
0.4276050523079729,1.335359447520967,0.016,0.011,1,IFT43
0.4281571080846798,1.017947711533301,0.014,0.01,1,ADPRH
0.42815988353367695,0.39164670400098073,0.245,0.244,1,PSMG2
0.4281902013323039,1.1322303764899653,0.016,0.011,1,ARRDC3-AS1
0.4281902013323039,1.3815215255116646,0.016,0.011,1,ASCL2
0.4282232052672645,0.7254021948105174,0.025,0.019,1,APOBEC3D
0.4282772439381915,0.4202321473485515,0.027,0.021,1,STEAP3
0.42868580393547284,-0.27919376096141324,0.007,0.011,1,PPP1R16B
0.42886657654729654,0.7132623413907178,0.06,0.051,1,MIGA1
0.4293665496710061,0.5476360179591997,0.072,0.085,1,FAM193A
0.4295458784692153,0.3830532729361824,0.012,0.008,1,DIXDC1
0.4296067038990377,0.15111584443713955,0.146,0.165,1,DLD
0.42971931814436765,0.43085589762599685,0.043,0.035,1,SIPA1L2
0.4297951162220505,0.4581692153939434,0.007,0.011,1,FLVCR1-AS1
0.42983931157167976,-0.21255793327054429,0.03,0.037,1,HEATR5A
0.4298891210528532,0.38271321724005425,0.059,0.071,1,LIX1L
0.4300351472400822,1.1364483777484606,0.014,0.01,1,ZNF552
0.43016525718246174,0.3027042383218008,0.007,0.011,1,HGH1
0.4302418890841843,1.154909748220076,0.016,0.011,1,COG1
0.4302418890841843,1.4296524537800814,0.016,0.011,1,PSMD6-AS2
0.43053558314879,0.5001265871557026,0.007,0.011,1,TCTEX1D4
0.4306832163079048,0.31839965322129204,0.021,0.016,1,AFF1-AS1
0.43100859643489964,0.5162385422896869,0.053,0.045,1,SVIL-AS1
0.43143890732245904,1.0454788978125356,0.018,0.013,1,SLC9A7P1
0.4315147491490341,0.22486526487986236,0.025,0.032,1,TRIM34
0.4316145142840897,0.38123680339911914,0.028,0.035,1,NFKBIB
0.431929072968278,0.611591426787683,0.086,0.077,1,UBN2
0.43221905412420736,0.1038612589087391,0.028,0.035,1,WDTC1
0.432589012742424,-0.14500363875182898,0.114,0.128,1,C2CD5
0.43274801866292506,0.22801878922853666,0.217,0.21,1,RBM26
0.43275803990745404,-0.3377945527170829,0.056,0.066,1,METTL6
0.43286115621463506,0.8507605371939224,0.014,0.01,1,KCTD13
0.432869487670311,0.24107530189918713,0.14,0.162,1,WDR49
0.4336357019388038,0.4141590843803056,0.027,0.021,1,EIF3J-AS1
0.43401594602407584,0.5058343352437831,0.02,0.014,1,ZNF818P
0.43435635925639776,-0.4237436437379407,0.047,0.056,1,MOAP1
0.43465752969017724,0.7910731571263332,0.016,0.011,1,KCNK6
0.4349129279806558,0.21999225354272167,0.128,0.119,1,UROD
0.43496762981288584,0.1719250872344491,0.115,0.131,1,REEP3
0.43572257417706817,0.5962848123169766,0.021,0.016,1,TMEM222
0.436113377467846,0.2781522673870982,0.047,0.056,1,GCN1
0.4361334778612352,0.4614053596429324,0.02,0.014,1,LOC100288778
0.4362494153580054,0.6512830661892735,0.047,0.04,1,SIRT2
0.437074389250861,0.46293316679893826,0.047,0.056,1,PIK3R2
0.43742569234179696,-0.22899979117356484,0.035,0.043,1,TRADD
0.43742828421152885,0.44033871020792326,0.093,0.107,1,IFT74
0.4384441428747991,0.1957556122099937,0.118,0.136,1,MSH3
0.4390118399825117,0.348670178286124,0.222,0.215,1,PPP1R7
0.43905478592961683,0.7262155614315935,0.02,0.014,1,PASK
0.43910644885572153,0.11436713918882613,0.102,0.119,1,TAP2
0.4395871378349803,-1.1010214497826825,0.016,0.021,1,F5
0.43964649229628044,0.18783078614612214,0.366,0.372,1,NSD1
0.44004365981703386,0.5190996614399177,0.128,0.119,1,AP1S3
0.4400633084668236,0.5218770042147551,0.058,0.05,1,POC5
0.44006908715586457,0.4160608799745438,0.095,0.111,1,SMIM7
0.4404273213872994,0.17401605467464587,0.19,0.216,1,CNOT2
0.44058556680171707,0.5105058119134522,0.016,0.011,1,ADPGK-AS1
0.4407347934375902,0.3857297132004699,0.169,0.163,1,MLLT10
0.4410184997660825,-0.6080740038153651,0.01,0.014,1,MAP3K12
0.44109170588268193,0.4414314266704982,0.047,0.056,1,DVL3
0.4411434157067467,-0.2661333205908458,0.051,0.061,1,ZNF101
0.44184888973741065,0.36786062647549667,0.06,0.051,1,LOC441155
0.4424761704785305,0.9949244342198655,0.035,0.029,1,TRAF3IP2-AS1
0.44248579745821087,-0.9830033326666161,0.01,0.014,1,MBD5
0.44318552511323234,1.2295176398318066,0.032,0.026,1,C20orf196
0.4433828005745381,0.4389333725235445,0.064,0.056,1,UBE2E3
0.44363653507603273,0.19209246349358122,0.155,0.178,1,AZI2
0.443931839606682,0.6479192803839608,0.037,0.03,1,PNPLA6
0.44411938952976143,-0.4692634386832566,0.01,0.014,1,TMEM185B
0.4441911882731765,-0.1882140522582576,0.043,0.051,1,SH3YL1
0.4443889748591304,0.6423074100646693,0.086,0.077,1,FIG4
0.4445941097140102,-1.0849183415111736,0.013,0.018,1,SMG8
0.44482492636369636,0.17421113608831806,0.074,0.087,1,USP38
0.4453468336857827,0.2934456243403163,0.153,0.178,1,KMT5A
0.44570927738018173,0.27675826394078173,0.125,0.144,1,RASA1
0.4457564190143934,-0.5624022271870448,0.01,0.014,1,PANK1
0.4457675717486989,-0.7379022890524531,0.013,0.018,1,TRIM11
0.44604045843314466,0.25706752374247266,0.035,0.043,1,AVEN
0.446133653743817,-0.4715215155731949,0.019,0.024,1,IFRD2
0.446326198406424,0.26164901460285783,0.612,0.665,1,FOS
0.4464121921337443,-0.11732070577331655,0.01,0.014,1,WASH3P
0.44644623293780805,-0.4647719538141599,0.024,0.03,1,SCIMP
0.44662670272860794,0.351600457072641,0.073,0.064,1,UBA1
0.4469044881982779,0.17322458080330314,0.317,0.364,1,IGFBP7
0.4469847866792115,0.2952045857755192,0.123,0.141,1,POLK
0.4472609340652151,-0.41970311773583013,0.027,0.034,1,NHSL2
0.4478857750510294,0.2699097228963452,0.035,0.043,1,WDSUB1
0.4478898061317205,-0.11231498031531206,0.027,0.034,1,USP11
0.4481197814357562,-0.427205453781518,0.013,0.018,1,WDR83
0.44816941202530414,-0.8252764110953854,0.021,0.027,1,MKL2
0.44841430258889214,-0.16623840653532973,0.013,0.018,1,NEIL2
0.448985928433819,0.7159561307803002,0.064,0.056,1,FAM126A
0.44923015680303535,0.32246903153417206,0.221,0.216,1,STK26
0.44950276359661684,0.28060324098037726,0.194,0.22,1,FNIP1
0.44969928350966276,0.12926405210722258,0.01,0.014,1,PPP1R27
0.4498158337561014,0.2546574921165736,0.049,0.042,1,SMIM8
0.4500262118974772,-0.32342307122611214,0.037,0.045,1,KDM2B
0.45004180205484395,-1.010158450705339,0.016,0.021,1,WDR25
0.4500424109543949,-0.36333686411536226,0.021,0.027,1,HASPIN
0.45010866481803885,0.13085819077525462,0.061,0.053,1,NLRC5
0.45014389131657495,0.17286492387854535,0.074,0.064,1,ZNF736
0.45017063341628866,0.5846265223566003,0.064,0.056,1,CDK16
0.45040874554413124,0.6068228162088521,0.132,0.125,1,TRIM27
0.4508191035354184,0.4240281770023211,0.047,0.056,1,CAMSAP1
0.4508784927954932,-0.49383770570829144,0.019,0.024,1,SLC41A3
0.4510179524618756,0.6557349942193564,0.01,0.014,1,GALNT12
0.45134796134640603,0.39366112326462144,0.01,0.014,1,TSNARE1
0.4513655528458707,-0.36574580498637843,0.013,0.018,1,PPP1R3D
0.4519198377864366,-0.23058371861944105,0.021,0.027,1,WWC2
0.4519571188420774,-0.2937459087368781,0.013,0.018,1,CYB561D1
0.4519571188420774,-0.1400832285965965,0.013,0.018,1,GLCCI1
0.4522631806433704,0.2292796538762023,0.168,0.157,1,PLPBP
0.45247427433407605,-0.31087610156950074,0.016,0.021,1,ST3GAL3
0.45253020847889874,0.19746570067479752,0.257,0.252,1,PTPN6
0.4527293344058535,0.6776327548273722,0.046,0.038,1,MAFF
0.4527460110240585,0.2314279944771851,0.088,0.103,1,EIF2B1
0.4533308089598132,-0.14893706598972623,0.021,0.027,1,RAB11B-AS1
0.45343794984760744,-0.31667085299510145,0.013,0.018,1,LOC100128988
0.45403104799902005,-0.3895288630623597,0.013,0.018,1,TTC8
0.4557455464284563,-0.13850441452418316,0.093,0.106,1,STYX
0.4566020101059732,0.18393124503472053,0.231,0.226,1,AKAP2
0.456604946479029,0.835660566872868,0.034,0.027,1,FMNL3
0.4572149303406154,0.1116618420480163,0.214,0.242,1,COPA
0.45736143332055446,-0.1174478857397725,0.016,0.021,1,LRRC37A3
0.45757800490196654,0.6313803141516021,0.046,0.054,1,ZNF93
0.45794871487543143,0.5042354777360187,0.14,0.131,1,DMTF1
0.45805273662452706,0.21816596021699342,0.059,0.069,1,N4BP2L1
0.4581788318434409,-0.3010967433248881,0.016,0.021,1,HIST1H2BL
0.45857685870154175,0.22587866411696877,0.046,0.054,1,EPN1
0.4586681071467951,0.8377842504267579,0.074,0.066,1,TCHP
0.45923654174552164,0.20300323408095844,0.021,0.027,1,CUL9
0.45954298195990434,-0.5621412743124581,0.016,0.021,1,SFXN5
0.4601576285242069,0.6804526313356911,0.03,0.037,1,NUFIP1
0.4607360690866484,0.35705449566771597,0.035,0.043,1,HIST1H2AI
0.4607373961570254,-0.23693808006044437,0.034,0.027,1,GORAB
0.46114994860247405,0.6888738246429316,0.095,0.087,1,KEAP1
0.4614455266928199,0.3850517034485532,0.127,0.119,1,NEK4
0.4618885980002053,0.22362832988157394,0.247,0.282,1,DNAJC13
0.4620193942427065,0.43744871383421025,0.024,0.03,1,KLHL11
0.46252343507655225,-0.33382641791431666,0.034,0.042,1,RING1
0.46301461271118516,0.12138798953309775,0.258,0.293,1,SUCO
0.4630928117334351,0.42875587368768775,0.064,0.056,1,BABAM2
0.4634788548546656,-0.36059739635405696,0.034,0.042,1,DNAJC11
0.4641298201336428,0.6134448244523762,0.114,0.106,1,VPS13B
0.4645303885722185,0.22513713646924804,0.059,0.069,1,HMG20A
0.4646926912736435,-0.19831392912196222,1,1,1,RNA28S
0.46475433600000815,-0.35000865629266364,0.026,0.032,1,GEMIN6
0.46493620963335974,0.35109363738203925,0.067,0.059,1,NEPRO
0.46518742554395764,0.37030034157747344,0.16,0.154,1,KIAA2026
0.4659612865258788,0.11026351971601134,0.134,0.151,1,YLPM1
0.46601838594381545,0.4711742906999197,0.103,0.095,1,GSE1
0.46632303257939167,0.1181372156655347,0.037,0.045,1,GTPBP6
0.4665460385661669,0.41340728260619963,0.047,0.04,1,MANEA
0.46655875285300646,0.1395705039024433,0.019,0.024,1,EMP2
0.46667310534276885,0.34637467838460534,0.016,0.021,1,ZSCAN30
0.4667610468697487,0.3810866432264206,0.093,0.085,1,OSGIN2
0.46699914059071834,0.17760343871598883,0.096,0.087,1,WASHC5
0.4673926092651948,-0.31354720474603814,0.029,0.035,1,TEN1
0.4678002041608508,0.6639582481800983,0.042,0.035,1,SLC2A9
0.4680512865464343,0.45917807337140815,0.016,0.021,1,DIABLO
0.4683271930622203,0.2919211626806657,0.016,0.021,1,RAD51D
0.468774741638415,0.5517388813164361,0.021,0.027,1,ADM
0.46885550808854637,-0.15115424747982686,0.029,0.035,1,CRYL1
0.46887927615747726,0.3292263731600764,0.016,0.021,1,C5orf58
0.46908974280160265,0.10977710914336747,0.088,0.101,1,MGMT
0.46975635836457674,0.6189729147645715,0.059,0.051,1,NUDT22
0.4698845133395671,0.8245753925477568,0.019,0.024,1,HRAS
0.4699142183591676,0.24043653715611013,0.058,0.05,1,ALPK1
0.470451913609833,-0.5445494946896288,0.026,0.032,1,MAP2K5
0.47077563276318624,0.2941788777907659,0.03,0.024,1,PRMT7
0.47095205342821345,0.14343567315321737,0.101,0.114,1,TIMP2
0.47152997476496766,0.21545550194550134,0.063,0.074,1,NEK1
0.47153196150759324,-0.11814616493787611,0.088,0.101,1,NAA25
0.4720099005539687,0.11421997594297739,0.047,0.056,1,RNF2
0.47251771456377295,0.962883733794416,0.055,0.048,1,TTBK2
0.4726083891193376,0.2987235670899788,0.05,0.059,1,REPIN1
0.47312872134767875,-0.13530033774769956,0.032,0.026,1,SPATA7
0.4732030057072594,0.3723119709703243,0.151,0.143,1,PSME4
0.47346964213396187,-0.3474781693891438,0.029,0.035,1,FBXL12
0.4737591956533129,1.2359233571093444,0.026,0.021,1,SLC25A12
0.47384745938649503,0.3698651879847994,0.114,0.106,1,GRHPR
0.47394195773381564,0.13749777314716294,0.145,0.163,1,ADH5
0.474021926923488,0.1932364946424383,0.052,0.045,1,APH1B
0.4751916361333882,0.34243765910838464,0.168,0.162,1,XPOT
0.47553225867691057,0.2823147009454048,0.05,0.059,1,TUSC2
0.4759020218964443,0.4826846843068675,0.03,0.024,1,ARNTL
0.47618784921014534,-0.18756008123608137,0.026,0.032,1,ZNF570
0.4762899418622668,0.7464722711161627,0.028,0.022,1,XRCC3
0.4763133581224237,-0.334364117490058,0.029,0.035,1,DGAT1
0.477129847804924,-1.347524366994068,0.007,0.01,1,VCAN-AS1
0.4771751347115407,0.2199067545242892,0.046,0.038,1,ZNF354B
0.4778114935923669,0.2440604421198238,0.084,0.096,1,SEPT7P2
0.47791106111068343,0.44565313529992273,0.223,0.221,1,PFDN2
0.47803147241726857,0.5575112729317468,0.059,0.051,1,HNRNPLL
0.47864790376189603,0.5070742036168738,0.078,0.071,1,CAPN1
0.47923937457103644,-0.7209539836931622,0.007,0.01,1,CYP2U1
0.47983158434400935,0.2610097958351288,0.197,0.224,1,BRK1
0.47990380098008906,0.42059531413501805,0.061,0.071,1,PIGX
0.48008460854670004,-0.7392157371840815,0.007,0.01,1,DYSF
0.48086483646120326,0.5197872874324354,0.085,0.077,1,EMC1
0.4809725636016758,0.36497369473787433,0.23,0.231,1,ZNF292
0.4812056415589755,0.4064128750447784,0.061,0.053,1,ADAT2
0.4813211619412564,0.19428177878775554,0.136,0.155,1,DTX3L
0.4813539820000066,-0.3274879536485278,0.007,0.01,1,LOC100506639
0.48185122295874167,-0.5255469237669925,0.023,0.029,1,SIGLEC9
0.4822012448145024,-0.7101576129519582,0.007,0.01,1,EPM2A
0.48262518007893623,-0.2373434172436868,0.007,0.01,1,SERPINH1
0.48268481850267864,0.38291740907431837,0.074,0.066,1,MECP2
0.4830178206202251,0.4381613049797717,0.057,0.05,1,DONSON
0.48304931778250115,-0.21997250021569847,0.007,0.01,1,GLUD1P3
0.48304931778250115,-0.45820689738686937,0.007,0.01,1,RGS5
0.4834736578256598,-0.19750340448518067,0.007,0.01,1,PRRT4
0.48387696511775014,0.4828069460702227,0.05,0.043,1,NELFB
0.4840661290765911,-0.8959737571819715,0.028,0.034,1,POLR3D
0.4841724257298419,0.24630199743483394,0.084,0.096,1,ABHD13
0.48418255230806795,0.47758495917763666,0.061,0.054,1,ANAPC10
0.4841862106273181,0.23258839221817285,0.034,0.042,1,ZDHHC4
0.4842639926541876,0.35877674195552345,0.04,0.048,1,LOC401320
0.48450511266788054,0.7385804817560131,0.038,0.032,1,ERVK13-1
0.48465435152028424,0.23712583569984425,0.086,0.077,1,DCUN1D4
0.4851262371228561,0.23099009564307282,0.062,0.054,1,BAP1
0.48514485810405605,0.1673472040919528,0.132,0.123,1,METTL12
0.48517303939525835,-0.21749829429507095,0.007,0.01,1,WDR24
0.48517303939525835,0.23069109776592533,0.007,0.01,1,ZNF763
0.4853162478107384,-0.918113358125622,0.02,0.026,1,TRMO
0.485983600155198,0.27110352175455343,0.032,0.038,1,CCNE1
0.486023941612389,0.2241741775999362,0.007,0.01,1,HIST4H4
0.486023941612389,0.28638028486795797,0.007,0.01,1,NANOG
0.486023941612389,0.10063590446151416,0.007,0.01,1,SEMA4B
0.48644969522593373,-0.4914450643170598,0.007,0.01,1,TIGD7
0.4873263531508498,0.22091556017989955,0.05,0.059,1,TBCE
0.48744557375340936,0.7760671546513187,0.028,0.022,1,SNX12
0.48750981093528645,-0.1533857911949279,0.023,0.029,1,THAP4
0.4877281648688107,0.6171596438353131,0.007,0.01,1,C1orf220
0.48779374801185793,0.6978963966589766,0.115,0.109,1,LUZP1
0.4879758829814908,0.5766275690677705,0.048,0.042,1,NIPBL-AS1
0.48805955304657533,1.2991044776066234,0.034,0.029,1,ORC5
0.4880869156063343,0.21660048105671825,0.205,0.199,1,OSBPL1A
0.4903762783712711,0.8130590193008957,0.124,0.119,1,MTAP
0.4911122700343657,0.3586382177141634,0.142,0.162,1,ERCC5
0.4913691005166338,-0.1433675341277718,0.026,0.032,1,SHQ1
0.49151905244350214,0.15368224013361376,0.052,0.061,1,VGLL4
0.4915294364191583,0.24592991030800038,0.029,0.035,1,EXOG
0.49156436583242147,-0.703957964628052,0.009,0.013,1,GOT1
0.49169400632075316,0.5198604794818793,0.132,0.125,1,SECISBP2
0.4930660189083517,0.6602380944346105,0.053,0.046,1,MAN2C1
0.4930823978603138,0.2877594718405569,0.206,0.239,1,GRK2
0.49349813705087875,-0.8130242219822605,0.012,0.016,1,NHEJ1
0.49362335470893826,0.18243913888559238,0.026,0.032,1,COMMD5
0.494086203635784,0.3137899627295586,0.032,0.038,1,CAPN15
0.49412238014981325,0.22487738877748953,0.127,0.143,1,DERA
0.4941747268161213,0.11503684235656375,0.463,0.529,1,PDAP1
0.49448491937197425,-1.0192323908128174,0.009,0.013,1,ADD2
0.49484743137801174,1.2650909676539672,0.065,0.059,1,SMAD3
0.4948506398214938,-0.7979425749701452,0.009,0.013,1,RTN4IP1
0.49539785576322465,0.11507678794938347,0.157,0.178,1,METTL26
0.4954227824106905,0.20328432497410617,0.245,0.237,1,CCDC59
0.49558251417491006,-0.5185799119475023,0.009,0.013,1,DDI2
0.49594866794770626,-0.4225928818871907,0.009,0.013,1,EXOC3-AS1
0.49607488971349906,1.0949687357258386,0.034,0.029,1,ZNF605
0.4962928268903262,-0.27021059829930594,0.101,0.114,1,ODF2
0.49649868635130173,0.9649544674005268,0.034,0.029,1,ZNF266
0.49668140835680297,-0.35211153554737606,0.009,0.013,1,PBLD
0.4967719952612953,0.38682719549080313,0.142,0.162,1,DDA1
0.49711816947108955,0.42776697149349285,0.063,0.056,1,FRMD4B
0.49718461442241135,-0.5684745987997628,0.044,0.051,1,SKA1
0.4977371809050615,0.11546123075652304,0.023,0.029,1,GUSBP11
0.4977371809050615,0.3120874779270273,0.023,0.029,1,PAQR7
0.4978109727656827,0.14022242569405208,0.215,0.24,1,EXOSC8
0.4979571961551268,0.16919847080636652,0.08,0.091,1,TAF9B
0.49806641174052996,0.43976812396531206,0.169,0.163,1,RAB1B
0.4985148958265065,-0.22731741059376542,0.018,0.022,1,CRY1
0.498899406481862,1.3123356770207981,0.02,0.016,1,SLC43A2
0.4989409798723752,0.8730174106880515,0.045,0.038,1,LRCH1
0.4990503144692305,0.3656575658153245,0.048,0.042,1,ZNF740
0.499056075602832,0.20482647277176502,0.026,0.032,1,SERTAD1
0.4998621515787387,0.14602379717500025,0.044,0.051,1,MAP2K6
0.4999858693452414,-0.2652957261749975,0.009,0.013,1,ZNF449
0.500169783614107,-0.2962234813825084,0.009,0.013,1,LOC100310756
0.5001785051825008,0.21954855615680335,0.077,0.088,1,REXO4
0.5003408842999997,0.38086469738561757,0.098,0.112,1,ZBTB20
0.5005609674891002,1.1433996869974368,0.02,0.016,1,ADAM8
0.5006968383170313,-0.21250764840455094,0.018,0.022,1,GCH1
0.5014582546112449,0.2719235613701372,0.009,0.013,1,ZNF773
0.5016856103916241,0.3621757364678775,0.059,0.051,1,STAG3L4
0.501867281432042,0.14106683033836265,0.136,0.152,1,C7orf50
0.5021953073685348,-0.2560098326262672,0.009,0.013,1,PKMYT1
0.5025778550296994,0.16434184577136934,0.383,0.397,1,AMD1
0.5027742804983507,0.2993091992574799,0.024,0.019,1,NPC1
0.5033524094864983,-0.7881246128859711,0.028,0.034,1,ZNF432
0.5034336150816023,-0.13075653840449242,0.041,0.048,1,PISD
0.5034587189990907,0.1680076148817875,0.061,0.053,1,C2orf76
0.5034945150831345,-0.37138410522149234,0.015,0.019,1,USP32P3
0.5038097249316416,-0.2898380655096022,0.034,0.04,1,BET1
0.5038821714954065,0.49504236109786426,0.127,0.12,1,RERE
0.5043596553910481,-0.1300854016241968,0.041,0.048,1,RAB4B
0.5043736148086617,1.2227907572286858,0.019,0.014,1,FADD
0.5044528633950932,0.11045434615665486,0.277,0.309,1,LLPH
0.5046657251653497,1.2022598973339327,0.019,0.014,1,CAPN3
0.5046827503359974,-0.3882822088227966,0.015,0.019,1,WARS2
0.5046921479079198,0.3009514877295709,0.117,0.133,1,TMEM50B
0.504697565870025,-0.2390825337748681,0.131,0.144,1,CMAS
0.5048498684997282,-0.13273210564164395,0.088,0.098,1,UBE2G1
0.5051840538891585,0.6634359193982271,0.022,0.018,1,MRPL10
0.5055191239946154,0.38574675713624007,0.009,0.013,1,LOC90784
0.5058800470322309,0.6497013468000885,0.095,0.088,1,TMEM245
0.5060742548333321,0.10015689281446538,0.111,0.125,1,MAPKAPK3
0.5060893762777589,0.6790968764627396,0.073,0.066,1,ZNF503
0.5061163565456482,0.2999663813197214,0.151,0.143,1,USP32
0.5063994598180223,0.8335300187399213,0.02,0.016,1,SLC26A6
0.5070000853022703,0.5023651353607557,0.009,0.013,1,SLC10A3
0.5071774030530228,0.8017371794141446,0.04,0.048,1,RFT1
0.5075392009334795,0.1305044102607611,0.047,0.054,1,PEX26
0.5075860377845431,0.29507439164158367,0.022,0.018,1,RHBDF2
0.5076896299744444,0.9440942535402108,0.033,0.027,1,FLJ42627
0.5078476561078625,0.272711691636923,0.036,0.043,1,INPP5F
0.5079580041892724,0.4410506471323501,0.015,0.019,1,ZFYVE21
0.5081746434673633,-0.10993708582853934,0.012,0.016,1,MECOM
0.5082265355291451,0.7053356055982585,0.058,0.051,1,DPY19L4
0.5082392263723668,0.1337963851473698,0.079,0.071,1,RANGAP1
0.5085547009035257,0.2366541763784742,0.015,0.019,1,CCDC92
0.5090274137080222,-0.16614029536487185,0.096,0.106,1,ARHGAP18
0.5091517648975104,0.16636219196787305,0.015,0.019,1,LPAR2
0.5094719490959259,0.529955808845533,0.02,0.016,1,OPHN1
0.5094750119410469,0.11649150081774051,0.018,0.022,1,DTWD2
0.5094750119410469,0.5900143368915165,0.018,0.022,1,F3
0.509526687562455,1.599798742250833,0.017,0.013,1,LOC642361
0.5095569595376863,-0.1256382980125892,0.046,0.053,1,LMF2
0.5097027638407616,0.5112721831835998,0.088,0.08,1,RALGPS2
0.5097491958797041,0.2576917784194297,0.015,0.019,1,CBWD3
0.5098786377411909,0.3019096109756727,0.078,0.071,1,AKAP8L
0.5099940039979156,0.3578016796163417,0.022,0.018,1,WDR81
0.5101291149631748,-0.23482703281629425,0.034,0.04,1,TTC4
0.5102530269773375,0.12468361027573233,0.274,0.303,1,COPB1
0.5108075642956187,1.991782530539128,0.015,0.011,1,HOOK2
0.5115732991374051,0.34401332148901265,0.055,0.064,1,RAB5B
0.5119973724672461,0.6568031855510474,0.019,0.014,1,SCLY
0.5120011748555371,0.13238145360002518,0.563,0.596,1,PCBP2
0.5120824229552631,0.14782699958962153,0.057,0.066,1,SLC39A11
0.5121266930529701,0.6765675978028964,0.012,0.016,1,ZBTB22
0.5124703198820402,0.5957456917023007,0.058,0.051,1,EPB41L3
0.5124714067939251,-0.18639748920192634,0.135,0.149,1,AKAP11
0.5125110117086362,0.7883287801467058,0.018,0.022,1,FAM3A
0.5126107777622229,0.3170733745586891,0.065,0.058,1,HDAC7
0.5126154321506485,0.19231081544377515,0.05,0.043,1,ZKSCAN8
0.5130582347304127,0.2592867139799029,0.165,0.184,1,HERPUD1
0.513175571460789,0.31222137739807465,0.019,0.014,1,CRELD1
0.5134161945898934,0.5107303064497377,0.055,0.048,1,CMTM7
0.5135628303003283,0.7385235682805442,0.017,0.013,1,TMEM267
0.5141852491587118,1.136501213342636,0.017,0.013,1,TBCEL
0.5142415963539024,0.3554514784519487,0.015,0.019,1,SMG1P3
0.5144687589937099,0.7962899960941665,0.031,0.026,1,SDCCAG3
0.5144687589937099,1.0595710479552736,0.031,0.026,1,TYW5
0.5146429879282299,-0.1960812762642563,0.061,0.069,1,WDFY3
0.514826950822221,0.3471242402974607,0.161,0.183,1,AGGF1
0.5148421348505365,0.6539674132197741,0.015,0.019,1,AMACR
0.5148813173284268,0.3328279296584056,0.171,0.194,1,MDFIC
0.5148916630002909,0.3566925253308053,0.052,0.061,1,THADA
0.515093202270748,-0.2820782597880904,0.048,0.056,1,IL4R
0.5151425406843864,0.23036887361482972,0.015,0.019,1,NICN1
0.5154322722743485,1.3144187188270688,0.015,0.011,1,ST20-AS1
0.5154984513818288,0.34597589945279505,0.07,0.062,1,DDHD1
0.5167575985192754,0.9895234429396922,0.015,0.011,1,RMND5B
0.5169389682428235,0.5707676682865039,0.118,0.112,1,ZBED5
0.5169595957340982,0.3028560916497427,0.197,0.226,1,KCNAB2
0.5169938043604558,0.41612917390270376,0.079,0.072,1,DTNBP1
0.5170144478174761,0.7461477220105648,0.019,0.014,1,WWC1
0.5173612696909402,1.2720430040359636,0.013,0.01,1,PRDM10
0.5174448602348006,0.3639779932837215,0.095,0.088,1,KCNQ1OT1
0.5178034734707788,0.2504223091483273,0.031,0.037,1,TMC6
0.5182510628237149,0.5806076549838441,0.086,0.079,1,DOPEY2
0.5183706279472858,0.40939431360732836,0.088,0.101,1,TECR
0.5184167358575554,1.1351237238642247,0.015,0.011,1,ACAD11
0.518698616537135,0.2038280527838694,0.133,0.151,1,SELENOW
0.5187488934229509,1.0327130881993982,0.015,0.011,1,ZFAND4
0.5188658649981998,0.20923712949862594,0.017,0.013,1,EEF1AKMT3
0.5188982523177013,1.668989296486906,0.011,0.008,1,LRRC20
0.5192114739661551,-0.142051030425431,0.043,0.05,1,TIGAR
0.5192301373409908,0.19146902050325187,0.141,0.159,1,CBFB
0.5192764215799288,0.7759192182602956,0.031,0.026,1,ADAMTSL4-AS1
0.5194303317024711,0.439953475451178,0.049,0.058,1,ISCA2
0.5194459258938617,0.8036024109305124,0.018,0.022,1,CCHCR1
0.5197460253984707,0.2828928848912051,0.015,0.011,1,AMN1
0.5198266800615922,0.20063831523256037,0.436,0.463,1,CCNI
0.5199016751010992,0.4477599013768345,0.076,0.069,1,C5orf15
0.5204309467458702,0.8141820494837422,0.017,0.013,1,MTERF1
0.5206150487195863,0.13205029694535053,0.034,0.04,1,MSRB2
0.5206772451688135,0.4108051854946767,0.267,0.272,1,TARS
0.5208007475318539,0.14967016636707298,0.08,0.091,1,PPIL3
0.5208290470474344,1.6973179198726065,0.011,0.008,1,DNAJC5B
0.5209220766489993,1.5628587367822666,0.013,0.01,1,LOC101927402
0.5209220766489993,1.3064846381960296,0.013,0.01,1,SNORD67
0.5210576599687553,0.7692291321585283,0.017,0.013,1,ZNF564
0.5211231303958332,0.7972621557420947,0.043,0.037,1,TEFM
0.5211697186202653,1.2384712623996492,0.015,0.019,1,GLB1L
0.5214101065526106,0.8451967600979344,0.015,0.011,1,POMT1
0.5216023997421044,1.3245857763020616,0.011,0.008,1,TSPOAP1-AS1
0.5218897472149189,0.1492565412578446,0.075,0.067,1,TTYH3
0.5219984578640795,0.5778754914659094,0.017,0.013,1,ZNF282
0.522349925156135,1.454615754876138,0.013,0.01,1,LINC00167
0.5226323882098053,0.28427028614477523,0.069,0.079,1,TTC21B
0.5226835357865152,-0.11778673143713103,0.038,0.045,1,VWA8
0.5227072012888445,1.0671797739595865,0.013,0.01,1,ZBTB48
0.5227072012888445,1.07102414741642,0.013,0.01,1,ZNF343
0.522708991417359,-0.6326688860593039,0.02,0.016,1,LINC00216
0.5227433428505164,0.6835729731829101,0.015,0.011,1,PTPRO
0.5227559807080864,0.11734670011387749,0.031,0.037,1,HIST1H4J
0.5227635354867177,1.3742259130364864,0.011,0.008,1,DNAJB2
0.523064602896602,0.9469482690190514,0.013,0.01,1,MORC4
0.523459219053497,0.4807527321010927,0.081,0.074,1,LOC101927027
0.5235388194186145,0.6290641981344258,0.062,0.056,1,LY6E
0.5238280747400392,0.11605105381669079,0.028,0.034,1,SPIN4
0.5238544029381793,0.4218404559212896,0.152,0.146,1,STAT6
0.5239259973298303,1.0144666167185097,0.011,0.008,1,CELSR1
0.5239259973298303,0.8998326969342658,0.011,0.008,1,TBC1D25
0.5239259973298303,0.7479330028559481,0.011,0.008,1,TMEM14EP
0.5243137789198794,0.986475103284854,0.011,0.008,1,ENO3
0.5244229736704868,0.49484955178345924,0.064,0.058,1,ZNF333
0.5247017075284321,0.9034770843219784,0.011,0.008,1,ZSWIM4
0.5248534908235281,0.763427822984716,0.013,0.01,1,SORBS3
0.52526957632958,0.5124245571157613,0.066,0.059,1,TSPAN4
0.5254150583628981,0.5232780654041154,0.015,0.011,1,LOC101927895
0.5254780054736964,1.3167443909828531,0.011,0.008,1,PIGL
0.5255699220779334,0.812323563483683,0.013,0.01,1,NOP14-AS1
0.5257327232681723,0.24280861497070738,0.047,0.054,1,NUP93
0.5258663746463943,0.8054133306046038,0.011,0.008,1,MCM3AP-AS1
0.5258663746463943,0.6324796590101087,0.011,0.008,1,OSER1-AS1
0.5260667150970372,0.16580967543435998,0.216,0.244,1,UQCC2
0.5260840770826878,0.3022101556980683,0.015,0.011,1,MX1
0.5260840770826878,0.8149059793746796,0.015,0.011,1,PHLPP2
0.5261810652347685,0.6154627421995025,0.079,0.072,1,TAPT1
0.5262548905095681,0.7543245691474709,0.011,0.008,1,IL11RA
0.5265018223672006,0.16076429194188968,0.044,0.051,1,OGFR
0.5270323619778309,0.20678767689731803,0.011,0.008,1,NPIPB13
0.5274213174178254,0.4889707713275149,0.011,0.008,1,PRSS36
0.5275867091531247,0.6473390737425087,0.155,0.152,1,EPM2AIP1
0.52809374214228,0.4023749951683566,0.015,0.011,1,FBXO48
0.5281996672957933,0.932034350942959,0.011,0.008,1,SNORA63B
0.5283596606421906,0.15537306302266352,0.095,0.107,1,ABR
0.5286496725952701,0.3116967351708928,0.08,0.091,1,MRPL24
0.5293887630781118,0.45097165173430875,0.09,0.083,1,SEC16A
0.5296411466410081,0.4352805621770206,0.077,0.071,1,BFAR
0.5296560938973907,0.44318978345915827,0.031,0.026,1,ZNF346
0.5296814276515436,0.1270088252879233,0.232,0.26,1,SETD3
0.530007847788815,0.13630804614262293,0.099,0.112,1,STK10
0.5305382229288609,0.278996205968582,0.011,0.008,1,IPP
0.53059890747971,-0.2978805221204821,0.013,0.01,1,C2CD2
0.5307028749614927,0.1350298721282739,0.061,0.071,1,ANO10
0.5307952251587997,0.4207568293201678,0.092,0.085,1,FOXK1
0.5309173554691381,0.3142960213930439,0.169,0.192,1,HBS1L
0.5309284926162818,0.4150879088877879,0.011,0.008,1,PIK3R3
0.5311720722733572,0.1841112989765263,0.276,0.272,1,IKZF1
0.5314266135142408,0.5397820397962803,0.031,0.037,1,BSCL2
0.5315528966609999,0.18158350197801276,0.033,0.027,1,ZNF524
0.5316578197259383,0.14260943852078034,0.028,0.034,1,VARS2
0.5316762578368863,0.3278183443891802,0.079,0.09,1,PMS2P1
0.5322253084841616,0.23670795425109592,0.061,0.054,1,CDCA8
0.532545970165029,0.17687792515476874,0.126,0.139,1,PTDSS1
0.5327910184409124,0.16415838992640808,0.392,0.402,1,TALDO1
0.5331929601684314,0.3063843461685756,0.242,0.245,1,SNRNP70
0.5331964672963552,0.9669255906235783,0.059,0.053,1,FAM207A
0.5332841588541288,0.18338010047417486,0.083,0.095,1,MOB1B
0.5334783110396768,0.41800000275537585,0.09,0.103,1,DUSP22
0.5336701471243261,0.3348565393983649,0.06,0.069,1,SS18
0.5337286764706621,0.711673438962968,0.081,0.075,1,SLC50A1
0.5342454684867711,0.6253585486442899,0.115,0.107,1,FBXO5
0.5343871120033341,0.5145810211765824,0.057,0.066,1,AEN
0.5347300522820363,0.4479611850312316,0.134,0.152,1,RAB8B
0.5347848379110878,-0.1981923272902537,0.058,0.066,1,MLH3
0.5353668312902236,0.5726433872557473,0.029,0.024,1,SPRYD7
0.5357663206449772,0.2514812185437183,0.028,0.034,1,ABCF3
0.5360210486982194,0.2211522234232144,0.095,0.087,1,ATAD1
0.5363961885066919,0.2500103581797801,0.101,0.093,1,AIP
0.5365781800537404,0.15955111018164547,0.387,0.396,1,SETX
0.5375329861710657,0.1804639844351017,0.21,0.232,1,IARS2
0.5377189532906214,0.5084449662984845,0.153,0.147,1,AGO4
0.5377627470130388,0.7727327746726029,0.072,0.066,1,ARRB1
0.5378780816618238,0.4224608556805203,0.069,0.062,1,ITPRIPL2
0.538056923861606,0.1969997002831927,0.051,0.059,1,SLC7A6
0.5383722953980472,-0.22638771567070526,0.035,0.042,1,PPM1L
0.5386603356045376,0.4792928498906971,0.159,0.157,1,R3HDM1
0.5391547220698981,0.3687612121643524,0.047,0.042,1,LPCAT3
0.5396021939202273,-0.727959362049599,0.02,0.024,1,LOC645513
0.5401417396238389,0.3901292786530241,0.311,0.322,1,NREP
0.5401760242221121,0.10773995274842063,0.065,0.074,1,FAM177A1
0.5402040588629703,-0.14670722636406897,0.047,0.054,1,MPV17
0.5402083429920752,0.261668634797279,0.183,0.205,1,MKKS
0.5402290518587676,-0.4498896575351474,0.017,0.021,1,SMARCAL1
0.5402725303157323,0.6811052607525268,0.074,0.067,1,ING4
0.5404566717076615,0.1375088825487374,0.125,0.117,1,SUPT6H
0.5405796988001156,0.6362159274481991,0.028,0.034,1,POLR3H
0.5406794287189886,-0.10973448254329088,0.135,0.147,1,ARHGAP19
0.5406979913852028,0.27395567964568995,0.237,0.237,1,PRKAR2B
0.5407711095475269,0.11878545145882591,0.372,0.38,1,PTEN
0.5408259072422326,-0.11274362828734064,0.084,0.093,1,MEMO1
0.5408397337389917,1.3501682323190192,0.025,0.021,1,ZNF558
0.541296822124822,-0.2439350902360462,0.061,0.069,1,PPP5C
0.5419184451671578,-0.14002268727255673,0.062,0.071,1,NOA1
0.5434375644661628,0.5892596066629467,0.101,0.095,1,STAT2
0.5434721571803728,0.5379852557899172,0.041,0.048,1,SHARPIN
0.544160045939537,0.41598110516698794,0.104,0.098,1,ZZZ3
0.5442830347491527,0.3143842013814775,0.181,0.176,1,PRRC2B
0.5448553263784441,0.22163009788189436,0.066,0.075,1,DGCR6L
0.5453692220746774,0.14363565962177915,0.124,0.138,1,IMPACT
0.5455124799809086,-0.5504537341874314,0.017,0.021,1,SLC4A8
0.5457605354947491,0.34984877817588833,0.047,0.042,1,KLHL6
0.545875246452431,-0.24036484941251945,0.038,0.045,1,G6PC3
0.546168587917103,0.9819138078900096,0.042,0.037,1,SH2B1
0.54683168764799,0.5964953317915982,0.054,0.048,1,PNPLA2
0.5471486272336228,0.3170948816269834,0.061,0.054,1,GDAP2
0.5483961435501368,0.5820085000488384,0.022,0.027,1,HAVCR2
0.5487512559059535,-0.44257052087148097,0.034,0.04,1,TMEM199
0.5492057488295998,0.8638991116245736,0.035,0.03,1,DHPS
0.5493096731710327,-0.4904877881535543,0.027,0.032,1,TNFAIP6
0.5496441357962737,0.76855845128823,0.056,0.05,1,ZNF789
0.5497473567188776,0.718492602017387,0.046,0.04,1,KIZ
0.5499061233857335,0.13331467816572085,0.182,0.175,1,UBR5
0.5499783800769735,-0.537616991607953,0.014,0.018,1,DHRS7B
0.5503078836681088,0.2578492353973376,0.084,0.077,1,SLC39A7
0.5505034231384909,0.1824267869516869,0.047,0.042,1,TMEM128
0.550525821511819,-0.44415875998869137,0.017,0.021,1,FIRRE
0.5505523188023388,0.21388996214772815,0.05,0.058,1,WDR92
0.5505971583429539,0.21104911294451378,0.084,0.077,1,RRM2B
0.5506975412310375,0.5469479935278292,0.056,0.05,1,MAML3
0.5507140611581742,0.43352607303903,0.022,0.027,1,YARS2
0.5510570608122732,0.2511492988464443,0.872,0.897,1,FTH1
0.5513904015385045,0.1006407414049173,0.056,0.064,1,NDUFAF7
0.551412876571362,-0.13890570497135935,0.017,0.021,1,RFX3
0.5518460626671203,0.1186150220233515,0.107,0.12,1,POLR2E
0.5521398010218409,0.3979996409090257,0.21,0.212,1,COPE
0.5521436063244396,0.1376293459572917,0.03,0.035,1,ZFP62
0.5522620191188163,0.6145956700205781,0.022,0.027,1,TCP11L1
0.5523006336256043,0.11931093416364957,0.017,0.021,1,QSOX2
0.5528928611594398,-0.41378567534080357,0.017,0.021,1,ZNF529-AS1
0.5531593441828239,0.34418561862636965,0.056,0.05,1,FRS2
0.553286780700452,0.3285159604337745,0.17,0.167,1,ZNF518A
0.553776434904423,0.2688742611095225,0.117,0.133,1,ANTXR2
0.553813688155516,0.9600002940703809,0.023,0.019,1,UAP1L1
0.5539117429402438,0.21254877208589518,0.05,0.058,1,ABHD17A
0.5541118776865455,0.3222552828152576,0.02,0.024,1,ARHGAP33
0.5542044054184756,0.30166632730009835,0.179,0.173,1,EFR3A
0.5545573763226428,0.26868656482871045,0.302,0.309,1,PRDX5
0.5548938214912024,-0.10564042479048164,0.04,0.046,1,ST6GAL1
0.5549821267160706,-0.4991931349365215,0.014,0.018,1,SWSAP1
0.5550748279838855,-0.8358649510196026,0.011,0.014,1,CERCAM
0.5551684496898955,0.3994864154311478,0.178,0.173,1,MYO9B
0.555365897612192,0.4736865467679343,0.035,0.03,1,MGC72080
0.5554640533987502,0.5376465693814239,0.062,0.072,1,LIMD2
0.5554925856467587,-1.0425369787431027,0.008,0.011,1,LOC100288069
0.5554925856467587,-1.44479003684729,0.008,0.011,1,NPIPB3
0.5558544889470267,0.18166534843517423,0.074,0.083,1,PTPN9
0.556347134941201,0.6078618665887303,0.027,0.022,1,ZBTB17
0.5563527590501836,0.7211436911280116,0.097,0.091,1,ATL2
0.5565180469903992,0.30866224319515734,0.066,0.075,1,MCCC1
0.5566903070241217,0.8466988921162666,0.035,0.03,1,ZC3H12A
0.5567467017514369,0.2612927584772804,0.107,0.12,1,ORAI2
0.5572951258517297,0.5053766780338449,0.102,0.096,1,ORC3
0.5574002067983093,0.3229928759142542,0.046,0.053,1,EMBP1
0.5576467995276178,0.4974064851772071,0.035,0.042,1,ADCY3
0.5576632574446663,0.2374243725255316,0.115,0.128,1,CEP128
0.5578554404573268,0.433862493977228,0.064,0.074,1,TMEM41B
0.5582221118487586,-0.29465050220417055,0.014,0.018,1,SPATA6
0.5583741771035633,0.2970636897536174,0.027,0.022,1,FKRP
0.558788532225048,-0.43723642932843987,0.008,0.011,1,CENPBD1
0.5587950684314644,0.6641412465495793,0.065,0.059,1,RALGDS
0.5589890137441209,0.4688562524237261,0.067,0.061,1,SFR1
0.5591504819464127,-0.22843344760273787,0.027,0.032,1,SLC20A2
0.5591948070449144,0.2558727252071116,0.073,0.082,1,TMEM154
0.5598094565143783,0.8986163831256437,0.023,0.019,1,SLC35E2B
0.5600269566556051,-0.8263760754562046,0.008,0.011,1,ANKRD9
0.5600287990197909,0.4468113703594081,0.1,0.093,1,RBCK1
0.5601705072709935,-0.2491221937096073,0.014,0.018,1,SLC25A43
0.5602649145509337,-0.12415438022649239,0.303,0.324,1,KIF20B
0.5604511363851287,0.7851888425438114,0.035,0.03,1,TMEM161B-AS1
0.561968004264968,-0.16531502331605608,0.096,0.106,1,ILKAP
0.5625147238890814,0.5191695900448652,0.025,0.021,1,BOP1
0.5626897551631816,0.17089214306138661,0.328,0.37,1,TAPBP
0.5627734839141671,0.415735479087159,0.014,0.018,1,PIGQ
0.5629639375950812,0.4098313581185149,0.02,0.024,1,DVL2
0.5630111885941305,0.1491406420828909,0.011,0.014,1,PCNX2
0.5637813700755012,0.14050055275988416,0.085,0.079,1,ANKRD50
0.5639154483059138,0.8340059546856589,0.023,0.019,1,ARFRP1
0.5639713059661859,0.7658100819261695,0.046,0.04,1,LINC00476
0.5648451848846561,0.6238458766244432,0.07,0.064,1,ALMS1
0.5648592869068074,0.3265087202689849,0.03,0.035,1,CLN3
0.5649428801324399,0.24724862670468217,0.292,0.296,1,ARPC4
0.5649867477798822,0.5660156379169772,0.027,0.022,1,XRCC1
0.5649939170413304,0.3913380075702211,0.008,0.011,1,DISC2
0.5649939170413304,0.11358248629335499,0.008,0.011,1,PTPRF
0.5651851125904312,-0.15293985994740922,0.011,0.014,1,LOC729218
0.5653070676476206,1.7141106675488835,0.021,0.018,1,FBXL4
0.5658237986426393,0.5255849577169274,0.008,0.011,1,FBXW9
0.5659920971683394,0.20976940336520622,0.066,0.059,1,PINX1
0.5660841291549232,0.27517664395372016,0.24,0.276,1,GGNBP2
0.5666872459509377,0.45412239330408344,0.03,0.035,1,WDR6
0.5668329923753155,0.19530614792585688,0.079,0.072,1,FCGR1A
0.5670697174381438,0.23707871992584284,0.008,0.011,1,ZNF324
0.5684802900420087,-0.5921823061103413,0.021,0.026,1,RPAP1
0.568825745031626,0.17358286257491273,0.107,0.119,1,NFATC2IP
0.568835945791512,0.26916413789197824,0.027,0.032,1,BCAS3
0.5689788446312414,0.5941824095365265,0.014,0.018,1,SENP3
0.5692539409966899,0.2608036293135523,0.118,0.112,1,TAF12
0.5695343277947971,0.18275802474074165,0.085,0.095,1,PCID2
0.5695450262032007,0.7568638512566181,0.011,0.014,1,KRBA2
0.5695450262032007,0.5433687421646045,0.011,0.014,1,MAPKBP1
0.5698807978721678,0.12834281253501523,0.039,0.034,1,MAP4K2
0.5699527808314616,0.10664597945683552,0.168,0.162,1,NUP98
0.5699819630815532,0.7520352789537759,0.008,0.011,1,ACSM3
0.5699819630815532,1.0313843954245723,0.008,0.011,1,ZMYM4-AS1
0.5701336019154941,0.49310834403886483,0.073,0.067,1,MAGED2
0.5702803212092672,-0.16816631659941805,0.103,0.114,1,INPP5B
0.5706947122970263,0.14943371131539437,0.276,0.274,1,CCDC14
0.5709890488859871,0.34155457749068174,0.181,0.179,1,TYMP
0.5710854249268671,1.1143885295328673,0.032,0.027,1,L2HGDH
0.5711473724910547,0.33898510480411476,0.254,0.253,1,RC3H1
0.5712094068257552,0.2888736741790816,0.037,0.043,1,DDX12P
0.5722585955293727,0.23133755158740055,0.037,0.032,1,FN3KRP
0.5724935597099268,0.8777914833778797,0.04,0.035,1,SLC11A2
0.5727021685820237,0.5297274059585617,0.035,0.03,1,NAPEPLD
0.5728627994865949,0.3905961417598429,0.053,0.061,1,ZNF562
0.5728774611874228,0.16059282426369936,0.034,0.029,1,ERMAP
0.5729344567051773,0.32030284278395493,0.14,0.133,1,TNIP1
0.5729650837578103,0.14708861650208083,0.107,0.099,1,PRCP
0.5732100912357636,0.45081623340760724,0.153,0.147,1,GTF2B
0.5735556599901197,0.3285552600305728,0.011,0.014,1,C19orf54
0.573567238844342,0.6599912492950595,0.034,0.029,1,POFUT2
0.5741814816840526,0.6429706904853023,0.048,0.043,1,CASD1
0.5743723260016265,0.17254684533671139,0.045,0.051,1,PIP4K2B
0.57457890121114,-0.16135183420710364,0.054,0.061,1,FUT8
0.5754158941699632,0.12450869552643506,0.137,0.152,1,AHCTF1
0.5759416948932152,0.47622293235687474,0.021,0.018,1,CDH26
0.5764423426235242,0.5036332862897246,0.081,0.091,1,PELI1
0.5764612810193412,0.39143057683705285,0.17,0.167,1,ST3GAL6
0.5767775832148258,0.27380578770243114,0.04,0.046,1,TP53TG1
0.5770006870600617,0.5044922559033453,0.11,0.104,1,SNRK
0.5770220188500645,0.9714909904048885,0.034,0.029,1,PHLDA1
0.5772043570541591,0.6963490422566729,0.047,0.042,1,GALK1
0.5778100109275714,-0.30183857578092166,0.039,0.045,1,DPY19L3
0.5783805705033461,0.1719940402046629,0.045,0.051,1,TIMM8A
0.5789296006419447,0.23545908510794977,0.14,0.154,1,PARN
0.5795196625074074,0.3696695069510504,0.149,0.144,1,MTR
0.5797159938566603,0.16517840417814678,0.451,0.476,1,PCM1
0.5802797744863085,0.7439035865512831,0.021,0.018,1,NOC4L
0.5803612349933402,0.1993554637699263,0.383,0.429,1,CDV3
0.5804238811499862,0.291614973952496,0.096,0.107,1,KANSL1
0.5809715912585394,0.26018712421878254,0.037,0.043,1,RBSN
0.5810823478451611,0.11256640818504954,0.343,0.378,1,SF3B2
0.5811473467604609,0.38331326571472357,0.113,0.107,1,NRGN
0.5814272446375077,-0.20843912642118445,0.021,0.026,1,TTLL4
0.5820183681333626,0.1624861543443057,0.045,0.051,1,ACVR1B
0.5820508586713775,0.2771678954525538,0.024,0.029,1,IL18BP
0.5825847884003514,0.4408562744984259,0.113,0.127,1,EFTUD2
0.5827311453585116,0.266002219665348,0.034,0.04,1,BCKDHB
0.5834155735619433,0.6550038698491556,0.064,0.059,1,YTHDF1
0.5835483899530813,0.13116921507841717,0.088,0.099,1,DIS3L
0.583625012304051,0.2753812671419873,0.09,0.101,1,PLGRKT
0.584400594461854,0.13261414533467475,0.035,0.03,1,FAM173B
0.5845072988528515,0.2583187594788985,0.112,0.123,1,ARL14EP
0.5847892605504806,0.7475825576963095,0.027,0.032,1,ZNF850
0.5848677750296729,0.40194861089959266,0.024,0.029,1,PGAP2
0.5857147313467345,0.2083369429833284,0.132,0.147,1,SAFB2
0.5857627773545144,0.6372058510668284,0.027,0.032,1,WDR47
0.5857965528057684,0.7056923704137832,0.021,0.018,1,BTN2A2
0.5863120405842033,0.613111509270396,0.079,0.074,1,XPR1
0.5865452888011801,1.0345112723133005,0.02,0.016,1,NDOR1
0.5868622105035286,-0.22046930688628352,0.021,0.026,1,LOC100132077
0.5872902699933835,0.27898419830874843,0.234,0.232,1,SDF4
0.587387380616047,0.8261834282750631,0.091,0.087,1,RFWD3
0.5879520215411309,0.2693767870263972,0.021,0.026,1,SEC22A
0.5892868077234266,0.18018607335656003,0.281,0.279,1,BLOC1S6
0.5892902060990213,0.6473855841446117,0.02,0.016,1,ZSCAN2
0.5894918013867274,0.13857637535292677,0.081,0.091,1,OGDH
0.5900199248354308,0.5702080580695639,0.057,0.051,1,TADA2A
0.5900199263009042,0.349500176423307,0.052,0.059,1,POLA2
0.5902311935671651,0.2398995358821383,0.374,0.391,1,SUZ12
0.5902814882727374,0.6311402061789579,0.084,0.079,1,ATP9B
0.5909870536810975,0.32043808968406884,0.12,0.133,1,TAF2
0.5912263902393452,0.48727435873981545,0.199,0.2,1,DAP3
0.5921138865553859,0.18643484218725792,0.458,0.486,1,CD44
0.592523344264584,0.5893146702528558,0.038,0.034,1,TBCC
0.5926531285531078,0.41320343176833685,0.02,0.016,1,B4GALT3
0.5932022184267594,0.4283978782576323,0.03,0.026,1,DHRS12
0.5935718141373514,0.5378369549391113,0.02,0.016,1,LOC101929147
0.5941846331273659,0.5165166770072736,0.02,0.016,1,STXBP4
0.5942256876290593,0.1868422524250999,0.059,0.053,1,FBXO18
0.5944911510736597,0.5868883486126091,0.02,0.016,1,CC2D1A
0.5948238741639215,0.3340556780409809,0.028,0.024,1,CREB3
0.5951484745161685,0.45122450362681954,0.136,0.152,1,SENP7
0.5952127782454326,0.4032293195739901,0.161,0.159,1,TDG
0.5953610149324466,0.24654038685493934,0.196,0.196,1,CXorf21
0.5953661878455063,0.13419296498091615,0.034,0.04,1,PCYOX1
0.5958030245968382,0.5159554835518754,0.115,0.111,1,CEP295
0.5959631302549978,0.39050256973135733,0.135,0.13,1,CSRP1
0.596133213998651,0.4359801887325341,0.142,0.138,1,NEGR1
0.5962031041441642,0.304573395668825,0.118,0.131,1,PRRC2A
0.5970502830337816,0.491755339453007,0.137,0.133,1,PIGS
0.5976694426082624,1.2531159931641733,0.018,0.014,1,FBXO46
0.5979583066918553,0.31725355575171876,0.145,0.162,1,TMEM9B
0.5980069506042278,0.20383953383896092,0.029,0.034,1,BBS7
0.5986348673757741,0.16457031332510708,0.072,0.08,1,DKFZP586I1420
0.5989192698072328,0.9182571192680138,0.028,0.024,1,SPRED2
0.5989252072672856,-0.30809311775412374,0.041,0.046,1,TRIT1
0.5991685806486164,0.25655331351062327,0.222,0.245,1,UBE2W
0.6002564283757453,0.8136868071387622,0.018,0.014,1,NR1H3
0.6005766213372121,-0.46231493186572825,0.019,0.022,1,MAD2L1BP
0.6008709909548977,0.3374052745100746,0.019,0.022,1,ST3GAL5
0.6018196531373259,0.27273001468588265,0.122,0.135,1,TMEM106C
0.6018758617267076,0.7202382298037993,0.018,0.014,1,ZNF841
0.6019283850572552,0.5081216596163305,0.021,0.026,1,MAP1S
0.6019991799446871,0.8913439797799017,0.028,0.024,1,ACAP3
0.6020650409256973,0.18215434964064478,0.313,0.346,1,EIF4H
0.6022039231391852,0.7368586598915874,0.021,0.026,1,ATP6V0E2
0.6023438157122005,0.27628028239306035,0.019,0.022,1,C11orf24
0.6024795180463047,0.4530344154921644,0.021,0.026,1,PGGHG
0.6031728250725654,0.5809924031271958,0.018,0.014,1,FAM69A
0.6031728250725654,0.43005391114860814,0.018,0.014,1,KAT14
0.6038583438590142,0.6423496924345615,0.021,0.026,1,ZNF134
0.6038877780169473,0.23333516542125643,0.345,0.361,1,PSMB3
0.604998326020135,0.14885031505176682,0.135,0.149,1,HM13
0.6051206794220694,0.31402137715129186,0.084,0.079,1,STK39
0.6057705156070865,0.440013964680241,0.018,0.014,1,SNORA104
0.6061730110644138,0.4555245108287058,0.088,0.098,1,ZNF91
0.607204082602623,0.40849291347831795,0.167,0.165,1,HERC2
0.6074738752842765,0.18655393225054206,0.047,0.053,1,IFI27L1
0.6076060651206368,1.3797140275675064,0.016,0.013,1,RAB11FIP3
0.6079222046513485,0.7380899206865665,0.028,0.024,1,FAAP100
0.6080522527321874,0.47751932094256144,0.103,0.115,1,TRAPPC3
0.6082861976430487,0.20982555146797488,0.153,0.149,1,CCNH
0.6086868602493136,0.352552666478794,0.197,0.223,1,USP4
0.6090149679540742,0.342253388859723,0.074,0.069,1,ELAC2
0.609178572195167,0.2089021008932197,0.102,0.114,1,FAM168B
0.6093429969932496,0.37510576156886344,0.169,0.188,1,PRR14L
0.6097454905379753,0.22522613015396287,0.051,0.058,1,TOMM34
0.6099993785035548,0.276204341324895,0.192,0.213,1,NUP214
0.6100350385277489,0.2557289024675251,0.054,0.061,1,POLR2C
0.610501501702463,1.0287910458894105,0.034,0.03,1,GEMIN7
0.6107067756604831,0.5447375823583123,0.016,0.013,1,PIP4K2C
0.6109406129050403,0.19034582953130208,0.063,0.058,1,NEK2
0.6110227575585626,0.26781667824514743,0.028,0.024,1,ATRIP
0.6114675253164569,0.15739226129431172,0.016,0.019,1,ZNF224
0.6116467748551275,0.12251469190747333,0.026,0.03,1,HEXDC
0.6116826652933669,0.41593670396865445,0.149,0.146,1,HERC1
0.6117117794281897,0.13993853902955244,0.063,0.071,1,LOC107133515
0.6122416736452811,-0.16019694132260254,0.061,0.067,1,CHUK
0.6122698603029271,0.3314402254032234,0.07,0.079,1,TOR3A
0.612468184550917,0.2892796198633535,0.212,0.21,1,PPP4R3B
0.6125934833269048,0.316881041186722,0.151,0.147,1,LTN1
0.612641570813226,0.11486514808258663,0.151,0.146,1,CDK5RAP3
0.6126938203418117,0.2782329118054646,0.242,0.272,1,C18orf32
0.6129750317033194,0.26947653049588505,0.066,0.074,1,UHRF1BP1
0.6131691112820481,0.33012422686814413,0.156,0.173,1,PTPRA
0.6136532304067059,0.5699992278861857,0.144,0.163,1,HHEX
0.6138144847555524,0.4375861234711822,0.016,0.013,1,MANSC1
0.6138643952636271,0.12131772352951237,0.299,0.325,1,PPIP5K2
0.6139521180665661,0.4338043593410439,0.052,0.059,1,LMBRD1
0.614086625429084,0.10209464741946316,0.276,0.306,1,MRPS34
0.6143992633610045,0.17105204774041005,0.074,0.082,1,SECISBP2L
0.6144398992000089,0.18412014759472894,0.034,0.038,1,PTGS2
0.6145009768330867,0.4243740541671239,0.052,0.059,1,AKT1
0.6148213920934491,0.17624445492658536,0.044,0.05,1,LINC00909
0.6152357860361591,1.4102685297004554,0.014,0.011,1,PLBD2
0.6153936937900635,1.0778061853996617,0.034,0.03,1,EIF2B2
0.6154301472469914,-0.6546321402127422,0.013,0.016,1,SIGLEC5
0.6157824834361412,-0.10952669539378945,0.057,0.051,1,RFX5
0.6158901565523228,0.15196896352436706,0.016,0.013,1,SMG1P1
0.6159098735036741,0.22537636497674862,0.145,0.159,1,EMC3
0.6159416935620514,0.5031917076046355,0.172,0.173,1,C19orf60
0.6160556135185193,0.5061557696614323,0.209,0.215,1,DHRS7
0.6161365663621634,-0.6965614717025845,0.013,0.016,1,FBXL19-AS1
0.6164743235760153,0.19687518338556198,0.137,0.151,1,GFM2
0.6167234926327132,0.2794497755770853,0.026,0.03,1,GORASP1
0.617171068061301,0.3938324051724208,0.233,0.239,1,MICAL1
0.6172321791804835,0.24922323790550038,0.026,0.03,1,PATZ1
0.6173136951053851,0.5756083832444165,0.039,0.045,1,NMNAT1
0.6174488492118111,1.149159536730994,0.014,0.011,1,AMDHD2
0.617457946654748,0.5035878738585275,0.077,0.072,1,TIMM10B
0.617512971516682,0.3126810436500074,0.089,0.099,1,NFX1
0.6175576322987422,0.2511878743999949,0.069,0.077,1,MYBL2
0.6175603612591742,1.1010075547966327,0.041,0.037,1,SLC12A9
0.6176156105464723,0.25322722698503314,0.262,0.29,1,B4GALT1
0.6178621567923064,0.7096584949861757,0.062,0.058,1,MRPL38
0.6181230549876293,0.5333877814298595,0.074,0.069,1,ACAA1
0.6182579558836034,-0.14687436322013792,0.013,0.016,1,CX3CR1
0.6186857744340646,0.3758126269892599,0.145,0.163,1,CHMP2B
0.6189261582597589,1.1733373035392853,0.014,0.011,1,AFDN
0.6189556123147402,0.2135798344615134,0.167,0.184,1,TMEM87A
0.6189635381012479,0.7410746135296034,0.045,0.04,1,CEP104
0.6193249489078603,0.3999629140522307,0.028,0.024,1,LOC101928068
0.6193790111068883,0.4827745548740814,0.134,0.13,1,UBN1
0.6203979825567734,0.22249623989914724,0.016,0.013,1,HS3ST3B1
0.620705306428231,0.3663213996567172,0.081,0.075,1,IFNGR2
0.6208192484789345,0.38006660386043434,0.074,0.069,1,BRD1
0.6209303815588914,0.41753915961641885,0.061,0.069,1,MIOS
0.620996499218802,-1.423586779792009,0.01,0.013,1,ACAD8
0.6210710739026462,0.11898468043154908,0.03,0.026,1,RNASEL
0.6211653176239489,-0.2806459671563193,0.052,0.058,1,RIMKLB
0.6212205312926996,0.25624596475846495,0.054,0.061,1,C15orf61
0.6213540812814486,0.4568690333674317,0.036,0.032,1,SLC48A1
0.6216074696953233,0.5793543364575457,0.047,0.042,1,GATD1
0.6216768120390521,0.48579300011159043,0.034,0.038,1,CLUH
0.6222167408801362,0.6087703261316704,0.049,0.045,1,MAP3K11
0.6224174862079198,0.7256816521344689,0.016,0.019,1,FBXL19
0.622447122775686,-0.3390662771761739,0.018,0.014,1,LOC101926963
0.622450906694082,0.38225224276983916,0.028,0.024,1,LRRC45
0.6226261628556118,0.8566458230476082,0.014,0.011,1,ANKMY1
0.6226261628556118,0.8621206530994554,0.014,0.011,1,IGFBP2
0.6226813567803069,0.5374004595414732,0.051,0.046,1,ELF4
0.6227814478149483,0.6986814165769362,0.043,0.038,1,CD2BP2
0.6229788947876125,0.4941488588745533,0.13,0.127,1,PPP1R21
0.6229966901469015,1.2518448572868337,0.014,0.011,1,CDC34
0.6232202336245154,0.13016451169152354,0.013,0.016,1,FAM46C
0.6232967871362465,0.4191808018452212,0.118,0.115,1,C1orf52
0.6233673129178106,0.843709820582526,0.014,0.011,1,NPIPA8
0.6237380310911127,0.7135278413211097,0.014,0.011,1,PEX7
0.6237380310911127,0.4806460312058203,0.014,0.011,1,SLC29A3
0.6241088445895091,0.9037140516941946,0.014,0.011,1,LRRC70
0.6241826138643761,0.1957415254502003,0.175,0.192,1,MIA2
0.6242905036616918,0.7557234627162601,0.029,0.034,1,SOCS7
0.6245364816178384,0.26790405857617094,0.123,0.136,1,ATPAF1
0.6249966455481962,-0.32817599486036464,0.013,0.016,1,SLC25A30
0.6251401887630705,0.10124690585433482,0.026,0.03,1,GEMIN2
0.6258867534493742,0.1912426441437094,0.061,0.069,1,PHF12
0.6258920113374944,-0.22995740971204648,0.082,0.09,1,TSC22D4
0.6260394084161517,0.48279193099117235,0.128,0.125,1,PIK3CB
0.6260689796498478,-0.3976166818563591,0.023,0.027,1,IFT81
0.6261314533684808,0.3562309353598079,0.275,0.29,1,SDHD
0.6261369252173188,0.6432952141197714,0.091,0.087,1,EPC2
0.6261864509333428,-0.38536653669441323,0.04,0.045,1,SYNE1
0.6262185926558931,0.2816859562883991,0.034,0.038,1,RAB28
0.6262399946787164,0.2439153223473114,0.051,0.058,1,MRPL43
0.6262563805988804,0.2883724959894719,0.242,0.247,1,TANK
0.626257915100102,0.1861202137427176,0.088,0.098,1,C5orf24
0.6263357230690564,0.43135419085629856,0.014,0.011,1,OSBPL7
0.6265772180109257,1.7353933876059173,0.012,0.01,1,C1orf216
0.6267419605660667,0.1469283360229956,0.046,0.051,1,DRG2
0.6267752385582959,0.2258299665078516,0.013,0.016,1,CAPS
0.6268363503516514,-0.1639441881260546,0.048,0.054,1,GOT2
0.6272143802944541,0.7275714515043519,0.029,0.034,1,TOR1B
0.6272172804423697,0.39186506236816254,0.227,0.229,1,UQCRC1
0.6272541970268629,0.31631147103263535,0.064,0.072,1,SLC25A32
0.6273762216376346,1.5252499053878523,0.012,0.01,1,ZNF581
0.6274142806141588,0.4397295038731155,0.028,0.024,1,HEATR6
0.6274872845537371,0.4607895018793444,0.013,0.016,1,EID2B
0.6280730618889199,0.9705085411970837,0.024,0.021,1,LOC285505
0.6281756624673711,-0.19760934704560018,0.01,0.013,1,SPDYE3
0.6283329295494191,0.5807286122787161,0.106,0.103,1,GIGYF1
0.6287138510816208,0.4472860592356742,0.049,0.045,1,SPATS2
0.6290693957966593,-0.18624473893591365,0.055,0.061,1,PPP1R9B
0.6292597460810632,0.340852787279855,0.099,0.109,1,NIT2
0.6293746906474895,0.14895393928648737,0.036,0.032,1,GIMAP2
0.6293756417684591,-0.4726094092246198,0.01,0.013,1,APBA3
0.6296434595920629,0.2625940252466667,0.225,0.226,1,RAB10
0.6297724453223583,0.601467638833574,0.106,0.103,1,CCDC7
0.6303899943751459,-0.2199083059565674,0.031,0.035,1,FRAT2
0.6304044642008226,0.18828019585872963,0.336,0.369,1,CUX1
0.6308081331655775,0.6127325632332394,0.026,0.022,1,RPUSD4
0.6308804909706014,0.4496872973933299,0.142,0.138,1,SUPT20H
0.6309335509045877,0.3143919545636956,0.147,0.162,1,MAT2A
0.6309771371195569,0.5787454113082635,0.012,0.01,1,HCG4B
0.6315798823267765,0.20569708248149032,0.031,0.035,1,ZNF780B
0.6315890520658256,0.28012739954010013,0.105,0.099,1,DCLRE1C
0.6316126481879538,-0.6590888642763524,0.007,0.01,1,LOC101929767
0.6317785357306004,-0.4312098926212027,0.01,0.013,1,TMEM265
0.6317785357306004,0.8033785907846864,0.012,0.01,1,PSMG3-AS1
0.632179397427481,0.7046961108943188,0.012,0.01,1,ORAOV1
0.6324936687284626,0.3687105630379719,0.036,0.042,1,CCDC97
0.6325453118281654,-0.7965052590374908,0.007,0.01,1,MYPOP
0.6327037270804536,-0.3050985801947066,0.04,0.045,1,SLC22A4
0.6329814451135812,1.112446014439115,0.012,0.01,1,CAHM
0.633011863016494,-0.6685985038277051,0.007,0.01,1,FAM156B
0.6333826309063642,-0.44952938090544237,0.01,0.013,1,ZNF662
0.6338593097927135,0.36212800610581786,0.062,0.058,1,GDI1
0.634196547297324,0.18797163022098795,0.124,0.136,1,PHF20
0.6344123921977749,-0.4566754723401676,0.007,0.01,1,ACP2
0.6348795266135652,-0.2537893877754369,0.007,0.01,1,PDE8B
0.6348795266135652,-0.7921532461857543,0.007,0.01,1,ZNF716
0.6349884514461881,0.3519128193568948,0.01,0.013,1,SLC2A1
0.635211867003834,-0.2920077587734733,0.066,0.072,1,PSMD5
0.6353896608937347,0.6827937806996913,0.024,0.021,1,MINCR
0.6353901754303273,0.7558693744921108,0.01,0.013,1,SDHAF1
0.6357920067566118,0.3792512893552935,0.012,0.01,1,B3GALT4
0.6357920067566118,0.5066235271964574,0.012,0.01,1,C16orf59
0.635814231546245,-0.24109173768217484,0.007,0.01,1,SRRM2-AS1
0.6360680080363221,0.5422664143293083,0.044,0.05,1,ZBTB40
0.6361301581949382,-0.1697976314508911,0.02,0.024,1,PAXBP1-AS1
0.636201680628949,0.1718084299305056,0.099,0.109,1,HS2ST1
0.6362362005893191,1.0408485893403188,0.024,0.021,1,SCARB1
0.6362712636838337,0.23685823397960815,0.104,0.099,1,TXNDC11
0.6365827064255871,0.8880618405388119,0.046,0.042,1,COQ8A
0.636595991039806,0.16880980685494507,0.012,0.01,1,LINC01530
0.636595991039806,0.321799782328795,0.012,0.01,1,RENBP
0.636595991039806,0.45108624070575054,0.012,0.01,1,ZNF414
0.6367455130005466,0.34520073562844344,0.142,0.157,1,MRE11
0.6372173768623011,-0.21428519198214513,0.007,0.01,1,RDH10
0.6372325820853432,0.38551177302117035,0.088,0.098,1,TP53I13
0.6374057671394203,0.6115234936159681,0.034,0.038,1,TRAPPC9
0.6378027700543848,1.0013754729883457,0.01,0.013,1,WASH2P
0.6380505150596933,0.15388863919553053,0.053,0.059,1,UPF1
0.6381444981785598,0.5361222230265876,0.081,0.077,1,ENTPD4
0.6381508804818805,0.9610646034438699,0.039,0.035,1,TADA1
0.6381535305303292,0.2060370104370044,0.007,0.01,1,LOC105379450
0.6381535305303292,-0.10632707020121224,0.007,0.01,1,SNORA12
0.6381535305303292,-0.24384767463255752,0.007,0.01,1,TYW1B
0.6384107273496447,1.2667421104994947,0.01,0.008,1,AGAP9
0.6384107273496447,1.482689955088273,0.01,0.008,1,RBM12B-AS1
0.6386218239323243,0.3445125516204124,0.007,0.01,1,LOC101927974
0.6387387531448356,0.3999305992575435,0.02,0.024,1,IFFO2
0.6387822365881681,0.3538382938724727,0.097,0.091,1,NAA35
0.6390053132594093,0.20123059314006297,0.35,0.361,1,PPP2CA
0.639061417102842,0.6405132089334846,0.024,0.021,1,PTPN23
0.6390902615040306,-1.231112307583814,0.007,0.01,1,CEBPA-AS1
0.639159292937987,0.5340644904243161,0.034,0.03,1,DOK1
0.6392614437664013,0.3215176501625624,0.17,0.192,1,ECH1
0.6392701326424577,-0.2784122203130235,0.076,0.083,1,CARS2
0.6394133027352239,0.9693596861989588,0.01,0.013,1,ALG10
0.6394379176954017,0.37789707892200064,0.195,0.194,1,BORCS7
0.6396497082656367,0.5646898885666007,0.023,0.027,1,IFT122
0.6399219870463344,-0.31784504643885914,0.045,0.05,1,RFTN1
0.6399286902193326,0.4930989098571823,0.034,0.038,1,KPNA5
0.6400275685287151,0.9901983627328841,0.007,0.01,1,TCP11L2
0.6404015985855325,0.48650036389057494,0.049,0.045,1,PDCL
0.6409041624795495,0.29972229169015474,0.105,0.101,1,LIN7C
0.6410147221254303,0.497461063731353,0.097,0.093,1,FARSB
0.6411166278334258,0.7916171589389913,0.046,0.042,1,RBM12B
0.6412199357567157,0.1901682047303382,0.19,0.207,1,PRPS2
0.6414820126657019,0.62650702647763,0.01,0.008,1,EEPD1
0.6414820126657019,0.902655167450015,0.01,0.008,1,TAMM41
0.6416721910732026,0.5592045026297283,0.069,0.064,1,TPST2
0.6417971505635062,0.5327719936152624,0.041,0.046,1,RRP1
0.6420485508417811,0.2526415404876038,0.354,0.377,1,SH3GLB1
0.642067008434408,0.22972495516021363,0.036,0.032,1,PEF1
0.6422240573169462,0.9593160472516802,0.044,0.04,1,HIST2H2BF
0.6422358254939996,1.352517720167012,0.01,0.013,1,FUT7
0.6422439401285474,0.32412350588739747,0.026,0.022,1,DNAH14
0.6423733480547567,0.7741837775331897,0.007,0.01,1,MARCH9
0.6425146220045096,0.10250146573108276,0.02,0.024,1,CSTF1
0.6428429333205186,0.4302130213823414,0.007,0.01,1,MAFK
0.643038161530199,1.349852690745469,0.022,0.019,1,NPIPB4
0.6431978906025027,0.34909811301365723,0.069,0.064,1,DENND4B
0.6432715021008453,0.7633474927264703,0.039,0.035,1,PHF7
0.6435868799516856,0.3358494373515535,0.115,0.128,1,POLR2A
0.6437825319472694,1.0981404121708733,0.007,0.01,1,FAM212A
0.6437825319472694,0.7826385819002475,0.007,0.01,1,GSDMA
0.6441194374075324,0.7574108086502385,0.01,0.008,1,LTBP4
0.6443289440009462,0.11752991422321579,0.133,0.128,1,AP1G1
0.6450609095583982,0.34490391081158744,0.051,0.046,1,FBXO22
0.64533488243638,0.7014474725810442,0.079,0.075,1,ARPC1A
0.6454398346787358,0.5152897885868155,0.01,0.008,1,ERP27
0.6454398346787358,0.722307865625031,0.01,0.008,1,PCBP1-AS1
0.6456920005559115,0.29574031506481546,0.031,0.035,1,KANTR
0.6457168244036589,-0.2751848029420598,0.02,0.024,1,PLEKHA8
0.6458929663047734,0.273666038220051,0.222,0.224,1,SERINC3
0.6459892908823605,0.8359038655814546,0.022,0.019,1,CNEP1R1
0.6460830301226584,0.6033532899948608,0.054,0.05,1,IQCH-AS1
0.6461473386274982,0.3400228410843247,0.024,0.021,1,FBXO30
0.6465912964630163,0.35615076310506133,0.02,0.024,1,TMTC3
0.6467065367762685,0.2608536247440765,0.028,0.032,1,BTBD2
0.6467613505245782,0.5848192294202139,0.01,0.008,1,PFKFB4
0.6468955695767781,-0.3682814071547087,0.018,0.021,1,NUP35
0.6469930424063941,0.20217691783307812,0.056,0.062,1,XPNPEP3
0.647202103768437,0.4354458181041103,0.01,0.008,1,NUDT13
0.647202103768437,0.46842810450448624,0.01,0.008,1,UBE2CP5
0.6472305694735601,0.30825782734289,0.041,0.037,1,PKD1
0.6475219369278737,-0.4411175444876063,0.018,0.021,1,RSAD1
0.6479210332359933,0.8628324296758483,0.044,0.04,1,LOC644656
0.6480265022968195,0.3843989342329719,0.047,0.043,1,TK2
0.6480839814126822,0.30403522858149756,0.01,0.008,1,CROCCP3
0.6481464801978327,0.4276780750155642,0.099,0.109,1,ARHGEF40
0.6482614412889632,0.833240930250088,0.057,0.053,1,SELENOI
0.6482802555184313,0.22018157865754207,0.078,0.087,1,ZBTB24
0.6484542448325961,0.6116012496594943,0.061,0.056,1,TRMT11
0.6485251055505004,0.28158627987843055,0.01,0.008,1,ST6GALNAC4
0.6485999362609686,0.21678598581712105,0.133,0.128,1,C6orf89
0.6491930334315498,0.7589808817724295,0.057,0.053,1,MINDY2
0.6493345083821009,0.10943362343080576,0.08,0.088,1,TIMM50
0.6495539479966697,0.3723079615873698,0.131,0.146,1,BCAS2
0.6495617988176289,0.17173729352841996,0.258,0.26,1,IFI30
0.6499760889801751,0.5874602960170892,0.039,0.035,1,AAAS
0.6500032285364459,0.6240764083447581,0.033,0.029,1,SIAH1
0.650130241309504,0.8486192730661379,0.022,0.019,1,PRR12
0.6503553074659495,0.23804223314972717,0.196,0.215,1,EIF4E2
0.650623183957016,0.6179085000628668,0.081,0.077,1,TRIM26
0.650700897002612,0.3078146005550708,0.083,0.091,1,SNUPN
0.6508385849955832,0.2435243606322408,0.043,0.048,1,ACSS2
0.6509709623936503,0.3907283303778075,0.02,0.024,1,ZNF548
0.6509774749362034,0.4861429001274593,0.046,0.051,1,ATG4B
0.651045366977377,0.15908975329595387,0.345,0.391,1,EDF1
0.6512853712648661,-0.40918299294370897,0.018,0.021,1,ATG2A
0.6514925928908325,0.16450236599743118,0.065,0.072,1,SLC25A28
0.6520630874303137,0.30746629173336715,0.148,0.146,1,BROX
0.6520790502646481,0.3969498240463496,0.046,0.051,1,BSDC1
0.6524335422054317,0.6473343926178088,0.02,0.024,1,WDR62
0.6526380250923902,0.19438865521597548,0.329,0.375,1,PDS5A
0.6526659184015818,0.7336287449841836,0.039,0.035,1,KAT2A
0.6527980079346472,0.720224201031956,0.022,0.019,1,HERC6
0.6528725740922682,0.3741422196199222,0.02,0.024,1,RNF31
0.6531407417591487,0.9348985084204102,0.031,0.027,1,DEPDC5
0.6535496930430489,0.7579030063027616,0.046,0.042,1,FAM117A
0.6536045693585132,0.4660857003817167,0.02,0.024,1,LRRC14
0.6543731279228017,0.1460227342193412,0.173,0.191,1,VAMP3
0.654483400034356,1.1170006590202064,0.02,0.024,1,C19orf25
0.6556872963686421,0.2829997970911844,0.018,0.021,1,SLC38A6
0.6560646485639139,0.3959691091579245,0.022,0.019,1,LOC171391
0.6568292879809549,0.4994629346138848,0.02,0.024,1,RGL4
0.6575516670885289,0.5624885256769527,0.022,0.019,1,GPRIN3
0.6578230689785246,0.27306319162893855,0.047,0.043,1,ZNF592
0.6578492337483646,0.3953342800432491,0.022,0.019,1,MTHFSD
0.6582962491524806,0.508724659586167,0.128,0.127,1,USP12
0.6584445296992818,0.18177928058514947,0.022,0.019,1,ZNF335
0.6584998900387612,-0.1226136515091385,0.114,0.122,1,ASH2L
0.6586765759299471,0.46696465555029587,0.149,0.167,1,TMED3
0.6587126468376494,0.6144492730723212,0.031,0.027,1,METTL1
0.6590400422217089,0.12595589478143587,0.022,0.019,1,HSDL1
0.6591731333608989,0.10213833376994996,0.062,0.069,1,CISD3
0.6593521431007106,-0.30815152075620933,0.033,0.029,1,LRP1
0.6604561876675875,0.20295869073774608,0.087,0.095,1,PRPF39
0.660654642349937,0.9406075400341853,0.044,0.04,1,TTC38
0.6608481915348019,0.4266119606783594,0.103,0.099,1,DNMT3A
0.6613786839776088,0.366344147919754,0.028,0.032,1,TBC1D8
0.6615094018443081,-0.4036232021522119,0.033,0.037,1,NDUFAF5
0.6623156110109919,0.13814058158251097,0.033,0.029,1,ATG4C
0.662376217277197,0.7992764828393164,0.091,0.088,1,HERPUD2
0.6628035939962078,0.44728417371572005,0.076,0.085,1,CEP57L1
0.6631721577500762,0.19581824367464243,0.233,0.255,1,ERLEC1
0.6642942016990856,-0.28569543758891003,0.03,0.034,1,SLC27A3
0.6643035640629291,0.45501672607630894,0.031,0.027,1,MUTYH
0.6644005035935494,0.4247307033644323,0.168,0.186,1,REV1
0.6644509320392333,0.683348382209211,0.059,0.054,1,ZNF354A
0.6645033774358008,0.3865918301630511,0.114,0.111,1,ZFYVE16
0.6645038394198836,0.34592806801069753,0.129,0.127,1,PIGT
0.6651602065597773,0.7180801321970445,0.018,0.021,1,ARIH2OS
0.665416558935308,1.0999216163920096,0.035,0.032,1,METTL15
0.6661351537095073,0.1265416576620284,0.109,0.119,1,SIL1
0.6666406297792258,-0.12442296471690106,0.025,0.029,1,STRADA
0.6668755225263986,-0.16436193746880168,0.015,0.018,1,RETSAT
0.6672166251473451,0.32048966482576224,0.067,0.062,1,BTN3A2
0.6677252878665363,0.32443313537580964,0.206,0.205,1,PPP6R3
0.6677539288743946,0.4179567539479485,0.128,0.125,1,FBXL3
0.6682192988206415,0.5892743989066278,0.039,0.035,1,SMIM29
0.668223511803643,0.32862715438005363,0.123,0.119,1,ELK3
0.6686091758491461,0.4199875714383152,0.138,0.136,1,OTUB1
0.6687418824380391,0.25503642521827885,0.103,0.112,1,CCNC
0.6694024881220065,0.7374216167941734,0.031,0.027,1,TBCCD1
0.6696344379180558,-0.46183780491632476,0.015,0.018,1,BTRC
0.6699069379294729,0.19015671812028756,0.143,0.155,1,IREB2
0.6706616144483655,0.6273971191535779,0.037,0.034,1,TAF8
0.6707478292338271,0.16495464550861216,0.067,0.074,1,MYBBP1A
0.6707604509473734,0.34701409041053727,0.182,0.183,1,ZNF644
0.6715954027638193,-0.2985126581978754,0.043,0.038,1,E2F2
0.6716064426644617,0.20124545685101097,0.177,0.194,1,TMEM33
0.6716708938035627,0.20850788886389804,0.05,0.056,1,SLC35A5
0.6718287885265206,0.13442333199980017,0.182,0.197,1,ALKBH7
0.6721217904236028,0.5778578296021002,0.099,0.096,1,RHOG
0.6732497184954782,0.36176778811451094,0.061,0.056,1,ARHGAP27
0.6732608570916788,0.4281549191677555,0.189,0.191,1,RAB18
0.6738475282791703,0.48402062811935775,0.141,0.139,1,SNHG1
0.6741271843580308,0.10170101571178858,0.015,0.018,1,ZNF765
0.6742974190023847,0.25083999554665637,0.196,0.215,1,MARCH7
0.6755346997675673,0.2349108448175221,0.083,0.079,1,BMI1
0.6756778102688976,0.3959494612589922,0.067,0.074,1,PI4KB
0.6758473664438873,0.6700043987822673,0.029,0.026,1,SLC7A5P2
0.6762890340600308,0.1615785983013709,0.274,0.303,1,LARP1
0.6766545828941615,-0.27909339359299645,0.045,0.05,1,GPR141
0.6773740701465545,0.32823004594226834,0.148,0.147,1,NADK
0.6775939096640202,0.15108279310948003,0.523,0.562,1,EIF3H
0.6778175465637095,0.1381627440662565,0.087,0.095,1,LOC646214
0.6778715319727271,0.4771429198704329,0.037,0.034,1,C6orf203
0.6787035726942996,0.15399371548768315,0.046,0.042,1,SNX19
0.6788823220688291,0.6868640193692497,0.042,0.038,1,AP4B1
0.6792232043597772,0.4120517127705492,0.099,0.109,1,SOS1
0.6794152808928566,0.14802453533211568,0.085,0.093,1,TMEM106B
0.6794934763502387,0.3985021215735458,0.144,0.143,1,SPTLC1
0.6799145996934697,0.19308816267803502,0.202,0.202,1,RBL2
0.68132808284071,0.18294384775992256,0.037,0.042,1,NAALADL1
0.6814692572438507,0.1497262202403853,0.052,0.058,1,SSH1
0.681756761630944,0.7401276611112273,0.015,0.018,1,LOC93622
0.6818035309141194,-0.15756060281651263,0.077,0.083,1,CASP3
0.6818285254337503,0.1954847610004865,0.269,0.277,1,UXS1
0.6819383072032161,0.3303671986555283,0.05,0.046,1,MADD
0.682182104478295,0.10938417390334942,0.039,0.043,1,MFAP1
0.6823021307286651,-0.4832643132648391,0.012,0.014,1,LINS1
0.6827676984900295,0.11466976127270678,0.069,0.075,1,INTS11
0.6829379849761635,0.8783923558970725,0.027,0.024,1,SLC46A3
0.6831623403001653,0.22110993912989008,0.022,0.026,1,IRF3
0.6831623403001653,0.20640598338511973,0.022,0.026,1,ZNF189
0.6835404195405557,0.5432641685474295,0.056,0.062,1,TMEM127
0.684146235551067,0.11458148347784691,0.047,0.053,1,MTMR10
0.6843679291727618,0.6062633187928776,0.033,0.037,1,NLK
0.6849427808318607,0.15954628632951628,0.069,0.064,1,TIMM9
0.6849823765255332,0.7674309125206635,0.025,0.029,1,C19orf12
0.6850313724701711,0.48914302444797664,0.094,0.104,1,MAP2K7
0.6857235114654117,0.7821772568196064,0.019,0.016,1,PINK1
0.6859523772669531,0.9237971865465191,0.027,0.024,1,RETREG3
0.6859671539849571,0.2185573925235773,0.079,0.087,1,BACE1
0.6859796182887203,0.8020101258966963,0.069,0.066,1,CD81
0.6861519267412288,0.5150703839170969,0.012,0.014,1,ZNF250
0.6861663075729239,0.172616548667339,0.171,0.188,1,POLR2J
0.6862204903671443,0.39496420333033877,0.244,0.253,1,NDUFAF8
0.6868293640998121,-0.2540357911376425,0.053,0.058,1,USP6NL
0.6871829315294002,0.4855677644873766,0.022,0.026,1,FUZ
0.6873953948908169,0.2598642720132073,0.165,0.162,1,RPS19BP1
0.6874862859547807,0.6030857294702527,0.035,0.032,1,LMBRD2
0.6879656846334526,0.3662455756185552,0.03,0.034,1,PPIL2
0.6879656846334526,0.4230489721567343,0.03,0.034,1,SYT11
0.6880251040387723,0.5039457373413199,0.055,0.051,1,LOC100287497
0.6880798909408828,-0.35027062618596627,0.012,0.014,1,RCE1
0.6881556814158245,-0.21325328011478728,0.034,0.038,1,GTF3C2
0.6884095976247113,0.1146377583940803,0.099,0.093,1,CDCA5
0.6892376442617599,-0.19073508695177477,0.012,0.014,1,C18orf54
0.6895431762357922,0.11796554102582535,0.047,0.051,1,TMEM209
0.6896429924099213,0.1706678383024931,0.042,0.046,1,KIF3B
0.6896966140632728,0.5065321403510747,0.019,0.016,1,KCNAB3
0.6900088515665674,0.17359452402141695,0.035,0.032,1,GPKOW
0.6900098844938075,0.29467527219384326,0.012,0.014,1,ZNF568
0.6903728738068391,0.27547341482050713,0.07,0.066,1,NUP43
0.6911708203283359,0.5568770649114305,0.027,0.024,1,OGFOD2
0.6915924138136692,0.13804069213622205,0.116,0.127,1,CXXC1
0.6922202276151739,0.19461208746077754,0.233,0.255,1,LMAN2
0.6923501179651541,0.20452400978750518,0.019,0.016,1,KCTD2
0.6930131345614237,1.2139247093716992,0.025,0.022,1,LOC100507412
0.6932621865985799,1.1229788984920424,0.017,0.014,1,QTRT1
0.6934449281553308,-0.2560601527735937,0.189,0.199,1,ARFGEF1
0.6935546740998152,0.226946423779661,0.034,0.038,1,POLR1A
0.6936782897274092,-0.17964991058956858,0.019,0.016,1,ARMCX5-GPRASP2
0.6949280504624753,0.2637260674363349,0.356,0.385,1,PABPN1
0.695127024981887,0.18527747010575912,0.492,0.535,1,TSC22D3
0.6951461505072125,0.29013476169702757,0.126,0.136,1,JPT1
0.6952863566712293,0.4125270355752555,0.05,0.056,1,NIPAL3
0.6957581175954946,0.37950603160120844,0.03,0.034,1,FAM219B
0.6960257022739855,0.27887295367430065,0.049,0.054,1,NAA60
0.6961563049885742,0.36498887024290316,0.079,0.087,1,C14orf159
0.696258515534891,0.31656664385881017,0.12,0.117,1,SLC35A1
0.696412061813769,0.3169640187044276,0.183,0.188,1,ADGRE5
0.6965276505699715,-0.23018107962923562,0.036,0.04,1,CARD6
0.6965985604672154,0.7603167862984619,0.062,0.059,1,ZNF138
0.6966701137484829,0.2103664878942597,0.019,0.016,1,LAIR2
0.6967628398057523,1.0003344634498452,0.017,0.014,1,IKZF4
0.6970136122417887,0.24776250126097388,0.082,0.09,1,PIH1D1
0.6973197102537212,0.10266500562233638,0.037,0.034,1,FAHD2A
0.6973671396557469,0.28959118799249495,0.408,0.442,1,TTC3
0.6974930078317818,0.24498613739384312,0.153,0.168,1,C9orf16
0.698050241945873,0.5863791230669753,0.052,0.058,1,TBCK
0.6980784188467732,0.4299065840436267,0.087,0.083,1,LRRC40
0.6986124302056944,0.11972550184236774,0.444,0.49,1,SEPT2
0.6987850326383689,0.30277442994384796,0.068,0.064,1,LEMD3
0.6988248624911151,0.4562760464032798,0.06,0.056,1,NDUFA8
0.6988604872467834,0.3510689613886968,0.048,0.045,1,MAPKAPK5-AS1
0.6991165848376328,0.35325233950983903,0.116,0.114,1,TM2D1
0.6991521759289735,-0.2625024018733053,0.02,0.022,1,ALKBH8
0.6992068167181569,0.23459898295026949,0.156,0.157,1,PIGK
0.6992504571518428,0.31981903669556244,0.09,0.087,1,GGA3
0.6993091215239333,0.4313405907671297,0.08,0.088,1,TMEM55A
0.6993527691593244,1.0286221872828398,0.051,0.048,1,PREB
0.6994403371328055,0.30232065810114017,0.027,0.024,1,SPATA20
0.6994416766778945,-1.169885741466734,0.009,0.011,1,AP3M2
0.699571486540876,0.38909825402476655,0.23,0.237,1,MYO1F
0.6997793532945018,0.23794993859730607,0.151,0.165,1,EPS15
0.6999189608920202,0.8265110087775653,0.017,0.014,1,SLC4A2
0.700133345623752,0.2378982307251567,0.035,0.032,1,LOC100288637
0.7002518835572602,0.39574354123432576,0.073,0.069,1,AKNA
0.7010062785405761,0.2633171224155473,0.02,0.022,1,LMO7
0.7012060628206458,-0.5343738792828727,0.009,0.011,1,MPV17L2
0.7022433378781632,0.31503618853231874,0.02,0.022,1,JMJD4
0.7023773133691895,0.805513444526607,0.017,0.014,1,AP4M1
0.7023773133691895,0.4207857802587105,0.017,0.014,1,STAMBPL1
0.70269172302923,0.16966409171814867,0.049,0.054,1,FAM168A
0.7032175025418613,0.16256394553887565,0.034,0.038,1,ATPAF2
0.7033117519794245,0.1644044699034839,0.027,0.024,1,METTL13
0.7034318486661433,0.6660502002621111,0.017,0.014,1,MED16
0.7038079227892204,0.22463026623114946,0.042,0.046,1,EFCAB11
0.7039875648675015,0.37466268359209076,0.067,0.074,1,ZNF664
0.7041351857249059,0.34233835028592896,0.017,0.014,1,CHRFAM7A
0.7041446235597375,0.5067788398531947,0.047,0.043,1,PAFAH1B3
0.7042976143712327,-0.5415252908179395,0.009,0.011,1,MYLPF
0.7044643763182604,0.23314913770285006,0.047,0.051,1,RNF146
0.7048963746069422,0.2610856171429101,0.065,0.061,1,NOL10
0.7051617187608124,-0.28789002434154276,0.093,0.099,1,KIF18A
0.7056250068556398,0.20593811172164012,0.044,0.048,1,GTPBP8
0.7058946475347889,0.3122714043246795,0.017,0.014,1,FBRSL1
0.7063144673219499,0.22754965025052076,0.055,0.051,1,EHMT2
0.7065281103954169,0.18376356687528173,0.034,0.038,1,ZBTB4
0.7069514122693746,-0.18521267725838086,0.009,0.011,1,SNORA32
0.7078811866100894,0.2557937128639556,0.049,0.054,1,DNPEP
0.7087225938860569,0.26685488201080965,0.009,0.011,1,TPT1-AS1
0.7094687106091195,0.786484984863971,0.056,0.053,1,TMEM55B
0.7096087763646929,0.2265528668163821,0.009,0.011,1,ZNF441
0.7100237469417625,0.5295787386475765,0.115,0.112,1,SF3A1
0.7100520150486633,0.21951951325952113,0.009,0.011,1,ZNF790-AS1
0.7101351405687468,0.10123789984201803,0.039,0.043,1,GPR180
0.7101395248334054,0.13852886409311124,0.228,0.247,1,DPM3
0.7102476242759117,0.6979637053856935,0.051,0.048,1,BRAT1
0.7103590609835495,-0.10229773661819053,0.024,0.027,1,FTSJ1
0.7107647495647144,0.5843284513683845,0.211,0.216,1,ZMYM4
0.7109387866291849,0.4157518347459135,0.009,0.011,1,TMEM176A
0.7111673559616813,1.357451452293473,0.015,0.013,1,PEX13
0.7113823192547479,0.27297664019402745,0.009,0.011,1,MAML2
0.7114038613125486,0.45228241073679465,0.055,0.051,1,DGKA
0.7115194544736037,0.1954273400427719,0.197,0.215,1,DDX50
0.7116992834500048,-0.48937303651930275,0.017,0.019,1,ARHGAP31
0.7118259495896884,0.609494214609887,0.009,0.011,1,RANBP17
0.7119131564013395,0.16280569525067357,0.025,0.022,1,NELFA
0.712269677498264,0.11283181239868423,0.009,0.011,1,DPY19L1P1
0.7128571469625818,0.5425859450978749,0.069,0.066,1,PDIA5
0.7129242114414827,-0.16612943236222977,0.06,0.064,1,GABPB1-AS1
0.7129559558485508,0.3397416436279592,0.101,0.111,1,SLC1A3
0.7131574254928572,0.6363472421335876,0.009,0.011,1,DHX58
0.7133778267680837,0.5416834377748099,0.156,0.157,1,GSR
0.7137874957062067,0.7823835389231606,0.015,0.013,1,TAX1BP3
0.7147812540374047,0.6964474477763272,0.032,0.029,1,TRIM21
0.7148003559980212,1.3114670746025712,0.023,0.021,1,USP3-AS1
0.7152611774278339,1.2875608892949941,0.03,0.027,1,MTMR4
0.7157040826309042,0.34420128291500185,0.078,0.085,1,NLRP1
0.7157312082815668,0.28509551201174943,0.215,0.218,1,TOR1AIP1
0.7157625985455739,0.48490852924242045,0.053,0.05,1,CLMN
0.7165222916993577,0.3366193008405114,0.025,0.022,1,B3GAT3
0.7166982047005945,0.39740414835843896,0.112,0.109,1,CNOT10
0.7167130824624084,0.21617299784251331,0.032,0.035,1,INAFM2
0.7168306259952886,0.13551867730119183,0.024,0.027,1,KAT5
0.716960654114417,1.1412274430630247,0.036,0.034,1,CDK7
0.7171941221688406,0.2399666826195337,0.023,0.021,1,ZNF776
0.7175364082865201,0.6772295798816304,0.015,0.013,1,STAG3L1
0.7178405900666558,0.3746397728446016,0.108,0.106,1,AKT3
0.7186624148013858,0.2010875225058033,0.015,0.013,1,PGBD2
0.7188669529659466,-0.3917801134004373,0.034,0.037,1,MRPS18A
0.7192279609604726,0.48167292859814187,0.179,0.181,1,BIRC2
0.7193053804964042,0.6202759204360322,0.049,0.054,1,C17orf80
0.7193316685227866,1.0671769409635106,0.02,0.022,1,AGAP5
0.7194555642072407,0.24164191360541443,0.055,0.051,1,TCAF1
0.7194775065594239,0.25552584176357995,0.131,0.128,1,OFD1
0.7195449287715321,0.179945560461499,0.329,0.372,1,MYDGF
0.719599007089176,0.757945523527241,0.027,0.03,1,ACTA2
0.7196643983291754,0.6024576571238178,0.032,0.029,1,GCNT2
0.7197613301320556,0.2917168091222031,0.017,0.019,1,MIR3945HG
0.7201647071384458,0.7023920570735696,0.015,0.013,1,ACOX3
0.7205374810438605,0.8238686688181733,0.043,0.04,1,ATP10D
0.7208527634834426,0.4663924861012365,0.025,0.022,1,ENC1
0.7210991852976603,0.3272225703830006,0.162,0.162,1,UBE4A
0.7213221207296057,0.14818670115064547,0.062,0.059,1,ZNF407
0.7220100705126485,0.4277950180727406,0.207,0.231,1,CRTAP
0.7221539180832302,0.1817150336065858,0.112,0.12,1,CCNDBP1
0.7225105916956277,0.3661794145393944,0.085,0.093,1,ZNF428
0.7227963172766609,0.44911508728842797,0.015,0.013,1,TOM1L2
0.7229959762538041,0.8758310987112776,0.052,0.058,1,HSCB
0.7230121148747002,0.4310376840522503,0.032,0.029,1,MMS19
0.723304863240953,0.4032996742463084,0.123,0.122,1,TRIOBP
0.7234909339370172,0.8036930886129534,0.023,0.021,1,PSMC3IP
0.7235488101149842,0.5322063572434566,0.015,0.013,1,AURKAPS1
0.7236894702211027,0.2891217952034615,0.051,0.056,1,RPGR
0.7246780504083445,0.14581160217509925,0.015,0.013,1,RAB9B
0.724826499941572,0.2172133146522468,0.086,0.082,1,EEF1AKMT2
0.7248839212257303,0.4585655174901715,0.098,0.095,1,NOB1
0.7252973672235172,0.32732148963610563,0.09,0.098,1,PIK3CD
0.7256714436492432,0.18959063228027007,0.24,0.261,1,IFT57
0.7258946785948797,0.46903008964125004,0.023,0.021,1,RABL2B
0.7258990610913759,0.42448385287110324,0.089,0.087,1,ATF2
0.7264113443556887,0.43264214623988595,0.054,0.059,1,METTL17
0.7270008186825174,0.3383018979542083,0.024,0.027,1,LOC100130872
0.7271814212541982,0.47624309107440377,0.056,0.053,1,PCTP
0.7276922814156075,0.21165087724323417,0.015,0.013,1,LOC100505716
0.7283800866888108,0.35588133146178613,0.025,0.022,1,TMPPE
0.7286867888840916,0.3915253232712895,0.149,0.147,1,DCTN2
0.7292173927753369,1.3041107322150154,0.013,0.011,1,LAMB2
0.7292894541832347,0.2600315666506463,0.11,0.119,1,CACUL1
0.7297050357886228,0.5897748660192714,0.108,0.119,1,SUZ12P1
0.7298138439625814,0.37251309457995707,0.096,0.104,1,CCDC91
0.7299113398741757,0.20368002654861228,0.101,0.111,1,MAN2A2
0.7303331956184687,-0.25671331245461015,0.015,0.013,1,NFKBIL1
0.7303680411734154,0.3474852442763905,0.048,0.045,1,GBE1
0.7306853523414973,0.7091301280981663,0.024,0.027,1,TMEM8A
0.7309633555320538,0.6079026178457814,0.085,0.082,1,C4orf46
0.7317946995208433,-0.5531111939262079,0.014,0.016,1,NUDT16P1
0.7321716213915342,0.3330993531380759,0.056,0.053,1,DHRS4L2
0.7327510454534887,0.6444698047851221,0.07,0.067,1,IP6K2
0.7333780632755207,0.3160827021321766,0.254,0.261,1,LY86
0.7338640033743847,0.2563469075871576,0.045,0.042,1,PANK3
0.7339347476546082,0.8905627551934177,0.036,0.034,1,ZNF660
0.7339597115489687,0.14917037256015053,0.056,0.061,1,PRPSAP2
0.7340271441616264,0.3106280173738507,0.023,0.021,1,KLHL28
0.7340950283012906,0.574441730654017,0.043,0.04,1,MTFR1L
0.734131514365082,0.322917194876847,0.137,0.149,1,ERGIC3
0.7343878512283112,-0.2592748188109404,0.014,0.016,1,C1orf109
0.7344627141629394,1.2022971471029464,0.013,0.011,1,PSTK
0.7349026812394703,0.6311992205883215,0.076,0.083,1,CNTROB
0.7350779875595892,0.17972249430737897,0.048,0.053,1,CNOT3
0.7351754060539973,0.8373922081027376,0.03,0.027,1,HIC2
0.7355630055932874,0.5817049187336303,0.102,0.101,1,PPP2R2D
0.7361169696247101,0.21348019905593452,0.034,0.037,1,ORC2
0.7362501130312133,0.18919555573047075,0.089,0.096,1,ABCB7
0.7366946655322019,0.28912168561483886,0.038,0.035,1,RIOX2
0.7368486131062234,0.35533308371926653,0.036,0.04,1,MBD3
0.7368878338708342,0.3730834347828571,0.013,0.011,1,RNF139-AS1
0.7370468133101227,0.17649951894975757,0.023,0.021,1,ZBTB5
0.7370928666075593,0.21686607288046256,0.034,0.037,1,ANKS1A
0.7373551648379091,-0.38382104137904616,0.014,0.016,1,COG8
0.7374685859971085,0.32665616694327104,0.08,0.077,1,MCM3AP
0.7375051734788776,0.8124009749557608,0.021,0.019,1,SCYL1
0.7379535087281244,0.13442210598956228,0.021,0.024,1,ZSCAN5A
0.7380269996218713,0.3937196199476002,0.136,0.149,1,SAMD9L
0.7384059685056906,0.44644465170016545,0.051,0.056,1,RBBP9
0.7385806819308107,0.37964110363195636,0.128,0.128,1,TRERF1
0.7387640808237281,0.5772789003087091,0.021,0.019,1,CSNK2A2
0.7390497741250273,0.18435394046583692,0.304,0.345,1,SNX3
0.7390753594603692,0.12667810183395023,0.176,0.173,1,MAP4
0.739211729084171,0.20297375072965096,0.014,0.016,1,TRIM16
0.7393155766986125,0.26246210463262987,0.013,0.011,1,GRAMD2B
0.7395554093712531,0.43090071184133416,0.029,0.032,1,LOC101929243
0.7397204539623536,0.6846387187750498,0.013,0.011,1,PIP5K1C
0.7397204539623536,0.7499344884547492,0.013,0.011,1,PPOX
0.740070547660719,0.1551009834905166,0.021,0.024,1,ARHGEF9
0.7401625674326193,0.3742053405385174,0.157,0.159,1,DCUN1D1
0.7403263984889613,-0.31432685176727304,0.014,0.016,1,ZNF347
0.7403707370656429,0.40599504372479966,0.036,0.04,1,KLHDC10
0.7405167221088207,0.6845304297417161,0.03,0.027,1,C18orf8
0.7407562457393431,0.10184458696643839,0.034,0.037,1,TRAF7
0.74097845423643,0.142242060811689,0.021,0.024,1,ZNF585B
0.741583925814233,0.4072176920572925,0.021,0.024,1,LOC646762
0.7417459203212625,0.37087882229214664,0.013,0.011,1,TRIM45
0.7418134725465837,0.1884248116738787,0.014,0.016,1,APBB3
0.7419255640285468,0.5429816189892138,0.036,0.034,1,AP1S1
0.7425566089467005,0.6737168981868331,0.013,0.011,1,LOC100131257
0.743367583229136,0.38592409094958224,0.013,0.011,1,DXO
0.7434738972512727,0.3353231708458084,0.026,0.029,1,EIF4EBP3
0.7438602635926077,0.21197876317087028,0.112,0.12,1,FEM1B
0.7440074088340537,0.5509163472669085,0.021,0.024,1,MEPCE
0.7444181702391659,0.33273900169545545,0.014,0.016,1,PGM2L1
0.7445910865117467,0.2666432227357237,0.189,0.205,1,ZNF451
0.7447905094639213,0.3701811544741407,0.014,0.016,1,LINC00863
0.7456588987836077,1.104732361822549,0.046,0.043,1,LOC648987
0.7457904943306309,0.2507439262003788,0.091,0.088,1,PIK3CA
0.7459307807373392,0.23385959725268612,0.175,0.189,1,PSMD6
0.7467069516919203,0.2415345429797251,0.101,0.099,1,NR1H2
0.7467368598953037,-0.27183448598774573,0.023,0.021,1,ZNF34
0.7468854677161217,0.46787182949990935,0.073,0.071,1,HIST1H2AH
0.7474312699082736,0.6365419513058606,0.036,0.04,1,C15orf39
0.7480600401499,0.477790830058368,0.088,0.085,1,PSMG3
0.7486458213634001,-0.7770611284281381,0.013,0.011,1,FAM185BP
0.7487524257098672,0.7794519989825757,0.034,0.032,1,TMEM254
0.7490522401528185,0.2772863123092342,0.046,0.05,1,FRG1HP
0.7491859669845953,0.4107626469856709,0.1,0.098,1,PEX2
0.7492632095356144,0.5038690288823133,0.014,0.016,1,NOTCH1
0.749264226637937,0.1557235903810592,0.046,0.05,1,TTLL12
0.7495665821219961,0.9647126610405947,0.046,0.043,1,GOLGA8A
0.7495733918204412,0.10025767825233167,0.019,0.021,1,BMP8B
0.7498090640016779,0.3313669841846707,0.021,0.019,1,TFEB
0.7501254023581202,0.4458414768096919,0.021,0.019,1,AUNIP
0.7515358347257256,0.34800199739240467,0.034,0.037,1,KLHL12
0.7522315701701178,0.16906198048489962,0.011,0.01,1,OAS3
0.7526709246340454,1.3564735252434774,0.011,0.01,1,ADCK5
0.7528228747423601,0.6105394402968813,0.047,0.045,1,INO80E
0.7529351932827963,0.47480095954048407,0.049,0.046,1,SPG7
0.7533865807905162,0.3740127102105024,0.03,0.027,1,CLCN5
0.7536078846990844,0.46217392252227274,0.021,0.019,1,C11orf49
0.7542654579384059,0.9806496697020011,0.028,0.026,1,E4F1
0.7547899250992006,0.4260822969986142,0.065,0.062,1,EPHB6
0.7548124404071301,0.40897863242027543,0.262,0.279,1,SZRD1
0.755375043272746,0.7096803600563089,0.028,0.026,1,OGG1
0.7553962556371644,0.21565763444389796,0.39,0.447,1,PSMD7
0.7554770667342905,0.22590677428790734,0.184,0.2,1,CBL
0.7556321822622978,-0.3140029564415352,0.066,0.071,1,ARMT1
0.7557486421537742,0.7148448751666825,0.011,0.01,1,KLHDC7B
0.7557732754753037,0.20528871944397564,0.186,0.189,1,HDDC2
0.756007844216723,0.18205628708659893,0.098,0.104,1,MSL2
0.7565946161641934,0.11618839278918591,0.129,0.138,1,ZBTB1
0.7566979280465703,0.372736782417463,0.034,0.037,1,SNORD81
0.7570765555466715,0.621512627286767,0.021,0.024,1,PCSK7
0.7572908796313894,0.4957987608940475,0.079,0.077,1,CLASP1
0.7577289414762746,-0.5430199408002263,0.011,0.013,1,FAM157C
0.7579432935172141,0.19092330583588862,0.322,0.338,1,UFM1
0.7579493905394621,0.21974893054529154,0.011,0.01,1,CATSPER2P1
0.7579493905394621,0.5197711030335386,0.011,0.01,1,DERL3
0.7579493905394621,0.6150843784061388,0.011,0.01,1,ZNF815P
0.7582224655296042,0.6512620779235836,0.061,0.059,1,CPSF1
0.7583789570707449,0.16256724961522906,0.019,0.021,1,IPO5P1
0.7586691537700189,0.5534672983866078,0.09,0.088,1,RSBN1L
0.7588302405795422,-0.16752428088749927,0.011,0.01,1,LHX4-AS1
0.7589498915469819,0.20578861570843732,0.309,0.329,1,UHMK1
0.7591110746374158,-0.24319506412507153,0.045,0.048,1,ZW10
0.7592707830697696,0.6614765731722132,0.011,0.01,1,DLSTP1
0.7593602087715364,-0.1912895696105199,0.054,0.058,1,ASL
0.7596223087610556,-0.4185285999006405,0.035,0.038,1,NKRF
0.7597114036952548,0.6706013411836897,0.011,0.01,1,RAD9B
0.7601521023222527,0.36460810764090557,0.011,0.01,1,ADRB1
0.7604335213218091,0.28167538209936405,0.036,0.034,1,MTBP
0.760535429332094,0.5494469318319495,0.041,0.038,1,SYNJ1
0.7605928788169419,0.34209323788546975,0.011,0.01,1,CNNM4
0.7606549193494867,0.18450617442381878,0.031,0.034,1,BCS1L
0.7607737016444132,0.41588177683778693,0.088,0.085,1,ARL2
0.7608091695297118,0.3201415239936738,0.051,0.048,1,MTX2
0.7610337330454257,0.2749582679124485,0.011,0.01,1,SNX21
0.7613279783814472,0.2256536073489488,0.115,0.125,1,SSH2
0.7617451790930919,0.13529298778029863,0.424,0.447,1,ZNF106
0.7619536566848704,0.7841882337655446,0.02,0.018,1,LOC100507373
0.7623567607935382,0.3069036804406329,0.011,0.01,1,KIAA0895L
0.7627192008693597,0.23521394471033008,0.152,0.163,1,SRA1
0.7631561576516632,0.5201538428549259,0.028,0.026,1,WDR90
0.7632391655030728,-0.9883145190640348,0.011,0.01,1,ANP32A-IT1
0.7634998082850769,0.35814878900090874,0.074,0.072,1,TRAPPC4
0.7637460690530647,-0.17657289086028527,0.023,0.026,1,WDR53
0.7637600861517497,0.39503904738333695,0.041,0.038,1,LRCH4
0.7638333425622036,0.3888621426937946,0.115,0.125,1,GATC
0.7640062318241151,-0.5442214306867221,0.011,0.013,1,LAX1
0.7642919452571797,0.7842328418825848,0.05,0.048,1,PKNOX1
0.7645633491973297,-0.5022956874423476,0.011,0.01,1,SNHG26
0.7645699717770795,0.7331665815031312,0.041,0.045,1,ETFRF1
0.7646821725910782,0.47287047950802163,0.041,0.038,1,SLC43A1
0.7647167052137221,0.11621403918541384,0.442,0.486,1,SEC62
0.7647741735646335,0.46745702523727006,0.031,0.034,1,E2F1
0.765610105909093,-0.23652813601134337,0.02,0.018,1,DCAKD
0.7656639074922803,0.14144598161778044,0.074,0.08,1,GINS4
0.7658173173119702,0.18878624912800301,0.036,0.034,1,MTX3
0.7658278977089755,0.4633076943278285,0.057,0.054,1,CPNE2
0.7661021364362977,0.4708149923901255,0.011,0.013,1,SMIM1
0.7665215234136125,0.5930708323731331,0.011,0.013,1,RABEPK
0.7669312137773414,0.4276712916763912,0.066,0.064,1,GPS1
0.7671134643680027,0.13340265075469704,0.076,0.074,1,DCPS
0.7673520699920463,-0.3863672661728894,0.062,0.066,1,ECI2
0.7675134912243026,0.40247335958753716,0.118,0.128,1,GSAP
0.7677800943788593,0.10020476093229913,0.011,0.013,1,EARS2
0.7680079828911641,0.20927888660885888,0.24,0.245,1,SNX10
0.7683090354777189,0.43320610402080195,0.124,0.123,1,LNPEP
0.7686421101040675,0.4924581122303687,0.136,0.136,1,NDC80
0.7688067773607409,0.30633230255014987,0.092,0.09,1,AEBP2
0.7694220857102829,0.4454685019845561,0.081,0.079,1,RNF220
0.7695040126016612,0.2645740304322701,0.035,0.038,1,LYPLAL1
0.7695894387666384,0.6987264827539548,0.026,0.024,1,ABTB1
0.7697455053750482,0.8691256935413176,0.037,0.035,1,STK32C
0.7699380977526646,0.6965450597199636,0.02,0.018,1,IL12RB1
0.7705633331026809,0.10080318545861111,0.112,0.109,1,MED29
0.7706077577983232,0.1554449604861734,0.043,0.04,1,SGTA
0.7708250132279758,0.670805371944637,0.019,0.021,1,CPEB3
0.7711171846031253,0.505611772544796,0.113,0.112,1,STRN3
0.7713002625335331,0.44289790456480693,0.034,0.032,1,TRMT2B
0.7715594705172575,0.5442541134334222,0.011,0.013,1,ZNF615
0.7718971758844559,0.6873735928135432,0.026,0.024,1,DYNC2LI1
0.771979737878633,0.7102518433839888,0.011,0.013,1,C17orf67
0.7719939666963742,0.2380008567336982,0.205,0.207,1,CTNNA1
0.7720193745811024,0.2776776444396241,0.223,0.24,1,HECTD1
0.7721274829371375,0.2234620914438122,0.229,0.234,1,LSM8
0.7721857854340022,0.6320553535680253,0.026,0.024,1,LRRC6
0.772218639604293,-0.7052793062575193,0.016,0.018,1,ZKSCAN5
0.7723575145588659,0.39754223573016745,0.028,0.026,1,SHMT1
0.7728194780987261,0.13674566200817928,0.028,0.03,1,MT1E
0.7728204732162688,0.7423272668183527,0.011,0.013,1,ZNF816
0.7732077440653174,0.3411258660286993,0.052,0.05,1,FANCL
0.7736968092862648,0.27354500533035475,0.117,0.127,1,MARK2
0.7739692487546183,0.23310570279948073,0.35,0.389,1,YPEL5
0.7740698400272275,0.2053172765622322,0.034,0.032,1,GALM
0.7740820760157259,0.7408982184758175,0.011,0.013,1,FAM118B
0.7741181550452824,0.23663205935646658,0.067,0.072,1,CORO2A
0.7744883314495388,0.27073682143824485,0.076,0.074,1,RBM41
0.7752746969357229,0.23103032018044267,0.02,0.018,1,RNF121
0.7753970898788228,0.45806354916219627,0.104,0.114,1,RREB1
0.7762497136470657,-0.4608812807881071,0.034,0.037,1,RTTN
0.7763667239898008,0.3796549239855902,0.062,0.067,1,AXIN1
0.7765349783989323,1.1166086752300153,0.018,0.016,1,C16orf52
0.777110220774995,0.750798590140263,0.026,0.029,1,PPP2CB
0.7773650291578812,-0.10112649810673213,0.06,0.056,1,GAB3
0.7782140733841441,0.3233213244917068,0.023,0.026,1,DLEU1
0.7783076873528734,0.23401269384954304,0.104,0.112,1,SENP5
0.7794111705518512,0.5913872595464351,0.026,0.024,1,DHCR24
0.7796676119959296,0.21618602616035165,0.176,0.178,1,PURB
0.7798709976800553,0.367627012503404,0.101,0.099,1,DLST
0.7806354591904441,0.6197376364653158,0.037,0.035,1,TVP23B
0.7807785691073225,0.19911501931603148,0.333,0.362,1,OCIAD1
0.7810961992649004,1.176908279400699,0.018,0.016,1,AMT
0.7812071556108255,0.18078934153792048,0.069,0.074,1,RELT
0.7814473767678131,0.9480837055760207,0.018,0.016,1,PI4KAP1
0.7818881925452941,0.3274776767944036,0.231,0.25,1,TIA1
0.7819798167544286,0.4385428578793229,0.108,0.107,1,MB21D1
0.7820395906710015,0.3060327402294485,0.047,0.045,1,KIAA1191
0.7825011764239946,0.5104310022912077,0.018,0.016,1,ESRRA
0.7831239376986885,0.16838477765467919,0.12,0.12,1,NT5DC1
0.7832265245545869,-0.29017823448766245,0.099,0.104,1,C12orf29
0.7832464090489318,0.42645411931433186,0.059,0.056,1,SAPCD2
0.7833127808017899,0.28907130246461854,0.077,0.075,1,KXD1
0.7833557929439565,0.31145154062521985,0.111,0.109,1,SEC24D
0.7835485155722729,0.13972614766268565,0.023,0.026,1,TEX261
0.7836541951104661,0.26204789425196684,0.114,0.112,1,MLH1
0.7842583956018561,0.7283695197804931,0.018,0.016,1,ZNF484
0.7843678096203146,0.4130351448265477,0.104,0.103,1,POU2F2
0.7857102985011415,0.29584883617546276,0.128,0.138,1,KPNA6
0.785886161543294,0.21609320796209142,0.052,0.05,1,MTA1
0.7859795605470108,-0.2826182559489987,0.02,0.018,1,YIPF1
0.7860167154357107,0.4916357251425998,0.018,0.016,1,LOC103611081
0.7875740474055614,-0.29886707009171687,0.016,0.018,1,ANKRD6
0.7877045855197143,0.5416660616400826,0.023,0.026,1,STUB1
0.7877070689611156,0.1938749762786034,0.033,0.035,1,PIDD1
0.7877761274112306,0.4689376296701928,0.018,0.016,1,LOC100129917
0.7880393695319405,-0.14871185072966142,0.02,0.022,1,CRAT
0.7881360331023994,0.5146754952229785,0.148,0.151,1,VPS28
0.7883559938247338,-0.1972913568977881,0.02,0.022,1,ZNF567
0.7885785955271042,0.2839794312063839,0.069,0.074,1,EIF2B4
0.7891903691977487,0.5926943782604286,0.023,0.026,1,ASNS
0.7897848977279129,0.18538041318238463,0.023,0.026,1,FAM122C
0.7898849771814761,0.3155723503342127,0.045,0.048,1,SURF1
0.7898888513959698,0.9022657414734008,0.018,0.016,1,LTBP3
0.7904591749824806,-0.5804861002943387,0.008,0.01,1,CACTIN
0.7904591749824806,-0.7742046242426843,0.008,0.01,1,LINC00900
0.790593436927018,0.7750717500540443,0.018,0.016,1,ZC3H12D
0.7911637066674337,0.41275569002931023,0.169,0.175,1,PDCL3
0.7912695172754265,0.28114114945170066,0.171,0.173,1,PSMC2
0.791316546435223,0.22156546986257153,0.033,0.03,1,IKBKE
0.7913260035682803,0.5318104384233036,0.075,0.074,1,GMIP
0.7914350510402028,-0.1982270854316237,0.008,0.01,1,SGMS1-AS1
0.7916554384760035,0.1506092468146767,0.103,0.109,1,NSMCE2
0.7916693747404051,0.49061986083119,0.061,0.059,1,SNHG10
0.7916694550926406,0.26792708566167056,0.148,0.159,1,GRSF1
0.7918723045017895,0.3357213312337257,0.112,0.111,1,PNO1
0.7921230608040095,0.2984404035742956,0.028,0.03,1,C12orf10
0.792253308947757,0.1033004144256573,0.068,0.066,1,S100P
0.7926798643516344,0.1335879450819265,0.252,0.269,1,LMAN1
0.7927923831697534,-0.29565159506928573,0.02,0.022,1,C6orf47
0.7928994777572653,-0.4554374127029188,0.008,0.01,1,TLR7
0.7929352746806773,0.772237940519592,0.053,0.051,1,SNX20
0.7931903303675618,0.5619799347347767,0.044,0.042,1,RIDA
0.7932195831888521,0.25712996667775817,0.311,0.346,1,HDAC2
0.7933378925904346,0.3354752548247337,0.12,0.12,1,SSX2IP
0.793668008541349,0.6897857553490825,0.016,0.018,1,STPG1
0.7938761685294088,-0.7813333227351889,0.008,0.01,1,CCDC189
0.7939283902465311,0.10563249817181108,0.075,0.074,1,KCTD9
0.7941189214339222,0.2358408803782268,0.018,0.016,1,NSUN5P1
0.7945387495366502,0.6934940238936331,0.061,0.059,1,SYS1
0.7950131054297931,0.5653729108655958,0.02,0.022,1,ZNF140
0.7953766513999915,0.3409863353450624,0.083,0.08,1,METTL8
0.7958305186091859,-0.17182792105619527,0.008,0.01,1,C10orf25
0.7963193068413313,-0.27983216340199846,0.008,0.01,1,CD27-AS1
0.7968993563132083,0.6815881426340864,0.016,0.018,1,LINC01023
0.7969989589155007,0.4266798547604611,0.068,0.066,1,CNOT4
0.7972354898805026,0.30718010645470617,0.02,0.022,1,MMP24
0.7972729963748564,0.2509661428866532,0.052,0.05,1,CEP85
0.797496025305332,0.25233807798882246,0.114,0.122,1,MAP4K5
0.7975381290600172,0.41921828792285254,0.087,0.085,1,DYNLT3
0.7976375256999619,0.42387378850305346,0.031,0.029,1,FBXO42
0.7977861503193149,0.1690779788330774,0.008,0.01,1,HLCS
0.7977861503193149,0.17401409185056949,0.008,0.01,1,LOC103091866
0.7977861503193149,-0.22907724062136392,0.008,0.01,1,SEPT1
0.7977861503193149,0.19179776071952137,0.008,0.01,1,SLC45A4
0.7977861503193149,0.18181881062055982,0.008,0.01,1,TRIM6
0.7982543946066343,0.23212959906165603,0.211,0.226,1,CARD16
0.7982752571285083,0.14402859354680153,0.008,0.01,1,CPTP
0.7983183469891921,0.20018822307049322,0.208,0.224,1,IL13RA1
0.7986960563665269,0.8522928445516778,0.016,0.018,1,PPIEL
0.7987644431237424,0.7643588864148976,0.008,0.01,1,FGFRL1
0.7987764619084448,0.12864010346797738,0.298,0.322,1,TRIP12
0.7988340575294169,0.21217913553878776,0.162,0.173,1,PLCB2
0.7991530356778891,0.3255458173439214,0.118,0.119,1,TIMM23
0.799403874613746,0.4489664696174176,0.124,0.125,1,XPNPEP1
0.7999981964776766,0.3169839808558961,0.061,0.059,1,GOSR2
0.8004753590479794,-0.3051026526100822,0.018,0.016,1,ZBTB14
0.8006651628958362,0.42795054009248523,0.174,0.178,1,RBM6
0.8007219752941812,0.8710398373203514,0.008,0.01,1,GPR89B
0.8007609504714993,0.17563878714102965,0.11,0.117,1,TSPAN3
0.8008275436131002,0.12009266290725129,0.154,0.163,1,EP400
0.8008381574807727,0.36844428172040944,0.048,0.046,1,DNA2
0.8008535089739293,0.6916454782923136,0.016,0.018,1,MAP3K14
0.8012043637237446,-0.19360639278565683,0.025,0.027,1,TRAPPC12
0.8013927704737747,0.4378605790752368,0.031,0.029,1,LPIN1
0.8014530656923526,0.3002738773822304,0.259,0.268,1,PTAFR
0.8014948759352372,0.43112619701467203,0.133,0.135,1,IFITM2
0.8019296110016945,0.7140977539685078,0.031,0.029,1,VPS52
0.8019801313073559,0.3360131594128407,0.142,0.152,1,ACOT13
0.8021625355169277,0.5616158204292696,0.052,0.056,1,RGL2
0.8031706501486269,0.6736101492780708,0.008,0.01,1,VMAC
0.8032234101235086,0.2487221743224839,0.025,0.027,1,FASTKD3
0.8036606178978376,1.323586584220223,0.008,0.01,1,FAM71F2
0.8038099277775317,-0.22769203530322724,0.013,0.014,1,ZNF473
0.8039625591524626,-0.11733715321315197,0.033,0.03,1,ABHD11
0.8041506628097771,1.0689960546907935,0.008,0.01,1,STK36
0.8042307557137134,0.25478412390226524,0.02,0.022,1,FAM124A
0.8050496037195809,0.6084894128978924,0.053,0.051,1,ZNF618
0.805122289335627,0.7397255623935419,0.035,0.034,1,TBC1D10B
0.8053532249145847,0.8665370567563966,0.048,0.046,1,ASB3
0.805860322724748,0.17612892338767905,0.057,0.054,1,STX3
0.8059237034719576,0.23674031538450357,0.068,0.072,1,LOC100506548
0.8060833243414645,0.2849455693221885,0.064,0.062,1,TSC1
0.8062444475402533,0.15594245062713175,0.159,0.157,1,PTPN18
0.8065878615104033,-0.3599795317054255,0.013,0.014,1,BMS1P14
0.8067784125263225,0.5179809605021704,0.02,0.022,1,MFGE8
0.8069085460381906,0.2263517230293659,0.059,0.062,1,POLDIP3
0.8070970125581827,0.3184547389683652,0.02,0.022,1,OTUD3
0.8073712644691013,0.28435638443938593,0.045,0.048,1,PTOV1
0.8076777679318936,0.3288177944642041,0.037,0.035,1,SMURF1
0.8077157707692528,0.5337371322737691,0.163,0.168,1,ANXA11
0.8078494836421618,0.31128931799880544,0.069,0.074,1,TRNAU1AP
0.808536367238032,0.2766883299673424,0.158,0.16,1,DDX52
0.8093463433223663,0.1439397199123632,0.318,0.346,1,CTSC
0.8095589903583704,0.11521844204568099,0.033,0.035,1,IFIT5
0.8100419136488168,0.5446959586696671,0.016,0.014,1,GPATCH3
0.8107903043100309,0.33945376675545536,0.016,0.014,1,VWA5A
0.8109765653130319,-0.5758956766329768,0.032,0.034,1,MTFR1
0.8112597812436847,0.15977349213977554,0.042,0.045,1,DPM2
0.8114315620533886,0.6819958251561964,0.04,0.043,1,DHDDS
0.8115388679525258,0.6670654999630212,0.016,0.014,1,POLM
0.8118520233321043,0.33633564949324546,0.139,0.149,1,DMXL1
0.8119634919624634,0.35529594100730844,0.06,0.058,1,NACC2
0.8126613776544046,-0.22816482820046735,0.05,0.053,1,TMEM9
0.8128372724639656,0.919438057312894,0.02,0.022,1,TMEM120B
0.8135136805804734,0.6625800681397418,0.064,0.062,1,VPS11
0.8135257636688465,0.20030119625229936,0.042,0.045,1,RUBCN
0.813638801348291,-0.43087637492462116,0.018,0.019,1,LTB4R2
0.8145381565927295,-0.12520454180509066,0.013,0.014,1,WDR89
0.8147263777119932,0.36485621741652485,0.048,0.046,1,NFE2
0.8151736907018061,0.5953648884098461,0.033,0.035,1,C9orf66
0.8159365194417336,0.7048898209177192,0.029,0.027,1,FBXO28
0.8161305386003819,-0.5117814186336513,0.013,0.014,1,RHOC
0.8165130666658424,0.18037689656944655,0.1,0.098,1,MRPS23
0.8167666684580446,0.25652415312778304,0.319,0.338,1,LYPLA1
0.8169252894846586,0.5100371081030006,0.075,0.074,1,IMPA1
0.8172088366935265,0.20941642032668817,0.048,0.046,1,MPP5
0.8173100931634263,0.2507521807758748,0.085,0.09,1,DIP2B
0.8174931237565618,0.3361540960845786,0.08,0.079,1,C11orf1
0.8184389792072787,0.21341185372492844,0.192,0.208,1,DYNC1H1
0.8186741951772881,0.38631176548334256,0.035,0.034,1,LRRC8A
0.81880452579710306,0.5971975998547538,0.091,0.099,1,RBM42
0.81881006712749,0.4812553519136964,0.058,0.056,1,MAU2
0.8190309207456586,-0.20635662638554164,0.024,0.022,1,NTHL1
0.8193175750023861,0.2936260711813681,0.013,0.014,1,TRMT61A
0.8194615110209086,0.46514885191876776,0.136,0.146,1,MAP3K20
0.8202576067007628,0.19509634355956695,0.071,0.069,1,SEC24B
0.8203097611988888,0.36398184867246464,0.099,0.106,1,TRAP1
0.8205166710677083,-0.5133588356221779,0.018,0.019,1,LRSAM1
0.8206459227698711,0.9460011432199669,0.022,0.021,1,ZC3HC1
0.8207978988381872,0.5847400865467645,0.033,0.035,1,NAT9
0.8209122167031253,0.9155421882210035,0.013,0.014,1,IER5L
0.8209534182996716,0.4193051012248763,0.095,0.095,1,P2RY8
0.8211080979361203,0.23483451926067067,0.088,0.093,1,NETO2
0.8217098156471246,0.3636255602996572,0.013,0.014,1,NDUFA6-AS1
0.8221570583761727,0.31646558925570645,0.089,0.088,1,SLC35F5
0.8225075989257954,0.3369587539525529,0.013,0.014,1,LINC01138
0.8233608429544684,0.31212641032394095,0.175,0.178,1,EXOC1
0.8234392316558523,0.40951274849275476,0.098,0.098,1,COMMD10
0.8238115663049501,0.11950325292793629,0.046,0.043,1,GLMN
0.8242444571406411,-0.18703254874676611,0.046,0.048,1,YIPF4
0.8249046690371844,-0.29077735703932905,0.057,0.059,1,ARAF
0.8253904298702658,0.3588492149564866,0.029,0.027,1,PUSL1
0.8254922401330302,0.1937680166107003,0.071,0.069,1,SUSD1
0.8259982553552154,0.6586436730356247,0.034,0.032,1,CCDC149
0.8260998834511767,0.8326724840356787,0.013,0.014,1,ZNF248
0.8270016177132599,0.31973929484801467,0.099,0.098,1,LINC01410
0.8270634651244368,0.22875300723716085,0.018,0.019,1,NME8
0.827844076885569,0.18795705540456376,0.076,0.08,1,RNF40
0.8278846060770688,0.12620533383802268,0.036,0.038,1,PACS2
0.8287236014584187,0.17897172698523578,0.144,0.154,1,UBE2R2
0.8289920680891186,0.5550421656694169,0.107,0.109,1,RNF214
0.8293682021454165,0.19827079020602256,0.122,0.122,1,RAD18
0.8296958118804025,1.0483082754069057,0.014,0.013,1,LNX1
0.8297978518321799,0.4133039494701838,0.085,0.083,1,WDR11
0.8300816297506587,0.38121444850520314,0.047,0.05,1,TBC1D2B
0.8301289000129808,0.2264623114401818,0.022,0.021,1,LOC440434
0.8304058029088364,0.4752281133541678,0.029,0.027,1,GFOD1
0.8315232275021543,0.467165083182584,0.035,0.034,1,TTC31
0.8315498152431164,0.33333986318204456,0.018,0.019,1,LINC02035
0.8320362836355555,0.7689218865548741,0.045,0.043,1,ZNF687
0.832240514267309,0.1330170887272768,0.018,0.019,1,SP2
0.8324951176520043,0.7865437779238302,0.014,0.013,1,MEN1
0.8325278048199223,-0.12126196193719796,0.022,0.024,1,FOSL1
0.8325632872268993,0.7509274915292732,0.027,0.026,1,TGDS
0.8325647928497539,0.17972595032900784,0.047,0.045,1,MARVELD1
0.8329160981168413,0.3772444483429762,0.029,0.027,1,ZNF490
0.8329274167355223,0.1771141794252673,0.101,0.107,1,OSTM1
0.832931342844674,0.322403896277073,0.018,0.019,1,FAM214B
0.8329786918257491,0.26835078920936173,0.022,0.021,1,PVR
0.8334766237621876,0.21536221590846516,0.195,0.207,1,SERPINB6
0.833967827491137,0.43792848077190305,0.018,0.019,1,GTF2E1
0.8340109943485281,0.20671758957416275,0.141,0.143,1,NUP153
0.8344186250611505,0.8459775213741181,0.036,0.035,1,LPAR4
0.8345117054890703,0.5523959261130331,0.045,0.043,1,DPP3
0.8345368881616634,0.4964661040259588,0.034,0.032,1,MRPS2
0.8347420147152658,0.5539692349417247,0.034,0.037,1,SIK2
0.8353310905287444,0.2607576364562333,0.246,0.264,1,CDC5L
0.8355040011569819,0.5553006951647612,0.059,0.062,1,ACYP2
0.8360859218485941,0.1851926086458731,0.325,0.353,1,TM9SF3
0.8364848581475723,0.2273332060981808,0.213,0.229,1,NIPSNAP2
0.8371909472524353,0.27234955899000335,0.22,0.228,1,UCHL3
0.8372091746084784,0.28105973500123405,0.106,0.114,1,NEDD1
0.8376994420692288,0.16881405447518283,0.014,0.013,1,ZNF577
0.8378151639082888,0.15861570657279866,0.032,0.034,1,CASP9
0.8383503762887659,0.16125126862932115,0.37,0.412,1,TAOK3
0.8383841490783086,0.2436148088756902,0.087,0.085,1,ANAPC7
0.8391545444729949,0.5375136325420855,0.018,0.019,1,SLC9A9
0.8395354135162145,0.6592786111814299,0.168,0.173,1,IRF1
0.8395449550650443,0.20461407177695623,0.027,0.029,1,MARCH8
0.8405047299312466,-0.32578490707668095,0.014,0.013,1,LOC728715
0.8405621449488134,0.6308965680837768,0.022,0.024,1,SNX8
0.8410625470312155,0.8220106145991211,0.042,0.045,1,ASPSCR1
0.8410743273985217,0.24166234965853994,0.077,0.075,1,SMAD4
0.8413066145732677,0.3080417096577728,0.014,0.013,1,BLNK
0.8414520611467958,0.5413968172232793,0.093,0.093,1,ELMSAN1
0.8415578420472325,0.2349899975499663,0.06,0.058,1,LOC102725126
0.8418825756322539,0.3870085931395728,0.02,0.019,1,MLST8
0.8421086614945861,0.16692543136589055,0.014,0.013,1,TRIM61
0.8422182469433745,0.14394593984647241,0.101,0.106,1,RPRD1A
0.8428007709008479,0.1192007309032519,0.176,0.188,1,TNFSF10
0.8429886132603025,0.1790938036493388,0.077,0.082,1,AP2A2
0.8433547080786405,0.5698819403736777,0.034,0.032,1,KIAA1328
0.8436777948170644,0.6653766573016777,0.039,0.042,1,PIK3R4
0.8443985595407631,0.44723836991325583,0.11,0.111,1,IVD
0.8445324713703235,0.6862042781916022,0.054,0.053,1,FBRS
0.8449004113821452,0.2209335687666223,0.123,0.13,1,FER
0.8454474595638215,0.3072756826073204,0.118,0.125,1,PSENEN
0.8455834862542496,0.43716083951504336,0.155,0.16,1,TMEM173
0.8465083025040532,0.12579271508870438,0.068,0.066,1,EMC3-AS1
0.8467890502720821,0.6990530350404836,0.038,0.037,1,SMYD2
0.8468001651135993,0.32597598832814234,0.12,0.128,1,VTI1A
0.8468937275924647,0.20014270348562713,0.027,0.029,1,LOC220729
0.8476856840277313,0.32885863572178353,0.074,0.079,1,MAK16
0.8477000616215571,0.2799524688776289,0.039,0.042,1,C16orf58
0.8478808251616455,0.360626115025096,0.056,0.054,1,UNK
0.8478818427677872,0.7999446798398306,0.047,0.046,1,IMP4
0.8481539265871633,0.40364395275141374,0.129,0.131,1,ALKBH5
0.8484670132916866,0.297094613606552,0.147,0.151,1,PRRG4
0.8489259032791003,0.26363581090863736,0.206,0.212,1,CHMP1B
0.8489935176198009,-0.44453858041599403,0.01,0.011,1,FAM24B
0.8491718975453267,0.5545972384599467,0.045,0.043,1,AKAP1
0.8492156602135852,0.4066927340736468,0.151,0.162,1,PAPSS1
0.849256631651016,0.2535111127202734,0.089,0.095,1,TIMM17B
0.8496249739286907,0.24530095692860776,0.1,0.106,1,ANGEL2
0.8496339877485364,0.6553589202081516,0.061,0.061,1,KLHDC2
0.8497228481408149,0.5267885171563287,0.059,0.058,1,TARBP1
0.8499111656506463,0.1453674803499576,0.38,0.407,1,PYCARD
0.8499298413296383,0.34743873781569024,0.058,0.061,1,ARHGEF7
0.8501185922323119,-0.5578573256766548,0.015,0.016,1,FCHO1
0.8501488293201107,0.31039282968370996,0.064,0.067,1,C12orf4
0.8501748296168445,-0.24929767947221348,0.046,0.048,1,JAGN1
0.8502256394085277,-0.3108886879836712,0.06,0.058,1,TRIM52
0.8504915363384143,0.5468772509029121,0.061,0.064,1,METTL14
0.8509638735706893,0.13789980934842316,0.41,0.447,1,PSMC1
0.8512241243018516,0.17253215853808435,0.172,0.184,1,HIKESHI
0.8514308759716334,0.12018073651589223,0.089,0.095,1,ACBD5
0.8516718298810118,0.4017623186289687,0.034,0.032,1,TINF2
0.8518062092533288,0.4929278687209788,0.093,0.099,1,RNF38
0.8518739162457103,0.30962929156487284,0.04,0.038,1,DGKH
0.8518791204792219,0.18027288119733886,0.173,0.176,1,RAB6A
0.8519216262959249,-0.2437985085997596,0.029,0.03,1,LINC00963
0.8520843024169279,0.39054990721742977,0.163,0.167,1,MARC1
0.8521689986690796,0.2884425601978249,0.01,0.011,1,NRSN2-AS1
0.8523890320279565,-0.6276538141174397,0.015,0.016,1,LOC100506990
0.852396166496576,0.49455303980554866,0.098,0.104,1,C18orf21
0.8524104858611725,0.11268673211802968,0.227,0.232,1,TIPRL
0.8530179049163802,0.21140106329211417,0.05,0.053,1,THOC6
0.8534039420000703,0.1307669556855997,0.162,0.162,1,ACSL1
0.8535767413936929,0.45569686210141436,0.061,0.064,1,PSTPIP1
0.8536475863131618,-0.21115966408476794,0.02,0.021,1,SAP25
0.8540781762696423,0.23483276716296675,0.21,0.224,1,CNPY3
0.854092664046541,-0.1881512286682714,0.015,0.016,1,TMEM39B
0.8541454362242052,-0.1215574269857349,0.02,0.019,1,SWT1
0.8548170021180261,0.4334823076230996,0.022,0.024,1,ZNF197
0.8548463648330087,0.4686413160627001,0.083,0.088,1,LRRK1
0.8548927502313263,0.345018564560176,0.01,0.011,1,ZNF212
0.8553007091235725,0.15322979912866286,0.145,0.154,1,CUL2
0.8556652133191002,0.5321855990951154,0.054,0.053,1,HEBP1
0.8557969806009096,-0.21789587546543654,0.015,0.016,1,TIMM29
0.8560899934654498,0.43621483706029673,0.101,0.107,1,PPIH
0.8564075107316647,0.31012407938205433,0.207,0.223,1,CDK12
0.856502109945448,0.2747224696119887,0.205,0.21,1,CCND3
0.8565726438846587,1.1199298211567408,0.012,0.011,1,LYRM9
0.8565908577520908,0.23400325904322627,0.184,0.188,1,TOR1AIP2
0.8569543861544169,0.622043725469263,0.063,0.062,1,LIAS
0.85705999537101,0.163254179708755,0.072,0.071,1,SASS6
0.8570813935619721,0.2685178633544243,0.142,0.143,1,SKA3
0.8571638662339027,0.3488848317743898,0.01,0.011,1,COX10-AS1
0.8575336487592848,0.49541733702275614,0.043,0.042,1,TBC1D22B
0.8575451172993979,0.1467704384563424,0.027,0.026,1,DCP1B
0.8576777764469199,0.1887874998347594,0.046,0.048,1,CNPPD1
0.8577828709046316,0.2078456350976201,0.07,0.074,1,MX2
0.8582048830965172,0.1031380397614603,0.06,0.062,1,C1orf122
0.858661175936737,0.12857152826895257,0.029,0.03,1,ACSS1
0.8587204206235214,-0.22032208643725903,0.024,0.026,1,LOC100505549
0.8591607484893453,0.8382025098174726,0.012,0.011,1,ADCK2
0.8592235241200715,0.21500840127989918,0.034,0.032,1,ADAL
0.8592595628206713,0.339813515401562,0.137,0.139,1,UBE2T
0.8594361653796222,0.7457395012334285,0.01,0.011,1,ADGRF3
0.8594361653796222,0.9773436528270114,0.01,0.011,1,FGFR1
0.8595867440166326,0.27641035555153337,0.015,0.016,1,IPO4
0.8599576214629654,0.37134671798879193,0.041,0.043,1,RHBDD1
0.8602903007832493,0.24720324104613578,0.02,0.021,1,SULT1B1
0.8604553703062009,0.37917860155706595,0.012,0.011,1,PMS2CL
0.8605719179026639,0.556567682760005,0.126,0.128,1,FAM172A
0.860711450059237,0.48802546929212365,0.125,0.127,1,MT2A
0.8610629318427832,0.3934391848404468,0.027,0.029,1,CCDC142
0.8611857160183275,0.2324189979949549,0.076,0.075,1,EHBP1
0.8619626011278219,0.2231559716799405,0.072,0.075,1,SLC39A10
0.8620426361313382,0.43866558802779587,0.122,0.125,1,AKR7A2
0.8621679031872608,0.4446583969772946,0.025,0.024,1,HIST1H2AB
0.8622196421346666,0.370487477684883,0.063,0.062,1,AP5Z1
0.862409257622934,0.3788302595787014,0.041,0.04,1,SUPT3H
0.8626139052841767,0.8941142638656148,0.012,0.011,1,SPTY2D1-AS1
0.8626193367868715,0.679976618421053,0.01,0.011,1,LOC100507250
0.8626193367868715,0.9255249953486748,0.01,0.011,1,PJA1
0.8630676811827536,0.7786430494729353,0.025,0.024,1,ZBTB47
0.8631169430900488,0.7286600348648733,0.041,0.04,1,SORD
0.8633821108223807,0.3719963948817991,0.182,0.188,1,DOCK5
0.8636955827227126,0.3309025774939617,0.153,0.155,1,PNPT1
0.86375921952984,0.30209671318538067,0.015,0.016,1,TMEM44-AS1
0.8640369281990503,0.14187320216999577,0.075,0.079,1,ZZEF1
0.8643020451367012,0.14095606877311417,0.216,0.229,1,LCOR
0.8644923749291928,0.9266949708606114,0.019,0.018,1,BIK
0.8644923749291928,0.8791590545634063,0.019,0.018,1,LMTK2
0.8645301314341963,0.10156629345156043,0.082,0.08,1,RBM48
0.8647889778863955,0.1555846071952125,0.088,0.087,1,C4orf33
0.8652055005170863,0.2698319773676898,0.012,0.011,1,UQCC1
0.865388050213714,0.276809638231596,0.35,0.383,1,N4BP2L2
0.8654679546237091,0.5591208224315518,0.025,0.024,1,ULK3
0.865634322305031,0.38478492463432135,0.073,0.077,1,TMC8
0.8656694899772812,0.18948807120689892,0.034,0.035,1,GMPPB
0.8658153715891563,0.31798053091151224,0.079,0.079,1,TMEM18
0.8658573604182614,0.4759549179654736,0.046,0.048,1,NMRAL1
0.8661750621631865,0.845206268560855,0.027,0.029,1,JADE2
0.8679416332056809,0.32839726918909484,0.02,0.021,1,ZER1
0.8680148946080515,0.15968710740019104,0.237,0.245,1,CIRBP
0.8681623921844744,0.25144036771516326,0.238,0.26,1,JARID2
0.8682171317508887,0.560824923728882,0.124,0.128,1,ATXN1
0.8683009066899041,0.5700977772530726,0.101,0.101,1,ADAM9
0.8684331320383669,0.3417322365033306,0.053,0.056,1,SUN1
0.8686317547526087,0.36563865469459567,0.197,0.205,1,XAF1
0.8688209661486993,0.6761928530311709,0.048,0.051,1,FPGS
0.8694046055228357,0.20365324191525092,0.291,0.306,1,GLG1
0.8695891084666101,0.4223823163002125,0.062,0.066,1,MAP1LC3B2
0.8697169774931854,0.3680464156266048,0.019,0.018,1,PI4K2A
0.8698350328123629,0.4560748201746776,0.015,0.016,1,ARTN
0.8702270642362786,0.33941085987555075,0.05,0.053,1,RASA3
0.8703534964057178,0.6462717540221234,0.093,0.095,1,GABPB1-IT1
0.8704318612312606,0.787079810100199,0.076,0.077,1,FKBP8
0.8709751149900515,0.6287824229945267,0.015,0.016,1,ZSCAN12
0.8724645194546451,0.12822672050644568,0.212,0.224,1,SRRT
0.8732560815124554,0.7156097048651464,0.015,0.016,1,TCFL5
0.8733435715932361,0.3088922531508207,0.082,0.087,1,SHPRH
0.8734406276419748,0.36415052360048605,0.07,0.069,1,C16orf62
0.8736462270998742,0.4121434655489926,0.139,0.143,1,TMX3
0.8739007695900136,0.30371357788235454,0.019,0.018,1,KLHDC4
0.8740166388351877,1.1432399793480044,0.015,0.016,1,UBALD1
0.8740174581022692,0.30390475707773534,0.084,0.083,1,ARL16
0.874575345650649,0.6926272823960082,0.036,0.038,1,TELO2
0.874812996407921,0.49985692437178275,0.085,0.085,1,ASXL1
0.8754062118807404,0.282516350527247,0.061,0.059,1,SFXN4
0.876330149372158,0.4980478793099099,0.046,0.045,1,SHMT2
0.8767900419458909,0.4555267919181487,0.082,0.082,1,PSME3
0.8770600254447175,0.9401263119267336,0.015,0.016,1,TESK2
0.8771993361604477,0.3897721382485866,0.056,0.054,1,TTL
0.8778340125010964,0.6945121534513201,0.03,0.029,1,TOP3B
0.8786910691167452,0.21844336097276384,0.025,0.024,1,SLC39A4
0.8791354586057465,0.21994589627618133,0.019,0.018,1,ANKAR
0.8791354586057465,0.29926479566207753,0.019,0.018,1,ENKD1
0.879274787517956,0.5835881259676365,0.02,0.021,1,NFKBIE
0.879318245342706,0.15053159429611407,0.144,0.151,1,HLA-DRB5
0.8800305004986967,0.37179277721792103,0.122,0.128,1,NCBP1
0.8801752206748281,0.43891041626071803,0.152,0.162,1,PRKCSH
0.8804037579451647,0.24943215107613792,0.032,0.03,1,SLC8B1
0.8804147644870711,0.18711477232316343,0.061,0.064,1,PYM1
0.8807177069463095,0.23377345460293175,0.264,0.274,1,ROCK2
0.8807612780326848,0.2052581672494862,0.084,0.083,1,AGPAT2
0.8807979687393794,-0.1722532450437786,0.025,0.024,1,RUSC1
0.8808006364183664,0.2122226958774649,0.088,0.093,1,TSR2
0.8808142728226704,0.3658698529224207,0.121,0.123,1,SCAMP1
0.8813135715847957,0.15075011505817404,0.065,0.064,1,TRPM2
0.8816513560740362,-0.37380426073193673,0.026,0.027,1,NOD2
0.8819450995608151,0.7094584657909948,0.02,0.021,1,ZNF780A
0.8824055465020842,0.2976151831549633,0.214,0.232,1,UBE3A
0.8828385113702972,0.14458592353336977,0.206,0.21,1,MAP3K1
0.8828930447103759,0.1330624832967353,0.034,0.035,1,TMCO4
0.8829501539859155,0.43359188373811497,0.029,0.03,1,TSHZ1
0.8829954000447157,0.15473257943418606,0.054,0.053,1,TDRD3
0.883173491554914,0.7594560703687385,0.036,0.035,1,IGHMBP2
0.88341773933523,0.10802768771387139,0.355,0.372,1,CAPZA2
0.8836191243459102,0.39065468667848613,0.071,0.071,1,NOL12
0.884571956195415,0.36677450300043657,0.099,0.104,1,GNPAT
0.8846986500169474,0.11820207632502788,0.167,0.175,1,POLE4
0.8853097422894203,0.8395281981340461,0.039,0.038,1,MAIP1
0.8857497697005152,0.3926104732156508,0.115,0.122,1,MBNL3
0.8861756957843947,0.16670506475487396,0.236,0.244,1,WAS
0.8861813206647842,0.1574144175067831,0.098,0.098,1,RANBP6
0.8861908105488585,0.6793733426725646,0.041,0.043,1,UNC45A
0.8863437322652072,0.425359287523728,0.208,0.22,1,DNAJC1
0.8863991952373276,0.5563003751261539,0.038,0.04,1,TMTC4
0.8866913569359853,0.17564003062976025,0.209,0.22,1,PAXBP1
0.8872353781749767,0.15281273218168656,0.435,0.47,1,KPNB1
0.888353122957209,0.25658438261301075,0.119,0.125,1,DNM2
0.8884581964146073,0.6506225490815554,0.131,0.135,1,ATP5D
0.8887762479616298,0.39142907555439255,0.023,0.022,1,BICD1
0.8889208531769462,0.1317223374481511,0.019,0.018,1,SETD4
0.8891176804794024,-0.15102465333426363,0.054,0.056,1,BTBD3
0.8893219293693523,0.24672690476436143,0.115,0.12,1,GLTP
0.8894870699620848,0.15890144828447572,0.125,0.13,1,EPB41L2
0.889529505756896,0.5707859422781658,0.087,0.091,1,MGRN1
0.8898918606837969,0.19804911962432448,0.359,0.381,1,ATP2B1
0.8906170657506262,1.0294719849951175,0.017,0.016,1,MICALL1
0.8906184799725524,0.20953528041325398,0.073,0.072,1,TAF3
0.8908412690270591,0.5888974998599172,0.03,0.029,1,NPHP3
0.8908533125808449,1.0579721274368774,0.01,0.01,1,ARMCX4
0.8909798085271196,0.6476974233027355,0.029,0.03,1,ZNF804A
0.8909810127240052,0.6662451178637783,0.05,0.05,1,ZNF384
0.891001451047133,0.48506888033621687,0.038,0.04,1,BMS1P5
0.891100258567918,0.16758467501784424,0.151,0.159,1,STARD3NL
0.8913174974733157,0.4192305351618266,0.059,0.058,1,ASCC2
0.8914398739430655,-0.14806201830466836,0.012,0.013,1,CDKL3
0.8917945025451947,0.9344895105747186,0.01,0.01,1,LOC728392
0.8919030030627422,0.5454166578097595,0.023,0.022,1,LOC100130691
0.8922651547809974,1.0957918643000655,0.01,0.01,1,MOB3C
0.8922651547809974,0.8825008748291898,0.01,0.01,1,ZNF286A
0.8925356101322611,0.4841751072649336,0.079,0.083,1,CHCHD5
0.8927322292209583,0.14989045082372288,0.035,0.037,1,ZNF678
0.8927358449675836,1.1263212047654223,0.01,0.01,1,SH3BGR
0.8927358449675836,0.6720050708513297,0.01,0.01,1,SLC25A42
0.8932027604822814,0.29073457313679274,0.034,0.035,1,KIFAP3
0.8938838757050128,0.19379380569780658,0.383,0.425,1,CSNK1A1
0.8939170595622216,-0.11032827263203471,0.021,0.022,1,TRIM65
0.8939285202547668,0.8243558380616793,0.017,0.016,1,DNAL4
0.8939754907242073,0.5704921385779709,0.118,0.122,1,GOLGA2
0.8941481415940762,0.8351580755279953,0.01,0.01,1,HIST1H4L
0.89417009754864,-0.12126751105576616,0.019,0.018,1,ARHGAP27P1-BPTFP1-KPNA2P3
0.8941848460362436,0.24218911823146083,0.026,0.027,1,SIMC1
0.8942831797455874,0.3621963376585928,0.12,0.122,1,CCDC66
0.8944928378898165,0.3500435266395505,0.064,0.067,1,AKAP7
0.8944989968687157,0.1417922842594348,0.145,0.152,1,PRELID3B
0.8948602498030664,0.14106104892091054,0.03,0.029,1,SLC36A1
0.8948798423578981,0.6287385299346346,0.034,0.034,1,ABHD17B
0.8953444563222808,0.4083685965101951,0.117,0.123,1,ARL6IP6
0.8953702160313194,-0.15999163446043152,0.017,0.018,1,WDR27
0.8955223843531889,0.20015214779335722,0.021,0.022,1,LOC100996724
0.8955607738792732,0.2453891118164373,0.01,0.01,1,SLAMF7
0.895732063313281,-0.13940300141147777,0.017,0.018,1,MUL1
0.8957434035420228,0.11610557333140603,0.149,0.151,1,TET3
0.8957690201898638,0.7849791657722758,0.017,0.016,1,C12orf73
0.8957962427809794,0.5993080292189843,0.01,0.01,1,RNU7-1
0.8958195074912756,0.5425585663045096,0.064,0.067,1,SLC1A4
0.8960317251333726,0.6701007330873248,0.01,0.01,1,SLC2A10
0.8960317251333726,0.33638885842722477,0.01,0.01,1,ZSCAN31
0.8962153602449067,-0.11762341149412192,0.058,0.059,1,SELENON
0.8965332154017982,-0.10934755175193855,0.152,0.157,1,FAM76B
0.8968735901360094,0.4642359452650604,0.017,0.016,1,ZNF799
0.8969126863603312,0.22415594066251288,0.066,0.066,1,CDKN2C
0.8972418246453068,0.5888835971929245,0.017,0.016,1,RNF185
0.8973987953458246,0.34624567427717157,0.052,0.051,1,CEP89
0.8977705565324658,-0.37074151445898806,0.021,0.022,1,GCSHP3
0.8979694854640317,0.3408372650859066,0.188,0.197,1,EIF4E
0.8980643748660347,0.23622787020226244,0.157,0.167,1,FBXW7
0.8980917914156031,0.14242636805414266,0.021,0.022,1,FZR1
0.8982264895287542,-0.11754381038694905,0.012,0.013,1,PPARD
0.8982264895287542,-0.6150068466887264,0.012,0.013,1,WASH5P
0.8984724055859343,0.13078850234989592,0.154,0.16,1,ERAP2
0.8985633810896663,0.26457020502364514,0.026,0.027,1,MIR762HG
0.8986120117501322,0.279577101469183,0.066,0.066,1,GPR107
0.8986750376064718,0.19437147998877047,0.126,0.131,1,NCOA3
0.8988581963421216,0.28160717215051445,0.01,0.01,1,ZNHIT2
0.8990833276168988,0.4419400631378325,0.017,0.016,1,PAX6
0.8992551616118284,-0.17829106616193524,0.031,0.032,1,ZNF519
0.8997137987699552,-0.2162918604075017,0.017,0.018,1,TRUB1
0.8998200802842291,0.5032010322881089,0.017,0.016,1,LOC100289361
0.8998200815391982,0.5877569271626459,0.017,0.016,1,MOB2
0.9007064109128562,0.32475804166024,0.106,0.107,1,ACTR10
0.9008767243103846,0.34304196915257845,0.158,0.162,1,GAPVD1
0.9009167028346208,0.16328996884839908,0.044,0.043,1,GALNT10
0.9009292471445439,0.2821204090998468,0.129,0.138,1,TWF2
0.9009799295355271,0.15454633503431792,0.023,0.022,1,ITFG2
0.9011033062087209,-0.36081466014211605,0.056,0.058,1,EXOSC4
0.9011202670204986,1.1463387779363639,0.021,0.021,1,UCK1
0.9011623339955823,0.5871006684479383,0.017,0.018,1,CCDC86
0.9013050502123401,0.524223523801612,0.021,0.022,1,LENG1
0.9016556725121494,0.3268117779818557,0.162,0.171,1,CIAO1
0.901949873935453,0.19175300880276216,0.246,0.253,1,TPP2
0.9023579118418206,0.23270425864446898,0.031,0.032,1,CHMP6
0.902590809690209,0.21938777669736576,0.021,0.022,1,CCDC150
0.9032337854659518,0.19264483872181737,0.021,0.022,1,CAMKMT
0.9037266743266787,1.1921738332049947,0.021,0.021,1,SNX15
0.9045149539031397,-0.1929451314263524,0.01,0.01,1,SLC2A6
0.9046594564848947,0.5124286809157186,0.091,0.096,1,KDM6A
0.904738909878391,0.23474564495370787,0.159,0.17,1,CMIP
0.9048415016638559,0.36265201450828366,0.021,0.022,1,XYLT2
0.9056175394472622,0.34942653285100933,0.061,0.061,1,CEP85L
0.9058703150720092,0.6387209504759515,0.012,0.013,1,HDX
0.9062952345057441,0.5655929868803904,0.012,0.013,1,NUDT6
0.9064496080090789,0.48414065018906083,0.021,0.022,1,POLRMT
0.906603272091962,-0.22749162112062749,0.042,0.043,1,NID1
0.9072974759491785,0.617608870429887,0.065,0.066,1,MBOAT7
0.9077858828209588,0.35634279348013354,0.091,0.095,1,QRICH1
0.9078169871082321,-0.8385676496280032,0.01,0.01,1,G0S2
0.9083178067852232,0.18120683428142037,0.139,0.146,1,ADCY7
0.908337458450118,0.10881440520779734,0.21,0.215,1,WASHC4
0.9088506570732062,0.3435977523124887,0.04,0.042,1,TMEM69
0.9091350340829027,0.7707050251525898,0.017,0.018,1,AACS
0.9094909466483483,0.29465500592662336,0.205,0.212,1,EIF4E3
0.9094976532669813,0.9595046849087607,0.017,0.018,1,BLOC1S3
0.9094976532669813,0.8954424501205054,0.017,0.018,1,C1RL-AS1
0.9096955455337269,0.9772774517730962,0.012,0.013,1,PGAP3
0.909704582424954,-0.7170170441546411,0.01,0.01,1,SAP30L-AS1
0.9098331112965775,0.640145830844451,0.028,0.027,1,PELO
0.9103733164486097,0.17474697115434634,0.088,0.091,1,MBIP
0.9109056705865175,0.4896423528707001,0.13,0.135,1,CIB1
0.9109483178118567,0.7898396553186648,0.017,0.018,1,APOBEC3F
0.9113110305256092,0.6310072336912587,0.017,0.018,1,PEX14
0.911680001740425,0.3064505302767481,0.197,0.207,1,UTP18
0.9120171305483277,0.1062776499942486,0.088,0.091,1,NUP54
0.9120365113215422,0.7355675718747241,0.017,0.018,1,MPND
0.9122532508792114,0.937369474125024,0.037,0.037,1,TAF6
0.9128493040637197,0.3611405081223382,0.075,0.075,1,RTCA
0.9130251970457848,0.4188005200220304,0.058,0.058,1,ATRN
0.9135297452401636,0.7008658580769973,0.021,0.022,1,ZCCHC24
0.9138360575279959,0.7736147376532023,0.021,0.021,1,UBE2D4
0.9138780996189687,0.2618854450686152,0.085,0.085,1,TFG
0.9140040941262839,0.5084663089566845,0.034,0.034,1,CHAF1B
0.9141289621426151,0.16621291169811858,0.117,0.119,1,GTF2H1
0.9147033394455455,0.36445091486210845,0.028,0.027,1,CMTM4
0.9147990959092818,0.7929516419217331,0.012,0.013,1,HTR7P1
0.9148309938415231,0.62273530115564,0.033,0.032,1,XPO5
0.9149036742333798,0.13995248371195435,0.183,0.192,1,PRPF38A
0.9156869989107602,0.8277746648923472,0.051,0.051,1,BCKDK
0.9166901093446214,0.7349815884816042,0.033,0.032,1,FHOD1
0.9167030723619537,0.5355599332984982,0.064,0.067,1,ZNF277
0.9167768148834832,0.23495890650770912,0.051,0.053,1,HELQ
0.9169854324044908,0.5933122133913016,0.026,0.027,1,TMEM110
0.9171002049033634,0.3766982217493826,0.021,0.021,1,P4HTM
0.9171168963780716,0.7085695325343906,0.017,0.018,1,CAPN10
0.917272041233952,0.374939359733232,0.061,0.061,1,TMEM138
0.9173522022807816,1.123086452748768,0.012,0.013,1,HS6ST1
0.9173636821018806,0.6279113111858226,0.042,0.042,1,ATG10
0.9182262866430565,0.3644271665228882,0.105,0.111,1,ZBTB33
0.9185952493362097,0.3263877168279863,0.033,0.034,1,ZSCAN29
0.9186518766045173,0.179776274529734,0.077,0.08,1,STIL
0.9186757612856149,-0.4550399407985099,0.205,0.197,1,FCN1
0.9187328062923789,0.7753161201720093,0.021,0.021,1,SRR
0.918744084208539,0.21661578151337085,0.241,0.252,1,RBMS1
0.9189627820855079,0.35930031078728164,0.213,0.228,1,BIRC6
0.920253512834756,0.4729886671984067,0.049,0.051,1,MORC2
0.9204889936778949,0.1842795586202124,0.052,0.051,1,MRGBP
0.9205596421137019,-0.1259300037203337,0.058,0.059,1,PAF1
0.9206987020114417,0.5715281316349761,0.051,0.051,1,VPS26B
0.9210126194110076,0.4995580778455033,0.053,0.053,1,USB1
0.9216723477732763,0.4984297785982239,0.021,0.021,1,NAA30
0.9219743550442691,0.10635832060476869,0.052,0.051,1,NSUN4
0.922177917985541,-0.16759240194716085,0.023,0.024,1,NTMT1
0.922283629218131,0.29249607844376224,0.243,0.258,1,ABHD2
0.9223705026950888,0.32020202299664424,0.061,0.061,1,EXTL2
0.9224807832895835,0.41529635763655337,0.075,0.079,1,LTBR
0.9225359636711918,0.5121379388695124,0.033,0.032,1,ZNF814
0.9229791566163483,0.15328026586345356,0.021,0.021,1,TMEM134
0.9230373186004269,0.24081359523344847,0.037,0.038,1,UBXN11
0.9233043196877259,0.8061749501906217,0.031,0.032,1,LINC00339
0.9233664513571418,0.45465330344204014,0.071,0.074,1,MRPL28
0.9234192095705549,-0.1183120471419814,0.023,0.024,1,C9orf40
0.9240908851134836,0.5167840104725432,0.04,0.042,1,ZSWIM8
0.9247843232675436,0.16946661219133718,0.353,0.377,1,NRDC
0.9248366273705925,0.4572110317563812,0.22,0.24,1,USP34
0.9249211295746302,0.6808292728197292,0.047,0.046,1,TPRG1L
0.9251956819872112,0.23975924121936232,0.14,0.144,1,NDRG1
0.9259477817494424,0.6740051606295956,0.052,0.054,1,SETD1A
0.9260953794316618,0.6733378048663168,0.015,0.014,1,NQO1
0.9262235433271302,0.3172077682143263,0.167,0.171,1,ISCU
0.9269242440156297,0.4347625567043778,0.028,0.029,1,IDI2-AS1
0.9272807668203651,0.4285920833136365,0.045,0.046,1,SAV1
0.9276592962869733,0.18533194745831238,0.015,0.014,1,ARMC2
0.9276836297874813,0.5108869760892474,0.037,0.037,1,PSD4
0.9278540188358564,0.4741190488809526,0.033,0.032,1,LOC100507642
0.928913155425198,-0.14491504104639308,0.028,0.029,1,LOC100134868
0.9296145847095344,0.47324747249484655,0.015,0.014,1,INTS9
0.9301090822290432,0.3348274526807815,0.105,0.107,1,HAUS3
0.9302998960119352,0.30184384154448296,0.221,0.234,1,CHMP4B
0.9303829464655835,-0.3841251947122615,0.014,0.014,1,SHPK
0.9303968197332264,0.32711698407069445,0.015,0.014,1,C2CD2L
0.9304960066919991,0.3513916324669635,0.097,0.101,1,OXLD1
0.9307675928433373,0.664137596840201,0.04,0.042,1,PADI2
0.9311791220033832,-0.1142163140660779,0.015,0.014,1,DPH3P1
0.931185850846777,0.2550504600208357,0.279,0.298,1,POLR2L
0.9315253511855677,0.14031809468253487,0.088,0.088,1,TOMM70
0.9315686933294403,0.2681050005063441,0.108,0.112,1,GAK
0.9319614907679815,0.19869731524985745,0.015,0.014,1,LOC728554
0.9320866855876517,0.34095012792786417,0.058,0.058,1,CDK9
0.9328134708138577,0.21259009794859907,0.053,0.054,1,CHMP1A
0.9329267222987316,0.18067834079966527,0.044,0.043,1,UTP4
0.9334783956532213,0.34129779717539516,0.211,0.226,1,POLD3
0.9341505111813581,0.1257989567351192,0.026,0.026,1,KATNB1
0.9346264976385819,-0.33583337276356184,0.034,0.035,1,ELOVL6
0.935173151934783,-1.0930238697450099,0.014,0.014,1,ZNF142
0.9355724440966614,-0.7052611740226178,0.014,0.014,1,RRN3P3
0.9362656739372714,-0.31524377566277195,0.015,0.014,1,ANKDD1A
0.9370070741525578,0.41691657741149735,0.061,0.061,1,SUMF1
0.9372616572562881,0.4965368554943652,0.182,0.192,1,RAB11A
0.9378440832092623,0.46953061009082386,0.033,0.034,1,MPI
0.9379611470099484,0.8548802740722623,0.035,0.035,1,CRAMP1
0.9386142036329158,-0.12069374895336793,0.015,0.014,1,ZNF576
0.9386810922355046,0.4232864687634281,0.019,0.019,1,S1PR4
0.9390278291658193,0.13048804499912237,0.019,0.019,1,RP9P
0.9398317512296772,0.15216797130793536,0.385,0.428,1,HSBP1
0.940068109055169,0.25979373922540017,0.019,0.019,1,SPIRE2
0.9401801880572529,-0.34141473326323,0.015,0.014,1,LINC01003
0.9402942074601838,0.24845416830928246,0.101,0.104,1,PATL1
0.9403142899301772,0.6613967139002255,0.048,0.05,1,FAH
0.9405710076780268,0.4930120740372228,0.028,0.029,1,LRRC34
0.9405717205445465,-0.3076930921158092,0.015,0.014,1,SPATA1
0.9412133056636691,0.5459737186758562,0.075,0.077,1,ZXDC
0.9412429231335334,0.35342752183854037,0.207,0.218,1,SDHB
0.9415225843471839,0.25170408620059104,0.225,0.237,1,COPZ1
0.9415637152480357,-0.2557761929220872,0.014,0.014,1,FAM185A
0.9423305453403732,0.4428220536486238,0.02,0.019,1,KIF24
0.9423305453403732,0.9155756894811025,0.02,0.019,1,PLCL1
0.9427623773244354,0.1479232054531785,0.014,0.014,1,TP73-AS1
0.9430138771718175,0.8367234156450287,0.02,0.019,1,DAPK3
0.9433031949776662,0.6346384468243644,0.023,0.024,1,SKIV2L
0.9437616545788148,0.23125346128090474,0.126,0.128,1,CAB39
0.9438271250221171,0.10777216245706311,0.039,0.04,1,COQ5
0.9438833301910634,0.4947566174235418,0.019,0.019,1,ZNF263
0.9439611690394679,0.18462108301688662,0.014,0.014,1,ENDOG
0.9440222725560249,-0.43248003798730794,0.049,0.05,1,P2RX7
0.9440318563411707,0.3640225002231319,0.132,0.139,1,PRPF6
0.9440558003293965,0.23495591207803512,0.092,0.093,1,MAPK9
0.9442403684173342,0.25677074051115634,0.026,0.026,1,SEMA3F-AS1
0.9442403684173342,0.35159658488489676,0.026,0.026,1,SH3GLB2
0.9450434367603181,0.13624567094218198,0.069,0.071,1,LILRB2
0.9451693251369446,0.259333771756014,0.023,0.024,1,ANKS3
0.9454400721641079,0.35316362142010904,0.056,0.056,1,CHIC2
0.9456689382791715,0.2030304412155604,0.241,0.252,1,VCL
0.9458921937227448,0.3589795343956852,0.127,0.133,1,TMEM131
0.945958681675552,-0.5026950325117188,0.02,0.021,1,B4GALT7
0.9459649082484297,0.3417836982803708,0.019,0.019,1,SLC37A1
0.946311874179228,0.39396058877535545,0.019,0.019,1,C11orf80
0.946359130560134,0.36407101197123204,0.014,0.014,1,LINC01347
0.9464850005572614,0.35689808754032537,0.061,0.061,1,TMEM168
0.9467118237265039,0.29762611539820405,0.062,0.062,1,C11orf54
0.9480468552733897,0.5889679112487203,0.019,0.019,1,TTC33
0.9487575781509217,0.7051423474871301,0.014,0.014,1,LSM11
0.9489855016603189,0.2973033341391772,0.203,0.218,1,SUMF2
0.9491093614064209,0.5620050212006333,0.028,0.029,1,CFL2
0.9491338524648303,0.4907066724759268,0.056,0.056,1,MTHFD1L
0.949154722485273,0.34857204464757974,0.131,0.135,1,MPG
0.9497226242900464,0.6498888985223199,0.047,0.048,1,SZT2
0.9497820827514066,0.8227709039837441,0.019,0.019,1,MMP24-AS1
0.9498610966688633,-0.5059028949023459,0.009,0.01,1,LOC145783
0.950129157090916,-0.35383141936353635,0.019,0.019,1,MCAT
0.9503568025485463,0.6273751085902068,0.014,0.014,1,ZNF649
0.9504340598478143,0.3818082445760844,0.102,0.104,1,CYTIP
0.9505498860326381,0.5318808922808884,0.042,0.042,1,PREP
0.9513135464694036,0.6157530609284889,0.078,0.082,1,CLTB
0.9515454478262884,0.15479654142633104,0.061,0.062,1,COG4
0.9518153080825729,-0.45413609143863365,0.009,0.01,1,MFSD13A
0.9518545495864591,0.24456388584762112,0.212,0.221,1,ANKLE2
0.951864669396006,0.7430160644603712,0.019,0.019,1,MICB
0.9521892935330227,-0.13240509444780701,0.52,0.554,1,APOOL
0.9522679735957497,0.5480208484759466,0.035,0.035,1,CSNK1E
0.9529681808976898,0.2307255166910731,0.051,0.051,1,FAM49A
0.9532886670458913,0.29161420624407386,0.065,0.067,1,PMVK
0.9536384989420581,0.10894337743698956,0.178,0.183,1,FADS1
0.9545244835077372,0.3055590181974518,0.15,0.157,1,PDXDC1
0.9545727710692729,0.5046821591345363,0.074,0.077,1,SPINT2
0.9547471649076157,0.8122534231416463,0.009,0.01,1,RNF122
0.9552358683255372,0.4507217195979445,0.009,0.01,1,KBTBD4
0.9552840597839539,0.29454394607111567,0.03,0.03,1,RHOBTB2
0.9556097624297726,0.48684936154423397,0.104,0.107,1,ATXN3
0.9562133254661491,0.2894414388482458,0.009,0.01,1,THAP3
0.9562168556653743,0.6633526212611864,0.066,0.069,1,EPS15L1
0.9564676667878996,0.5798787155014482,0.045,0.045,1,UBE3B
0.9567403183544456,1.1804502344055559,0.013,0.013,1,LDLRAP1
0.9567403183544456,0.9949389368405166,0.013,0.013,1,MFSD9
0.9575552055132913,0.11650781193474058,0.387,0.421,1,ATP6AP2
0.9575754582368087,0.9248736302433436,0.013,0.013,1,LAMC1
0.9576796341883455,0.5694871129587353,0.009,0.01,1,CD209
0.9576796341883455,1.4127582446941762,0.009,0.01,1,MAK
0.9576796341883455,0.544030587623733,0.009,0.01,1,NR2F6
0.9578825636363789,0.17119467381911546,0.025,0.026,1,IFT27
0.9579930456986404,0.4605939000041346,0.013,0.013,1,PUS3
0.9580294927538628,0.4845666464856865,0.19,0.204,1,ZNF281
0.9587748378444286,0.16807027227970184,0.134,0.138,1,ZDHHC5
0.9589152324581186,0.3472854972198336,0.14,0.146,1,KDELC2
0.959026286697508,0.5098794337516028,0.04,0.04,1,GTPBP3
0.9594363801651998,0.1285372555740476,0.254,0.264,1,SRSF1
0.9596349344019319,0.8541158776073976,0.009,0.01,1,TULP3
0.9598165757055247,0.47749710692803005,0.024,0.024,1,FANCG
0.9602634986933118,0.3262717112682987,0.03,0.03,1,LOC100506302
0.9604782738272274,0.25854876806006155,0.145,0.152,1,CASP8
0.9610165432320183,0.26734899615934316,0.12,0.123,1,PBX2
0.9610281854516222,0.2308639157104242,0.088,0.09,1,CHCHD10
0.9612809207153564,0.34293571238425313,0.039,0.04,1,CCAR2
0.9613416297707424,0.3685273392111671,0.2,0.213,1,TNFSF13
0.9613644104690626,0.39029162958323704,0.055,0.056,1,HLA-L
0.9621695354751352,0.4588857082353215,0.013,0.013,1,LOC102723885
0.9624661154100526,0.2445615103025378,0.146,0.151,1,FDFT1
0.9625045322242841,-0.12943446558334593,0.02,0.019,1,ATF5
0.9626954390858691,0.3876500134417249,0.112,0.115,1,NCAPD3
0.9627847635702393,0.608317023963171,0.082,0.085,1,CERS2
0.9634226900957671,0.389869930588544,0.013,0.013,1,LOC286437
0.9634226900957671,0.23551215488750188,0.013,0.013,1,MED18
0.9635200865312153,0.3854646381120097,0.035,0.035,1,LRRC41
0.9646759350774416,0.597714824601197,0.013,0.013,1,CDR2
0.9647434635388881,0.2580986918164456,0.115,0.12,1,NARF
0.9649510364056381,0.44481763745074,0.103,0.106,1,ATP2C1
0.9650945427991472,0.12095410362205172,0.338,0.37,1,KLF4
0.9651928204976226,1.4052580778594956,0.018,0.018,1,LINC01684
0.9653373440990937,-0.13533581896935942,0.026,0.026,1,ZCCHC4
0.9660064500234027,0.2185130990924482,0.047,0.046,1,PKN1
0.9662871602927547,0.4188076967308869,0.045,0.045,1,UGCG
0.9672019977432064,-0.18049844565997608,0.024,0.024,1,FUCA1
0.9673842191916314,0.5498775857357772,0.051,0.053,1,RFXANK
0.9678283828861685,0.12506198233706578,0.109,0.111,1,TRAPPC11
0.9679386257827076,0.21690502856432348,0.04,0.04,1,LIG3
0.9680878783905185,0.27744636569000747,0.172,0.179,1,ARFGAP3
0.9681926468367288,0.28645496061169107,0.124,0.128,1,NFE2L1
0.9685050614874707,0.4702936805952693,0.11,0.114,1,DUSP23
0.9688540312538443,-0.17245192458370884,0.013,0.013,1,STOML1
0.9689212755141731,0.47142895307395616,0.089,0.091,1,DTL
0.969855308244867,0.8548335589685641,0.018,0.018,1,SLC25A17
0.970384426479117,0.16097812984067827,0.11,0.112,1,POP5
0.9705036673565988,0.5623609968425249,0.03,0.03,1,CDC37L1
0.9706224252820742,0.4113694851437789,0.219,0.234,1,RB1CC1
0.9708988546505369,0.1252762902071789,0.089,0.091,1,COPG1
0.9709434071625008,-0.22002264814319794,0.013,0.013,1,APEX2
0.9709619712787338,0.43554278861440654,0.025,0.026,1,PDZD11
0.9711350064074363,0.30837097080913667,0.088,0.09,1,UBAC2
0.971203650158072,0.34501899965976657,0.024,0.024,1,TMEM135
0.9712123234878043,0.3109028247009086,0.165,0.171,1,GLS
0.9712627526628012,0.6059376363507534,0.025,0.026,1,PTGES2
0.9713478161495799,0.239135869277052,0.145,0.152,1,DCAF8
0.9719360212162854,0.36211383106030537,0.044,0.045,1,LYL1
0.9723251602429449,0.22268242675703265,0.029,0.029,1,ELMO2
0.9723663155827544,1.0383308336409995,0.018,0.018,1,NPHP4
0.9724422102911523,0.5292557015460284,0.039,0.04,1,NR2C2AP
0.9724555973417287,0.4062230650131231,0.045,0.045,1,POT1
0.9726745083579917,0.18560397582446697,0.058,0.059,1,SDF2
0.9727090056054778,0.403081808921693,0.105,0.109,1,PTPN7
0.9727189637373828,0.29140476823415984,0.07,0.072,1,IDH3B
0.9731053379963804,0.2379093736034903,0.1,0.103,1,KRIT1
0.9740359223949152,0.34322707548624676,0.046,0.046,1,PPARGC1B
0.9741093949052171,-0.23918128340953704,0.016,0.016,1,ERCC2
0.9742868175005892,-0.1775683412405149,0.013,0.013,1,C1orf53
0.9743366330310034,0.34054377944503933,0.195,0.207,1,COMMD7
0.9748131007850854,0.3821159656755513,0.051,0.051,1,CMTR1
0.9748150699361907,0.36377028958905133,0.129,0.135,1,PSMD11
0.9752091509640803,0.3428024614363645,0.02,0.021,1,ICAM2
0.9755365820968148,0.7730003044849378,0.05,0.051,1,SGSM3
0.9757093384282608,0.1773979254311071,0.102,0.104,1,IPO9
0.9763868092944734,0.24325365215550726,0.318,0.345,1,HUWE1
0.9765059323705771,0.9828094363564346,0.022,0.022,1,TOR4A
0.9768173917498155,0.2988157419256834,0.076,0.077,1,ZNF37BP
0.9769702435586023,0.43534338061026956,0.083,0.085,1,MIEN1
0.9771818151728857,0.29045142769750476,0.104,0.107,1,PHF6
0.9771934026424575,0.306740935274896,0.097,0.099,1,GPSM3
0.9772962311862621,0.5949092521203205,0.034,0.034,1,SYVN1
0.9777479361184916,0.8128307017520671,0.018,0.018,1,SERTAD3
0.9778010007530162,0.10438169275951781,0.042,0.042,1,MBOAT1
0.9780237285062577,0.40317589146331345,0.093,0.096,1,MRPS18B
0.9786838723564735,0.2223549522767963,0.209,0.218,1,SRSF4
0.9791260608881008,0.4887476318852868,0.058,0.059,1,RECQL4
0.9792898194922752,0.9371318456179218,0.062,0.064,1,GMDS
0.9796702891710429,0.2978657251946606,0.041,0.042,1,IFIH1
0.9799008816980693,0.39319326881476613,0.018,0.018,1,MTG2
0.9807788237973964,-0.1500086406222989,0.027,0.027,1,CSF2RB
0.9811380300447663,0.2138161313424028,0.289,0.311,1,GPBP1
0.9812891613877802,-0.23104661985311825,0.016,0.016,1,ZNF275
0.9819248020288716,0.21816151293098862,0.106,0.109,1,KBTBD2
0.9829733580088418,0.24449218522811256,0.075,0.077,1,PRKCA
0.983598417805285,0.2842965539099569,0.074,0.075,1,SMCO4
0.9840424713018896,0.3045338470200525,0.029,0.029,1,TBC1D31
0.9842181453631335,0.25778022669715694,0.057,0.058,1,LATS1
0.9844397323238707,0.14681804056997083,0.084,0.085,1,DYRK4
0.9845326790482621,0.22790048905354254,0.046,0.046,1,PADI4
0.9847636515705814,-0.18566382551164695,0.035,0.035,1,LDAH
0.9850567741115374,0.4452255172210091,0.103,0.107,1,PGRMC1
0.9851870618635747,0.39525610322684646,0.061,0.062,1,ACAD9
0.9855103496778123,0.40402978127225353,0.072,0.074,1,DOT1L
0.9856427431169615,0.3140316832595009,0.018,0.018,1,MFSD12
0.9859823221850573,0.9584936384565301,0.058,0.059,1,TRAPPC6B
0.9860785988053516,0.710192830580239,0.038,0.038,1,AP4S1
0.9864136878262687,0.5987471154820438,0.022,0.022,1,BORCS5
0.986522970526957,0.3421171531923204,0.115,0.119,1,DYNLRB1
0.9865805183316673,0.5181395195055103,0.016,0.016,1,TMEM234
0.9866775665434275,0.3276678015491594,0.046,0.046,1,TRPV2
0.9867723102251942,0.26743353355047983,0.078,0.08,1,YIF1A
0.9867890190767534,0.46896653323178006,0.058,0.059,1,SSBP4
0.9872981532960229,0.3750463452330841,0.043,0.043,1,AIMP2
0.9875401891081964,0.295520039141004,0.045,0.045,1,MYO19
0.9877088307262375,0.2594714382946187,0.183,0.192,1,UBXN1
0.9878526621766962,0.7915910896040161,0.02,0.021,1,CYTH2
0.9882786234866402,0.22787270335594956,0.029,0.029,1,BRAF
0.9883500893002842,0.6778231127407781,0.027,0.027,1,HMCES
0.9884695582050574,0.3619699978244548,0.073,0.074,1,NR2C1
0.9887002157237791,0.1880301195113045,0.235,0.244,1,IL10RB
0.9887622909926038,0.2863768705311551,0.085,0.087,1,KANSL2
0.9888244084678705,0.20145471338771115,0.098,0.099,1,ATIC
0.988909078608492,0.30703291687531653,0.036,0.037,1,ASH1L-AS1
0.988985683681071,-0.5101569680545737,0.011,0.011,1,TRAF2
0.9891120819495148,0.10480738300753845,0.097,0.099,1,NOSIP
0.9891804257995882,0.29362927836388764,0.041,0.042,1,ZNFX1
0.9892237773198818,0.588320043514797,0.027,0.027,1,NKAPP1
0.9892264327388582,0.3510440405815949,0.016,0.016,1,AMY2B
0.9893697372682738,0.24135650198306519,0.336,0.359,1,C6orf48
0.9901821570791977,1.049296126202902,0.02,0.021,1,SMPD1
0.9902373160387361,0.35321055103137505,0.182,0.188,1,TNKS2
0.9903343048955007,1.3722704852879666,0.011,0.011,1,FLJ23867
0.9906484279292969,0.405318617111053,0.073,0.074,1,PRKRA
0.9910153014086387,0.4584733116197488,0.086,0.088,1,FAM122B
0.9913031602283027,0.34991480474332487,0.214,0.231,1,ETFB
0.9915394198766986,0.26627754042012275,0.094,0.096,1,ZMAT1
0.9916829537274348,-0.6660826001504834,0.011,0.011,1,INAFM1
0.991758681950327,0.142142565609103,0.35,0.38,1,ADAM10
0.9918676960283277,1.0252582638865073,0.034,0.035,1,LHPP
0.9922172878824221,0.7606143196902431,0.048,0.05,1,PLEKHA5
0.9922493129768802,0.5011011941284025,0.055,0.056,1,PPP1R11
0.992772193968956,0.1745970437744495,0.084,0.085,1,STRBP
0.9929500962725281,0.2415988874598627,0.093,0.095,1,CEP162
0.993319033886805,0.1228783636637436,0.052,0.053,1,BBIP1
0.9934811884707759,0.19560967861773904,0.011,0.011,1,POC1B-AS1
0.9942066758510254,0.5403163158256241,0.032,0.032,1,CIC
0.9947573916226221,0.63560649554039506,0.027,0.027,1,USP19
0.994829886758724,0.6944037107072143,0.011,0.011,1,LPP-AS2
0.9948966110122088,1.0598126988684227,0.016,0.016,1,IL17RC
0.9950447844095917,0.1289682736343165,0.022,0.022,1,CCDC71L
0.9952794563278834,-0.1857184611239493,0.011,0.011,1,PSD3
0.9957290273957518,0.7192917523353799,0.011,0.011,1,PGBD4
0.9958385166115148,0.6889892682900669,0.041,0.042,1,WASL
0.9966341536448541,0.3238976086618899,0.177,0.184,1,FGR
0.9966397830502076,0.20500723177139513,0.057,0.058,1,HIBADH
0.9967961693253763,-0.2668623573505422,0.027,0.027,1,C6orf226
0.9970644187849195,0.5172673338192011,0.046,0.046,1,C19orf24
0.997525871320219,0.38091922176300885,0.134,0.139,1,TATDN1
0.9975273237996989,0.6325125427421643,0.011,0.011,1,C2orf27A
0.9976023032324547,0.3499720268291453,0.022,0.022,1,ZNF260
0.9984264772828942,0.2370761666920682,0.011,0.011,1,LINC00921
0.9984264772828942,0.48939313511622284,0.011,0.011,1,LINC01588
0.9984264772828942,0.8715647592785727,0.011,0.011,1,TMEM185A
0.998823626218175,0.3630193055556523,0.1,0.103,1,FAM20B
0.9988760548452259,0.501044013023006,0.011,0.011,1,ANGEL1
0.9988760548452259,-0.17270942742854434,0.011,0.011,1,MGC72080-ASNS
0.9988760548452259,0.4590172661370291,0.011,0.011,1,NLRX1
0.9990299329832341,0.45076863076535156,0.05,0.051,1,TOLLIP
0.9990474891234277,0.1314501394531552,0.414,0.458,1,GHITM
0.9997752108976768,0.33218885633888906,0.011,0.011,1,ZNF319
