NAME	GS<br> follow link to MSigDB	GS DETAILS	SIZE	ES	NES	NOM p-val	FDR q-val	FWER p-val	RANK AT MAX	LEADING EDGE	
GOBP_EXTRACELLULAR_MATRIX_DISASSEMBLY	GOBP_EXTRACELLULAR_MATRIX_DISASSEMBLY	Details ...	24	-0.8559374	-1.8832417	0.0	1.0	0.768	516	tags=21%, list=5%, signal=22%	
GOBP_POSITIVE_REGULATION_OF_MIRNA_METABOLIC_PROCESS	GOBP_POSITIVE_REGULATION_OF_MIRNA_METABOLIC_PROCESS	Details ...	32	-0.83728176	-1.8607479	0.003816794	1.0	0.9	277	tags=13%, list=3%, signal=13%	
HP_GINGIVITIS	HP_GINGIVITIS	Details ...	22	-0.8640016	-1.8362738	0.010676157	1.0	0.972	533	tags=45%, list=5%, signal=48%	
GOCC_PHAGOPHORE_ASSEMBLY_SITE	GOCC_PHAGOPHORE_ASSEMBLY_SITE	Details ...	29	-0.79602885	-1.7997912	0.011952192	1.0	0.998	449	tags=17%, list=4%, signal=18%	
HP_GINGIVAL_BLEEDING	HP_GINGIVAL_BLEEDING	Details ...	30	-0.8094559	-1.789086	0.007168459	1.0	0.999	566	tags=30%, list=5%, signal=32%	
HP_XANTHOMATOSIS	HP_XANTHOMATOSIS	Details ...	17	-0.8388039	-1.7767386	0.013559322	1.0	1.0	629	tags=35%, list=6%, signal=37%	
HP_ABNORMALITY_OF_COMPLEMENT_SYSTEM	HP_ABNORMALITY_OF_COMPLEMENT_SYSTEM	Details ...	30	-0.8024527	-1.7736424	0.0	1.0	1.0	420	tags=23%, list=4%, signal=24%	
GOBP_INTEGRATED_STRESS_RESPONSE_SIGNALING	GOBP_INTEGRATED_STRESS_RESPONSE_SIGNALING	Details ...	46	-0.7527867	-1.7510202	0.010791367	1.0	1.0	221	tags=13%, list=2%, signal=13%	
GOBP_NEURON_PROJECTION_REGENERATION	GOBP_NEURON_PROJECTION_REGENERATION	Details ...	24	-0.77604747	-1.7370936	0.018726591	1.0	1.0	93	tags=8%, list=1%, signal=8%	
GOBP_SPLEEN_DEVELOPMENT	GOBP_SPLEEN_DEVELOPMENT	Details ...	28	-0.7699943	-1.7359977	0.013651877	1.0	1.0	597	tags=32%, list=6%, signal=34%	
GOMF_R_SMAD_BINDING	GOMF_R_SMAD_BINDING	Details ...	20	-0.84853363	-1.733002	0.009803922	1.0	1.0	87	tags=10%, list=1%, signal=10%	
GOMF_CHEMOKINE_RECEPTOR_BINDING	GOMF_CHEMOKINE_RECEPTOR_BINDING	Details ...	16	-0.81663734	-1.7327701	0.028673835	1.0	1.0	120	tags=25%, list=1%, signal=25%	
GOBP_EMBRYONIC_SKELETAL_SYSTEM_MORPHOGENESIS	GOBP_EMBRYONIC_SKELETAL_SYSTEM_MORPHOGENESIS	Details ...	36	-0.77854145	-1.7315584	0.01953125	1.0	1.0	556	tags=33%, list=5%, signal=35%	
GOCC_MICROBODY_LUMEN	GOCC_MICROBODY_LUMEN	Details ...	32	-0.76062965	-1.7304689	0.0034602077	1.0	1.0	691	tags=19%, list=7%, signal=20%	
GOMF_INTRAMEMBRANE_LIPID_TRANSPORTER_ACTIVITY	GOMF_INTRAMEMBRANE_LIPID_TRANSPORTER_ACTIVITY	Details ...	28	-0.7843036	-1.7236252	0.010600707	1.0	1.0	497	tags=21%, list=5%, signal=22%	
HP_HYPERURICEMIA	HP_HYPERURICEMIA	Details ...	15	-0.8368345	-1.7222278	0.017123288	1.0	1.0	23	tags=7%, list=0%, signal=7%	
GOBP_SENSORY_SYSTEM_DEVELOPMENT	GOBP_SENSORY_SYSTEM_DEVELOPMENT	Details ...	161	-0.6146981	-1.7220737	0.0	1.0	1.0	591	tags=16%, list=6%, signal=16%	
GOBP_GRANULOCYTE_ACTIVATION	GOBP_GRANULOCYTE_ACTIVATION	Details ...	30	-0.7663811	-1.7191957	0.014869888	1.0	1.0	340	tags=27%, list=3%, signal=27%	
GOBP_CALCIUM_ION_IMPORT	GOBP_CALCIUM_ION_IMPORT	Details ...	25	-0.77008224	-1.7187096	0.022058824	1.0	1.0	480	tags=20%, list=5%, signal=21%	
GOBP_LYSOSOMAL_LUMEN_ACIDIFICATION	GOBP_LYSOSOMAL_LUMEN_ACIDIFICATION	Details ...	18	-0.8088389	-1.7110249	0.026936026	1.0	1.0	703	tags=28%, list=7%, signal=30%	
GOBP_LIPID_TRANSLOCATION	GOBP_LIPID_TRANSLOCATION		34	-0.7684112	-1.7107127	0.003875969	1.0	1.0	497	tags=21%, list=5%, signal=22%	
GOBP_RETINA_DEVELOPMENT_IN_CAMERA_TYPE_EYE	GOBP_RETINA_DEVELOPMENT_IN_CAMERA_TYPE_EYE		65	-0.7013726	-1.7080946	0.007633588	1.0	1.0	332	tags=12%, list=3%, signal=13%	
GOCC_LYSOSOMAL_LUMEN	GOCC_LYSOSOMAL_LUMEN		54	-0.71854186	-1.7002212	0.0046948357	1.0	1.0	534	tags=31%, list=5%, signal=33%	
GOBP_RESPONSE_TO_AXON_INJURY	GOBP_RESPONSE_TO_AXON_INJURY		32	-0.7444207	-1.6995143	0.011764706	1.0	1.0	93	tags=9%, list=1%, signal=9%	
GOMF_PHOSPHATIDYLINOSITOL_3_4_BISPHOSPHATE_BINDING	GOMF_PHOSPHATIDYLINOSITOL_3_4_BISPHOSPHATE_BINDING		15	-0.8208936	-1.6983887	0.03202847	1.0	1.0	563	tags=27%, list=5%, signal=28%	
HP_SECONDARY_AMENORRHEA	HP_SECONDARY_AMENORRHEA		39	-0.7329105	-1.6973728	0.011278195	1.0	1.0	345	tags=15%, list=3%, signal=16%	
GOBP_RESPIRATORY_SYSTEM_PROCESS	GOBP_RESPIRATORY_SYSTEM_PROCESS		22	-0.7738844	-1.6965601	0.03717472	1.0	1.0	322	tags=27%, list=3%, signal=28%	
GOBP_OLIGOSACCHARIDE_METABOLIC_PROCESS	GOBP_OLIGOSACCHARIDE_METABOLIC_PROCESS		30	-0.7490205	-1.6938478	0.02631579	1.0	1.0	247	tags=13%, list=2%, signal=14%	
HP_TEMPORAL_CORTICAL_ATROPHY	HP_TEMPORAL_CORTICAL_ATROPHY		18	-0.8032743	-1.693735	0.038596492	1.0	1.0	93	tags=17%, list=1%, signal=17%	
GOBP_REGULATION_OF_T_CELL_APOPTOTIC_PROCESS	GOBP_REGULATION_OF_T_CELL_APOPTOTIC_PROCESS		17	-0.7971128	-1.6908934	0.04659498	1.0	1.0	277	tags=18%, list=3%, signal=18%	
GOBP_NEGATIVE_REGULATION_OF_BIOMINERAL_TISSUE_DEVELOPMENT	GOBP_NEGATIVE_REGULATION_OF_BIOMINERAL_TISSUE_DEVELOPMENT		15	-0.84214026	-1.6805726	0.024221454	1.0	1.0	341	tags=20%, list=3%, signal=21%	
GOBP_PROSTATE_GLAND_DEVELOPMENT	GOBP_PROSTATE_GLAND_DEVELOPMENT		24	-0.78928727	-1.6772639	0.026402641	1.0	1.0	281	tags=25%, list=3%, signal=26%	
GOBP_PERK_MEDIATED_UNFOLDED_PROTEIN_RESPONSE	GOBP_PERK_MEDIATED_UNFOLDED_PROTEIN_RESPONSE		20	-0.8282837	-1.6772386	0.023529412	1.0	1.0	221	tags=20%, list=2%, signal=20%	
GOBP_COMPLEMENT_ACTIVATION	GOBP_COMPLEMENT_ACTIVATION		17	-0.81216496	-1.6747074	0.042207792	1.0	1.0	420	tags=29%, list=4%, signal=31%	
GOBP_OUTFLOW_TRACT_MORPHOGENESIS	GOBP_OUTFLOW_TRACT_MORPHOGENESIS		30	-0.7248135	-1.6744615	0.033333335	1.0	1.0	458	tags=20%, list=4%, signal=21%	
HP_ACQUIRED_ABNORMAL_HAIR_PATTERN	HP_ACQUIRED_ABNORMAL_HAIR_PATTERN		16	-0.8098361	-1.6681193	0.030201342	1.0	1.0	607	tags=25%, list=6%, signal=27%	
HP_SHORT_CLAVICLES	HP_SHORT_CLAVICLES		21	-0.7775244	-1.6680654	0.0072727273	1.0	1.0	117	tags=10%, list=1%, signal=10%	
GOBP_PROTEIN_LOCALIZATION_TO_ENDOPLASMIC_RETICULUM	GOBP_PROTEIN_LOCALIZATION_TO_ENDOPLASMIC_RETICULUM		22	-0.7958753	-1.6661369	0.024054984	1.0	1.0	75	tags=14%, list=1%, signal=14%	
GOBP_REGULATION_OF_LEUKOCYTE_ADHESION_TO_VASCULAR_ENDOTHELIAL_CELL	GOBP_REGULATION_OF_LEUKOCYTE_ADHESION_TO_VASCULAR_ENDOTHELIAL_CELL		16	-0.8265534	-1.665712	0.029220778	1.0	1.0	223	tags=25%, list=2%, signal=26%	
GOBP_REGULATION_OF_MEMBRANE_LIPID_DISTRIBUTION	GOBP_REGULATION_OF_MEMBRANE_LIPID_DISTRIBUTION		38	-0.74111164	-1.6619155	0.03816794	1.0	1.0	497	tags=18%, list=5%, signal=19%	
HP_HYPERCHOLESTEROLEMIA	HP_HYPERCHOLESTEROLEMIA		34	-0.7388858	-1.6587391	0.008230452	1.0	1.0	873	tags=32%, list=8%, signal=35%	
GOBP_VACUOLE_ORGANIZATION	GOBP_VACUOLE_ORGANIZATION		189	-0.5706164	-1.6563396	0.0	1.0	1.0	1004	tags=23%, list=10%, signal=25%	
GOMF_AMINO_ACID_BINDING	GOMF_AMINO_ACID_BINDING		16	-0.7950844	-1.651575	0.05263158	1.0	1.0	19	tags=6%, list=0%, signal=6%	
GOBP_SECRETORY_GRANULE_ORGANIZATION	GOBP_SECRETORY_GRANULE_ORGANIZATION		45	-0.71850526	-1.6513315	0.016129032	1.0	1.0	79	tags=4%, list=1%, signal=4%	
GOBP_EMBRYONIC_SKELETAL_SYSTEM_DEVELOPMENT	GOBP_EMBRYONIC_SKELETAL_SYSTEM_DEVELOPMENT		48	-0.7137907	-1.6484259	0.007843138	1.0	1.0	556	tags=27%, list=5%, signal=28%	
GOBP_CEREBELLAR_PURKINJE_CELL_LAYER_DEVELOPMENT	GOBP_CEREBELLAR_PURKINJE_CELL_LAYER_DEVELOPMENT		17	-0.78477174	-1.6474999	0.045901638	1.0	1.0	332	tags=12%, list=3%, signal=12%	
GOBP_UROGENITAL_SYSTEM_DEVELOPMENT	GOBP_UROGENITAL_SYSTEM_DEVELOPMENT		27	-0.76482075	-1.647463	0.022222223	1.0	1.0	281	tags=22%, list=3%, signal=23%	
GOBP_STRIATED_MUSCLE_ADAPTATION	GOBP_STRIATED_MUSCLE_ADAPTATION		15	-0.79502296	-1.6466829	0.045454547	1.0	1.0	629	tags=27%, list=6%, signal=28%	
HP_MITRAL_STENOSIS	HP_MITRAL_STENOSIS		17	-0.79029614	-1.6417091	0.05204461	1.0	1.0	119	tags=12%, list=1%, signal=12%	
HP_ABNORMALITY_OF_LIPOPROTEIN_CHOLESTEROL_CONCENTRATION	HP_ABNORMALITY_OF_LIPOPROTEIN_CHOLESTEROL_CONCENTRATION		45	-0.7199967	-1.6391814	0.0043668123	1.0	1.0	629	tags=18%, list=6%, signal=19%	
GOBP_EMBRYO_IMPLANTATION	GOBP_EMBRYO_IMPLANTATION		30	-0.71427673	-1.6322335	0.05147059	1.0	1.0	286	tags=17%, list=3%, signal=17%	
GOMF_ATPASE_COUPLED_INTRAMEMBRANE_LIPID_TRANSPORTER_ACTIVITY	GOMF_ATPASE_COUPLED_INTRAMEMBRANE_LIPID_TRANSPORTER_ACTIVITY		15	-0.7808583	-1.6303759	0.069536425	1.0	1.0	967	tags=40%, list=9%, signal=44%	
GOBP_NEGATIVE_REGULATION_OF_BINDING	GOBP_NEGATIVE_REGULATION_OF_BINDING		27	-0.75562465	-1.6265228	0.037037037	1.0	1.0	70	tags=7%, list=1%, signal=7%	
GOBP_MAINTENANCE_OF_PROTEIN_LOCATION	GOBP_MAINTENANCE_OF_PROTEIN_LOCATION		44	-0.69128865	-1.6258341	0.03065134	1.0	1.0	307	tags=9%, list=3%, signal=9%	
GOBP_LEUKOCYTE_MEDIATED_CYTOTOXICITY	GOBP_LEUKOCYTE_MEDIATED_CYTOTOXICITY		85	-0.6341998	-1.625592	0.013636364	1.0	1.0	514	tags=19%, list=5%, signal=20%	
HP_MALE_HYPOGONADISM	HP_MALE_HYPOGONADISM		24	-0.7593922	-1.6247466	0.037037037	1.0	1.0	143	tags=13%, list=1%, signal=13%	
HP_HAND_TREMOR	HP_HAND_TREMOR		24	-0.7586767	-1.6233717	0.06569343	1.0	1.0	13	tags=4%, list=0%, signal=4%	
HP_ABNORMAL_LDL_CHOLESTEROL_CONCENTRATION	HP_ABNORMAL_LDL_CHOLESTEROL_CONCENTRATION		19	-0.77975416	-1.6202325	0.05357143	1.0	1.0	353	tags=16%, list=3%, signal=16%	
HP_HYPOLIPOPROTEINEMIA	HP_HYPOLIPOPROTEINEMIA		37	-0.7305974	-1.6182429	0.025	1.0	1.0	629	tags=16%, list=6%, signal=17%	
GOBP_PLASMA_MEMBRANE_PHOSPHOLIPID_SCRAMBLING	GOBP_PLASMA_MEMBRANE_PHOSPHOLIPID_SCRAMBLING		16	-0.78362614	-1.615634	0.039855074	1.0	1.0	324	tags=13%, list=3%, signal=13%	
HP_POSITIVE_ROMBERG_SIGN	HP_POSITIVE_ROMBERG_SIGN		20	-0.78750384	-1.614799	0.047272727	1.0	1.0	150	tags=10%, list=1%, signal=10%	
HP_ABNORMAL_CIRCULATING_CHOLESTEROL_CONCENTRATION	HP_ABNORMAL_CIRCULATING_CHOLESTEROL_CONCENTRATION		81	-0.6354485	-1.6146452	0.009345794	1.0	1.0	873	tags=20%, list=8%, signal=21%	
HP_ABNORMAL_SEXUAL_BEHAVIOR	HP_ABNORMAL_SEXUAL_BEHAVIOR		24	-0.76189226	-1.6141053	0.04195804	1.0	1.0	143	tags=21%, list=1%, signal=21%	
GOBP_PATTERN_SPECIFICATION_PROCESS	GOBP_PATTERN_SPECIFICATION_PROCESS		180	-0.56258196	-1.6121799	0.0	1.0	1.0	556	tags=16%, list=5%, signal=16%	
HP_DOWN_SLOPING_SHOULDERS	HP_DOWN_SLOPING_SHOULDERS		23	-0.7520751	-1.610473	0.035842296	1.0	1.0	339	tags=17%, list=3%, signal=18%	
GOCC_AUTOPHAGOSOME	GOCC_AUTOPHAGOSOME		98	-0.6177511	-1.6102475	0.004219409	0.9976808	1.0	568	tags=14%, list=5%, signal=15%	
GOBP_HOMOPHILIC_CELL_CELL_ADHESION	GOBP_HOMOPHILIC_CELL_CELL_ADHESION		22	-0.76650256	-1.609548	0.054347824	0.98739403	1.0	286	tags=14%, list=3%, signal=14%	
HP_ARTERIOSCLEROSIS	HP_ARTERIOSCLEROSIS		47	-0.7027019	-1.6070093	0.028169014	0.9900697	1.0	497	tags=11%, list=5%, signal=11%	
HP_ABNORMAL_GLOBUS_PALLIDUS_MORPHOLOGY	HP_ABNORMAL_GLOBUS_PALLIDUS_MORPHOLOGY		20	-0.7693559	-1.6052583	0.044609666	0.98775905	1.0	472	tags=15%, list=5%, signal=16%	
GOBP_LIPOPROTEIN_LOCALIZATION	GOBP_LIPOPROTEIN_LOCALIZATION		18	-0.77175426	-1.6049081	0.057761732	0.9761965	1.0	187	tags=11%, list=2%, signal=11%	
HP_APLASIA_HYPOPLASIA_OF_THE_CLAVICLES	HP_APLASIA_HYPOPLASIA_OF_THE_CLAVICLES		34	-0.69819534	-1.60429	0.04489796	0.9665181	1.0	117	tags=9%, list=1%, signal=9%	
GOMF_SMAD_BINDING	GOMF_SMAD_BINDING		50	-0.6770305	-1.6037545	0.028455285	0.956699	1.0	193	tags=10%, list=2%, signal=10%	
GOBP_CELL_KILLING	GOBP_CELL_KILLING		113	-0.60670817	-1.6010599	0.010050251	0.9620736	1.0	514	tags=19%, list=5%, signal=19%	
HP_PREMATURE_LOSS_OF_TEETH	HP_PREMATURE_LOSS_OF_TEETH		31	-0.7089006	-1.6009178	0.046511628	0.9500743	1.0	144	tags=10%, list=1%, signal=10%	
HP_ABNORMAL_MUSCLE_FIBER_PROTEIN_EXPRESSION	HP_ABNORMAL_MUSCLE_FIBER_PROTEIN_EXPRESSION		19	-0.78256494	-1.5969105	0.0729927	0.9617283	1.0	23	tags=5%, list=0%, signal=5%	
GOBP_NEGATIVE_REGULATION_OF_T_CELL_RECEPTOR_SIGNALING_PATHWAY	GOBP_NEGATIVE_REGULATION_OF_T_CELL_RECEPTOR_SIGNALING_PATHWAY		23	-0.73819053	-1.5947146	0.06692913	0.9628763	1.0	379	tags=26%, list=4%, signal=27%	
HP_DECREASED_SPECIFIC_ANTIBODY_RESPONSE_TO_VACCINATION	HP_DECREASED_SPECIFIC_ANTIBODY_RESPONSE_TO_VACCINATION		22	-0.7676203	-1.5938525	0.041353382	0.9558507	1.0	379	tags=14%, list=4%, signal=14%	
HP_MENINGIOMA	HP_MENINGIOMA		29	-0.71328604	-1.5931588	0.03125	0.94791186	1.0	142	tags=10%, list=1%, signal=10%	
GOBP_NEGATIVE_REGULATION_OF_ANTIGEN_RECEPTOR_MEDIATED_SIGNALING_PATHWAY	GOBP_NEGATIVE_REGULATION_OF_ANTIGEN_RECEPTOR_MEDIATED_SIGNALING_PATHWAY		27	-0.7133154	-1.5923761	0.055762082	0.9410216	1.0	379	tags=22%, list=4%, signal=23%	
GOBP_POSITIVE_REGULATION_OF_T_CELL_MEDIATED_CYTOTOXICITY	GOBP_POSITIVE_REGULATION_OF_T_CELL_MEDIATED_CYTOTOXICITY		17	-0.77333707	-1.5900391	0.044728436	0.9445751	1.0	179	tags=24%, list=2%, signal=24%	
HP_ORAL_ULCER	HP_ORAL_ULCER		46	-0.6931827	-1.5889697	0.036144577	0.9392731	1.0	471	tags=24%, list=5%, signal=25%	
GOBP_NEGATIVE_REGULATION_OF_ENDOPLASMIC_RETICULUM_UNFOLDED_PROTEIN_RESPONSE	GOBP_NEGATIVE_REGULATION_OF_ENDOPLASMIC_RETICULUM_UNFOLDED_PROTEIN_RESPONSE		17	-0.7814596	-1.5866505	0.07857143	0.9424684	1.0	266	tags=24%, list=3%, signal=24%	
GOBP_ANTERIOR_POSTERIOR_PATTERN_SPECIFICATION	GOBP_ANTERIOR_POSTERIOR_PATTERN_SPECIFICATION		88	-0.6115128	-1.5863422	0.008583691	0.9331183	1.0	556	tags=22%, list=5%, signal=23%	
HP_PERIODONTITIS	HP_PERIODONTITIS		27	-0.7039161	-1.5853845	0.040441178	0.9272976	1.0	174	tags=15%, list=2%, signal=15%	
GOBP_POSITIVE_REGULATION_OF_REPRODUCTIVE_PROCESS	GOBP_POSITIVE_REGULATION_OF_REPRODUCTIVE_PROCESS		26	-0.71887535	-1.5853709	0.048507463	0.9164517	1.0	39	tags=8%, list=0%, signal=8%	
GOBP_HINDBRAIN_MORPHOGENESIS	GOBP_HINDBRAIN_MORPHOGENESIS		21	-0.7213521	-1.5835109	0.06007067	0.9165444	1.0	332	tags=10%, list=3%, signal=10%	
HP_DECREASED_CIRCULATING_ANDROGEN_CONCENTRATION	HP_DECREASED_CIRCULATING_ANDROGEN_CONCENTRATION		29	-0.7358182	-1.583482	0.02811245	0.9062147	1.0	143	tags=14%, list=1%, signal=14%	
HP_ABNORMAL_INTRAHEPATIC_BILE_DUCT_MORPHOLOGY	HP_ABNORMAL_INTRAHEPATIC_BILE_DUCT_MORPHOLOGY		21	-0.7473198	-1.578251	0.06329114	0.92644477	1.0	458	tags=10%, list=4%, signal=10%	
GOBP_CHOLESTEROL_STORAGE	GOBP_CHOLESTEROL_STORAGE		18	-0.7449565	-1.5776246	0.07509881	0.92003226	1.0	1043	tags=50%, list=10%, signal=55%	
HP_NARROW_NOSE	HP_NARROW_NOSE		16	-0.7795036	-1.5770565	0.081560284	0.9131473	1.0	76	tags=19%, list=1%, signal=19%	
GOBP_CELLULAR_RESPONSE_TO_CALCIUM_ION	GOBP_CELLULAR_RESPONSE_TO_CALCIUM_ION		35	-0.69040406	-1.5740458	0.03937008	0.9204315	1.0	439	tags=17%, list=4%, signal=18%	
GOCC_GERM_CELL_NUCLEUS	GOCC_GERM_CELL_NUCLEUS		18	-0.7853675	-1.5706989	0.07638889	0.9303652	1.0	5	tags=6%, list=0%, signal=6%	
HP_ARTERIAL_STENOSIS	HP_ARTERIAL_STENOSIS		53	-0.6437328	-1.5681208	0.012244898	0.9351725	1.0	629	tags=13%, list=6%, signal=14%	
HP_SQUAMOUS_CELL_CARCINOMA_OF_THE_SKIN	HP_SQUAMOUS_CELL_CARCINOMA_OF_THE_SKIN		15	-0.7474419	-1.5654802	0.07692308	0.9411924	1.0	448	tags=13%, list=4%, signal=14%	
HP_ANOSMIA	HP_ANOSMIA		16	-0.755496	-1.5650445	0.05319149	0.9342473	1.0	409	tags=25%, list=4%, signal=26%	
GOMF_HYDROLASE_ACTIVITY_ACTING_ON_CARBON_NITROGEN_BUT_NOT_PEPTIDE_BONDS_IN_LINEAR_AMIDES	GOMF_HYDROLASE_ACTIVITY_ACTING_ON_CARBON_NITROGEN_BUT_NOT_PEPTIDE_BONDS_IN_LINEAR_AMIDES		36	-0.68992126	-1.5642262	0.046692606	0.92941725	1.0	8	tags=3%, list=0%, signal=3%	
GOBP_PROTEIN_PROCESSING	GOBP_PROTEIN_PROCESSING		131	-0.57452524	-1.560123	0.0	0.94325703	1.0	400	tags=8%, list=4%, signal=9%	
HP_ABNORMAL_ANKLE_PHYSIOLOGY	HP_ABNORMAL_ANKLE_PHYSIOLOGY		46	-0.648372	-1.5597359	0.038610037	0.93617696	1.0	872	tags=15%, list=8%, signal=17%	
GOBP_NEGATIVE_REGULATION_OF_OSSIFICATION	GOBP_NEGATIVE_REGULATION_OF_OSSIFICATION		20	-0.74044764	-1.5597187	0.06761566	0.9267908	1.0	341	tags=15%, list=3%, signal=15%	
GOBP_MAINTENANCE_OF_PROTEIN_LOCALIZATION_IN_ORGANELLE	GOBP_MAINTENANCE_OF_PROTEIN_LOCALIZATION_IN_ORGANELLE		31	-0.69549394	-1.5591476	0.057251908	0.920988	1.0	12	tags=3%, list=0%, signal=3%	
GOBP_NEGATIVE_REGULATION_OF_TORC1_SIGNALING	GOBP_NEGATIVE_REGULATION_OF_TORC1_SIGNALING		37	-0.67341536	-1.5581759	0.06130268	0.91704166	1.0	1020	tags=19%, list=10%, signal=21%	
GOMF_ENDOPEPTIDASE_ACTIVITY	GOMF_ENDOPEPTIDASE_ACTIVITY		151	-0.5502206	-1.5578125	0.0	0.9100252	1.0	566	tags=11%, list=5%, signal=12%	
GOBP_RESPONSE_TO_FATTY_ACID	GOBP_RESPONSE_TO_FATTY_ACID		28	-0.70325845	-1.5570823	0.060728744	0.9053299	1.0	439	tags=18%, list=4%, signal=19%	
GOBP_REGULATION_OF_MIRNA_METABOLIC_PROCESS	GOBP_REGULATION_OF_MIRNA_METABOLIC_PROCESS		44	-0.6519555	-1.5568703	0.040983606	0.8977408	1.0	87	tags=9%, list=1%, signal=9%	
HP_ABNORMAL_OVARIAN_PHYSIOLOGY	HP_ABNORMAL_OVARIAN_PHYSIOLOGY		55	-0.6579698	-1.5513104	0.015748031	0.9193866	1.0	241	tags=9%, list=2%, signal=9%	
GOBP_REGULATION_OF_ATP_DEPENDENT_ACTIVITY	GOBP_REGULATION_OF_ATP_DEPENDENT_ACTIVITY		20	-0.71684897	-1.5502166	0.07638889	0.9166077	1.0	200	tags=10%, list=2%, signal=10%	
HP_ABNORMAL_RENAL_VASCULAR_MORPHOLOGY	HP_ABNORMAL_RENAL_VASCULAR_MORPHOLOGY		21	-0.7263941	-1.5497243	0.06153846	0.9108812	1.0	458	tags=14%, list=4%, signal=15%	
HP_ABNORMALITY_OF_THE_UMBILICAL_CORD	HP_ABNORMALITY_OF_THE_UMBILICAL_CORD		38	-0.6833366	-1.5478837	0.035433073	0.9124574	1.0	311	tags=11%, list=3%, signal=11%	
GOBP_SIGNALING_RECEPTOR_LIGAND_PRECURSOR_PROCESSING	GOBP_SIGNALING_RECEPTOR_LIGAND_PRECURSOR_PROCESSING		21	-0.7512017	-1.5476693	0.06324111	0.9050785	1.0	400	tags=14%, list=4%, signal=15%	
GOBP_NK_T_CELL_ACTIVATION	GOBP_NK_T_CELL_ACTIVATION		15	-0.749791	-1.5474042	0.07553957	0.8984197	1.0	302	tags=13%, list=3%, signal=14%	
GOBP_SKELETAL_SYSTEM_MORPHOGENESIS	GOBP_SKELETAL_SYSTEM_MORPHOGENESIS		96	-0.5893505	-1.5448105	0.025510205	0.9037527	1.0	567	tags=19%, list=5%, signal=20%	
HP_ABNORMAL_SHARPEY_FIBER_MORPHOLOGY	HP_ABNORMAL_SHARPEY_FIBER_MORPHOLOGY		15	-0.7768986	-1.5439892	0.0852459	0.9001618	1.0	315	tags=20%, list=3%, signal=21%	
HP_NEUROENDOCRINE_NEOPLASM	HP_NEUROENDOCRINE_NEOPLASM		24	-0.722491	-1.5434679	0.06462585	0.8948135	1.0	142	tags=8%, list=1%, signal=8%	
GOBP_CELL_CELL_ADHESION_MEDIATED_BY_INTEGRIN	GOBP_CELL_CELL_ADHESION_MEDIATED_BY_INTEGRIN		18	-0.76021135	-1.5434345	0.073529415	0.8871333	1.0	523	tags=33%, list=5%, signal=35%	
GOBP_DISRUPTION_OF_ANATOMICAL_STRUCTURE_IN_ANOTHER_ORGANISM	GOBP_DISRUPTION_OF_ANATOMICAL_STRUCTURE_IN_ANOTHER_ORGANISM		36	-0.6705228	-1.5396527	0.055776894	0.8985883	1.0	339	tags=19%, list=3%, signal=20%	
GOBP_REGULATION_OF_T_CELL_RECEPTOR_SIGNALING_PATHWAY	GOBP_REGULATION_OF_T_CELL_RECEPTOR_SIGNALING_PATHWAY		40	-0.6635697	-1.5385803	0.043824703	0.89625657	1.0	480	tags=23%, list=5%, signal=23%	
GOMF_DNA_BINDING_TRANSCRIPTION_ACTIVATOR_ACTIVITY	GOMF_DNA_BINDING_TRANSCRIPTION_ACTIVATOR_ACTIVITY		199	-0.531361	-1.5378841	0.0	0.8922981	1.0	649	tags=14%, list=6%, signal=15%	
HP_NEOPLASM_OF_THE_RESPIRATORY_SYSTEM	HP_NEOPLASM_OF_THE_RESPIRATORY_SYSTEM		44	-0.65144897	-1.5366032	0.054054055	0.8917621	1.0	172	tags=9%, list=2%, signal=9%	
GOCC_EXTERNAL_ENCAPSULATING_STRUCTURE	GOCC_EXTERNAL_ENCAPSULATING_STRUCTURE		122	-0.56721634	-1.5335137	0.011363637	0.90065116	1.0	464	tags=21%, list=4%, signal=22%	
HP_HYPERTRIGLYCERIDEMIA	HP_HYPERTRIGLYCERIDEMIA		77	-0.6072603	-1.5308667	0.036363635	0.9068141	1.0	950	tags=17%, list=9%, signal=18%	
GOBP_REGULATION_OF_RELEASE_OF_CYTOCHROME_C_FROM_MITOCHONDRIA	GOBP_REGULATION_OF_RELEASE_OF_CYTOCHROME_C_FROM_MITOCHONDRIA		31	-0.69286615	-1.5226892	0.052419353	0.94143623	1.0	673	tags=23%, list=6%, signal=24%	
GOBP_DITERPENOID_METABOLIC_PROCESS	GOBP_DITERPENOID_METABOLIC_PROCESS		36	-0.6468864	-1.5226306	0.08196721	0.9340259	1.0	447	tags=14%, list=4%, signal=14%	
HP_POLYCYSTIC_KIDNEY_DYSPLASIA	HP_POLYCYSTIC_KIDNEY_DYSPLASIA		36	-0.6601361	-1.5220759	0.06844106	0.92931104	1.0	304	tags=8%, list=3%, signal=9%	
GOBP_REGULATION_OF_MICROTUBULE_BASED_MOVEMENT	GOBP_REGULATION_OF_MICROTUBULE_BASED_MOVEMENT		21	-0.71598774	-1.5212904	0.07279693	0.925704	1.0	656	tags=19%, list=6%, signal=20%	
GOBP_HOST_MEDIATED_ACTIVATION_OF_VIRAL_TRANSCRIPTION	GOBP_HOST_MEDIATED_ACTIVATION_OF_VIRAL_TRANSCRIPTION		15	-0.7371501	-1.520892	0.07885305	0.920284	1.0	4	tags=7%, list=0%, signal=7%	
GOCC_MICROBODY_MEMBRANE	GOCC_MICROBODY_MEMBRANE		47	-0.64677817	-1.5203094	0.032786883	0.9160421	1.0	457	tags=6%, list=4%, signal=7%	
GOBP_MIRNA_METABOLIC_PROCESS	GOBP_MIRNA_METABOLIC_PROCESS		56	-0.6312003	-1.5173901	0.039855074	0.9237882	1.0	277	tags=11%, list=3%, signal=11%	
GOBP_VASCULAR_ASSOCIATED_SMOOTH_MUSCLE_CELL_PROLIFERATION	GOBP_VASCULAR_ASSOCIATED_SMOOTH_MUSCLE_CELL_PROLIFERATION		25	-0.7067918	-1.5169095	0.085409254	0.91891694	1.0	464	tags=24%, list=4%, signal=25%	
GOBP_POSITIVE_REGULATION_OF_ALPHA_BETA_T_CELL_PROLIFERATION	GOBP_POSITIVE_REGULATION_OF_ALPHA_BETA_T_CELL_PROLIFERATION		15	-0.761048	-1.5166023	0.09505703	0.9132274	1.0	217	tags=27%, list=2%, signal=27%	
GOBP_POSITIVE_REGULATION_OF_CELL_KILLING	GOBP_POSITIVE_REGULATION_OF_CELL_KILLING		33	-0.6782517	-1.5160251	0.062271062	0.9091337	1.0	687	tags=24%, list=7%, signal=26%	
GOCC_SPECIFIC_GRANULE_LUMEN	GOCC_SPECIFIC_GRANULE_LUMEN		40	-0.6706233	-1.5142789	0.064	0.9111249	1.0	724	tags=25%, list=7%, signal=27%	
GOBP_PHOSPHOLIPID_TRANSPORT	GOBP_PHOSPHOLIPID_TRANSPORT		66	-0.61442894	-1.5137554	0.019704433	0.9070013	1.0	497	tags=17%, list=5%, signal=17%	
HP_RAYNAUD_PHENOMENON	HP_RAYNAUD_PHENOMENON		33	-0.661165	-1.5135771	0.06439394	0.90109855	1.0	434	tags=24%, list=4%, signal=25%	
GOBP_RESPONSE_TO_ESTROGEN	GOBP_RESPONSE_TO_ESTROGEN		28	-0.6822956	-1.5124979	0.09848485	0.8994649	1.0	281	tags=14%, list=3%, signal=15%	
GOMF_PHOSPHOLIPASE_ACTIVITY	GOMF_PHOSPHOLIPASE_ACTIVITY		43	-0.64382064	-1.5122766	0.0503876	0.8938898	1.0	103	tags=9%, list=1%, signal=9%	
GOBP_NEGATIVE_REGULATION_OF_NATURAL_KILLER_CELL_MEDIATED_IMMUNITY	GOBP_NEGATIVE_REGULATION_OF_NATURAL_KILLER_CELL_MEDIATED_IMMUNITY		18	-0.746714	-1.5120095	0.07586207	0.88890636	1.0	179	tags=17%, list=2%, signal=17%	
GOMF_SERINE_HYDROLASE_ACTIVITY	GOMF_SERINE_HYDROLASE_ACTIVITY		64	-0.6165493	-1.5116845	0.024793388	0.88415235	1.0	219	tags=11%, list=2%, signal=11%	
HP_CARDIOVASCULAR_CALCIFICATION	HP_CARDIOVASCULAR_CALCIFICATION		21	-0.6814365	-1.5112883	0.09398496	0.8796654	1.0	101	tags=10%, list=1%, signal=10%	
GOBP_REGULATION_OF_LIPID_STORAGE	GOBP_REGULATION_OF_LIPID_STORAGE		28	-0.68924916	-1.5104691	0.05514706	0.87717175	1.0	973	tags=29%, list=9%, signal=31%	
GOBP_POSITIVE_REGULATION_OF_DNA_TEMPLATED_TRANSCRIPTION_INITIATION	GOBP_POSITIVE_REGULATION_OF_DNA_TEMPLATED_TRANSCRIPTION_INITIATION		56	-0.6128662	-1.5104121	0.037383176	0.8712198	1.0	4	tags=2%, list=0%, signal=2%	
GOBP_REGULATION_OF_BONE_MINERALIZATION	GOBP_REGULATION_OF_BONE_MINERALIZATION		38	-0.6507843	-1.5094317	0.036764707	0.8696862	1.0	433	tags=11%, list=4%, signal=11%	
GOBP_REGULATION_OF_CELLULAR_EXTRAVASATION	GOBP_REGULATION_OF_CELLULAR_EXTRAVASATION		27	-0.66598743	-1.5043999	0.08053691	0.8875893	1.0	588	tags=22%, list=6%, signal=23%	
HP_DECREASED_AMPLITUDE_OF_SENSORY_ACTION_POTENTIALS	HP_DECREASED_AMPLITUDE_OF_SENSORY_ACTION_POTENTIALS		18	-0.72009146	-1.5042078	0.10469314	0.8823233	1.0	429	tags=11%, list=4%, signal=12%	
GOBP_AUTOPHAGOSOME_ORGANIZATION	GOBP_AUTOPHAGOSOME_ORGANIZATION		104	-0.5780189	-1.501978	0.013761468	0.88664234	1.0	923	tags=20%, list=9%, signal=22%	
HP_IRREGULAR_VERTEBRAL_ENDPLATES	HP_IRREGULAR_VERTEBRAL_ENDPLATES		21	-0.7004034	-1.5013558	0.096219935	0.88369644	1.0	472	tags=14%, list=5%, signal=15%	
GOBP_CRANIAL_NERVE_DEVELOPMENT	GOBP_CRANIAL_NERVE_DEVELOPMENT		18	-0.7374769	-1.4994129	0.081911266	0.8874874	1.0	269	tags=28%, list=3%, signal=28%	
GOBP_REGULATION_OF_SYSTEMIC_ARTERIAL_BLOOD_PRESSURE_MEDIATED_BY_A_CHEMICAL_SIGNAL	GOBP_REGULATION_OF_SYSTEMIC_ARTERIAL_BLOOD_PRESSURE_MEDIATED_BY_A_CHEMICAL_SIGNAL		19	-0.72466934	-1.4949472	0.110367894	0.903214	1.0	11	tags=5%, list=0%, signal=5%	
GOMF_DEAMINASE_ACTIVITY	GOMF_DEAMINASE_ACTIVITY		22	-0.69184816	-1.4943247	0.102661595	0.9002218	1.0	1090	tags=32%, list=10%, signal=35%	
HP_COLORECTAL_POLYPOSIS	HP_COLORECTAL_POLYPOSIS		16	-0.7085305	-1.493889	0.097087376	0.8960828	1.0	172	tags=13%, list=2%, signal=13%	
HP_ZONULAR_CATARACT	HP_ZONULAR_CATARACT		24	-0.71682596	-1.4934795	0.10294118	0.89211833	1.0	429	tags=17%, list=4%, signal=17%	
GOBP_EMBRYONIC_APPENDAGE_MORPHOGENESIS	GOBP_EMBRYONIC_APPENDAGE_MORPHOGENESIS		51	-0.6214054	-1.4923579	0.05078125	0.8914641	1.0	595	tags=16%, list=6%, signal=17%	
GOBP_VACUOLAR_ACIDIFICATION	GOBP_VACUOLAR_ACIDIFICATION		27	-0.6821711	-1.4905554	0.07421875	0.8943581	1.0	703	tags=22%, list=7%, signal=24%	
GOBP_RESPIRATORY_GASEOUS_EXCHANGE_BY_RESPIRATORY_SYSTEM	GOBP_RESPIRATORY_GASEOUS_EXCHANGE_BY_RESPIRATORY_SYSTEM		36	-0.6320661	-1.4900311	0.060240965	0.8908756	1.0	360	tags=19%, list=3%, signal=20%	
HP_ABNORMAL_CIRCULATING_TESTOSTERONE_CONCENTRATION	HP_ABNORMAL_CIRCULATING_TESTOSTERONE_CONCENTRATION		35	-0.66546273	-1.4887366	0.09854015	0.8911239	1.0	143	tags=11%, list=1%, signal=12%	
GOBP_T_CELL_APOPTOTIC_PROCESS	GOBP_T_CELL_APOPTOTIC_PROCESS		29	-0.6698051	-1.4870945	0.09507042	0.89324695	1.0	673	tags=21%, list=6%, signal=22%	
GOBP_MESONEPHROS_DEVELOPMENT	GOBP_MESONEPHROS_DEVELOPMENT		33	-0.6475327	-1.4856256	0.09375	0.8942889	1.0	331	tags=12%, list=3%, signal=12%	
GOMF_PROTEIN_KINASE_C_BINDING	GOMF_PROTEIN_KINASE_C_BINDING		30	-0.67057854	-1.4847618	0.1003861	0.89242685	1.0	133	tags=10%, list=1%, signal=10%	
HP_PROGRESSIVE_SPASTIC_PARAPLEGIA	HP_PROGRESSIVE_SPASTIC_PARAPLEGIA		20	-0.7256229	-1.482752	0.09848485	0.89620435	1.0	13	tags=5%, list=0%, signal=5%	
GOBP_NUCLEUS_LOCALIZATION	GOBP_NUCLEUS_LOCALIZATION		24	-0.7038797	-1.4825864	0.096525095	0.89133734	1.0	123	tags=8%, list=1%, signal=8%	
HP_ESOPHAGEAL_VARIX	HP_ESOPHAGEAL_VARIX		24	-0.6981175	-1.4814452	0.114583336	0.8914751	1.0	850	tags=17%, list=8%, signal=18%	
GOBP_HUMORAL_IMMUNE_RESPONSE	GOBP_HUMORAL_IMMUNE_RESPONSE		90	-0.5733188	-1.4804308	0.03539823	0.8906422	1.0	203	tags=18%, list=2%, signal=18%	
GOBP_REGULATION_OF_ENDOPLASMIC_RETICULUM_UNFOLDED_PROTEIN_RESPONSE	GOBP_REGULATION_OF_ENDOPLASMIC_RETICULUM_UNFOLDED_PROTEIN_RESPONSE		25	-0.6797005	-1.4803	0.08695652	0.8857865	1.0	266	tags=16%, list=3%, signal=16%	
HP_NEOPLASM_OF_THE_ADRENAL_CORTEX	HP_NEOPLASM_OF_THE_ADRENAL_CORTEX		16	-0.7308153	-1.4801834	0.10431655	0.880883	1.0	530	tags=31%, list=5%, signal=33%	
GOBP_SMAD_PROTEIN_SIGNAL_TRANSDUCTION	GOBP_SMAD_PROTEIN_SIGNAL_TRANSDUCTION		38	-0.63432366	-1.4790925	0.07949791	0.88066936	1.0	128	tags=5%, list=1%, signal=5%	
GOBP_INFLAMMATORY_RESPONSE_TO_WOUNDING	GOBP_INFLAMMATORY_RESPONSE_TO_WOUNDING		20	-0.69429713	-1.4788177	0.11956522	0.87662685	1.0	629	tags=30%, list=6%, signal=32%	
GOBP_PROTEIN_REFOLDING	GOBP_PROTEIN_REFOLDING		18	-0.71476674	-1.4787598	0.08896797	0.8716099	1.0	631	tags=22%, list=6%, signal=24%	
HP_IMPAIRED_DISTAL_TACTILE_SENSATION	HP_IMPAIRED_DISTAL_TACTILE_SENSATION		20	-0.7082972	-1.4787031	0.080139376	0.86663646	1.0	429	tags=10%, list=4%, signal=10%	
GOBP_AXIS_SPECIFICATION	GOBP_AXIS_SPECIFICATION		33	-0.6443012	-1.477836	0.07755102	0.8656514	1.0	334	tags=9%, list=3%, signal=9%	
GOBP_NEUROINFLAMMATORY_RESPONSE	GOBP_NEUROINFLAMMATORY_RESPONSE		47	-0.62227947	-1.4759598	0.06666667	0.86846834	1.0	184	tags=21%, list=2%, signal=22%	
HP_CORONARY_ARTERY_ATHEROSCLEROSIS	HP_CORONARY_ARTERY_ATHEROSCLEROSIS		22	-0.6796056	-1.4754657	0.09589041	0.86559576	1.0	629	tags=14%, list=6%, signal=14%	
GOBP_RESPONSE_TO_AMINO_ACID_STARVATION	GOBP_RESPONSE_TO_AMINO_ACID_STARVATION		44	-0.64212394	-1.4752686	0.052401748	0.86138177	1.0	768	tags=16%, list=7%, signal=17%	
GOBP_TRIGLYCERIDE_METABOLIC_PROCESS	GOBP_TRIGLYCERIDE_METABOLIC_PROCESS		58	-0.60589725	-1.4752358	0.056603774	0.856518	1.0	103	tags=7%, list=1%, signal=7%	
HP_DISORDERED_FORMAL_THOUGHT_PROCESS	HP_DISORDERED_FORMAL_THOUGHT_PROCESS		32	-0.6591453	-1.4751759	0.08394161	0.8518607	1.0	999	tags=25%, list=10%, signal=28%	
GOBP_ER_NUCLEUS_SIGNALING_PATHWAY	GOBP_ER_NUCLEUS_SIGNALING_PATHWAY		42	-0.6437642	-1.4747388	0.05928854	0.8488357	1.0	221	tags=12%, list=2%, signal=12%	
HP_ABNORMAL_HAIRSHAFT_MORPHOLOGY	HP_ABNORMAL_HAIRSHAFT_MORPHOLOGY		15	-0.7084176	-1.4741939	0.10687023	0.84636825	1.0	23	tags=7%, list=0%, signal=7%	
GOBP_RESPONSE_TO_ACTIVITY	GOBP_RESPONSE_TO_ACTIVITY		41	-0.64340657	-1.4739631	0.07751938	0.8425877	1.0	367	tags=12%, list=4%, signal=13%	
GOBP_TORC2_SIGNALING	GOBP_TORC2_SIGNALING		19	-0.7173237	-1.4733142	0.11744966	0.8405704	1.0	19	tags=5%, list=0%, signal=5%	
GOBP_MEMBRANE_DOCKING	GOBP_MEMBRANE_DOCKING		60	-0.60940164	-1.4728568	0.05172414	0.8376282	1.0	180	tags=7%, list=2%, signal=7%	
HP_TIP_TOE_GAIT	HP_TIP_TOE_GAIT		59	-0.5997849	-1.4727366	0.035714287	0.83344764	1.0	487	tags=10%, list=5%, signal=11%	
HP_OROFACIAL_DYSKINESIA	HP_OROFACIAL_DYSKINESIA		17	-0.73139805	-1.4709957	0.11525424	0.8363294	1.0	41	tags=6%, list=0%, signal=6%	
HP_APLASIA_HYPOPLASIA_OF_FACIAL_BONES	HP_APLASIA_HYPOPLASIA_OF_FACIAL_BONES		36	-0.64071405	-1.4705379	0.08396947	0.83356434	1.0	339	tags=8%, list=3%, signal=9%	
GOBP_MACROAUTOPHAGY	GOBP_MACROAUTOPHAGY		286	-0.48250264	-1.4681708	0.0	0.83886856	1.0	1347	tags=24%, list=13%, signal=27%	
HP_NECK_MUSCLE_WEAKNESS	HP_NECK_MUSCLE_WEAKNESS		44	-0.6449157	-1.4677389	0.06827309	0.836343	1.0	731	tags=11%, list=7%, signal=12%	
HP_COLPOCEPHALY	HP_COLPOCEPHALY		17	-0.6987169	-1.4670718	0.086142324	0.83441746	1.0	76	tags=12%, list=1%, signal=12%	
GOBP_ESTABLISHMENT_OF_MITOCHONDRION_LOCALIZATION	GOBP_ESTABLISHMENT_OF_MITOCHONDRION_LOCALIZATION		23	-0.6704864	-1.466209	0.088339224	0.8334432	1.0	424	tags=22%, list=4%, signal=23%	
GOBP_REGULATION_OF_REPRODUCTIVE_PROCESS	GOBP_REGULATION_OF_REPRODUCTIVE_PROCESS		73	-0.59470236	-1.4655781	0.052863438	0.8315514	1.0	240	tags=10%, list=2%, signal=10%	
HP_DELAYED_MENARCHE	HP_DELAYED_MENARCHE		17	-0.7339679	-1.46532	0.12857144	0.8280932	1.0	357	tags=12%, list=3%, signal=12%	
HP_ABNORMAL_CIRCULATING_NUCLEOBASE_CONCENTRATION	HP_ABNORMAL_CIRCULATING_NUCLEOBASE_CONCENTRATION		25	-0.6746634	-1.4646654	0.12156863	0.8265246	1.0	23	tags=4%, list=0%, signal=4%	
HP_EROSION_OF_ORAL_MUCOSA	HP_EROSION_OF_ORAL_MUCOSA		65	-0.5929718	-1.4637834	0.05140187	0.82590806	1.0	471	tags=20%, list=5%, signal=21%	
HP_ABNORMAL_CIRCULATING_ANDROGEN_LEVEL	HP_ABNORMAL_CIRCULATING_ANDROGEN_LEVEL		46	-0.6378029	-1.4637744	0.05106383	0.8215971	1.0	143	tags=11%, list=1%, signal=11%	
HP_OSTEOARTHRITIS	HP_OSTEOARTHRITIS		30	-0.6465299	-1.4624039	0.09727626	0.82313573	1.0	437	tags=17%, list=4%, signal=17%	
GOBP_POSITIVE_REGULATION_OF_PROTEIN_LOCALIZATION_TO_PLASMA_MEMBRANE	GOBP_POSITIVE_REGULATION_OF_PROTEIN_LOCALIZATION_TO_PLASMA_MEMBRANE		37	-0.6229758	-1.4599106	0.08239701	0.8289349	1.0	445	tags=14%, list=4%, signal=14%	
GOBP_NUCLEOPHAGY	GOBP_NUCLEOPHAGY		17	-0.6977027	-1.4596441	0.12903225	0.82579213	1.0	449	tags=18%, list=4%, signal=18%	
GOBP_NEGATIVE_REGULATION_OF_REPRODUCTIVE_PROCESS	GOBP_NEGATIVE_REGULATION_OF_REPRODUCTIVE_PROCESS		22	-0.68044776	-1.4595236	0.08098592	0.8219871	1.0	240	tags=23%, list=2%, signal=23%	
GOBP_DORSAL_VENTRAL_PATTERN_FORMATION	GOBP_DORSAL_VENTRAL_PATTERN_FORMATION		25	-0.66820073	-1.4586675	0.06737588	0.82134885	1.0	478	tags=16%, list=5%, signal=17%	
HP_APLASIA_HYPOPLASIA_OF_THE_PHALANGES_OF_THE_TOES	HP_APLASIA_HYPOPLASIA_OF_THE_PHALANGES_OF_THE_TOES		15	-0.7067972	-1.458465	0.122112215	0.8180688	1.0	23	tags=7%, list=0%, signal=7%	
HP_ABNORMAL_BRAIN_N_ACETYL_ASPARTATE_LEVEL_BY_MRS	HP_ABNORMAL_BRAIN_N_ACETYL_ASPARTATE_LEVEL_BY_MRS		15	-0.71343386	-1.4583977	0.12541254	0.81420237	1.0	47	tags=7%, list=0%, signal=7%	
GOBP_NEGATIVE_REGULATION_OF_CELL_KILLING	GOBP_NEGATIVE_REGULATION_OF_CELL_KILLING		24	-0.67628115	-1.4582345	0.11785714	0.81068474	1.0	203	tags=25%, list=2%, signal=25%	
GOCC_AUTOPHAGOSOME_MEMBRANE	GOCC_AUTOPHAGOSOME_MEMBRANE		48	-0.63380146	-1.4577634	0.09210526	0.80849546	1.0	568	tags=19%, list=5%, signal=20%	
HP_OCULOMOTOR_NERVE_PALSY	HP_OCULOMOTOR_NERVE_PALSY		16	-0.70672685	-1.4576219	0.10175438	0.8051053	1.0	29	tags=6%, list=0%, signal=6%	
GOBP_RELEASE_OF_CYTOCHROME_C_FROM_MITOCHONDRIA	GOBP_RELEASE_OF_CYTOCHROME_C_FROM_MITOCHONDRIA		41	-0.62423056	-1.4537808	0.08812261	0.816901	1.0	704	tags=22%, list=7%, signal=23%	
HP_ASCENDING_TUBULAR_AORTA_ANEURYSM	HP_ASCENDING_TUBULAR_AORTA_ANEURYSM		16	-0.7364365	-1.4537277	0.112280704	0.8130809	1.0	179	tags=13%, list=2%, signal=13%	
GOMF_PROTEIN_SERINE_THREONINE_KINASE_INHIBITOR_ACTIVITY	GOMF_PROTEIN_SERINE_THREONINE_KINASE_INHIBITOR_ACTIVITY		35	-0.6496472	-1.4527203	0.05323194	0.8129289	1.0	530	tags=23%, list=5%, signal=24%	
GOMF_LIPASE_ACTIVITY	GOMF_LIPASE_ACTIVITY		53	-0.60826725	-1.4519849	0.07377049	0.8118682	1.0	654	tags=15%, list=6%, signal=16%	
HP_DISTAL_UPPER_LIMB_MUSCLE_WEAKNESS	HP_DISTAL_UPPER_LIMB_MUSCLE_WEAKNESS		26	-0.65894306	-1.4517529	0.113793105	0.8087878	1.0	417	tags=8%, list=4%, signal=8%	
GOBP_POSITIVE_REGULATION_OF_CALCIUM_ION_TRANSPORT	GOBP_POSITIVE_REGULATION_OF_CALCIUM_ION_TRANSPORT		29	-0.6657287	-1.4510692	0.07608695	0.80748653	1.0	307	tags=14%, list=3%, signal=14%	
HP_ABNORMAL_LOWER_MOTOR_NEURON_MORPHOLOGY	HP_ABNORMAL_LOWER_MOTOR_NEURON_MORPHOLOGY		20	-0.678879	-1.4499053	0.11851852	0.8082813	1.0	957	tags=30%, list=9%, signal=33%	
GOBP_NEGATIVE_REGULATION_OF_IMMUNE_EFFECTOR_PROCESS	GOBP_NEGATIVE_REGULATION_OF_IMMUNE_EFFECTOR_PROCESS		70	-0.59287083	-1.4497615	0.03875969	0.8049093	1.0	387	tags=20%, list=4%, signal=21%	
GOBP_NEGATIVE_REGULATION_OF_RESPONSE_TO_ENDOPLASMIC_RETICULUM_STRESS	GOBP_NEGATIVE_REGULATION_OF_RESPONSE_TO_ENDOPLASMIC_RETICULUM_STRESS		39	-0.61943656	-1.4485329	0.07364341	0.80606234	1.0	266	tags=13%, list=3%, signal=13%	
GOBP_ANTIBACTERIAL_HUMORAL_RESPONSE	GOBP_ANTIBACTERIAL_HUMORAL_RESPONSE		16	-0.69028664	-1.4480507	0.12195122	0.80408186	1.0	165	tags=44%, list=2%, signal=44%	
GOBP_ESTABLISHMENT_OF_MITOCHONDRION_LOCALIZATION_MICROTUBULE_MEDIATED	GOBP_ESTABLISHMENT_OF_MITOCHONDRION_LOCALIZATION_MICROTUBULE_MEDIATED		20	-0.679615	-1.4475896	0.123595506	0.802107	1.0	424	tags=25%, list=4%, signal=26%	
GOBP_HOST_MEDIATED_PERTURBATION_OF_VIRAL_TRANSCRIPTION	GOBP_HOST_MEDIATED_PERTURBATION_OF_VIRAL_TRANSCRIPTION		20	-0.6795344	-1.447377	0.14869888	0.7990713	1.0	46	tags=10%, list=0%, signal=10%	
GOMF_LIPID_TRANSPORTER_ACTIVITY	GOMF_LIPID_TRANSPORTER_ACTIVITY		88	-0.5577415	-1.4458241	0.02991453	0.80133134	1.0	977	tags=17%, list=9%, signal=19%	
GOBP_POSITIVE_REGULATION_OF_TRANSLATIONAL_INITIATION	GOBP_POSITIVE_REGULATION_OF_TRANSLATIONAL_INITIATION		26	-0.6425776	-1.4448771	0.0877193	0.80141944	1.0	696	tags=19%, list=7%, signal=21%	
GOBP_EMBRYONIC_ORGAN_MORPHOGENESIS	GOBP_EMBRYONIC_ORGAN_MORPHOGENESIS		113	-0.53852195	-1.4440507	0.023041476	0.80092007	1.0	284	tags=12%, list=3%, signal=13%	
GOBP_GANGLIOSIDE_METABOLIC_PROCESS	GOBP_GANGLIOSIDE_METABOLIC_PROCESS		19	-0.6837893	-1.4434153	0.12337662	0.79952407	1.0	534	tags=21%, list=5%, signal=22%	
GOCC_PLATELET_ALPHA_GRANULE	GOCC_PLATELET_ALPHA_GRANULE		43	-0.6132828	-1.4422611	0.061594203	0.8001256	1.0	289	tags=19%, list=3%, signal=19%	
GOBP_POSITIVE_REGULATION_OF_EPITHELIAL_CELL_DIFFERENTIATION	GOBP_POSITIVE_REGULATION_OF_EPITHELIAL_CELL_DIFFERENTIATION		22	-0.63364816	-1.4406182	0.10069445	0.80233824	1.0	512	tags=14%, list=5%, signal=14%	
GOBP_IRE1_MEDIATED_UNFOLDED_PROTEIN_RESPONSE	GOBP_IRE1_MEDIATED_UNFOLDED_PROTEIN_RESPONSE		18	-0.69902754	-1.4405576	0.11827957	0.79891765	1.0	673	tags=22%, list=6%, signal=24%	
HP_APLASIA_INVOLVING_BONES_OF_THE_EXTREMITIES	HP_APLASIA_INVOLVING_BONES_OF_THE_EXTREMITIES		20	-0.66591525	-1.4402012	0.124542125	0.79666346	1.0	143	tags=10%, list=1%, signal=10%	
GOBP_PROTEIN_TARGETING_TO_LYSOSOME	GOBP_PROTEIN_TARGETING_TO_LYSOSOME		29	-0.6411055	-1.4390858	0.10566038	0.7973601	1.0	577	tags=24%, list=6%, signal=25%	
HP_RECURRENT_BACTERIAL_INFECTIONS	HP_RECURRENT_BACTERIAL_INFECTIONS		117	-0.54432976	-1.438977	0.030612245	0.79412794	1.0	533	tags=14%, list=5%, signal=14%	
GOBP_ALPHA_BETA_T_CELL_PROLIFERATION	GOBP_ALPHA_BETA_T_CELL_PROLIFERATION		27	-0.67794394	-1.4388787	0.11382114	0.7909102	1.0	787	tags=26%, list=8%, signal=28%	
GOBP_REGULATION_OF_NATURAL_KILLER_CELL_MEDIATED_IMMUNITY	GOBP_REGULATION_OF_NATURAL_KILLER_CELL_MEDIATED_IMMUNITY		29	-0.6359383	-1.4381056	0.09507042	0.7901239	1.0	505	tags=14%, list=5%, signal=14%	
HP_PERSISTENCE_OF_PRIMARY_TEETH	HP_PERSISTENCE_OF_PRIMARY_TEETH		15	-0.69519585	-1.4345506	0.12162162	0.7999069	1.0	879	tags=40%, list=8%, signal=44%	
GOBP_BONE_MINERALIZATION	GOBP_BONE_MINERALIZATION		58	-0.6207572	-1.434539	0.07692308	0.79639775	1.0	433	tags=10%, list=4%, signal=11%	
GOBP_INTEGRIN_MEDIATED_SIGNALING_PATHWAY	GOBP_INTEGRIN_MEDIATED_SIGNALING_PATHWAY		60	-0.59995526	-1.4336797	0.0785124	0.79629	1.0	567	tags=25%, list=5%, signal=26%	
HP_RECURRENT_SINUSITIS	HP_RECURRENT_SINUSITIS		35	-0.6442066	-1.4330895	0.09318996	0.7949902	1.0	438	tags=11%, list=4%, signal=12%	
GOBP_NEURAL_TUBE_DEVELOPMENT	GOBP_NEURAL_TUBE_DEVELOPMENT		93	-0.5734661	-1.4317266	0.03686636	0.7966146	1.0	512	tags=8%, list=5%, signal=8%	
GOBP_POSITIVE_REGULATION_OF_VACUOLE_ORGANIZATION	GOBP_POSITIVE_REGULATION_OF_VACUOLE_ORGANIZATION		19	-0.6895558	-1.4310073	0.14487633	0.7957419	1.0	591	tags=21%, list=6%, signal=22%	
GOBP_LYSOSOMAL_TRANSPORT	GOBP_LYSOSOMAL_TRANSPORT		101	-0.54575574	-1.4296534	0.038793102	0.79767007	1.0	631	tags=16%, list=6%, signal=17%	
GOBP_APPENDAGE_MORPHOGENESIS	GOBP_APPENDAGE_MORPHOGENESIS		57	-0.5985209	-1.4295764	0.082969435	0.7944923	1.0	673	tags=18%, list=6%, signal=19%	
HP_ABNORMAL_CORONARY_ARTERY_MORPHOLOGY	HP_ABNORMAL_CORONARY_ARTERY_MORPHOLOGY		34	-0.63117373	-1.4281595	0.119205296	0.7963382	1.0	629	tags=15%, list=6%, signal=16%	
GOMF_PROTEIN_PHOSPHATASE_1_BINDING	GOMF_PROTEIN_PHOSPHATASE_1_BINDING		16	-0.692683	-1.4280276	0.13688213	0.79341215	1.0	221	tags=13%, list=2%, signal=13%	
GOBP_STEROL_METABOLIC_PROCESS	GOBP_STEROL_METABOLIC_PROCESS		81	-0.55792946	-1.4275806	0.036697246	0.7917145	1.0	1043	tags=21%, list=10%, signal=23%	
HP_PSORIASIFORM_DERMATITIS	HP_PSORIASIFORM_DERMATITIS		17	-0.68421674	-1.4273702	0.11406844	0.7890674	1.0	487	tags=24%, list=5%, signal=25%	
HP_THICKENED_NUCHAL_SKIN_FOLD	HP_THICKENED_NUCHAL_SKIN_FOLD		49	-0.5985915	-1.4265722	0.07359307	0.788619	1.0	567	tags=14%, list=5%, signal=15%	
GOBP_ENDOMEMBRANE_SYSTEM_ORGANIZATION	GOBP_ENDOMEMBRANE_SYSTEM_ORGANIZATION		386	-0.45389357	-1.4248496	0.0	0.7912513	1.0	947	tags=13%, list=9%, signal=14%	
GOCC_MICROBODY	GOCC_MICROBODY		96	-0.5421703	-1.4235755	0.047826085	0.79272777	1.0	691	tags=10%, list=7%, signal=11%	
GOBP_CELLULAR_RESPONSE_TO_OXYGEN_LEVELS	GOBP_CELLULAR_RESPONSE_TO_OXYGEN_LEVELS		109	-0.5332321	-1.4226137	0.03301887	0.7931968	1.0	720	tags=17%, list=7%, signal=19%	
GOBP_CELLULAR_RESPONSE_TO_GLUCOSE_STARVATION	GOBP_CELLULAR_RESPONSE_TO_GLUCOSE_STARVATION		41	-0.6236703	-1.4218059	0.08235294	0.79291505	1.0	322	tags=12%, list=3%, signal=13%	
HP_EARLY_YOUNG_ADULT_ONSET	HP_EARLY_YOUNG_ADULT_ONSET		34	-0.64073247	-1.4205946	0.09398496	0.79375976	1.0	700	tags=24%, list=7%, signal=25%	
GOCC_RNAI_EFFECTOR_COMPLEX	GOCC_RNAI_EFFECTOR_COMPLEX		18	-0.69084156	-1.4205331	0.097122304	0.7907358	1.0	15	tags=6%, list=0%, signal=6%	
GOBP_VACUOLAR_TRANSPORT	GOBP_VACUOLAR_TRANSPORT		128	-0.51690435	-1.4196253	0.030612245	0.7909482	1.0	921	tags=18%, list=9%, signal=19%	
GOBP_MONOSACCHARIDE_CATABOLIC_PROCESS	GOBP_MONOSACCHARIDE_CATABOLIC_PROCESS		35	-0.64531666	-1.4192178	0.114173226	0.7892574	1.0	558	tags=14%, list=5%, signal=15%	
GOMF_PHOSPHOLIPID_TRANSPORTER_ACTIVITY	GOMF_PHOSPHOLIPID_TRANSPORTER_ACTIVITY		49	-0.58876026	-1.4182206	0.09465021	0.7898464	1.0	967	tags=20%, list=9%, signal=22%	
GOBP_LENS_DEVELOPMENT_IN_CAMERA_TYPE_EYE	GOBP_LENS_DEVELOPMENT_IN_CAMERA_TYPE_EYE		34	-0.615303	-1.4181317	0.09411765	0.78698725	1.0	234	tags=18%, list=2%, signal=18%	
GOBP_PROTEIN_TARGETING_TO_VACUOLE	GOBP_PROTEIN_TARGETING_TO_VACUOLE		38	-0.6206102	-1.4179043	0.09854015	0.7846081	1.0	577	tags=24%, list=6%, signal=25%	
GOBP_ACTIN_FILAMENT_BUNDLE_ORGANIZATION	GOBP_ACTIN_FILAMENT_BUNDLE_ORGANIZATION		85	-0.55813634	-1.4171251	0.06382979	0.78435004	1.0	341	tags=11%, list=3%, signal=11%	
HP_ADRENAL_HYPOPLASIA	HP_ADRENAL_HYPOPLASIA		17	-0.67354226	-1.416244	0.13432837	0.78421384	1.0	23	tags=6%, list=0%, signal=6%	
HP_CALF_MUSCLE_HYPERTROPHY	HP_CALF_MUSCLE_HYPERTROPHY		29	-0.63272506	-1.4159418	0.13765182	0.782242	1.0	23	tags=3%, list=0%, signal=3%	
HP_SCHIZOPHRENIA	HP_SCHIZOPHRENIA		30	-0.64600205	-1.4141408	0.121323526	0.7856665	1.0	304	tags=10%, list=3%, signal=10%	
HP_PERICARDIAL_EFFUSION	HP_PERICARDIAL_EFFUSION		26	-0.6282471	-1.413835	0.12	0.7836644	1.0	374	tags=15%, list=4%, signal=16%	
HP_GYNECOMASTIA	HP_GYNECOMASTIA		48	-0.5952853	-1.4131975	0.101265825	0.7829871	1.0	143	tags=6%, list=1%, signal=6%	
GOBP_RESPONSE_TO_MISFOLDED_PROTEIN	GOBP_RESPONSE_TO_MISFOLDED_PROTEIN		15	-0.6783433	-1.412997	0.13804714	0.7806477	1.0	920	tags=33%, list=9%, signal=37%	
GOCC_FICOLIN_1_RICH_GRANULE	GOCC_FICOLIN_1_RICH_GRANULE		156	-0.50709647	-1.4129937	0.025641026	0.7776246	1.0	523	tags=15%, list=5%, signal=16%	
HP_ABNORMALITY_OF_THE_GINGIVA	HP_ABNORMALITY_OF_THE_GINGIVA		144	-0.5205147	-1.4124202	0.034146342	0.7766192	1.0	566	tags=17%, list=5%, signal=18%	
GOBP_HEMATOPOIETIC_OR_LYMPHOID_ORGAN_DEVELOPMENT	GOBP_HEMATOPOIETIC_OR_LYMPHOID_ORGAN_DEVELOPMENT		62	-0.5691105	-1.4123776	0.04761905	0.7737628	1.0	691	tags=23%, list=7%, signal=24%	
GOCC_COP9_SIGNALOSOME	GOCC_COP9_SIGNALOSOME		24	-0.6577153	-1.409725	0.121673	0.78008056	1.0	270	tags=8%, list=3%, signal=9%	
GOBP_RESPONSE_TO_ENDOPLASMIC_RETICULUM_STRESS	GOBP_RESPONSE_TO_ENDOPLASMIC_RETICULUM_STRESS		201	-0.4876026	-1.4091368	0.0	0.77906674	1.0	400	tags=8%, list=4%, signal=8%	
HP_SKIN_EROSION	HP_SKIN_EROSION		15	-0.7039108	-1.4075856	0.13448276	0.7815235	1.0	356	tags=20%, list=3%, signal=21%	
GOBP_CORTICAL_ACTIN_CYTOSKELETON_ORGANIZATION	GOBP_CORTICAL_ACTIN_CYTOSKELETON_ORGANIZATION		31	-0.6261497	-1.4074751	0.12015504	0.7789655	1.0	514	tags=19%, list=5%, signal=20%	
HP_VASCULITIS_BY_ANATOMICAL_SITE	HP_VASCULITIS_BY_ANATOMICAL_SITE		15	-0.6849789	-1.4053415	0.13680781	0.78376615	1.0	1957	tags=53%, list=19%, signal=66%	
GOBP_VESICLE_DOCKING_INVOLVED_IN_EXOCYTOSIS	GOBP_VESICLE_DOCKING_INVOLVED_IN_EXOCYTOSIS		21	-0.65229684	-1.4049345	0.11594203	0.7821268	1.0	20	tags=5%, list=0%, signal=5%	
HP_LACK_OF_SKIN_ELASTICITY	HP_LACK_OF_SKIN_ELASTICITY		28	-0.65669394	-1.4048303	0.103053436	0.77949595	1.0	99	tags=7%, list=1%, signal=7%	
GOBP_PLASMA_LIPOPROTEIN_PARTICLE_CLEARANCE	GOBP_PLASMA_LIPOPROTEIN_PARTICLE_CLEARANCE		22	-0.66865873	-1.4042141	0.13584906	0.77856255	1.0	380	tags=32%, list=4%, signal=33%	
HP_NASAL_DYSARTHRIA	HP_NASAL_DYSARTHRIA		21	-0.6599722	-1.4041759	0.13149847	0.77573854	1.0	557	tags=10%, list=5%, signal=10%	
GOBP_ANTIMICROBIAL_HUMORAL_RESPONSE	GOBP_ANTIMICROBIAL_HUMORAL_RESPONSE		41	-0.609398	-1.4012113	0.12863071	0.7833725	1.0	165	tags=29%, list=2%, signal=30%	
HP_SENSORY_AXONAL_NEUROPATHY	HP_SENSORY_AXONAL_NEUROPATHY		30	-0.6394457	-1.4008963	0.13846155	0.7816411	1.0	31	tags=10%, list=0%, signal=10%	
HP_PROXIMAL_UPPER_LIMB_MUSCLE_WEAKNESS	HP_PROXIMAL_UPPER_LIMB_MUSCLE_WEAKNESS		33	-0.6245168	-1.4001249	0.10037175	0.7815104	1.0	23	tags=3%, list=0%, signal=3%	
HP_ABNORMALITY_OF_THE_VERTEBRAL_ENDPLATES	HP_ABNORMALITY_OF_THE_VERTEBRAL_ENDPLATES		26	-0.6424019	-1.4001042	0.125	0.7787171	1.0	472	tags=12%, list=5%, signal=12%	
HP_ABNORMAL_ORAL_MUCOSA_MORPHOLOGY	HP_ABNORMAL_ORAL_MUCOSA_MORPHOLOGY		225	-0.46852514	-1.3996254	0.007194245	0.7774501	1.0	566	tags=15%, list=5%, signal=16%	
GOBP_POSITIVE_REGULATION_OF_PROTEIN_CONTAINING_COMPLEX_ASSEMBLY	GOBP_POSITIVE_REGULATION_OF_PROTEIN_CONTAINING_COMPLEX_ASSEMBLY		114	-0.5149706	-1.3978676	0.043062203	0.7808693	1.0	691	tags=16%, list=7%, signal=17%	
GOMF_NADP_BINDING	GOMF_NADP_BINDING		32	-0.62421787	-1.3972546	0.10989011	0.7802131	1.0	472	tags=13%, list=5%, signal=13%	
GOBP_LYTIC_VACUOLE_ORGANIZATION	GOBP_LYTIC_VACUOLE_ORGANIZATION		87	-0.5318971	-1.3962901	0.06746032	0.7807411	1.0	1143	tags=29%, list=11%, signal=32%	
HP_APLASTIC_CLAVICLE	HP_APLASTIC_CLAVICLE		16	-0.6778528	-1.3960862	0.19112629	0.7786586	1.0	117	tags=13%, list=1%, signal=13%	
HP_HYPOPLASIA_OF_THE_UTERUS	HP_HYPOPLASIA_OF_THE_UTERUS		24	-0.6628678	-1.3955867	0.12075472	0.7776135	1.0	143	tags=13%, list=1%, signal=13%	
HP_ATROPHY_DEGENERATION_INVOLVING_THE_CAUDATE_NUCLEUS	HP_ATROPHY_DEGENERATION_INVOLVING_THE_CAUDATE_NUCLEUS		17	-0.651509	-1.3939381	0.14234875	0.7807468	1.0	56	tags=12%, list=1%, signal=12%	
GOCC_AZUROPHIL_GRANULE_MEMBRANE	GOCC_AZUROPHIL_GRANULE_MEMBRANE		47	-0.60709214	-1.393872	0.09274194	0.7781848	1.0	505	tags=26%, list=5%, signal=27%	
HP_FRAGILE_NAILS	HP_FRAGILE_NAILS		17	-0.6835596	-1.3930976	0.15384616	0.77801305	1.0	356	tags=18%, list=3%, signal=18%	
GOBP_CEREBELLAR_CORTEX_DEVELOPMENT	GOBP_CEREBELLAR_CORTEX_DEVELOPMENT		31	-0.6167329	-1.3904436	0.12033195	0.78459215	1.0	332	tags=6%, list=3%, signal=7%	
GOBP_REGULATION_OF_T_CELL_MEDIATED_CYTOTOXICITY	GOBP_REGULATION_OF_T_CELL_MEDIATED_CYTOTOXICITY		23	-0.6394399	-1.389337	0.13970588	0.78605896	1.0	687	tags=26%, list=7%, signal=28%	
HP_ABNORMAL_CAROTID_ARTERY_MORPHOLOGY	HP_ABNORMAL_CAROTID_ARTERY_MORPHOLOGY		56	-0.5822052	-1.3891468	0.10313901	0.7840143	1.0	497	tags=9%, list=5%, signal=9%	
HP_ABNORMAL_HYPOTHALAMUS_PHYSIOLOGY	HP_ABNORMAL_HYPOTHALAMUS_PHYSIOLOGY		20	-0.6538617	-1.3880773	0.11764706	0.78488785	1.0	143	tags=15%, list=1%, signal=15%	
GOBP_REGULATION_OF_EPITHELIAL_CELL_MIGRATION	GOBP_REGULATION_OF_EPITHELIAL_CELL_MIGRATION		31	-0.61168	-1.3867332	0.13194445	0.7868908	1.0	422	tags=16%, list=4%, signal=17%	
HP_ABNORMAL_SHOULDER_MORPHOLOGY	HP_ABNORMAL_SHOULDER_MORPHOLOGY		49	-0.5850224	-1.3864802	0.10041841	0.78510964	1.0	478	tags=16%, list=5%, signal=17%	
GOBP_SENSORY_ORGAN_DEVELOPMENT	GOBP_SENSORY_ORGAN_DEVELOPMENT		228	-0.47195992	-1.3864614	0.020689655	0.7824649	1.0	591	tags=11%, list=6%, signal=11%	
GOBP_MATERNAL_PLACENTA_DEVELOPMENT	GOBP_MATERNAL_PLACENTA_DEVELOPMENT		17	-0.67564726	-1.3861111	0.14965986	0.78094184	1.0	313	tags=24%, list=3%, signal=24%	
GOMF_5_3_EXONUCLEASE_ACTIVITY	GOMF_5_3_EXONUCLEASE_ACTIVITY		15	-0.679023	-1.3860259	0.13703704	0.77861375	1.0	10	tags=7%, list=0%, signal=7%	
HP_HEPATOSPLENOMEGALY	HP_HEPATOSPLENOMEGALY		124	-0.51033735	-1.3857585	0.06153846	0.77694654	1.0	554	tags=19%, list=5%, signal=19%	
GOCC_VACUOLAR_LUMEN	GOCC_VACUOLAR_LUMEN		114	-0.5226517	-1.3854558	0.0745614	0.77548915	1.0	534	tags=24%, list=5%, signal=25%	
GOBP_REGULATION_OF_BIOMINERAL_TISSUE_DEVELOPMENT	GOBP_REGULATION_OF_BIOMINERAL_TISSUE_DEVELOPMENT		48	-0.5949738	-1.3830503	0.09756097	0.780829	1.0	433	tags=8%, list=4%, signal=9%	
HP_IMPAIRED_GLUCOSE_TOLERANCE	HP_IMPAIRED_GLUCOSE_TOLERANCE		15	-0.68184286	-1.3828028	0.1533101	0.77909094	1.0	23	tags=7%, list=0%, signal=7%	
HP_HYPERLIPIDEMIA	HP_HYPERLIPIDEMIA		93	-0.53345954	-1.3826094	0.055776894	0.77711296	1.0	868	tags=15%, list=8%, signal=16%	
HP_SHALLOW_ORBITS	HP_SHALLOW_ORBITS		25	-0.647208	-1.3825003	0.14946619	0.7749004	1.0	400	tags=8%, list=4%, signal=8%	
GOBP_REGULATION_OF_MITOTIC_SPINDLE_ASSEMBLY	GOBP_REGULATION_OF_MITOTIC_SPINDLE_ASSEMBLY		23	-0.6397672	-1.3823918	0.12847222	0.7727043	1.0	1406	tags=39%, list=13%, signal=45%	
HP_DYSPAREUNIA	HP_DYSPAREUNIA		19	-0.653302	-1.3823066	0.1469534	0.77039963	1.0	179	tags=21%, list=2%, signal=21%	
GOBP_NEGATIVE_REGULATION_OF_LEUKOCYTE_CELL_CELL_ADHESION	GOBP_NEGATIVE_REGULATION_OF_LEUKOCYTE_CELL_CELL_ADHESION		93	-0.5233986	-1.3820966	0.04090909	0.7684724	1.0	387	tags=14%, list=4%, signal=14%	
GOBP_CELL_RECOGNITION	GOBP_CELL_RECOGNITION		56	-0.5732538	-1.3818953	0.09311741	0.7665895	1.0	420	tags=20%, list=4%, signal=20%	
HP_IMPAIRED_ANTIGEN_SPECIFIC_RESPONSE	HP_IMPAIRED_ANTIGEN_SPECIFIC_RESPONSE		37	-0.6177201	-1.3813095	0.12927757	0.7659855	1.0	379	tags=8%, list=4%, signal=8%	
GOMF_HYDROLASE_ACTIVITY_ACTING_ON_CARBON_NITROGEN_BUT_NOT_PEPTIDE_BONDS_IN_CYCLIC_AMIDINES	GOMF_HYDROLASE_ACTIVITY_ACTING_ON_CARBON_NITROGEN_BUT_NOT_PEPTIDE_BONDS_IN_CYCLIC_AMIDINES		23	-0.6465808	-1.381044	0.17938931	0.76428765	1.0	1090	tags=26%, list=10%, signal=29%	
GOBP_NATURAL_KILLER_CELL_MEDIATED_IMMUNITY	GOBP_NATURAL_KILLER_CELL_MEDIATED_IMMUNITY		52	-0.5817942	-1.3808392	0.07539683	0.7624366	1.0	205	tags=13%, list=2%, signal=14%	
GOMF_HYDROLASE_ACTIVITY_ACTING_ON_CARBON_NITROGEN_BUT_NOT_PEPTIDE_BONDS	GOMF_HYDROLASE_ACTIVITY_ACTING_ON_CARBON_NITROGEN_BUT_NOT_PEPTIDE_BONDS		71	-0.5618222	-1.3803811	0.077586204	0.76149374	1.0	441	tags=6%, list=4%, signal=6%	
GOBP_REGULATION_OF_CELL_KILLING	GOBP_REGULATION_OF_CELL_KILLING		54	-0.578974	-1.3801714	0.075555556	0.7596366	1.0	514	tags=19%, list=5%, signal=19%	
HP_PARAPLEGIA	HP_PARAPLEGIA		89	-0.5400683	-1.3790997	0.051886793	0.7607051	1.0	143	tags=6%, list=1%, signal=6%	
GOBP_GLIAL_CELL_ACTIVATION	GOBP_GLIAL_CELL_ACTIVATION		32	-0.62054807	-1.3789895	0.10902256	0.75860935	1.0	184	tags=25%, list=2%, signal=25%	
HP_BACK_PAIN	HP_BACK_PAIN		50	-0.59276754	-1.3779457	0.11196911	0.7597417	1.0	897	tags=14%, list=9%, signal=15%	
HP_APLASIA_INVOLVING_BONES_OF_THE_UPPER_LIMBS	HP_APLASIA_INVOLVING_BONES_OF_THE_UPPER_LIMBS		15	-0.657558	-1.3772714	0.15666667	0.7595947	1.0	23	tags=7%, list=0%, signal=7%	
HP_REDUCED_LEFT_VENTRICULAR_EJECTION_FRACTION	HP_REDUCED_LEFT_VENTRICULAR_EJECTION_FRACTION		30	-0.6208727	-1.3765961	0.14122137	0.75916934	1.0	394	tags=13%, list=4%, signal=14%	
GOBP_POSITIVE_REGULATION_OF_EPITHELIAL_CELL_MIGRATION	GOBP_POSITIVE_REGULATION_OF_EPITHELIAL_CELL_MIGRATION		23	-0.64847565	-1.3762788	0.15410958	0.7577251	1.0	277	tags=9%, list=3%, signal=9%	
HP_LARYNGOMALACIA	HP_LARYNGOMALACIA		51	-0.57755506	-1.3753892	0.099616855	0.7583772	1.0	472	tags=12%, list=5%, signal=12%	
GOBP_NERVE_DEVELOPMENT	GOBP_NERVE_DEVELOPMENT		29	-0.60895526	-1.3737682	0.12903225	0.76135117	1.0	269	tags=17%, list=3%, signal=18%	
HP_ABNORMALITY_OF_CIRCULATING_FIBRINOGEN	HP_ABNORMALITY_OF_CIRCULATING_FIBRINOGEN		35	-0.6202672	-1.372967	0.15040651	0.7615138	1.0	502	tags=20%, list=5%, signal=21%	
GOBP_STEROL_TRANSPORT	GOBP_STEROL_TRANSPORT		65	-0.5663414	-1.37294	0.08928572	0.7592198	1.0	1392	tags=31%, list=13%, signal=35%	
HP_SMALL_EARLOBE	HP_SMALL_EARLOBE		17	-0.66347563	-1.3727229	0.18996416	0.75756073	1.0	580	tags=24%, list=6%, signal=25%	
HP_ABNORMAL_CIRCULATING_CALCIUM_PHOSPHATE_REGULATING_HORMONE_CONCENTRATION	HP_ABNORMAL_CIRCULATING_CALCIUM_PHOSPHATE_REGULATING_HORMONE_CONCENTRATION		28	-0.635823	-1.3723778	0.14716981	0.7563431	1.0	530	tags=14%, list=5%, signal=15%	
GOCC_EUCHROMATIN	GOCC_EUCHROMATIN		29	-0.62763184	-1.3704443	0.123674914	0.76025605	1.0	277	tags=7%, list=3%, signal=7%	
HP_PROMINENT_SUPERFICIAL_BLOOD_VESSELS	HP_PROMINENT_SUPERFICIAL_BLOOD_VESSELS		19	-0.6515661	-1.3697577	0.13793103	0.76008177	1.0	221	tags=11%, list=2%, signal=11%	
GOMF_PHOSPHATASE_REGULATOR_ACTIVITY	GOMF_PHOSPHATASE_REGULATOR_ACTIVITY		79	-0.5565548	-1.3695537	0.09375	0.7584479	1.0	290	tags=9%, list=3%, signal=9%	
HP_ABNORMAL_THALAMIC_MRI_SIGNAL_INTENSITY	HP_ABNORMAL_THALAMIC_MRI_SIGNAL_INTENSITY		16	-0.67333096	-1.3685333	0.16504854	0.75943536	1.0	41	tags=6%, list=0%, signal=6%	
GOBP_SINGLE_FERTILIZATION	GOBP_SINGLE_FERTILIZATION		55	-0.5567093	-1.3676782	0.10121457	0.7599352	1.0	936	tags=20%, list=9%, signal=22%	
HP_ABNORMALITY_OF_OCULAR_SMOOTH_PURSUIT	HP_ABNORMALITY_OF_OCULAR_SMOOTH_PURSUIT		52	-0.58102703	-1.366986	0.11618257	0.759974	1.0	157	tags=6%, list=2%, signal=6%	
HP_NARROW_NASAL_BRIDGE	HP_NARROW_NASAL_BRIDGE		15	-0.6584595	-1.366441	0.16487455	0.75922716	1.0	172	tags=13%, list=2%, signal=14%	
GOBP_CELLULAR_RESPONSE_TO_UNFOLDED_PROTEIN	GOBP_CELLULAR_RESPONSE_TO_UNFOLDED_PROTEIN		78	-0.54444855	-1.3663757	0.07359307	0.7571253	1.0	768	tags=21%, list=7%, signal=22%	
GOBP_HORMONE_METABOLIC_PROCESS	GOBP_HORMONE_METABOLIC_PROCESS		81	-0.5439291	-1.3657624	0.07725322	0.7566979	1.0	447	tags=11%, list=4%, signal=12%	
HP_RETINAL_ATROPHY	HP_RETINAL_ATROPHY		85	-0.537742	-1.3650038	0.048309177	0.75687927	1.0	962	tags=15%, list=9%, signal=17%	
HP_NEOPLASM_OF_THE_ORAL_CAVITY	HP_NEOPLASM_OF_THE_ORAL_CAVITY		44	-0.5868814	-1.364347	0.10655738	0.75672334	1.0	378	tags=9%, list=4%, signal=9%	
GOBP_CELL_CELL_RECOGNITION	GOBP_CELL_CELL_RECOGNITION		26	-0.62004805	-1.3643017	0.15827338	0.7545293	1.0	14	tags=4%, list=0%, signal=4%	
GOMF_PEPTIDASE_ACTIVITY	GOMF_PEPTIDASE_ACTIVITY		265	-0.44723585	-1.3636479	0.016260162	0.75437576	1.0	684	tags=12%, list=7%, signal=12%	
GOBP_VASCULATURE_DEVELOPMENT	GOBP_VASCULATURE_DEVELOPMENT		350	-0.44933295	-1.3612841	0.008695652	0.7594827	1.0	556	tags=12%, list=5%, signal=12%	
HP_RETINAL_DEGENERATION	HP_RETINAL_DEGENERATION		154	-0.4960357	-1.360941	0.046875	0.75832427	1.0	978	tags=14%, list=9%, signal=16%	
GOBP_ARTERY_DEVELOPMENT	GOBP_ARTERY_DEVELOPMENT		46	-0.5879259	-1.3606602	0.11894273	0.7569464	1.0	458	tags=13%, list=4%, signal=14%	
GOBP_ORGANOPHOSPHATE_ESTER_TRANSPORT	GOBP_ORGANOPHOSPHATE_ESTER_TRANSPORT		109	-0.51093346	-1.3568879	0.07373272	0.7664967	1.0	497	tags=12%, list=5%, signal=12%	
GOBP_CELLULAR_RESPONSE_TO_TOPOLOGICALLY_INCORRECT_PROTEIN	GOBP_CELLULAR_RESPONSE_TO_TOPOLOGICALLY_INCORRECT_PROTEIN		89	-0.5328797	-1.3567467	0.08108108	0.7647344	1.0	807	tags=21%, list=8%, signal=23%	
GOBP_NEGATIVE_REGULATION_OF_MYELOID_CELL_DIFFERENTIATION	GOBP_NEGATIVE_REGULATION_OF_MYELOID_CELL_DIFFERENTIATION		52	-0.5627472	-1.3560966	0.13821138	0.76463425	1.0	649	tags=15%, list=6%, signal=16%	
GOBP_NEUTRAL_LIPID_CATABOLIC_PROCESS	GOBP_NEUTRAL_LIPID_CATABOLIC_PROCESS		19	-0.6415087	-1.3559002	0.16428572	0.7630051	1.0	103	tags=16%, list=1%, signal=16%	
GOBP_POSITIVE_REGULATION_OF_MONOATOMIC_ION_TRANSPORT	GOBP_POSITIVE_REGULATION_OF_MONOATOMIC_ION_TRANSPORT		59	-0.54745966	-1.3551383	0.08675799	0.76317924	1.0	542	tags=15%, list=5%, signal=16%	
GOBP_POSITIVE_REGULATION_OF_MACROAUTOPHAGY	GOBP_POSITIVE_REGULATION_OF_MACROAUTOPHAGY		64	-0.55241466	-1.3547771	0.08713693	0.7621447	1.0	1101	tags=25%, list=11%, signal=28%	
GOCC_SECONDARY_LYSOSOME	GOCC_SECONDARY_LYSOSOME		23	-0.62230647	-1.3538555	0.16849817	0.76299775	1.0	533	tags=39%, list=5%, signal=41%	
HP_ABNORMALITY_OF_HUMORAL_IMMUNITY	HP_ABNORMALITY_OF_HUMORAL_IMMUNITY		229	-0.4660903	-1.3521072	0.025974026	0.7665431	1.0	514	tags=10%, list=5%, signal=10%	
HP_PANCYTOPENIA	HP_PANCYTOPENIA		104	-0.50817394	-1.3508368	0.061032865	0.7682731	1.0	688	tags=17%, list=7%, signal=18%	
GOCC_PROTEIN_PHOSPHATASE_TYPE_1_COMPLEX	GOCC_PROTEIN_PHOSPHATASE_TYPE_1_COMPLEX		15	-0.6595086	-1.3500978	0.16608997	0.76841974	1.0	221	tags=13%, list=2%, signal=14%	
HP_ABNORMAL_CAUDATE_NUCLEUS_MORPHOLOGY	HP_ABNORMAL_CAUDATE_NUCLEUS_MORPHOLOGY		19	-0.63690126	-1.3493536	0.17054264	0.7685078	1.0	56	tags=11%, list=1%, signal=11%	
HP_SENSORY_SEEKING	HP_SENSORY_SEEKING		22	-0.6354204	-1.3481507	0.15068494	0.77023375	1.0	993	tags=27%, list=10%, signal=30%	
GOBP_MRNA_CIS_SPLICING_VIA_SPLICEOSOME	GOBP_MRNA_CIS_SPLICING_VIA_SPLICEOSOME		30	-0.5977316	-1.3480561	0.13654618	0.7682674	1.0	732	tags=27%, list=7%, signal=29%	
HP_ABNORMAL_AUDITORY_EVOKED_POTENTIALS	HP_ABNORMAL_AUDITORY_EVOKED_POTENTIALS		15	-0.6628241	-1.3480294	0.17445482	0.7660944	1.0	150	tags=13%, list=1%, signal=14%	
GOCC_PHAGOCYTIC_CUP	GOCC_PHAGOCYTIC_CUP		22	-0.62439954	-1.3479475	0.17525773	0.7641504	1.0	973	tags=41%, list=9%, signal=45%	
GOBP_MRNA_SPLICE_SITE_RECOGNITION	GOBP_MRNA_SPLICE_SITE_RECOGNITION		31	-0.60993254	-1.3479395	0.17760618	0.76198614	1.0	1010	tags=32%, list=10%, signal=36%	
HP_ABNORMAL_VITREOUS_HUMOR_MORPHOLOGY	HP_ABNORMAL_VITREOUS_HUMOR_MORPHOLOGY		23	-0.6386625	-1.3469268	0.14606741	0.7628914	1.0	314	tags=17%, list=3%, signal=18%	
HP_LIMITATION_OF_NECK_MOTION	HP_LIMITATION_OF_NECK_MOTION		19	-0.6168052	-1.3468043	0.1634981	0.7610683	1.0	315	tags=11%, list=3%, signal=11%	
HP_BILIARY_TRACT_ABNORMALITY	HP_BILIARY_TRACT_ABNORMALITY		67	-0.53456724	-1.3463458	0.068085104	0.76032394	1.0	487	tags=9%, list=5%, signal=9%	
HP_ENLARGED_THORAX	HP_ENLARGED_THORAX		40	-0.59547514	-1.3462214	0.16064256	0.75853443	1.0	472	tags=10%, list=5%, signal=10%	
GOCC_PLATELET_ALPHA_GRANULE_LUMEN	GOCC_PLATELET_ALPHA_GRANULE_LUMEN		34	-0.58620495	-1.3457896	0.17490494	0.7578768	1.0	373	tags=21%, list=4%, signal=21%	
GOBP_BASEMENT_MEMBRANE_ORGANIZATION	GOBP_BASEMENT_MEMBRANE_ORGANIZATION		15	-0.66201323	-1.3454115	0.15625	0.7570485	1.0	334	tags=13%, list=3%, signal=14%	
GOBP_NEUTRAL_LIPID_METABOLIC_PROCESS	GOBP_NEUTRAL_LIPID_METABOLIC_PROCESS		72	-0.52369297	-1.3451011	0.1092437	0.7559811	1.0	103	tags=6%, list=1%, signal=6%	
GOCC_FICOLIN_1_RICH_GRANULE_MEMBRANE	GOCC_FICOLIN_1_RICH_GRANULE_MEMBRANE		46	-0.554339	-1.3448142	0.12396694	0.7547677	1.0	718	tags=24%, list=7%, signal=26%	
GOBP_REGULATION_OF_ANTIGEN_RECEPTOR_MEDIATED_SIGNALING_PATHWAY	GOBP_REGULATION_OF_ANTIGEN_RECEPTOR_MEDIATED_SIGNALING_PATHWAY		50	-0.55343723	-1.344022	0.09016393	0.75515854	1.0	480	tags=18%, list=5%, signal=19%	
GOBP_REGULATION_OF_ENDOTHELIAL_CELL_DIFFERENTIATION	GOBP_REGULATION_OF_ENDOTHELIAL_CELL_DIFFERENTIATION		23	-0.62800235	-1.343962	0.16858238	0.7532282	1.0	458	tags=9%, list=4%, signal=9%	
HP_AORTIC_REGURGITATION	HP_AORTIC_REGURGITATION		56	-0.5482275	-1.343265	0.12345679	0.7532104	1.0	466	tags=9%, list=4%, signal=9%	
GOBP_CHOLESTEROL_EFFLUX	GOBP_CHOLESTEROL_EFFLUX		31	-0.6191107	-1.3432096	0.16810344	0.7512847	1.0	1378	tags=39%, list=13%, signal=44%	
HP_ABNORMALITIES_OF_PLACENTA_OR_UMBILICAL_CORD	HP_ABNORMALITIES_OF_PLACENTA_OR_UMBILICAL_CORD		60	-0.56238866	-1.3424801	0.140625	0.75149715	1.0	311	tags=10%, list=3%, signal=10%	
GOBP_T_CELL_PROLIFERATION	GOBP_T_CELL_PROLIFERATION		129	-0.49639282	-1.3424027	0.05851064	0.7496937	1.0	379	tags=15%, list=4%, signal=15%	
HP_THORACIC_SCOLIOSIS	HP_THORACIC_SCOLIOSIS		33	-0.59420514	-1.3417927	0.13358779	0.74951077	1.0	278	tags=9%, list=3%, signal=9%	
GOBP_POSITIVE_REGULATION_OF_PROTEIN_LOCALIZATION_TO_MEMBRANE	GOBP_POSITIVE_REGULATION_OF_PROTEIN_LOCALIZATION_TO_MEMBRANE		49	-0.56040204	-1.3416054	0.14015152	0.74807084	1.0	608	tags=12%, list=6%, signal=13%	
HP_ANGULATION_OF_PENIS	HP_ANGULATION_OF_PENIS		15	-0.6667919	-1.3408772	0.18867925	0.74819857	1.0	512	tags=20%, list=5%, signal=21%	
HP_TRANSPOSITION_OF_THE_GREAT_ARTERIES	HP_TRANSPOSITION_OF_THE_GREAT_ARTERIES		32	-0.59784526	-1.339953	0.15957446	0.74907035	1.0	23	tags=3%, list=0%, signal=3%	
HP_ENTROPION	HP_ENTROPION		17	-0.6714088	-1.3397882	0.17869416	0.7474546	1.0	448	tags=18%, list=4%, signal=18%	
GOBP_POSITIVE_REGULATION_OF_NEUTROPHIL_MIGRATION	GOBP_POSITIVE_REGULATION_OF_NEUTROPHIL_MIGRATION		19	-0.63063574	-1.338903	0.18309858	0.74806774	1.0	150	tags=16%, list=1%, signal=16%	
GOBP_REGULATION_OF_ALCOHOL_BIOSYNTHETIC_PROCESS	GOBP_REGULATION_OF_ALCOHOL_BIOSYNTHETIC_PROCESS		24	-0.60871905	-1.3387612	0.1521739	0.7464361	1.0	190	tags=8%, list=2%, signal=8%	
HP_ABNORMAL_INTERVERTEBRAL_DISK_MORPHOLOGY	HP_ABNORMAL_INTERVERTEBRAL_DISK_MORPHOLOGY		25	-0.6257668	-1.3384709	0.15358362	0.74528223	1.0	42	tags=8%, list=0%, signal=8%	
HP_HODGKIN_LYMPHOMA	HP_HODGKIN_LYMPHOMA		16	-0.62344664	-1.337015	0.16835018	0.7478464	1.0	950	tags=44%, list=9%, signal=48%	
HP_ABNORMAL_CIRCULATING_SEX_HORMONE_CONCENTRATION	HP_ABNORMAL_CIRCULATING_SEX_HORMONE_CONCENTRATION		59	-0.5616656	-1.3368832	0.11160714	0.7462678	1.0	143	tags=8%, list=1%, signal=9%	
GOBP_EMBRYONIC_ORGAN_DEVELOPMENT	GOBP_EMBRYONIC_ORGAN_DEVELOPMENT		196	-0.4678075	-1.3357338	0.03529412	0.7477443	1.0	334	tags=11%, list=3%, signal=11%	
GOBP_PLASMA_MEMBRANE_ORGANIZATION	GOBP_PLASMA_MEMBRANE_ORGANIZATION		87	-0.5158075	-1.3357272	0.065	0.7457672	1.0	967	tags=18%, list=9%, signal=20%	
HP_ABNORMAL_CIRCULATING_LIPID_CONCENTRATION	HP_ABNORMAL_CIRCULATING_LIPID_CONCENTRATION		191	-0.46094778	-1.3353493	0.036231883	0.744878	1.0	950	tags=15%, list=9%, signal=16%	
HP_MICRONODULAR_CIRRHOSIS	HP_MICRONODULAR_CIRRHOSIS		16	-0.6588584	-1.3352772	0.20430107	0.7431013	1.0	1719	tags=38%, list=16%, signal=45%	
GOMF_G_PROTEIN_COUPLED_RECEPTOR_BINDING	GOMF_G_PROTEIN_COUPLED_RECEPTOR_BINDING		91	-0.5106854	-1.3347752	0.06635071	0.7425466	1.0	259	tags=11%, list=2%, signal=11%	
GOBP_NUTRIENT_STORAGE	GOBP_NUTRIENT_STORAGE		55	-0.54768515	-1.3344561	0.112068966	0.7415782	1.0	1086	tags=25%, list=10%, signal=28%	
GOBP_MAINTENANCE_OF_LOCATION	GOBP_MAINTENANCE_OF_LOCATION		108	-0.50294995	-1.3343223	0.06635071	0.7399901	1.0	307	tags=7%, list=3%, signal=8%	
GOBP_L_GLUTAMATE_IMPORT	GOBP_L_GLUTAMATE_IMPORT		22	-0.630027	-1.333919	0.15636364	0.7392551	1.0	1143	tags=27%, list=11%, signal=31%	
GOBP_RESPONSE_TO_CHEMOKINE	GOBP_RESPONSE_TO_CHEMOKINE		31	-0.5899695	-1.332682	0.16996047	0.74102	1.0	517	tags=23%, list=5%, signal=24%	
HP_FETAL_ULTRASOUND_SOFT_MARKER	HP_FETAL_ULTRASOUND_SOFT_MARKER		86	-0.52189904	-1.3317136	0.1092437	0.7421631	1.0	567	tags=12%, list=5%, signal=12%	
HP_AMENORRHEA	HP_AMENORRHEA		87	-0.523574	-1.3313209	0.08225108	0.7414569	1.0	345	tags=8%, list=3%, signal=8%	
GOBP_MULTI_MULTICELLULAR_ORGANISM_PROCESS	GOBP_MULTI_MULTICELLULAR_ORGANISM_PROCESS		86	-0.5194025	-1.3292154	0.09952607	0.7458391	1.0	328	tags=13%, list=3%, signal=13%	
GOBP_GOLGI_ORGANIZATION	GOBP_GOLGI_ORGANIZATION		110	-0.50851023	-1.3292146	0.06866953	0.74390185	1.0	613	tags=9%, list=6%, signal=10%	
GOCC_FICOLIN_1_RICH_GRANULE_LUMEN	GOCC_FICOLIN_1_RICH_GRANULE_LUMEN		110	-0.4926457	-1.3288848	0.08292683	0.7429295	1.0	631	tags=16%, list=6%, signal=17%	
HP_ABNORMAL_PERIPHERAL_ACTION_POTENTIAL_AMPLITUDE	HP_ABNORMAL_PERIPHERAL_ACTION_POTENTIAL_AMPLITUDE		31	-0.61000335	-1.3287467	0.1835206	0.7414158	1.0	429	tags=6%, list=4%, signal=7%	
GOBP_VESICLE_DOCKING	GOBP_VESICLE_DOCKING		36	-0.59007424	-1.3282237	0.14545454	0.74110526	1.0	180	tags=6%, list=2%, signal=6%	
HP_WRIST_FLEXION_CONTRACTURE	HP_WRIST_FLEXION_CONTRACTURE		19	-0.61824226	-1.3274924	0.19387755	0.74146587	1.0	23	tags=5%, list=0%, signal=5%	
HP_LARGE_INTESTINAL_POLYPOSIS	HP_LARGE_INTESTINAL_POLYPOSIS		22	-0.6358303	-1.326237	0.18631178	0.7433484	1.0	172	tags=9%, list=2%, signal=9%	
GOBP_TISSUE_MIGRATION	GOBP_TISSUE_MIGRATION		49	-0.5520468	-1.3259993	0.15948276	0.7421705	1.0	749	tags=20%, list=7%, signal=22%	
GOCC_SECRETORY_GRANULE_MEMBRANE	GOCC_SECRETORY_GRANULE_MEMBRANE		211	-0.4517659	-1.3253597	0.04109589	0.7423223	1.0	565	tags=18%, list=5%, signal=19%	
GOBP_REGULATION_OF_BINDING	GOBP_REGULATION_OF_BINDING		58	-0.54803425	-1.3253424	0.13043478	0.7404925	1.0	150	tags=5%, list=1%, signal=5%	
HP_EMPHYSEMA	HP_EMPHYSEMA		24	-0.627771	-1.323345	0.18450184	0.7444241	1.0	127	tags=8%, list=1%, signal=8%	
HP_HIP_CONTRACTURE	HP_HIP_CONTRACTURE		35	-0.6005483	-1.322993	0.16182573	0.74359703	1.0	487	tags=11%, list=5%, signal=12%	
HP_PROGRESSIVE_NEUROLOGIC_DETERIORATION	HP_PROGRESSIVE_NEUROLOGIC_DETERIORATION		50	-0.5646939	-1.3228557	0.11065574	0.74208707	1.0	330	tags=8%, list=3%, signal=8%	
GOBP_INTRACELLULAR_PROTEIN_TRANSMEMBRANE_TRANSPORT	GOBP_INTRACELLULAR_PROTEIN_TRANSMEMBRANE_TRANSPORT		26	-0.61036944	-1.3220673	0.1884058	0.7425813	1.0	12	tags=4%, list=0%, signal=4%	
GOCC_VESICLE_LUMEN	GOCC_VESICLE_LUMEN		225	-0.45480645	-1.3216155	0.04379562	0.74207836	1.0	472	tags=15%, list=5%, signal=15%	
HP_ABNORMAL_MENINGEAL_MORPHOLOGY	HP_ABNORMAL_MENINGEAL_MORPHOLOGY		111	-0.4876633	-1.3215176	0.110526316	0.74051684	1.0	658	tags=10%, list=6%, signal=10%	
HP_SUPRANUCLEAR_GAZE_PALSY	HP_SUPRANUCLEAR_GAZE_PALSY		40	-0.57504517	-1.3205284	0.15748031	0.74175763	1.0	1384	tags=35%, list=13%, signal=40%	
GOBP_GLUCOSE_6_PHOSPHATE_METABOLIC_PROCESS	GOBP_GLUCOSE_6_PHOSPHATE_METABOLIC_PROCESS		20	-0.63496685	-1.3202056	0.17421603	0.74098706	1.0	959	tags=30%, list=9%, signal=33%	
HP_NATAL_TOOTH	HP_NATAL_TOOTH		21	-0.6208496	-1.319495	0.18021202	0.74114984	1.0	23	tags=5%, list=0%, signal=5%	
GOBP_INOSITOL_PHOSPHATE_METABOLIC_PROCESS	GOBP_INOSITOL_PHOSPHATE_METABOLIC_PROCESS		23	-0.6171789	-1.3187088	0.18007663	0.74171406	1.0	20	tags=4%, list=0%, signal=4%	
HP_ANKYLOGLOSSIA	HP_ANKYLOGLOSSIA		15	-0.63609093	-1.3169941	0.19217081	0.7451472	1.0	356	tags=13%, list=3%, signal=14%	
HP_DYSTROPHIC_FINGERNAILS	HP_DYSTROPHIC_FINGERNAILS		19	-0.6253758	-1.3160456	0.17322835	0.7460648	1.0	502	tags=21%, list=5%, signal=22%	
HP_ABNORMAL_CIRCULATING_FATTY_ACID_CONCENTRATION	HP_ABNORMAL_CIRCULATING_FATTY_ACID_CONCENTRATION		52	-0.54797673	-1.3150529	0.13709678	0.74725777	1.0	429	tags=12%, list=4%, signal=12%	
HP_NEOPLASM_OF_THE_ADRENAL_GLAND	HP_NEOPLASM_OF_THE_ADRENAL_GLAND		28	-0.59689283	-1.3145016	0.1496063	0.74701625	1.0	530	tags=18%, list=5%, signal=19%	
HP_DECREASED_GLOMERULAR_FILTRATION_RATE	HP_DECREASED_GLOMERULAR_FILTRATION_RATE		15	-0.656157	-1.3131025	0.2	0.7492896	1.0	29	tags=7%, list=0%, signal=7%	
GOBP_STEM_CELL_DEVELOPMENT	GOBP_STEM_CELL_DEVELOPMENT		27	-0.58612293	-1.3123747	0.17028986	0.7497136	1.0	567	tags=26%, list=5%, signal=27%	
GOCC_AUTOLYSOSOME	GOCC_AUTOLYSOSOME		17	-0.6623854	-1.3121293	0.19366197	0.7486911	1.0	505	tags=35%, list=5%, signal=37%	
GOCC_CYTOPLASMIC_STRESS_GRANULE	GOCC_CYTOPLASMIC_STRESS_GRANULE		65	-0.5301621	-1.311228	0.12663755	0.7495208	1.0	700	tags=15%, list=7%, signal=16%	
HP_APLASIA_HYPOPLASIA_OF_THE_THYMUS	HP_APLASIA_HYPOPLASIA_OF_THE_THYMUS		29	-0.6045367	-1.310987	0.18775511	0.7484488	1.0	691	tags=17%, list=7%, signal=18%	
HP_THIN_RIBS	HP_THIN_RIBS		22	-0.61757743	-1.3108009	0.175	0.7472101	1.0	634	tags=14%, list=6%, signal=14%	
HP_RECURRENT_STAPHYLOCOCCAL_INFECTIONS	HP_RECURRENT_STAPHYLOCOCCAL_INFECTIONS		22	-0.61172634	-1.3103138	0.15769231	0.74680364	1.0	533	tags=41%, list=5%, signal=43%	
HP_ABNORMAL_THYROID_MORPHOLOGY	HP_ABNORMAL_THYROID_MORPHOLOGY		99	-0.48736686	-1.3095381	0.0882353	0.7473761	1.0	530	tags=11%, list=5%, signal=12%	
GOMF_GENERAL_TRANSCRIPTION_INITIATION_FACTOR_BINDING	GOMF_GENERAL_TRANSCRIPTION_INITIATION_FACTOR_BINDING		38	-0.5802046	-1.3093807	0.16260162	0.74605507	1.0	239	tags=5%, list=2%, signal=5%	
GOBP_RESPONSE_TO_VITAMIN	GOBP_RESPONSE_TO_VITAMIN		42	-0.5714605	-1.3082749	0.16589862	0.74769473	1.0	497	tags=14%, list=5%, signal=15%	
GOBP_HEART_MORPHOGENESIS	GOBP_HEART_MORPHOGENESIS		103	-0.49205208	-1.30819	0.08974359	0.74617213	1.0	495	tags=12%, list=5%, signal=12%	
HP_ICHTHYOSIS	HP_ICHTHYOSIS		80	-0.51754445	-1.3074418	0.14655173	0.7466106	1.0	423	tags=10%, list=4%, signal=10%	
HP_DIFFICULTY_CLIMBING_STAIRS	HP_DIFFICULTY_CLIMBING_STAIRS		38	-0.5738255	-1.3069419	0.176	0.74629366	1.0	23	tags=3%, list=0%, signal=3%	
HP_PREMATURE_OVARIAN_INSUFFICIENCY	HP_PREMATURE_OVARIAN_INSUFFICIENCY		42	-0.5702262	-1.3065805	0.16981132	0.7456397	1.0	475	tags=7%, list=5%, signal=7%	
GOBP_REGULATION_OF_VASCULAR_PERMEABILITY	GOBP_REGULATION_OF_VASCULAR_PERMEABILITY		17	-0.63798803	-1.3062841	0.18150684	0.74479	1.0	512	tags=18%, list=5%, signal=19%	
GOBP_GLYCOSPHINGOLIPID_BIOSYNTHETIC_PROCESS	GOBP_GLYCOSPHINGOLIPID_BIOSYNTHETIC_PROCESS		25	-0.5907875	-1.3060498	0.19188192	0.743726	1.0	245	tags=12%, list=2%, signal=12%	
HP_PANNICULITIS	HP_PANNICULITIS		22	-0.62546057	-1.30596	0.19081272	0.74222463	1.0	127	tags=14%, list=1%, signal=14%	
GOCC_ENDOPLASMIC_RETICULUM_EXIT_SITE	GOCC_ENDOPLASMIC_RETICULUM_EXIT_SITE		25	-0.58200294	-1.3052105	0.15810277	0.7427134	1.0	1020	tags=24%, list=10%, signal=27%	
HP_NEOPLASM_OF_THE_THYROID_GLAND	HP_NEOPLASM_OF_THE_THYROID_GLAND		53	-0.5306951	-1.3040375	0.12890625	0.74452776	1.0	880	tags=19%, list=8%, signal=20%	
HP_RELATIVE_MACROCEPHALY	HP_RELATIVE_MACROCEPHALY		48	-0.55800974	-1.3038701	0.15111111	0.74329793	1.0	567	tags=10%, list=5%, signal=11%	
GOBP_REGULATORY_NCRNA_MEDIATED_GENE_SILENCING	GOBP_REGULATORY_NCRNA_MEDIATED_GENE_SILENCING		99	-0.50136906	-1.302779	0.08133971	0.7450162	1.0	191	tags=6%, list=2%, signal=6%	
HP_HAMMERTOE	HP_HAMMERTOE		37	-0.5795305	-1.3022441	0.17916666	0.744936	1.0	475	tags=11%, list=5%, signal=11%	
GOBP_REGULATION_OF_PROTEIN_DEPOLYMERIZATION	GOBP_REGULATION_OF_PROTEIN_DEPOLYMERIZATION		47	-0.54553735	-1.3012468	0.16194332	0.74612546	1.0	1195	tags=32%, list=11%, signal=36%	
GOBP_REGENERATION	GOBP_REGENERATION		78	-0.51443213	-1.3010194	0.12149533	0.74505407	1.0	467	tags=13%, list=4%, signal=13%	
HP_ABNORMALITY_OF_THE_COMMON_COAGULATION_PATHWAY	HP_ABNORMALITY_OF_THE_COMMON_COAGULATION_PATHWAY		46	-0.5575154	-1.3008735	0.14102565	0.74376976	1.0	502	tags=15%, list=5%, signal=16%	
GOBP_POSITIVE_REGULATION_OF_LOCOMOTION	GOBP_POSITIVE_REGULATION_OF_LOCOMOTION		274	-0.42866105	-1.3006339	0.023622047	0.7427133	1.0	286	tags=9%, list=3%, signal=9%	
GOBP_ENDOSOME_TO_LYSOSOME_TRANSPORT_VIA_MULTIVESICULAR_BODY_SORTING_PATHWAY	GOBP_ENDOSOME_TO_LYSOSOME_TRANSPORT_VIA_MULTIVESICULAR_BODY_SORTING_PATHWAY		16	-0.6188097	-1.2999276	0.23193917	0.7431396	1.0	1392	tags=25%, list=13%, signal=29%	
HP_ABNORMAL_PLACENTA_MORPHOLOGY	HP_ABNORMAL_PLACENTA_MORPHOLOGY		20	-0.6257284	-1.299786	0.18345323	0.7418723	1.0	172	tags=15%, list=2%, signal=15%	
HP_TRANSIENT_ISCHEMIC_ATTACK	HP_TRANSIENT_ISCHEMIC_ATTACK		23	-0.59539133	-1.2995179	0.18881118	0.74097943	1.0	179	tags=17%, list=2%, signal=18%	
GOBP_NEUTROPHIL_MEDIATED_IMMUNITY	GOBP_NEUTROPHIL_MEDIATED_IMMUNITY		22	-0.5992585	-1.2990065	0.19014084	0.740689	1.0	340	tags=27%, list=3%, signal=28%	
HP_URETERAL_DUPLICATION	HP_URETERAL_DUPLICATION		29	-0.5925748	-1.2978281	0.17993079	0.7423131	1.0	84	tags=7%, list=1%, signal=7%	
GOBP_BIOMINERAL_TISSUE_DEVELOPMENT	GOBP_BIOMINERAL_TISSUE_DEVELOPMENT		79	-0.522682	-1.2973927	0.13756613	0.74184	1.0	433	tags=8%, list=4%, signal=8%	
GOBP_ENDOCARDIAL_CUSHION_DEVELOPMENT	GOBP_ENDOCARDIAL_CUSHION_DEVELOPMENT		17	-0.6362194	-1.2972347	0.2032258	0.74057657	1.0	458	tags=29%, list=4%, signal=31%	
GOBP_CORTICAL_CYTOSKELETON_ORGANIZATION	GOBP_CORTICAL_CYTOSKELETON_ORGANIZATION		43	-0.5599983	-1.2955896	0.16935484	0.7434985	1.0	711	tags=19%, list=7%, signal=20%	
GOBP_WALKING_BEHAVIOR	GOBP_WALKING_BEHAVIOR		18	-0.62566465	-1.2952545	0.19172932	0.74281734	1.0	525	tags=22%, list=5%, signal=23%	
HP_HYPOREFLEXIA_OF_LOWER_LIMBS	HP_HYPOREFLEXIA_OF_LOWER_LIMBS		23	-0.59613776	-1.294552	0.1969112	0.74312615	1.0	23	tags=4%, list=0%, signal=4%	
HP_SPASTIC_DIPLEGIA	HP_SPASTIC_DIPLEGIA		31	-0.58343786	-1.2933586	0.17509727	0.74497	1.0	591	tags=13%, list=6%, signal=14%	
HP_BONE_CYST	HP_BONE_CYST		18	-0.6182439	-1.29287	0.17562725	0.74455386	1.0	56	tags=6%, list=1%, signal=6%	
HP_MYOTONIA	HP_MYOTONIA		17	-0.60553986	-1.2918367	0.16943522	0.7459633	1.0	23	tags=6%, list=0%, signal=6%	
GOBP_PROTEIN_LOCALIZATION_TO_LYSOSOME	GOBP_PROTEIN_LOCALIZATION_TO_LYSOSOME		44	-0.55813473	-1.2915038	0.16030534	0.7453419	1.0	577	tags=18%, list=6%, signal=19%	
HP_LONG_FOOT	HP_LONG_FOOT		21	-0.5981996	-1.2898849	0.18478261	0.74843085	1.0	42	tags=5%, list=0%, signal=5%	
GOBP_EPITHELIAL_CELL_DIFFERENTIATION	GOBP_EPITHELIAL_CELL_DIFFERENTIATION		289	-0.42584455	-1.2889591	0.016528925	0.7493657	1.0	723	tags=14%, list=7%, signal=14%	
HP_ABNORMAL_SACCADIC_EYE_MOVEMENTS	HP_ABNORMAL_SACCADIC_EYE_MOVEMENTS		52	-0.54587924	-1.2886987	0.15748031	0.748462	1.0	475	tags=10%, list=5%, signal=10%	
HP_PROSTATE_CANCER	HP_PROSTATE_CANCER		25	-0.59877396	-1.2886894	0.19860627	0.74682355	1.0	192	tags=16%, list=2%, signal=16%	
HP_BROAD_DISTAL_PHALANX_OF_FINGER	HP_BROAD_DISTAL_PHALANX_OF_FINGER		16	-0.63320184	-1.2877561	0.20394737	0.747931	1.0	42	tags=6%, list=0%, signal=6%	
GOBP_MIRNA_TRANSCRIPTION	GOBP_MIRNA_TRANSCRIPTION		37	-0.57401115	-1.2875913	0.1773585	0.74678063	1.0	277	tags=11%, list=3%, signal=11%	
HP_HAND_MUSCLE_WEAKNESS	HP_HAND_MUSCLE_WEAKNESS		26	-0.5806832	-1.2866718	0.17490494	0.7477923	1.0	417	tags=12%, list=4%, signal=12%	
GOBP_EMBRYO_DEVELOPMENT_ENDING_IN_BIRTH_OR_EGG_HATCHING	GOBP_EMBRYO_DEVELOPMENT_ENDING_IN_BIRTH_OR_EGG_HATCHING		363	-0.41886544	-1.2850724	0.011764706	0.7508965	1.0	595	tags=10%, list=6%, signal=10%	
HP_ABNORMAL_DIENCEPHALON_MORPHOLOGY	HP_ABNORMAL_DIENCEPHALON_MORPHOLOGY		67	-0.52076477	-1.2838836	0.14344262	0.75272894	1.0	339	tags=7%, list=3%, signal=8%	
GOMF_CYCLIN_BINDING	GOMF_CYCLIN_BINDING		20	-0.6028124	-1.2835224	0.20068027	0.7521239	1.0	142	tags=10%, list=1%, signal=10%	
HP_ABNORMAL_POSTERIOR_SEGMENT_IMAGING	HP_ABNORMAL_POSTERIOR_SEGMENT_IMAGING		62	-0.51367724	-1.2833263	0.13839285	0.7509871	1.0	1296	tags=19%, list=12%, signal=22%	
GOBP_FERTILIZATION	GOBP_FERTILIZATION		69	-0.52646345	-1.2830809	0.14893617	0.750083	1.0	936	tags=17%, list=9%, signal=19%	
GOBP_GLYCOLYTIC_PROCESS_THROUGH_GLUCOSE_6_PHOSPHATE	GOBP_GLYCOLYTIC_PROCESS_THROUGH_GLUCOSE_6_PHOSPHATE		17	-0.6073215	-1.2830211	0.20761245	0.74861306	1.0	1242	tags=35%, list=12%, signal=40%	
GOBP_ENDOCRINE_PROCESS	GOBP_ENDOCRINE_PROCESS		35	-0.5691286	-1.282489	0.19066148	0.74862033	1.0	234	tags=6%, list=2%, signal=6%	
GOBP_PROTEIN_MATURATION	GOBP_PROTEIN_MATURATION		361	-0.41157934	-1.2824162	0.011904762	0.7472218	1.0	504	tags=7%, list=5%, signal=7%	
HP_SAGITTAL_CRANIOSYNOSTOSIS	HP_SAGITTAL_CRANIOSYNOSTOSIS		19	-0.6328859	-1.2821717	0.22887324	0.7463599	1.0	117	tags=11%, list=1%, signal=11%	
GOBP_REGULATION_OF_DNA_BINDING	GOBP_REGULATION_OF_DNA_BINDING		26	-0.5974651	-1.281875	0.20883535	0.745613	1.0	4	tags=4%, list=0%, signal=4%	
GOBP_NEGATIVE_REGULATION_OF_PROTEIN_BINDING	GOBP_NEGATIVE_REGULATION_OF_PROTEIN_BINDING		15	-0.6356445	-1.2817122	0.21933086	0.7444363	1.0	542	tags=13%, list=5%, signal=14%	
GOMF_TRANSCRIPTION_REGULATOR_INHIBITOR_ACTIVITY	GOMF_TRANSCRIPTION_REGULATOR_INHIBITOR_ACTIVITY		25	-0.5553387	-1.2812529	0.19081272	0.7441335	1.0	631	tags=12%, list=6%, signal=13%	
HP_ABNORMAL_MORPHOLOGY_OF_THE_LIMBIC_SYSTEM	HP_ABNORMAL_MORPHOLOGY_OF_THE_LIMBIC_SYSTEM		27	-0.57390547	-1.2806228	0.20149253	0.7444823	1.0	752	tags=19%, list=7%, signal=20%	
GOBP_BIOLOGICAL_PROCESS_INVOLVED_IN_SYMBIOTIC_INTERACTION	GOBP_BIOLOGICAL_PROCESS_INVOLVED_IN_SYMBIOTIC_INTERACTION		120	-0.4710392	-1.2805586	0.082474224	0.7430491	1.0	437	tags=17%, list=4%, signal=17%	
HP_DISSEMINATED_INTRAVASCULAR_COAGULATION	HP_DISSEMINATED_INTRAVASCULAR_COAGULATION		18	-0.6317984	-1.2775043	0.22258064	0.7503575	1.0	502	tags=22%, list=5%, signal=23%	
GOBP_ANTIMICROBIAL_HUMORAL_IMMUNE_RESPONSE_MEDIATED_BY_ANTIMICROBIAL_PEPTIDE	GOBP_ANTIMICROBIAL_HUMORAL_IMMUNE_RESPONSE_MEDIATED_BY_ANTIMICROBIAL_PEPTIDE		29	-0.554653	-1.2772986	0.18181819	0.7493159	1.0	165	tags=24%, list=2%, signal=24%	
GOBP_REGULATION_OF_CD8_POSITIVE_ALPHA_BETA_T_CELL_ACTIVATION	GOBP_REGULATION_OF_CD8_POSITIVE_ALPHA_BETA_T_CELL_ACTIVATION		15	-0.6291873	-1.2757306	0.22257054	0.7523136	1.0	787	tags=33%, list=8%, signal=36%	
GOBP_REGULATION_OF_PLATELET_ACTIVATION	GOBP_REGULATION_OF_PLATELET_ACTIVATION		24	-0.59543043	-1.2756027	0.20930232	0.7510618	1.0	20	tags=8%, list=0%, signal=8%	
HP_PROXIMAL_AMYOTROPHY	HP_PROXIMAL_AMYOTROPHY		38	-0.5713351	-1.2753378	0.18773946	0.7501859	1.0	23	tags=3%, list=0%, signal=3%	
GOBP_CARBOHYDRATE_BIOSYNTHETIC_PROCESS	GOBP_CARBOHYDRATE_BIOSYNTHETIC_PROCESS		105	-0.474163	-1.2751378	0.093333334	0.74919564	1.0	399	tags=7%, list=4%, signal=7%	
GOBP_ISOPRENOID_METABOLIC_PROCESS	GOBP_ISOPRENOID_METABOLIC_PROCESS		55	-0.52717257	-1.2748289	0.16460906	0.74848735	1.0	447	tags=11%, list=4%, signal=11%	
HP_ABNORMAL_THYMUS_MORPHOLOGY	HP_ABNORMAL_THYMUS_MORPHOLOGY		39	-0.55502987	-1.2744437	0.1985294	0.7479338	1.0	973	tags=23%, list=9%, signal=25%	
HP_ABNORMAL_NATURAL_KILLER_CELL_MORPHOLOGY	HP_ABNORMAL_NATURAL_KILLER_CELL_MORPHOLOGY		35	-0.5566037	-1.2743049	0.17090909	0.74679476	1.0	555	tags=14%, list=5%, signal=15%	
GOBP_AUTOPHAGOSOME_MATURATION	GOBP_AUTOPHAGOSOME_MATURATION		57	-0.5437297	-1.2720321	0.16738197	0.7520103	1.0	1417	tags=35%, list=14%, signal=40%	
HP_OVARIAN_NEOPLASM	HP_OVARIAN_NEOPLASM		48	-0.5510641	-1.2718441	0.15234375	0.7509446	1.0	172	tags=8%, list=2%, signal=8%	
GOBP_BLOOD_VESSEL_MORPHOGENESIS	GOBP_BLOOD_VESSEL_MORPHOGENESIS		279	-0.42515853	-1.271315	0.033333335	0.7508797	1.0	556	tags=12%, list=5%, signal=13%	
HP_CONGENITAL_SENSORINEURAL_HEARING_IMPAIRMENT	HP_CONGENITAL_SENSORINEURAL_HEARING_IMPAIRMENT		19	-0.5796731	-1.2703521	0.21544716	0.7522346	1.0	143	tags=16%, list=1%, signal=16%	
HP_PROGEROID_FACIAL_APPEARANCE	HP_PROGEROID_FACIAL_APPEARANCE		23	-0.6085714	-1.269986	0.19402985	0.7516244	1.0	23	tags=4%, list=0%, signal=4%	
HP_SPASTIC_GAIT	HP_SPASTIC_GAIT		52	-0.53732425	-1.269963	0.17021276	0.7501362	1.0	429	tags=8%, list=4%, signal=8%	
GOBP_POSITIVE_REGULATION_OF_STEROL_TRANSPORT	GOBP_POSITIVE_REGULATION_OF_STEROL_TRANSPORT		17	-0.6251548	-1.2690223	0.23417722	0.7514357	1.0	1378	tags=41%, list=13%, signal=47%	
GOMF_MOLECULAR_CONDENSATE_SCAFFOLD_ACTIVITY	GOMF_MOLECULAR_CONDENSATE_SCAFFOLD_ACTIVITY		33	-0.57754666	-1.2690133	0.18959108	0.7499087	1.0	524	tags=15%, list=5%, signal=16%	
GOMF_PHOSPHATASE_INHIBITOR_ACTIVITY	GOMF_PHOSPHATASE_INHIBITOR_ACTIVITY		33	-0.58055454	-1.2689148	0.22426471	0.74867296	1.0	290	tags=6%, list=3%, signal=6%	
HP_PERIVENTRICULAR_WHITE_MATTER_HYPERINTENSITIES	HP_PERIVENTRICULAR_WHITE_MATTER_HYPERINTENSITIES		17	-0.6184111	-1.2685741	0.23934427	0.74814326	1.0	607	tags=18%, list=6%, signal=19%	
HP_RECTAL_PROLAPSE	HP_RECTAL_PROLAPSE		33	-0.57615805	-1.2676986	0.171875	0.74920666	1.0	502	tags=21%, list=5%, signal=22%	
GOBP_SPECIFICATION_OF_SYMMETRY	GOBP_SPECIFICATION_OF_SYMMETRY		63	-0.5221557	-1.2667743	0.17256637	0.7504738	1.0	277	tags=6%, list=3%, signal=6%	
GOBP_ACTIN_FILAMENT_DEPOLYMERIZATION	GOBP_ACTIN_FILAMENT_DEPOLYMERIZATION		32	-0.57818556	-1.2662966	0.2248996	0.75038254	1.0	1195	tags=31%, list=11%, signal=35%	
HP_ADDICTIVE_ALCOHOL_USE	HP_ADDICTIVE_ALCOHOL_USE		17	-0.6095796	-1.2662181	0.21323529	0.74909455	1.0	1188	tags=41%, list=11%, signal=46%	
HP_ORAL_CAVITY_BLEEDING	HP_ORAL_CAVITY_BLEEDING		15	-0.63647014	-1.2643615	0.23355263	0.7529958	1.0	502	tags=20%, list=5%, signal=21%	
HP_THROMBOEMBOLISM	HP_THROMBOEMBOLISM		33	-0.58122426	-1.2635063	0.192	0.75403553	1.0	480	tags=18%, list=5%, signal=19%	
HP_DIFFICULTY_RUNNING	HP_DIFFICULTY_RUNNING		27	-0.59495455	-1.263382	0.2159091	0.75287604	1.0	23	tags=4%, list=0%, signal=4%	
GOBP_ZYMOGEN_ACTIVATION	GOBP_ZYMOGEN_ACTIVATION		28	-0.56009835	-1.2629504	0.19572954	0.7525844	1.0	391	tags=18%, list=4%, signal=19%	
GOBP_SMOOTH_MUSCLE_CELL_DIFFERENTIATION	GOBP_SMOOTH_MUSCLE_CELL_DIFFERENTIATION		25	-0.5954806	-1.262763	0.20676692	0.7515825	1.0	2	tags=4%, list=0%, signal=4%	
HP_SLOW_SACCADIC_EYE_MOVEMENTS	HP_SLOW_SACCADIC_EYE_MOVEMENTS		28	-0.5877858	-1.2620602	0.20212767	0.7522347	1.0	475	tags=14%, list=5%, signal=15%	
GOBP_MULTICELLULAR_ORGANISMAL_MOVEMENT	GOBP_MULTICELLULAR_ORGANISMAL_MOVEMENT		22	-0.5821763	-1.2618148	0.22968198	0.7513829	1.0	1261	tags=41%, list=12%, signal=46%	
GOBP_POSITIVE_REGULATION_OF_PROTEIN_LOCALIZATION_TO_CELL_PERIPHERY	GOBP_POSITIVE_REGULATION_OF_PROTEIN_LOCALIZATION_TO_CELL_PERIPHERY		44	-0.53698087	-1.2617476	0.17299578	0.7500806	1.0	445	tags=11%, list=4%, signal=12%	
GOBP_EMBRYONIC_CAMERA_TYPE_EYE_DEVELOPMENT	GOBP_EMBRYONIC_CAMERA_TYPE_EYE_DEVELOPMENT		15	-0.6198299	-1.2615304	0.22064057	0.7491586	1.0	128	tags=13%, list=1%, signal=13%	
HP_EEG_WITH_POLYSPIKE_WAVE_COMPLEXES	HP_EEG_WITH_POLYSPIKE_WAVE_COMPLEXES		24	-0.60219264	-1.261408	0.23170732	0.74804366	1.0	2061	tags=42%, list=20%, signal=52%	
GOBP_SKELETAL_SYSTEM_DEVELOPMENT	GOBP_SKELETAL_SYSTEM_DEVELOPMENT		212	-0.4404217	-1.2607399	0.077844314	0.7483879	1.0	567	tags=16%, list=5%, signal=16%	
GOBP_REGULATION_OF_RESPONSE_TO_OXIDATIVE_STRESS	GOBP_REGULATION_OF_RESPONSE_TO_OXIDATIVE_STRESS		25	-0.5972307	-1.2606393	0.20289855	0.74719095	1.0	187	tags=12%, list=2%, signal=12%	
GOBP_NUCLEUS_ORGANIZATION	GOBP_NUCLEUS_ORGANIZATION		103	-0.4858435	-1.2603408	0.10526316	0.7465988	1.0	411	tags=7%, list=4%, signal=7%	
GOBP_PROTEIN_LOCALIZATION_TO_VACUOLE	GOBP_PROTEIN_LOCALIZATION_TO_VACUOLE		63	-0.520918	-1.2602592	0.17094018	0.7453342	1.0	577	tags=16%, list=6%, signal=17%	
GOBP_REGULATION_OF_OSSIFICATION	GOBP_REGULATION_OF_OSSIFICATION		58	-0.5344875	-1.258098	0.1797235	0.74973625	1.0	433	tags=7%, list=4%, signal=7%	
HP_NEOPLASM_OF_THE_PERIPHERAL_NERVOUS_SYSTEM	HP_NEOPLASM_OF_THE_PERIPHERAL_NERVOUS_SYSTEM		40	-0.55453575	-1.2579962	0.1992032	0.74852455	1.0	142	tags=5%, list=1%, signal=5%	
GOMF_DNA_EXONUCLEASE_ACTIVITY	GOMF_DNA_EXONUCLEASE_ACTIVITY		25	-0.59075594	-1.2577243	0.24262296	0.74778754	1.0	10	tags=4%, list=0%, signal=4%	
GOBP_MALE_SEX_DIFFERENTIATION	GOBP_MALE_SEX_DIFFERENTIATION		66	-0.5050838	-1.2575468	0.14583333	0.74683976	1.0	627	tags=17%, list=6%, signal=18%	
GOBP_KIDNEY_EPITHELIUM_DEVELOPMENT	GOBP_KIDNEY_EPITHELIUM_DEVELOPMENT		52	-0.5319165	-1.2574804	0.16078432	0.74559784	1.0	567	tags=13%, list=5%, signal=14%	
HP_AXIAL_MUSCLE_WEAKNESS	HP_AXIAL_MUSCLE_WEAKNESS		23	-0.57009935	-1.2570668	0.18846154	0.7452789	1.0	607	tags=13%, list=6%, signal=14%	
HP_LIMB_GIRDLE_MUSCLE_WEAKNESS	HP_LIMB_GIRDLE_MUSCLE_WEAKNESS		59	-0.5241677	-1.2566811	0.17521368	0.74495375	1.0	47	tags=3%, list=0%, signal=3%	
HP_GONADAL_NEOPLASM	HP_GONADAL_NEOPLASM		64	-0.49303392	-1.2560828	0.13777778	0.74520546	1.0	172	tags=8%, list=2%, signal=8%	
GOBP_NEGATIVE_REGULATION_OF_NEURON_APOPTOTIC_PROCESS	GOBP_NEGATIVE_REGULATION_OF_NEURON_APOPTOTIC_PROCESS		75	-0.5058655	-1.2553362	0.13302752	0.7458061	1.0	542	tags=13%, list=5%, signal=14%	
GOBP_RESPONSE_TO_STARVATION	GOBP_RESPONSE_TO_STARVATION		155	-0.4565668	-1.2551088	0.09039548	0.7449906	1.0	568	tags=10%, list=5%, signal=10%	
HP_ABNORMAL_CORPUS_STRIATUM_MORPHOLOGY	HP_ABNORMAL_CORPUS_STRIATUM_MORPHOLOGY		34	-0.551478	-1.2547997	0.18478261	0.7443938	1.0	101	tags=9%, list=1%, signal=9%	
GOBP_POSITIVE_REGULATION_OF_NATURAL_KILLER_CELL_MEDIATED_IMMUNITY	GOBP_POSITIVE_REGULATION_OF_NATURAL_KILLER_CELL_MEDIATED_IMMUNITY		16	-0.61920255	-1.2544831	0.24911033	0.7439287	1.0	505	tags=13%, list=5%, signal=13%	
GOBP_REGULATION_OF_INFLAMMASOME_MEDIATED_SIGNALING_PATHWAY	GOBP_REGULATION_OF_INFLAMMASOME_MEDIATED_SIGNALING_PATHWAY		33	-0.5434511	-1.2544396	0.18852459	0.7426538	1.0	524	tags=15%, list=5%, signal=16%	
GOBP_HOST_MEDIATED_ACTIVATION_OF_VIRAL_PROCESS	GOBP_HOST_MEDIATED_ACTIVATION_OF_VIRAL_PROCESS		30	-0.5623967	-1.2536997	0.21908127	0.7432479	1.0	204	tags=10%, list=2%, signal=10%	
GOBP_HINDBRAIN_DEVELOPMENT	GOBP_HINDBRAIN_DEVELOPMENT		74	-0.49406394	-1.2536976	0.12554112	0.74182665	1.0	332	tags=7%, list=3%, signal=7%	
HP_ABNORMALITY_OF_THE_DISTAL_PHALANGES_OF_THE_TOES	HP_ABNORMALITY_OF_THE_DISTAL_PHALANGES_OF_THE_TOES		15	-0.6253331	-1.2528809	0.21453287	0.7425708	1.0	23	tags=7%, list=0%, signal=7%	
GOCC_PIGMENT_GRANULE	GOCC_PIGMENT_GRANULE		73	-0.52272516	-1.2506012	0.16228071	0.7473691	1.0	641	tags=23%, list=6%, signal=25%	
GOBP_INFLAMMATORY_CELL_APOPTOTIC_PROCESS	GOBP_INFLAMMATORY_CELL_APOPTOTIC_PROCESS		16	-0.6209385	-1.2501645	0.25650558	0.74708575	1.0	145	tags=25%, list=1%, signal=25%	
HP_EPIPHYSEAL_DYSPLASIA	HP_EPIPHYSEAL_DYSPLASIA		17	-0.62292546	-1.2496259	0.22	0.74711037	1.0	314	tags=18%, list=3%, signal=18%	
HP_NEOPLASM_OF_THE_MALE_EXTERNAL_GENITALIA	HP_NEOPLASM_OF_THE_MALE_EXTERNAL_GENITALIA		20	-0.6017016	-1.2483007	0.2241993	0.7494538	1.0	172	tags=15%, list=2%, signal=15%	
GOBP_MYELOID_LEUKOCYTE_MEDIATED_IMMUNITY	GOBP_MYELOID_LEUKOCYTE_MEDIATED_IMMUNITY		69	-0.5131318	-1.2481053	0.15677966	0.7485712	1.0	555	tags=17%, list=5%, signal=18%	
HP_BENIGN_NEOPLASM_OF_THE_CENTRAL_NERVOUS_SYSTEM	HP_BENIGN_NEOPLASM_OF_THE_CENTRAL_NERVOUS_SYSTEM		66	-0.50112104	-1.247292	0.16157205	0.7494083	1.0	142	tags=5%, list=1%, signal=5%	
HP_THYROIDITIS	HP_THYROIDITIS		33	-0.5522393	-1.2462821	0.22619048	0.7506912	1.0	143	tags=9%, list=1%, signal=9%	
GOBP_HOST_MEDIATED_PERTURBATION_OF_VIRAL_PROCESS	GOBP_HOST_MEDIATED_PERTURBATION_OF_VIRAL_PROCESS		51	-0.536958	-1.2456285	0.21702127	0.75114834	1.0	487	tags=18%, list=5%, signal=18%	
HP_ABNORMAL_THYROID_STIMULATING_HORMONE_LEVEL	HP_ABNORMAL_THYROID_STIMULATING_HORMONE_LEVEL		15	-0.60082775	-1.2440339	0.23076923	0.75423783	1.0	210	tags=13%, list=2%, signal=14%	
GOBP_POSITIVE_REGULATION_OF_REGULATED_SECRETORY_PATHWAY	GOBP_POSITIVE_REGULATION_OF_REGULATED_SECRETORY_PATHWAY		16	-0.61948913	-1.2437983	0.22058824	0.75344926	1.0	1523	tags=44%, list=15%, signal=51%	
HP_TYPE_I_DIABETES_MELLITUS	HP_TYPE_I_DIABETES_MELLITUS		41	-0.53585553	-1.2437682	0.18803419	0.75211596	1.0	658	tags=27%, list=6%, signal=29%	
GOBP_CELLULAR_RESPONSE_TO_NUTRIENT_LEVELS	GOBP_CELLULAR_RESPONSE_TO_NUTRIENT_LEVELS		175	-0.43665147	-1.2437547	0.081871346	0.7507381	1.0	568	tags=10%, list=5%, signal=11%	
GOBP_TRANSPOSITION	GOBP_TRANSPOSITION		20	-0.59741956	-1.243687	0.23161764	0.7495216	1.0	1090	tags=35%, list=10%, signal=39%	
GOBP_ESTABLISHMENT_OF_PROTEIN_LOCALIZATION_TO_VACUOLE	GOBP_ESTABLISHMENT_OF_PROTEIN_LOCALIZATION_TO_VACUOLE		48	-0.5172541	-1.2407247	0.20264317	0.75672436	1.0	577	tags=19%, list=6%, signal=20%	
HP_LIMB_ATAXIA	HP_LIMB_ATAXIA		59	-0.51455575	-1.2406652	0.1992032	0.7555117	1.0	585	tags=12%, list=6%, signal=12%	
GOBP_PENTOSE_PHOSPHATE_SHUNT	GOBP_PENTOSE_PHOSPHATE_SHUNT		15	-0.605156	-1.2403799	0.22058824	0.75494474	1.0	959	tags=33%, list=9%, signal=37%	
HP_ABSENT_EYEBROW	HP_ABSENT_EYEBROW		17	-0.60831565	-1.2401989	0.24909747	0.7540849	1.0	117	tags=12%, list=1%, signal=12%	
HP_IMPOTENCE	HP_IMPOTENCE		31	-0.5507138	-1.2399862	0.20577617	0.75331944	1.0	530	tags=19%, list=5%, signal=20%	
GOMF_UBIQUITIN_LIKE_PROTEIN_READER_ACTIVITY	GOMF_UBIQUITIN_LIKE_PROTEIN_READER_ACTIVITY		16	-0.612923	-1.2388507	0.26206896	0.75514686	1.0	1790	tags=44%, list=17%, signal=53%	
HP_GENERALIZED_CLONIC_SEIZURE	HP_GENERALIZED_CLONIC_SEIZURE		15	-0.5971597	-1.2386316	0.24028268	0.75435925	1.0	51	tags=13%, list=0%, signal=13%	
GOCC_AZUROPHIL_GRANULE	GOCC_AZUROPHIL_GRANULE		121	-0.46549448	-1.2382365	0.15270936	0.7541194	1.0	534	tags=22%, list=5%, signal=23%	
HP_ERYTHEMA_NODOSUM	HP_ERYTHEMA_NODOSUM		18	-0.60259575	-1.2377123	0.22047244	0.75413007	1.0	179	tags=11%, list=2%, signal=11%	
HP_ABNORMAL_RECTUM_MORPHOLOGY	HP_ABNORMAL_RECTUM_MORPHOLOGY		92	-0.48019025	-1.2376566	0.15384616	0.75291264	1.0	533	tags=15%, list=5%, signal=16%	
GOBP_REGULATION_OF_LYSOSOMAL_LUMEN_PH	GOBP_REGULATION_OF_LYSOSOMAL_LUMEN_PH		24	-0.56200725	-1.2365638	0.22302158	0.7545422	1.0	703	tags=21%, list=7%, signal=22%	
HP_ABNORMAL_CLAVICLE_MORPHOLOGY	HP_ABNORMAL_CLAVICLE_MORPHOLOGY		63	-0.51318663	-1.2346681	0.2033195	0.75845855	1.0	117	tags=5%, list=1%, signal=5%	
GOMF_KINASE_INHIBITOR_ACTIVITY	GOMF_KINASE_INHIBITOR_ACTIVITY		67	-0.4982872	-1.234333	0.19650654	0.75804424	1.0	530	tags=19%, list=5%, signal=20%	
HP_ABNORMAL_ACHILLES_TENDON_MORPHOLOGY	HP_ABNORMAL_ACHILLES_TENDON_MORPHOLOGY		35	-0.56236064	-1.2332597	0.21276596	0.7596996	1.0	478	tags=9%, list=5%, signal=9%	
HP_RECURRENT_BACTERIAL_SKIN_INFECTIONS	HP_RECURRENT_BACTERIAL_SKIN_INFECTIONS		21	-0.58134544	-1.2330372	0.23913044	0.7589272	1.0	1457	tags=48%, list=14%, signal=55%	
GOCC_ENDOPLASMIC_RETICULUM_LUMEN	GOCC_ENDOPLASMIC_RETICULUM_LUMEN		138	-0.44804996	-1.2330205	0.1273585	0.75757945	1.0	516	tags=17%, list=5%, signal=18%	
HP_TUBE_FEEDING	HP_TUBE_FEEDING		127	-0.4599652	-1.2323041	0.13333334	0.758251	1.0	472	tags=8%, list=5%, signal=8%	
HP_TYPE_II_DIABETES_MELLITUS	HP_TYPE_II_DIABETES_MELLITUS		72	-0.49354762	-1.2320064	0.1826087	0.7576521	1.0	51	tags=4%, list=0%, signal=4%	
GOMF_CELL_CELL_ADHESION_MEDIATOR_ACTIVITY	GOMF_CELL_CELL_ADHESION_MEDIATOR_ACTIVITY		21	-0.5710009	-1.2306777	0.24809161	0.7600045	1.0	286	tags=14%, list=3%, signal=15%	
GOBP_RESPONSE_TO_INTERLEUKIN_4	GOBP_RESPONSE_TO_INTERLEUKIN_4		29	-0.5687006	-1.2301935	0.23655914	0.7599052	1.0	321	tags=10%, list=3%, signal=11%	
HP_RENAL_CELL_CARCINOMA	HP_RENAL_CELL_CARCINOMA		44	-0.54260314	-1.2300612	0.20276497	0.75894195	1.0	23	tags=2%, list=0%, signal=2%	
HP_PROLONGED_NEONATAL_JAUNDICE	HP_PROLONGED_NEONATAL_JAUNDICE		38	-0.54759943	-1.2292168	0.22310758	0.7598762	1.0	147	tags=11%, list=1%, signal=11%	
GOBP_INTRACELLULAR_PH_REDUCTION	GOBP_INTRACELLULAR_PH_REDUCTION		35	-0.5363465	-1.2291186	0.21167883	0.7588536	1.0	703	tags=17%, list=7%, signal=18%	
HP_DIFFUSE_CEREBRAL_ATROPHY	HP_DIFFUSE_CEREBRAL_ATROPHY		30	-0.55248165	-1.2287611	0.21374045	0.7584616	1.0	429	tags=10%, list=4%, signal=10%	
HP_SPLENOMEGALY	HP_SPLENOMEGALY		339	-0.40376067	-1.2282741	0.0990991	0.7583703	1.0	554	tags=12%, list=5%, signal=12%	
HP_SPINAL_RIGIDITY	HP_SPINAL_RIGIDITY		30	-0.56488544	-1.227837	0.21978022	0.758203	1.0	23	tags=3%, list=0%, signal=3%	
HP_ONION_BULB_FORMATION	HP_ONION_BULB_FORMATION		22	-0.59050685	-1.2272307	0.25882354	0.75858295	1.0	23	tags=5%, list=0%, signal=5%	
HP_THORACIC_KYPHOSIS	HP_THORACIC_KYPHOSIS		37	-0.53680915	-1.2268171	0.21912351	0.75841486	1.0	466	tags=8%, list=4%, signal=8%	
HP_JOINT_SUBLUXATION	HP_JOINT_SUBLUXATION		15	-0.6058858	-1.226578	0.24832214	0.75772417	1.0	1613	tags=53%, list=15%, signal=63%	
GOBP_ANTERIOR_POSTERIOR_AXIS_SPECIFICATION	GOBP_ANTERIOR_POSTERIOR_AXIS_SPECIFICATION		20	-0.55655015	-1.226121	0.22939068	0.75761056	1.0	334	tags=10%, list=3%, signal=10%	
HP_GENITAL_NEOPLASM	HP_GENITAL_NEOPLASM		93	-0.45832074	-1.224759	0.16748768	0.7600653	1.0	192	tags=8%, list=2%, signal=8%	
GOBP_CELLULAR_RESPONSE_TO_HYDROGEN_PEROXIDE	GOBP_CELLULAR_RESPONSE_TO_HYDROGEN_PEROXIDE		40	-0.5338962	-1.2247113	0.22321428	0.7588671	1.0	588	tags=13%, list=6%, signal=13%	
GOBP_ANTIGEN_PROCESSING_AND_PRESENTATION_OF_PEPTIDE_ANTIGEN_VIA_MHC_CLASS_I	GOBP_ANTIGEN_PROCESSING_AND_PRESENTATION_OF_PEPTIDE_ANTIGEN_VIA_MHC_CLASS_I		21	-0.57403105	-1.2245104	0.22996515	0.7580921	1.0	687	tags=24%, list=7%, signal=25%	
GOBP_TRANSFORMING_GROWTH_FACTOR_BETA_PRODUCTION	GOBP_TRANSFORMING_GROWTH_FACTOR_BETA_PRODUCTION		20	-0.580611	-1.224407	0.21754386	0.75706065	1.0	277	tags=15%, list=3%, signal=15%	
HP_UPPER_LIMB_HYPERREFLEXIA	HP_UPPER_LIMB_HYPERREFLEXIA		19	-0.5916702	-1.2240473	0.22932331	0.75659525	1.0	429	tags=11%, list=4%, signal=11%	
HP_ACUTE_PHASE_RESPONSE	HP_ACUTE_PHASE_RESPONSE		122	-0.45949212	-1.2239251	0.123893805	0.7555682	1.0	530	tags=14%, list=5%, signal=15%	
GOBP_EMBRYONIC_MORPHOGENESIS	GOBP_EMBRYONIC_MORPHOGENESIS		263	-0.40917468	-1.2234453	0.08053691	0.75556487	1.0	595	tags=11%, list=6%, signal=12%	
HP_PETECHIAE	HP_PETECHIAE		42	-0.5275565	-1.2211561	0.22140221	0.76073927	1.0	982	tags=31%, list=9%, signal=34%	
GOBP_REGULATION_OF_DNA_TEMPLATED_TRANSCRIPTION_INITIATION	GOBP_REGULATION_OF_DNA_TEMPLATED_TRANSCRIPTION_INITIATION		67	-0.48964396	-1.2210046	0.2122449	0.75982034	1.0	4	tags=1%, list=0%, signal=1%	
GOCC_PHOSPHATASE_COMPLEX	GOCC_PHOSPHATASE_COMPLEX		39	-0.53122675	-1.2199384	0.21875	0.761323	1.0	221	tags=8%, list=2%, signal=8%	
HP_GLYCOSURIA	HP_GLYCOSURIA		20	-0.57828957	-1.2192829	0.25263157	0.7618541	1.0	579	tags=20%, list=6%, signal=21%	
GOBP_LIPID_LOCALIZATION	GOBP_LIPID_LOCALIZATION		222	-0.4142784	-1.2192749	0.10869565	0.76055264	1.0	534	tags=10%, list=5%, signal=11%	
HP_ASTROCYTOMA	HP_ASTROCYTOMA		19	-0.5671779	-1.2189767	0.21317829	0.7601401	1.0	880	tags=21%, list=8%, signal=23%	
HP_ABNORMAL_ADRENAL_MORPHOLOGY	HP_ABNORMAL_ADRENAL_MORPHOLOGY		68	-0.5040291	-1.2178317	0.17370892	0.76195943	1.0	530	tags=10%, list=5%, signal=11%	
GOBP_GLUCOSE_CATABOLIC_PROCESS	GOBP_GLUCOSE_CATABOLIC_PROCESS		19	-0.57586706	-1.2174869	0.22761194	0.7615599	1.0	975	tags=26%, list=9%, signal=29%	
HP_HYPERGLYCEMIA	HP_HYPERGLYCEMIA		44	-0.5319423	-1.216964	0.26086956	0.7617059	1.0	629	tags=14%, list=6%, signal=14%	
GOBP_REGULATION_OF_NEUTROPHIL_MIGRATION	GOBP_REGULATION_OF_NEUTROPHIL_MIGRATION		25	-0.5727998	-1.2167711	0.25874126	0.76091635	1.0	514	tags=20%, list=5%, signal=21%	
HP_ABNORMALITY_OF_THE_SENSE_OF_SMELL	HP_ABNORMALITY_OF_THE_SENSE_OF_SMELL		63	-0.51234853	-1.2165873	0.18007663	0.7600569	1.0	557	tags=13%, list=5%, signal=13%	
GOBP_RESPONSE_TO_CADMIUM_ION	GOBP_RESPONSE_TO_CADMIUM_ION		25	-0.5633186	-1.2161312	0.22932331	0.7599933	1.0	306	tags=8%, list=3%, signal=8%	
GOBP_TUBE_DEVELOPMENT	GOBP_TUBE_DEVELOPMENT		500	-0.3801784	-1.2147204	0.013888889	0.7625905	1.0	597	tags=11%, list=6%, signal=11%	
GOMF_PROTEIN_TYROSINE_SERINE_THREONINE_PHOSPHATASE_ACTIVITY	GOMF_PROTEIN_TYROSINE_SERINE_THREONINE_PHOSPHATASE_ACTIVITY		15	-0.5890981	-1.2144891	0.2642857	0.76190025	1.0	264	tags=20%, list=3%, signal=20%	
GOCC_IMMUNOLOGICAL_SYNAPSE	GOCC_IMMUNOLOGICAL_SYNAPSE		32	-0.5467674	-1.2139678	0.24060151	0.7619794	1.0	14	tags=3%, list=0%, signal=3%	
HP_DECREASED_SKULL_OSSIFICATION	HP_DECREASED_SKULL_OSSIFICATION		25	-0.5605195	-1.2134823	0.26086956	0.7620353	1.0	23	tags=4%, list=0%, signal=4%	
GOMF_CARBOXYPEPTIDASE_ACTIVITY	GOMF_CARBOXYPEPTIDASE_ACTIVITY		22	-0.5742222	-1.2133727	0.25	0.76102173	1.0	490	tags=23%, list=5%, signal=24%	
GOBP_VESICLE_ORGANIZATION	GOBP_VESICLE_ORGANIZATION		266	-0.4040027	-1.2109922	0.08029197	0.76634353	1.0	1030	tags=14%, list=10%, signal=15%	
HP_BONE_PAIN	HP_BONE_PAIN		56	-0.50395393	-1.2108046	0.2	0.76558524	1.0	554	tags=18%, list=5%, signal=19%	
GOBP_NEURON_RECOGNITION	GOBP_NEURON_RECOGNITION		15	-0.5797681	-1.2103748	0.2508591	0.7654414	1.0	322	tags=27%, list=3%, signal=27%	
HP_ADIPOSE_TISSUE_LOSS	HP_ADIPOSE_TISSUE_LOSS		19	-0.587953	-1.209744	0.2825397	0.7658468	1.0	23	tags=5%, list=0%, signal=5%	
GOBP_NEGATIVE_REGULATION_OF_ALPHA_BETA_T_CELL_ACTIVATION	GOBP_NEGATIVE_REGULATION_OF_ALPHA_BETA_T_CELL_ACTIVATION		30	-0.53689694	-1.2090274	0.22058824	0.76646936	1.0	387	tags=17%, list=4%, signal=17%	
HP_NARROW_FACE	HP_NARROW_FACE		65	-0.4872427	-1.2084436	0.21551724	0.7667619	1.0	468	tags=8%, list=4%, signal=8%	
HP_CEREBELLAR_ATROPHY	HP_CEREBELLAR_ATROPHY		310	-0.39343226	-1.2083743	0.06	0.7656691	1.0	487	tags=8%, list=5%, signal=8%	
HP_PHEOCHROMOCYTOMA	HP_PHEOCHROMOCYTOMA		20	-0.5685842	-1.2061068	0.25429553	0.7707668	1.0	1128	tags=15%, list=11%, signal=17%	
GOBP_TRANSFORMING_GROWTH_FACTOR_BETA_RECEPTOR_SIGNALING_PATHWAY	GOBP_TRANSFORMING_GROWTH_FACTOR_BETA_RECEPTOR_SIGNALING_PATHWAY		126	-0.44326478	-1.2060388	0.13592233	0.76966095	1.0	193	tags=5%, list=2%, signal=5%	
GOBP_EXOCYTIC_PROCESS	GOBP_EXOCYTIC_PROCESS		45	-0.51768	-1.2055267	0.22097379	0.7697228	1.0	674	tags=13%, list=6%, signal=14%	
GOBP_REGULATORY_NCRNA_PROCESSING	GOBP_REGULATORY_NCRNA_PROCESSING		46	-0.5330709	-1.2047236	0.23481782	0.7707121	1.0	126	tags=9%, list=1%, signal=9%	
GOBP_PRODUCTION_OF_MOLECULAR_MEDIATOR_INVOLVED_IN_INFLAMMATORY_RESPONSE	GOBP_PRODUCTION_OF_MOLECULAR_MEDIATOR_INVOLVED_IN_INFLAMMATORY_RESPONSE		61	-0.49669126	-1.204383	0.22007722	0.77039385	1.0	555	tags=20%, list=5%, signal=21%	
HP_AORTIC_ROOT_ANEURYSM	HP_AORTIC_ROOT_ANEURYSM		38	-0.53143877	-1.2043285	0.2480315	0.7692399	1.0	23	tags=3%, list=0%, signal=3%	
GOBP_GLYCOSYL_COMPOUND_BIOSYNTHETIC_PROCESS	GOBP_GLYCOSYL_COMPOUND_BIOSYNTHETIC_PROCESS		18	-0.58507895	-1.2041762	0.26369864	0.768409	1.0	29	tags=6%, list=0%, signal=6%	
GOBP_ORGANIC_HYDROXY_COMPOUND_TRANSPORT	GOBP_ORGANIC_HYDROXY_COMPOUND_TRANSPORT		105	-0.46349916	-1.2036606	0.14136125	0.7685809	1.0	635	tags=13%, list=6%, signal=14%	
HP_ABNORMAL_CIRCULATING_HORMONE_CONCENTRATION	HP_ABNORMAL_CIRCULATING_HORMONE_CONCENTRATION		231	-0.40966958	-1.2035457	0.069767445	0.76761496	1.0	241	tags=6%, list=2%, signal=6%	
HP_REDUCED_TOTAL_NATURAL_KILLER_CELL_COUNT	HP_REDUCED_TOTAL_NATURAL_KILLER_CELL_COUNT		25	-0.562305	-1.2033061	0.26595744	0.76706445	1.0	175	tags=8%, list=2%, signal=8%	
GOBP_REGULATION_OF_RESPONSE_TO_ENDOPLASMIC_RETICULUM_STRESS	GOBP_REGULATION_OF_RESPONSE_TO_ENDOPLASMIC_RETICULUM_STRESS		67	-0.48310906	-1.2032828	0.18552037	0.7658873	1.0	673	tags=18%, list=6%, signal=19%	
HP_LOWER_LIMB_AMYOTROPHY	HP_LOWER_LIMB_AMYOTROPHY		46	-0.504482	-1.20208	0.20647773	0.768011	1.0	73	tags=4%, list=1%, signal=4%	
HP_NEURONAL_LOSS_IN_CENTRAL_NERVOUS_SYSTEM	HP_NEURONAL_LOSS_IN_CENTRAL_NERVOUS_SYSTEM		26	-0.55284697	-1.2017716	0.24	0.76762635	1.0	351	tags=19%, list=3%, signal=20%	
HP_NASOGASTRIC_TUBE_FEEDING_IN_INFANCY	HP_NASOGASTRIC_TUBE_FEEDING_IN_INFANCY		22	-0.5562101	-1.2011341	0.26523298	0.76818055	1.0	1213	tags=27%, list=12%, signal=31%	
GOBP_EMBRYONIC_HEART_TUBE_DEVELOPMENT	GOBP_EMBRYONIC_HEART_TUBE_DEVELOPMENT		39	-0.534829	-1.2011127	0.24291497	0.76696825	1.0	277	tags=8%, list=3%, signal=8%	
HP_PERSEVERATIVE_THOUGHT	HP_PERSEVERATIVE_THOUGHT		15	-0.58812207	-1.2010432	0.2801303	0.76588416	1.0	993	tags=33%, list=10%, signal=37%	
GOCC_GOLGI_CISTERNA	GOCC_GOLGI_CISTERNA		71	-0.48508814	-1.2007596	0.18421052	0.7655044	1.0	258	tags=6%, list=2%, signal=6%	
GOCC_PROTEIN_COMPLEX_INVOLVED_IN_CELL_ADHESION	GOCC_PROTEIN_COMPLEX_INVOLVED_IN_CELL_ADHESION		24	-0.54894376	-1.2001001	0.20938627	0.76598775	1.0	918	tags=33%, list=9%, signal=36%	
HP_ABNORMAL_NERVE_CONDUCTION_VELOCITY	HP_ABNORMAL_NERVE_CONDUCTION_VELOCITY		82	-0.46966538	-1.2000052	0.1936937	0.76502264	1.0	429	tags=6%, list=4%, signal=6%	
HP_APLASIA_HYPOPLASIA_OF_THE_HUMERUS	HP_APLASIA_HYPOPLASIA_OF_THE_HUMERUS		23	-0.5624284	-1.1996331	0.2720588	0.7647648	1.0	1050	tags=17%, list=10%, signal=19%	
GOBP_CELLULAR_SENESCENCE	GOBP_CELLULAR_SENESCENCE		63	-0.5025161	-1.1995013	0.225	0.7639218	1.0	252	tags=10%, list=2%, signal=10%	
HP_APLASIA_HYPOPLASIA_OF_THE_BREASTS	HP_APLASIA_HYPOPLASIA_OF_THE_BREASTS		30	-0.5350226	-1.1988554	0.2584746	0.76442766	1.0	143	tags=13%, list=1%, signal=13%	
HP_ABSENT_FACIAL_HAIR	HP_ABSENT_FACIAL_HAIR		21	-0.57473695	-1.1987255	0.2768166	0.76356465	1.0	117	tags=10%, list=1%, signal=10%	
HP_ABNORMAL_TISSUE_ENZYME_CONCENTRATION_OR_ACTIVITY	HP_ABNORMAL_TISSUE_ENZYME_CONCENTRATION_OR_ACTIVITY		68	-0.4846212	-1.1982008	0.22058824	0.76380134	1.0	873	tags=19%, list=8%, signal=21%	
GOBP_CAMERA_TYPE_EYE_MORPHOGENESIS	GOBP_CAMERA_TYPE_EYE_MORPHOGENESIS		46	-0.5155881	-1.1980089	0.2310757	0.76313025	1.0	673	tags=15%, list=6%, signal=16%	
GOBP_MEMBRANE_LIPID_BIOSYNTHETIC_PROCESS	GOBP_MEMBRANE_LIPID_BIOSYNTHETIC_PROCESS		90	-0.44195446	-1.1979697	0.17117117	0.7620122	1.0	351	tags=7%, list=3%, signal=7%	
HP_ROTARY_NYSTAGMUS	HP_ROTARY_NYSTAGMUS		18	-0.57448244	-1.1978514	0.23776224	0.76113796	1.0	79	tags=6%, list=1%, signal=6%	
HP_KNEE_CONTRACTURE	HP_KNEE_CONTRACTURE		73	-0.47637793	-1.197795	0.18103448	0.7600698	1.0	487	tags=8%, list=5%, signal=9%	
HP_ABSENT_TOE	HP_ABSENT_TOE		32	-0.53170896	-1.1977081	0.24542125	0.759098	1.0	23	tags=3%, list=0%, signal=3%	
GOBP_NEGATIVE_REGULATION_OF_CELL_CELL_ADHESION	GOBP_NEGATIVE_REGULATION_OF_CELL_CELL_ADHESION		121	-0.4506836	-1.1972001	0.1641791	0.7592024	1.0	387	tags=11%, list=4%, signal=11%	
HP_INSULIN_RESISTANT_DIABETES_MELLITUS	HP_INSULIN_RESISTANT_DIABETES_MELLITUS		21	-0.5674107	-1.1971092	0.27380952	0.7582523	1.0	629	tags=19%, list=6%, signal=20%	
HP_ABNORMALITY_OF_THE_HEPATIC_VASCULATURE	HP_ABNORMALITY_OF_THE_HEPATIC_VASCULATURE		60	-0.50476676	-1.1970563	0.20614035	0.7571719	1.0	554	tags=10%, list=5%, signal=10%	
HP_CAVERNOUS_HEMANGIOMA	HP_CAVERNOUS_HEMANGIOMA		23	-0.565803	-1.196669	0.27169812	0.75700504	1.0	472	tags=9%, list=5%, signal=9%	
HP_MALE_REPRODUCTIVE_SYSTEM_NEOPLASM	HP_MALE_REPRODUCTIVE_SYSTEM_NEOPLASM		41	-0.5169989	-1.1964631	0.22685185	0.756404	1.0	192	tags=12%, list=2%, signal=12%	
HP_SLOWLY_PROGRESSIVE	HP_SLOWLY_PROGRESSIVE		92	-0.45944366	-1.1962699	0.19196428	0.75570065	1.0	157	tags=3%, list=2%, signal=3%	
GOBP_REGULATION_OF_PROTEIN_BINDING	GOBP_REGULATION_OF_PROTEIN_BINDING		24	-0.5390105	-1.1956826	0.25367647	0.7560865	1.0	684	tags=13%, list=7%, signal=13%	
GOMF_PRE_MRNA_BINDING	GOMF_PRE_MRNA_BINDING		36	-0.5228144	-1.1947255	0.24719101	0.7575567	1.0	849	tags=33%, list=8%, signal=36%	
HP_BASAL_CELL_CARCINOMA	HP_BASAL_CELL_CARCINOMA		41	-0.5226995	-1.1943696	0.22264151	0.7572645	1.0	880	tags=17%, list=8%, signal=19%	
HP_APLASIA_HYPOPLASIA_OF_THE_OVARY	HP_APLASIA_HYPOPLASIA_OF_THE_OVARY		49	-0.51386946	-1.194012	0.24472573	0.7570273	1.0	143	tags=6%, list=1%, signal=6%	
HP_RECURRENT_GRAM_NEGATIVE_BACTERIAL_INFECTIONS	HP_RECURRENT_GRAM_NEGATIVE_BACTERIAL_INFECTIONS		17	-0.5622749	-1.1937727	0.25333333	0.7564325	1.0	533	tags=41%, list=5%, signal=43%	
GOBP_NEGATIVE_REGULATION_OF_IMMUNE_SYSTEM_PROCESS	GOBP_NEGATIVE_REGULATION_OF_IMMUNE_SYSTEM_PROCESS		324	-0.3916118	-1.1933168	0.054545455	0.75643003	1.0	556	tags=14%, list=5%, signal=14%	
GOBP_SENSORY_PERCEPTION_OF_PAIN	GOBP_SENSORY_PERCEPTION_OF_PAIN		27	-0.531307	-1.1925303	0.21631205	0.7573793	1.0	259	tags=11%, list=2%, signal=11%	
GOMF_PHOSPHATASE_BINDING	GOMF_PHOSPHATASE_BINDING		113	-0.44412395	-1.1914855	0.16742082	0.7590174	1.0	502	tags=7%, list=5%, signal=7%	
HP_SQUAMOUS_CELL_CARCINOMA	HP_SQUAMOUS_CELL_CARCINOMA		41	-0.5346152	-1.1913395	0.24596775	0.75823253	1.0	448	tags=10%, list=4%, signal=10%	
HP_EPISODIC_PAIN	HP_EPISODIC_PAIN		29	-0.55048686	-1.1911926	0.28076923	0.7574653	1.0	351	tags=10%, list=3%, signal=11%	
HP_ABNORMAL_HEART_SOUND	HP_ABNORMAL_HEART_SOUND		20	-0.5673463	-1.1911412	0.26174498	0.7563863	1.0	39	tags=5%, list=0%, signal=5%	
GOMF_SERINE_TYPE_ENDOPEPTIDASE_INHIBITOR_ACTIVITY	GOMF_SERINE_TYPE_ENDOPEPTIDASE_INHIBITOR_ACTIVITY		26	-0.53143156	-1.1910877	0.25357142	0.755328	1.0	363	tags=23%, list=3%, signal=24%	
GOBP_NEGATIVE_REGULATION_OF_FATTY_ACID_METABOLIC_PROCESS	GOBP_NEGATIVE_REGULATION_OF_FATTY_ACID_METABOLIC_PROCESS		17	-0.57086986	-1.190667	0.25597268	0.75533104	1.0	718	tags=18%, list=7%, signal=19%	
GOBP_L_GLUTAMATE_TRANSMEMBRANE_TRANSPORT	GOBP_L_GLUTAMATE_TRANSMEMBRANE_TRANSPORT		17	-0.58342975	-1.1904074	0.2590164	0.75487834	1.0	1143	tags=24%, list=11%, signal=26%	
GOBP_NEURAL_TUBE_PATTERNING	GOBP_NEURAL_TUBE_PATTERNING		16	-0.5783973	-1.1901718	0.26530612	0.754328	1.0	84	tags=6%, list=1%, signal=6%	
HP_DYSARTHRIA	HP_DYSARTHRIA		377	-0.38646567	-1.1901695	0.08988764	0.753171	1.0	585	tags=9%, list=6%, signal=9%	
GOBP_T_CELL_MEDIATED_CYTOTOXICITY	GOBP_T_CELL_MEDIATED_CYTOTOXICITY		30	-0.5505595	-1.1897705	0.26666668	0.7531022	1.0	687	tags=23%, list=7%, signal=25%	
GOCC_TERTIARY_GRANULE	GOCC_TERTIARY_GRANULE		116	-0.45070866	-1.1894876	0.17948718	0.7526944	1.0	915	tags=26%, list=9%, signal=28%	
GOBP_GLYCOLYTIC_PROCESS_THROUGH_FRUCTOSE_6_PHOSPHATE	GOBP_GLYCOLYTIC_PROCESS_THROUGH_FRUCTOSE_6_PHOSPHATE		20	-0.56982017	-1.188862	0.28625953	0.7532581	1.0	975	tags=25%, list=9%, signal=28%	
HP_ABNORMALITY_OF_THE_SPLEEN	HP_ABNORMALITY_OF_THE_SPLEEN		404	-0.3680335	-1.187962	0.03846154	0.7544998	1.0	554	tags=11%, list=5%, signal=11%	
GOBP_SPHINGOLIPID_BIOSYNTHETIC_PROCESS	GOBP_SPHINGOLIPID_BIOSYNTHETIC_PROCESS		61	-0.4891078	-1.1876435	0.25316456	0.7541869	1.0	245	tags=8%, list=2%, signal=8%	
GOBP_POSITIVE_REGULATION_OF_ENDOTHELIAL_CELL_PROLIFERATION	GOBP_POSITIVE_REGULATION_OF_ENDOTHELIAL_CELL_PROLIFERATION		41	-0.52388793	-1.1874971	0.27450982	0.7533772	1.0	4	tags=2%, list=0%, signal=2%	
HP_PERIPHERAL_AXONAL_DEGENERATION	HP_PERIPHERAL_AXONAL_DEGENERATION		134	-0.43918446	-1.1870828	0.15263158	0.7533833	1.0	502	tags=10%, list=5%, signal=10%	
GOBP_GLYCOLIPID_BIOSYNTHETIC_PROCESS	GOBP_GLYCOLIPID_BIOSYNTHETIC_PROCESS		54	-0.505028	-1.1869944	0.21702127	0.7524385	1.0	351	tags=7%, list=3%, signal=8%	
HP_MACULAR_PURPURA	HP_MACULAR_PURPURA		52	-0.49180022	-1.1869107	0.22033899	0.7515306	1.0	982	tags=27%, list=9%, signal=30%	
HP_ABNORMAL_CIRCULATING_INSULIN_CONCENTRATION	HP_ABNORMAL_CIRCULATING_INSULIN_CONCENTRATION		79	-0.4687002	-1.1865262	0.19409283	0.75146574	1.0	629	tags=10%, list=6%, signal=11%	
HP_ELBOW_CONTRACTURE	HP_ELBOW_CONTRACTURE		62	-0.49264067	-1.1863625	0.22962964	0.750807	1.0	478	tags=8%, list=5%, signal=8%	
HP_SYSTEMIC_LUPUS_ERYTHEMATOSUS	HP_SYSTEMIC_LUPUS_ERYTHEMATOSUS		17	-0.58863586	-1.1862481	0.29277566	0.7499964	1.0	982	tags=35%, list=9%, signal=39%	
HP_ABNORMAL_ARACHNOID_MATER_MORPHOLOGY	HP_ABNORMAL_ARACHNOID_MATER_MORPHOLOGY		47	-0.5051866	-1.1859504	0.22821577	0.7496321	1.0	100	tags=6%, list=1%, signal=6%	
HP_ROUND_FACE	HP_ROUND_FACE		68	-0.48249176	-1.1859012	0.19583334	0.74862283	1.0	478	tags=9%, list=5%, signal=9%	
GOBP_REGULATION_OF_NATURAL_KILLER_CELL_ACTIVATION	GOBP_REGULATION_OF_NATURAL_KILLER_CELL_ACTIVATION		26	-0.5393583	-1.1858596	0.2581818	0.7476187	1.0	315	tags=12%, list=3%, signal=12%	
GOBP_NEGATIVE_REGULATION_OF_T_CELL_PROLIFERATION	GOBP_NEGATIVE_REGULATION_OF_T_CELL_PROLIFERATION		41	-0.52038485	-1.1858156	0.2549801	0.74661744	1.0	994	tags=29%, list=10%, signal=32%	
GOMF_TUMOR_NECROSIS_FACTOR_RECEPTOR_BINDING	GOMF_TUMOR_NECROSIS_FACTOR_RECEPTOR_BINDING		21	-0.57098025	-1.1853696	0.28623188	0.7467395	1.0	130	tags=10%, list=1%, signal=10%	
GOMF_UBIQUITIN_LIKE_PROTEIN_LIGASE_BINDING	GOMF_UBIQUITIN_LIKE_PROTEIN_LIGASE_BINDING		210	-0.40854618	-1.1851435	0.12337662	0.74626637	1.0	455	tags=9%, list=4%, signal=9%	
GOBP_REGULATION_OF_NEURON_APOPTOTIC_PROCESS	GOBP_REGULATION_OF_NEURON_APOPTOTIC_PROCESS		119	-0.44708318	-1.1849849	0.17098446	0.7455554	1.0	542	tags=11%, list=5%, signal=11%	
GOBP_REGULATION_OF_HOMOTYPIC_CELL_CELL_ADHESION	GOBP_REGULATION_OF_HOMOTYPIC_CELL_CELL_ADHESION		19	-0.5591292	-1.1842401	0.28214285	0.7464651	1.0	46	tags=11%, list=0%, signal=11%	
GOBP_RESPONSE_TO_NUTRIENT_LEVELS	GOBP_RESPONSE_TO_NUTRIENT_LEVELS		296	-0.3975844	-1.1838653	0.122137405	0.7462856	1.0	585	tags=11%, list=6%, signal=11%	
GOBP_EYE_MORPHOGENESIS	GOBP_EYE_MORPHOGENESIS		58	-0.4940543	-1.1837856	0.25	0.74539155	1.0	673	tags=17%, list=6%, signal=18%	
GOCC_VACUOLAR_MEMBRANE	GOCC_VACUOLAR_MEMBRANE		359	-0.3816632	-1.1837386	0.07377049	0.7443841	1.0	515	tags=9%, list=5%, signal=10%	
GOMF_CALCIUM_DEPENDENT_PHOSPHOLIPID_BINDING	GOMF_CALCIUM_DEPENDENT_PHOSPHOLIPID_BINDING		21	-0.5550902	-1.1829885	0.26717559	0.7453679	1.0	654	tags=24%, list=6%, signal=25%	
GOBP_NEGATIVE_REGULATION_OF_CELL_ACTIVATION	GOBP_NEGATIVE_REGULATION_OF_CELL_ACTIVATION		135	-0.43275976	-1.1826597	0.13829787	0.7451277	1.0	387	tags=15%, list=4%, signal=15%	
GOBP_MODULATION_OF_PROCESS_OF_ANOTHER_ORGANISM	GOBP_MODULATION_OF_PROCESS_OF_ANOTHER_ORGANISM		74	-0.47619197	-1.1816977	0.22869955	0.7464899	1.0	555	tags=16%, list=5%, signal=17%	
HP_NON_OBSTRUCTIVE_AZOOSPERMIA	HP_NON_OBSTRUCTIVE_AZOOSPERMIA		23	-0.5654351	-1.1814907	0.2986111	0.745912	1.0	143	tags=13%, list=1%, signal=13%	
HP_NEOPLASM_OF_THE_BREAST	HP_NEOPLASM_OF_THE_BREAST		68	-0.47038823	-1.1807863	0.25106382	0.7467012	1.0	880	tags=12%, list=8%, signal=13%	
HP_ABNORMALITY_OF_THE_LARYNX	HP_ABNORMALITY_OF_THE_LARYNX		126	-0.4322567	-1.1805251	0.19905214	0.7463172	1.0	472	tags=10%, list=5%, signal=10%	
HP_ABNORMALITY_OF_THE_PULMONARY_ARTERY	HP_ABNORMALITY_OF_THE_PULMONARY_ARTERY		83	-0.4524646	-1.1802803	0.17333333	0.74585795	1.0	922	tags=13%, list=9%, signal=14%	
GOBP_CELLULAR_RESPONSE_TO_STARVATION	GOBP_CELLULAR_RESPONSE_TO_STARVATION		134	-0.43300357	-1.1789451	0.15819208	0.74827665	1.0	568	tags=9%, list=5%, signal=9%	
GOBP_CELL_FATE_SPECIFICATION	GOBP_CELL_FATE_SPECIFICATION		27	-0.54899293	-1.1788962	0.26792452	0.7473012	1.0	509	tags=19%, list=5%, signal=19%	
HP_THORACIC_AORTIC_ANEURYSM	HP_THORACIC_AORTIC_ANEURYSM		65	-0.47313386	-1.178243	0.23728813	0.7478639	1.0	339	tags=6%, list=3%, signal=6%	
GOMF_OXIDOREDUCTASE_ACTIVITY_ACTING_ON_A_SULFUR_GROUP_OF_DONORS	GOMF_OXIDOREDUCTASE_ACTIVITY_ACTING_ON_A_SULFUR_GROUP_OF_DONORS		37	-0.5088356	-1.177893	0.25274727	0.747601	1.0	792	tags=19%, list=8%, signal=20%	
HP_PROXIMAL_LOWER_LIMB_MUSCLE_WEAKNESS	HP_PROXIMAL_LOWER_LIMB_MUSCLE_WEAKNESS		40	-0.50230914	-1.1769251	0.27966103	0.74909514	1.0	51	tags=5%, list=0%, signal=5%	
GOBP_NADPH_REGENERATION	GOBP_NADPH_REGENERATION		19	-0.5773611	-1.1768248	0.24829932	0.74826795	1.0	959	tags=32%, list=9%, signal=35%	
GOBP_APPENDAGE_DEVELOPMENT	GOBP_APPENDAGE_DEVELOPMENT		80	-0.45799538	-1.1768056	0.225	0.74722636	1.0	334	tags=9%, list=3%, signal=9%	
HP_ABNORMAL_EYELID_PHYSIOLOGY	HP_ABNORMAL_EYELID_PHYSIOLOGY		17	-0.5633342	-1.1765069	0.30111524	0.74688923	1.0	649	tags=18%, list=6%, signal=19%	
GOBP_NEGATIVE_REGULATION_OF_LYMPHOCYTE_ACTIVATION	GOBP_NEGATIVE_REGULATION_OF_LYMPHOCYTE_ACTIVATION		109	-0.44777873	-1.1759409	0.19796954	0.74724805	1.0	387	tags=14%, list=4%, signal=14%	
HP_PREMATURE_SKIN_WRINKLING	HP_PREMATURE_SKIN_WRINKLING		41	-0.50935847	-1.1759263	0.24124514	0.7462022	1.0	634	tags=12%, list=6%, signal=13%	
HP_ABNORMAL_BRANCHING_PATTERN_OF_THE_AORTIC_ARCH	HP_ABNORMAL_BRANCHING_PATTERN_OF_THE_AORTIC_ARCH		19	-0.55460304	-1.1757045	0.2857143	0.7457098	1.0	236	tags=11%, list=2%, signal=11%	
GOBP_ACYLGLYCEROL_HOMEOSTASIS	GOBP_ACYLGLYCEROL_HOMEOSTASIS		19	-0.54422826	-1.1750319	0.3031359	0.7463168	1.0	103	tags=11%, list=1%, signal=11%	
GOBP_MITOCHONDRION_LOCALIZATION	GOBP_MITOCHONDRION_LOCALIZATION		36	-0.5160811	-1.1746697	0.27868852	0.746234	1.0	424	tags=14%, list=4%, signal=14%	
GOBP_REGULATION_OF_SYSTEMIC_ARTERIAL_BLOOD_PRESSURE	GOBP_REGULATION_OF_SYSTEMIC_ARTERIAL_BLOOD_PRESSURE		37	-0.5104372	-1.1740913	0.26136363	0.7466451	1.0	11	tags=3%, list=0%, signal=3%	
GOBP_POSITIVE_REGULATION_OF_PROTEIN_UBIQUITINATION	GOBP_POSITIVE_REGULATION_OF_PROTEIN_UBIQUITINATION		76	-0.46658948	-1.1735934	0.23966943	0.7468896	1.0	395	tags=11%, list=4%, signal=11%	
HP_ANKLE_CLONUS	HP_ANKLE_CLONUS		40	-0.50623554	-1.1735857	0.24880382	0.74582815	1.0	872	tags=13%, list=8%, signal=14%	
HP_HYPERGONADOTROPIC_HYPOGONADISM	HP_HYPERGONADOTROPIC_HYPOGONADISM		41	-0.5170121	-1.1731869	0.256917	0.7458282	1.0	417	tags=5%, list=4%, signal=5%	
GOBP_REGULATION_OF_SPINDLE_ASSEMBLY	GOBP_REGULATION_OF_SPINDLE_ASSEMBLY		29	-0.5445695	-1.1731489	0.26923078	0.74486166	1.0	1406	tags=31%, list=13%, signal=36%	
GOBP_GRANULOCYTE_DIFFERENTIATION	GOBP_GRANULOCYTE_DIFFERENTIATION		29	-0.5394411	-1.173148	0.26377952	0.7437938	1.0	1016	tags=24%, list=10%, signal=27%	
GOBP_ARTERY_MORPHOGENESIS	GOBP_ARTERY_MORPHOGENESIS		26	-0.5338951	-1.1725736	0.28294572	0.74420005	1.0	458	tags=12%, list=4%, signal=12%	
GOMF_CELL_ADHESION_MEDIATOR_ACTIVITY	GOMF_CELL_ADHESION_MEDIATOR_ACTIVITY		31	-0.52419466	-1.1720693	0.27530363	0.7444017	1.0	340	tags=19%, list=3%, signal=20%	
GOCC_SPECIFIC_GRANULE	GOCC_SPECIFIC_GRANULE		118	-0.43921816	-1.1718844	0.18095239	0.74383944	1.0	854	tags=21%, list=8%, signal=23%	
HP_LOSS_OF_SPEECH	HP_LOSS_OF_SPEECH		38	-0.5095172	-1.1718283	0.26909092	0.74293184	1.0	534	tags=16%, list=5%, signal=17%	
HP_SPARSE_BODY_HAIR	HP_SPARSE_BODY_HAIR		23	-0.54695296	-1.1717603	0.26948053	0.74202186	1.0	143	tags=17%, list=1%, signal=18%	
GOBP_THYMUS_DEVELOPMENT	GOBP_THYMUS_DEVELOPMENT		30	-0.5368554	-1.1710421	0.27037036	0.7428846	1.0	691	tags=17%, list=7%, signal=18%	
HP_PARAPLEGIA_PARAPARESIS	HP_PARAPLEGIA_PARAPARESIS		158	-0.4293732	-1.1706067	0.20121951	0.74291104	1.0	487	tags=8%, list=5%, signal=8%	
HP_ABNORMAL_URINARY_ORGANIC_COMPOUND_LEVEL	HP_ABNORMAL_URINARY_ORGANIC_COMPOUND_LEVEL		32	-0.5100691	-1.1699759	0.28716215	0.74356765	1.0	579	tags=13%, list=6%, signal=13%	
GOBP_MYELOID_CELL_APOPTOTIC_PROCESS	GOBP_MYELOID_CELL_APOPTOTIC_PROCESS		25	-0.5304218	-1.1698525	0.28947368	0.74286	1.0	353	tags=20%, list=3%, signal=21%	
HP_COMBINED_IMMUNODEFICIENCY	HP_COMBINED_IMMUNODEFICIENCY		31	-0.53363675	-1.1697417	0.26229507	0.74208623	1.0	143	tags=10%, list=1%, signal=10%	
GOBP_RETICULOPHAGY	GOBP_RETICULOPHAGY		17	-0.5619504	-1.1695014	0.275	0.74171746	1.0	538	tags=18%, list=5%, signal=19%	
HP_ABNORMAL_OVARIAN_MORPHOLOGY	HP_ABNORMAL_OVARIAN_MORPHOLOGY		95	-0.4508212	-1.169081	0.23364486	0.7418279	1.0	910	tags=12%, list=9%, signal=13%	
HP_SPASTIC_PARAPLEGIA	HP_SPASTIC_PARAPLEGIA		75	-0.4511008	-1.1689829	0.23206751	0.7410344	1.0	79	tags=3%, list=1%, signal=3%	
GOMF_PHOSPHATASE_ACTIVATOR_ACTIVITY	GOMF_PHOSPHATASE_ACTIVATOR_ACTIVITY		21	-0.55358106	-1.1686859	0.27054796	0.7408172	1.0	225	tags=14%, list=2%, signal=15%	
GOBP_HEPATICOBILIARY_SYSTEM_DEVELOPMENT	GOBP_HEPATICOBILIARY_SYSTEM_DEVELOPMENT		79	-0.4618247	-1.1673813	0.20689656	0.7432586	1.0	597	tags=9%, list=6%, signal=9%	
HP_ABNORMALLY_HIGH_PITCHED_VOICE	HP_ABNORMALLY_HIGH_PITCHED_VOICE		35	-0.52378637	-1.1665514	0.27966103	0.7444198	1.0	400	tags=11%, list=4%, signal=12%	
GOMF_PROTEIN_PHOSPHATASE_BINDING	GOMF_PROTEIN_PHOSPHATASE_BINDING		91	-0.4559339	-1.1655877	0.20982143	0.7458836	1.0	502	tags=8%, list=5%, signal=8%	
HP_ABNORMALLY_LARGE_GLOBE	HP_ABNORMALLY_LARGE_GLOBE		22	-0.5512939	-1.1655049	0.2739726	0.74505913	1.0	236	tags=14%, list=2%, signal=14%	
HP_EXERTIONAL_DYSPNEA	HP_EXERTIONAL_DYSPNEA		65	-0.47145027	-1.1651695	0.23287672	0.74492824	1.0	502	tags=11%, list=5%, signal=11%	
GOBP_REGULATION_OF_LEUKOCYTE_PROLIFERATION	GOBP_REGULATION_OF_LEUKOCYTE_PROLIFERATION		156	-0.41013294	-1.1640038	0.14204545	0.74691224	1.0	315	tags=14%, list=3%, signal=14%	
HP_PES_CAVUS	HP_PES_CAVUS		184	-0.39676806	-1.1637702	0.16666667	0.7465041	1.0	487	tags=7%, list=5%, signal=7%	
GOBP_NEGATIVE_REGULATION_OF_LEUKOCYTE_PROLIFERATION	GOBP_NEGATIVE_REGULATION_OF_LEUKOCYTE_PROLIFERATION		52	-0.48237482	-1.1636889	0.2638298	0.7457034	1.0	787	tags=25%, list=8%, signal=27%	
GOBP_LUNG_EPITHELIUM_DEVELOPMENT	GOBP_LUNG_EPITHELIUM_DEVELOPMENT		19	-0.5586159	-1.1634008	0.30555555	0.7454225	1.0	715	tags=21%, list=7%, signal=23%	
GOBP_REGULATION_OF_PROTEIN_CONTAINING_COMPLEX_ASSEMBLY	GOBP_REGULATION_OF_PROTEIN_CONTAINING_COMPLEX_ASSEMBLY		253	-0.39066553	-1.1633455	0.099236645	0.7445194	1.0	711	tags=14%, list=7%, signal=14%	
GOBP_STEM_CELL_DIVISION	GOBP_STEM_CELL_DIVISION		17	-0.55457395	-1.1618779	0.3097643	0.74746233	1.0	107	tags=24%, list=1%, signal=24%	
GOBP_CELL_ADHESION_MEDIATED_BY_INTEGRIN	GOBP_CELL_ADHESION_MEDIATED_BY_INTEGRIN		41	-0.5021277	-1.1609641	0.27307692	0.7488185	1.0	523	tags=17%, list=5%, signal=18%	
GOBP_INFLAMMATORY_RESPONSE	GOBP_INFLAMMATORY_RESPONSE		482	-0.36231124	-1.1608673	0.09375	0.7479999	1.0	555	tags=13%, list=5%, signal=13%	
HP_CACHEXIA	HP_CACHEXIA		69	-0.45791963	-1.1607218	0.20560747	0.74734616	1.0	649	tags=12%, list=6%, signal=12%	
GOMF_VITAMIN_B6_BINDING	GOMF_VITAMIN_B6_BINDING		30	-0.52769405	-1.1606053	0.28793773	0.7466193	1.0	1846	tags=37%, list=18%, signal=44%	
GOBP_LEUKOCYTE_PROLIFERATION	GOBP_LEUKOCYTE_PROLIFERATION		202	-0.3983453	-1.1595825	0.12903225	0.74826384	1.0	379	tags=13%, list=4%, signal=14%	
GOBP_EMBRYONIC_PATTERN_SPECIFICATION	GOBP_EMBRYONIC_PATTERN_SPECIFICATION		18	-0.5724901	-1.1577809	0.31135532	0.75202304	1.0	468	tags=11%, list=4%, signal=12%	
HP_ABNORMAL_LYMPH_NODE_MORPHOLOGY	HP_ABNORMAL_LYMPH_NODE_MORPHOLOGY		174	-0.40303648	-1.1569366	0.13414635	0.7532134	1.0	555	tags=15%, list=5%, signal=16%	
GOBP_PLASMA_MEMBRANE_REPAIR	GOBP_PLASMA_MEMBRANE_REPAIR		22	-0.5288236	-1.1566777	0.28135592	0.7528902	1.0	1392	tags=36%, list=13%, signal=42%	
GOBP_SKELETAL_MUSCLE_CONTRACTION	GOBP_SKELETAL_MUSCLE_CONTRACTION		15	-0.56244946	-1.1560808	0.30201343	0.75342447	1.0	1261	tags=47%, list=12%, signal=53%	
HP_DISCOID_LUPUS_RASH	HP_DISCOID_LUPUS_RASH		24	-0.54844445	-1.1549574	0.31182796	0.75517213	1.0	533	tags=33%, list=5%, signal=35%	
HP_HYPOPLASIA_OF_THE_THYMUS	HP_HYPOPLASIA_OF_THE_THYMUS		25	-0.5494142	-1.154725	0.3022388	0.7547452	1.0	691	tags=16%, list=7%, signal=17%	
GOBP_MYELOID_LEUKOCYTE_ACTIVATION	GOBP_MYELOID_LEUKOCYTE_ACTIVATION		159	-0.40930352	-1.1528931	0.1764706	0.7583761	1.0	384	tags=12%, list=4%, signal=12%	
GOBP_NEGATIVE_REGULATION_OF_LEUKOCYTE_MEDIATED_IMMUNITY	GOBP_NEGATIVE_REGULATION_OF_LEUKOCYTE_MEDIATED_IMMUNITY		44	-0.4979735	-1.1527369	0.27192983	0.75773954	1.0	309	tags=18%, list=3%, signal=19%	
HP_POIKILODERMA	HP_POIKILODERMA		20	-0.5474156	-1.1524762	0.31698114	0.7573387	1.0	448	tags=15%, list=4%, signal=16%	
GOBP_EXTERNAL_ENCAPSULATING_STRUCTURE_ORGANIZATION	GOBP_EXTERNAL_ENCAPSULATING_STRUCTURE_ORGANIZATION		109	-0.44383112	-1.1523951	0.22815534	0.7565239	1.0	692	tags=17%, list=7%, signal=18%	
GOBP_REGULATION_OF_ALPHA_BETA_T_CELL_ACTIVATION	GOBP_REGULATION_OF_ALPHA_BETA_T_CELL_ACTIVATION		74	-0.44932276	-1.152201	0.20614035	0.75602835	1.0	387	tags=15%, list=4%, signal=15%	
HP_ABNORMAL_MOTOR_NERVE_CONDUCTION_VELOCITY	HP_ABNORMAL_MOTOR_NERVE_CONDUCTION_VELOCITY		46	-0.48348743	-1.1521931	0.2519685	0.75502115	1.0	429	tags=7%, list=4%, signal=7%	
HP_PREMATURE_GRAYING_OF_HAIR	HP_PREMATURE_GRAYING_OF_HAIR		36	-0.5038669	-1.1507616	0.30075186	0.7576661	1.0	691	tags=14%, list=7%, signal=15%	
GOBP_FOAM_CELL_DIFFERENTIATION	GOBP_FOAM_CELL_DIFFERENTIATION		23	-0.52181745	-1.1504265	0.267101	0.75751036	1.0	1043	tags=35%, list=10%, signal=39%	
HP_ABNORMAL_AORTIC_ARCH_MORPHOLOGY	HP_ABNORMAL_AORTIC_ARCH_MORPHOLOGY		40	-0.49620938	-1.1496942	0.24908425	0.7582963	1.0	304	tags=10%, list=3%, signal=10%	
HP_TREMOR_BY_ANATOMICAL_SITE	HP_TREMOR_BY_ANATOMICAL_SITE		60	-0.47729182	-1.1494406	0.27868852	0.7579424	1.0	1001	tags=15%, list=10%, signal=16%	
HP_ADVANCED_ERUPTION_OF_TEETH	HP_ADVANCED_ERUPTION_OF_TEETH		28	-0.52286947	-1.1492158	0.2984496	0.7574927	1.0	23	tags=4%, list=0%, signal=4%	
GOBP_POSITIVE_REGULATION_OF_MUSCLE_CELL_APOPTOTIC_PROCESS	GOBP_POSITIVE_REGULATION_OF_MUSCLE_CELL_APOPTOTIC_PROCESS		17	-0.5472484	-1.1489949	0.29078013	0.75705093	1.0	629	tags=29%, list=6%, signal=31%	
HP_DEEP_PALMAR_CREASE	HP_DEEP_PALMAR_CREASE		24	-0.5116649	-1.1478769	0.28880867	0.75888216	1.0	351	tags=8%, list=3%, signal=9%	
HP_DYSMETRIA	HP_DYSMETRIA		119	-0.4314154	-1.147711	0.22277227	0.75827205	1.0	922	tags=13%, list=9%, signal=15%	
HP_SENSORY_BEHAVIORAL_ABNORMALITY	HP_SENSORY_BEHAVIORAL_ABNORMALITY		177	-0.40426844	-1.1474265	0.16025642	0.7580354	1.0	993	tags=15%, list=10%, signal=17%	
HP_COXA_VARA	HP_COXA_VARA		37	-0.5009551	-1.1467499	0.27530363	0.75882053	1.0	566	tags=11%, list=5%, signal=11%	
GOBP_POSITIVE_REGULATION_OF_CELLULAR_COMPONENT_BIOGENESIS	GOBP_POSITIVE_REGULATION_OF_CELLULAR_COMPONENT_BIOGENESIS		268	-0.3730677	-1.1466905	0.10909091	0.7579473	1.0	691	tags=12%, list=7%, signal=12%	
HP_SHORT_CHIN	HP_SHORT_CHIN		53	-0.4803672	-1.1461442	0.26495728	0.7583077	1.0	314	tags=9%, list=3%, signal=10%	
GOBP_REGULATION_OF_VACUOLE_ORGANIZATION	GOBP_REGULATION_OF_VACUOLE_ORGANIZATION		48	-0.48476645	-1.1460963	0.26070037	0.7574099	1.0	982	tags=23%, list=9%, signal=25%	
HP_APLASIA_HYPOPLASIA_OF_THE_MIDDLE_PHALANGES_OF_THE_HAND	HP_APLASIA_HYPOPLASIA_OF_THE_MIDDLE_PHALANGES_OF_THE_HAND		36	-0.50276107	-1.1459373	0.2857143	0.756793	1.0	23	tags=3%, list=0%, signal=3%	
GOBP_RRNA_CATABOLIC_PROCESS	GOBP_RRNA_CATABOLIC_PROCESS		15	-0.5662301	-1.1458484	0.3321918	0.7560112	1.0	589	tags=27%, list=6%, signal=28%	
HP_VERTICAL_SUPRANUCLEAR_GAZE_PALSY	HP_VERTICAL_SUPRANUCLEAR_GAZE_PALSY		23	-0.5315177	-1.1455125	0.3	0.7559072	1.0	1329	tags=30%, list=13%, signal=35%	
GOBP_NEGATIVE_REGULATION_OF_MOLECULAR_FUNCTION	GOBP_NEGATIVE_REGULATION_OF_MOLECULAR_FUNCTION		170	-0.40594208	-1.1447791	0.17171717	0.75674015	1.0	542	tags=11%, list=5%, signal=11%	
GOBP_RESPONSE_TO_TRANSFORMING_GROWTH_FACTOR_BETA	GOBP_RESPONSE_TO_TRANSFORMING_GROWTH_FACTOR_BETA		151	-0.41790497	-1.1447755	0.20108695	0.7557521	1.0	631	tags=11%, list=6%, signal=12%	
GOBP_EMBRYONIC_DIGIT_MORPHOGENESIS	GOBP_EMBRYONIC_DIGIT_MORPHOGENESIS		26	-0.51128894	-1.1442553	0.2835249	0.75609225	1.0	542	tags=15%, list=5%, signal=16%	
HP_ANORECTAL_ANOMALY	HP_ANORECTAL_ANOMALY		110	-0.42976543	-1.144152	0.24378109	0.7553606	1.0	691	tags=15%, list=7%, signal=16%	
GOBP_RESPONSE_TO_GROWTH_FACTOR	GOBP_RESPONSE_TO_GROWTH_FACTOR		339	-0.3772825	-1.1439952	0.12371134	0.7547347	1.0	342	tags=7%, list=3%, signal=7%	
GOBP_GLYCOSPHINGOLIPID_METABOLIC_PROCESS	GOBP_GLYCOSPHINGOLIPID_METABOLIC_PROCESS		44	-0.4890089	-1.1439897	0.31914893	0.7537511	1.0	542	tags=16%, list=5%, signal=17%	
GOBP_ALCOHOL_METABOLIC_PROCESS	GOBP_ALCOHOL_METABOLIC_PROCESS		175	-0.3994362	-1.1438203	0.20121951	0.75319976	1.0	1043	tags=16%, list=10%, signal=17%	
HP_NEOPLASM_OF_THE_LUNG	HP_NEOPLASM_OF_THE_LUNG		36	-0.5051603	-1.1434718	0.31007752	0.7531552	1.0	172	tags=8%, list=2%, signal=8%	
HP_ABNORMAL_VENOUS_MORPHOLOGY	HP_ABNORMAL_VENOUS_MORPHOLOGY		76	-0.45841488	-1.1432141	0.24663678	0.7528515	1.0	702	tags=9%, list=7%, signal=10%	
HP_SEBORRHEIC_DERMATITIS	HP_SEBORRHEIC_DERMATITIS		19	-0.5342738	-1.1427691	0.29749104	0.75299114	1.0	351	tags=16%, list=3%, signal=16%	
HP_GANGRENE	HP_GANGRENE		30	-0.49946973	-1.1427228	0.29268292	0.7520933	1.0	315	tags=17%, list=3%, signal=17%	
GOBP_T_CELL_RECEPTOR_SIGNALING_PATHWAY	GOBP_T_CELL_RECEPTOR_SIGNALING_PATHWAY		103	-0.4343754	-1.1421614	0.26237625	0.75258535	1.0	379	tags=14%, list=4%, signal=14%	
HP_ABNORMALITY_OF_THE_PULMONARY_VASCULATURE	HP_ABNORMALITY_OF_THE_PULMONARY_VASCULATURE		116	-0.42432544	-1.1417297	0.2038835	0.7526875	1.0	922	tags=12%, list=9%, signal=13%	
HP_THIN_EYEBROW	HP_THIN_EYEBROW		19	-0.5601695	-1.141665	0.31660232	0.75187564	1.0	42	tags=5%, list=0%, signal=5%	
HP_THROMBOEMBOLIC_STROKE	HP_THROMBOEMBOLIC_STROKE		24	-0.5266216	-1.1413916	0.2936803	0.75159645	1.0	29	tags=8%, list=0%, signal=8%	
GOBP_AXON_DEVELOPMENT	GOBP_AXON_DEVELOPMENT		198	-0.40802762	-1.1407967	0.14615385	0.7521096	1.0	436	tags=7%, list=4%, signal=7%	
HP_VOCAL_CORD_DYSFUNCTION	HP_VOCAL_CORD_DYSFUNCTION		33	-0.48987895	-1.140706	0.29457363	0.75136936	1.0	23	tags=3%, list=0%, signal=3%	
GOBP_POSITIVE_REGULATION_OF_POST_TRANSLATIONAL_PROTEIN_MODIFICATION	GOBP_POSITIVE_REGULATION_OF_POST_TRANSLATIONAL_PROTEIN_MODIFICATION		97	-0.44662422	-1.1405442	0.22535211	0.75078356	1.0	395	tags=9%, list=4%, signal=10%	
GOBP_GLYCEROLIPID_CATABOLIC_PROCESS	GOBP_GLYCEROLIPID_CATABOLIC_PROCESS		36	-0.50923127	-1.1405352	0.2792453	0.7498199	1.0	654	tags=17%, list=6%, signal=18%	
GOBP_DEFENSE_RESPONSE_TO_GRAM_NEGATIVE_BACTERIUM	GOBP_DEFENSE_RESPONSE_TO_GRAM_NEGATIVE_BACTERIUM		30	-0.52058566	-1.1404407	0.29850745	0.74904686	1.0	307	tags=23%, list=3%, signal=24%	
GOBP_CELL_CELL_ADHESION	GOBP_CELL_CELL_ADHESION		425	-0.36570573	-1.1398578	0.09090909	0.74959064	1.0	387	tags=10%, list=4%, signal=10%	
HP_ABNORMALITY_OF_THE_OVARY	HP_ABNORMALITY_OF_THE_OVARY		134	-0.41408393	-1.1396375	0.21717171	0.7491896	1.0	910	tags=12%, list=9%, signal=13%	
GOBP_NEURON_APOPTOTIC_PROCESS	GOBP_NEURON_APOPTOTIC_PROCESS		152	-0.41898713	-1.1395514	0.20809248	0.7484251	1.0	752	tags=13%, list=7%, signal=14%	
HP_MUSCULAR_VENTRICULAR_SEPTAL_DEFECT	HP_MUSCULAR_VENTRICULAR_SEPTAL_DEFECT		16	-0.5667207	-1.1392838	0.33214286	0.7481504	1.0	42	tags=6%, list=0%, signal=6%	
HP_ADRENAL_OVERACTIVITY	HP_ADRENAL_OVERACTIVITY		22	-0.52303666	-1.138353	0.30743244	0.74963605	1.0	1128	tags=27%, list=11%, signal=31%	
HP_DERMAL_TRANSLUCENCY	HP_DERMAL_TRANSLUCENCY		17	-0.5495738	-1.1377275	0.32945737	0.75025004	1.0	23	tags=6%, list=0%, signal=6%	
HP_OSTEOPENIA	HP_OSTEOPENIA		188	-0.39890566	-1.1374822	0.16981132	0.74984926	1.0	692	tags=14%, list=7%, signal=15%	
GOCC_PHAGOCYTIC_VESICLE_MEMBRANE	GOCC_PHAGOCYTIC_VESICLE_MEMBRANE		58	-0.46997952	-1.1369109	0.2704918	0.75038517	1.0	505	tags=17%, list=5%, signal=18%	
HP_DISTAL_LOWER_LIMB_AMYOTROPHY	HP_DISTAL_LOWER_LIMB_AMYOTROPHY		30	-0.49756625	-1.136168	0.29213482	0.7513653	1.0	23	tags=3%, list=0%, signal=3%	
GOMF_MOLECULAR_FUNCTION_INHIBITOR_ACTIVITY	GOMF_MOLECULAR_FUNCTION_INHIBITOR_ACTIVITY		313	-0.3772218	-1.1359388	0.1440678	0.7510247	1.0	416	tags=11%, list=4%, signal=11%	
GOBP_MONOCYTE_CHEMOTAXIS	GOBP_MONOCYTE_CHEMOTAXIS		22	-0.55441433	-1.1353377	0.3272727	0.75153565	1.0	184	tags=32%, list=2%, signal=32%	
GOBP_SPHINGOLIPID_METABOLIC_PROCESS	GOBP_SPHINGOLIPID_METABOLIC_PROCESS		94	-0.43918684	-1.135154	0.22905028	0.75106853	1.0	542	tags=12%, list=5%, signal=12%	
GOBP_NEGATIVE_REGULATION_OF_ENDOCYTOSIS	GOBP_NEGATIVE_REGULATION_OF_ENDOCYTOSIS		42	-0.47999662	-1.1349437	0.28448275	0.750625	1.0	137	tags=12%, list=1%, signal=12%	
GOBP_CERAMIDE_BIOSYNTHETIC_PROCESS	GOBP_CERAMIDE_BIOSYNTHETIC_PROCESS		40	-0.4823077	-1.1344196	0.27480915	0.7509674	1.0	245	tags=8%, list=2%, signal=8%	
HP_LEFT_VENTRICULAR_SYSTOLIC_DYSFUNCTION	HP_LEFT_VENTRICULAR_SYSTOLIC_DYSFUNCTION		41	-0.50351673	-1.1340033	0.3	0.7511427	1.0	431	tags=12%, list=4%, signal=13%	
GOBP_PEROXISOME_PROLIFERATOR_ACTIVATED_RECEPTOR_SIGNALING_PATHWAY	GOBP_PEROXISOME_PROLIFERATOR_ACTIVATED_RECEPTOR_SIGNALING_PATHWAY		18	-0.53405833	-1.1332648	0.28618422	0.75209147	1.0	629	tags=17%, list=6%, signal=18%	
HP_PRODUCTIVE_COUGH	HP_PRODUCTIVE_COUGH		28	-0.5310755	-1.1329191	0.3219697	0.7520375	1.0	702	tags=14%, list=7%, signal=15%	
GOBP_CELLULAR_COMPONENT_DISASSEMBLY	GOBP_CELLULAR_COMPONENT_DISASSEMBLY		289	-0.38169912	-1.132463	0.18852459	0.7522431	1.0	644	tags=11%, list=6%, signal=11%	
HP_PACE_OF_PROGRESSION	HP_PACE_OF_PROGRESSION		283	-0.37689024	-1.1324577	0.23076923	0.7513071	1.0	463	tags=7%, list=4%, signal=7%	
HP_ANOREXIA	HP_ANOREXIA		78	-0.44546306	-1.1323102	0.25641027	0.7507283	1.0	554	tags=15%, list=5%, signal=16%	
HP_SEPSIS	HP_SEPSIS		68	-0.45553198	-1.1321197	0.2761905	0.7502689	1.0	533	tags=16%, list=5%, signal=17%	
HP_CORNEAL_EROSION	HP_CORNEAL_EROSION		16	-0.55218595	-1.1316726	0.31543624	0.75048333	1.0	828	tags=19%, list=8%, signal=20%	
HP_ABNORMALITY_OF_THE_BILIARY_SYSTEM	HP_ABNORMALITY_OF_THE_BILIARY_SYSTEM		242	-0.38523605	-1.1316632	0.17006803	0.7495611	1.0	1004	tags=15%, list=10%, signal=17%	
HP_HYPOSMIA	HP_HYPOSMIA		27	-0.50202346	-1.131467	0.29007635	0.74913776	1.0	303	tags=15%, list=3%, signal=15%	
GOBP_POSITIVE_REGULATION_OF_LEUKOCYTE_APOPTOTIC_PROCESS	GOBP_POSITIVE_REGULATION_OF_LEUKOCYTE_APOPTOTIC_PROCESS		17	-0.5417143	-1.1298659	0.32222223	0.75239515	1.0	140	tags=18%, list=1%, signal=18%	
HP_EMG_ABNORMALITY	HP_EMG_ABNORMALITY		145	-0.4059032	-1.1291952	0.2228261	0.7533153	1.0	417	tags=6%, list=4%, signal=6%	
GOBP_PROCESS_UTILIZING_AUTOPHAGIC_MECHANISM	GOBP_PROCESS_UTILIZING_AUTOPHAGIC_MECHANISM		439	-0.36574847	-1.1289856	0.115384616	0.7529136	1.0	722	tags=12%, list=7%, signal=12%	
GOBP_VIRAL_RNA_GENOME_REPLICATION	GOBP_VIRAL_RNA_GENOME_REPLICATION		22	-0.53991914	-1.128392	0.31772575	0.7534088	1.0	1090	tags=23%, list=10%, signal=25%	
GOBP_REGULATION_OF_CARBOHYDRATE_BIOSYNTHETIC_PROCESS	GOBP_REGULATION_OF_CARBOHYDRATE_BIOSYNTHETIC_PROCESS		51	-0.4633072	-1.1283356	0.30612245	0.75262356	1.0	367	tags=6%, list=4%, signal=6%	
GOCC_SMALL_NUCLEAR_RIBONUCLEOPROTEIN_COMPLEX	GOCC_SMALL_NUCLEAR_RIBONUCLEOPROTEIN_COMPLEX		88	-0.43587986	-1.1273255	0.25592417	0.75423634	1.0	238	tags=13%, list=2%, signal=13%	
GOBP_NEGATIVE_REGULATION_OF_RHO_PROTEIN_SIGNAL_TRANSDUCTION	GOBP_NEGATIVE_REGULATION_OF_RHO_PROTEIN_SIGNAL_TRANSDUCTION		15	-0.5645561	-1.1271201	0.31864408	0.7538139	1.0	711	tags=33%, list=7%, signal=36%	
HP_NEOPLASM_OF_THE_NERVOUS_SYSTEM	HP_NEOPLASM_OF_THE_NERVOUS_SYSTEM		112	-0.41223085	-1.1267717	0.20089285	0.7537517	1.0	172	tags=5%, list=2%, signal=5%	
HP_CENTRAL_APNEA	HP_CENTRAL_APNEA		18	-0.54467046	-1.1263783	0.29968455	0.7537646	1.0	76	tags=11%, list=1%, signal=11%	
GOBP_VIRAL_PROCESS	GOBP_VIRAL_PROCESS		252	-0.37532264	-1.12625	0.19565217	0.7531515	1.0	451	tags=10%, list=4%, signal=10%	
HP_ORTHOPNEA	HP_ORTHOPNEA		46	-0.47943348	-1.1258559	0.2948718	0.7532165	1.0	417	tags=11%, list=4%, signal=11%	
GOBP_POSITIVE_REGULATION_OF_MONOATOMIC_ION_TRANSMEMBRANE_TRANSPORT	GOBP_POSITIVE_REGULATION_OF_MONOATOMIC_ION_TRANSMEMBRANE_TRANSPORT		41	-0.48298192	-1.1254685	0.32098764	0.75325006	1.0	959	tags=29%, list=9%, signal=32%	
GOBP_REGULATION_OF_CELL_CELL_ADHESION	GOBP_REGULATION_OF_CELL_CELL_ADHESION		288	-0.3747709	-1.1254264	0.18103448	0.7524382	1.0	387	tags=11%, list=4%, signal=11%	
GOBP_VASCULAR_ENDOTHELIAL_GROWTH_FACTOR_SIGNALING_PATHWAY	GOBP_VASCULAR_ENDOTHELIAL_GROWTH_FACTOR_SIGNALING_PATHWAY		16	-0.5437803	-1.1253756	0.3415493	0.7516813	1.0	846	tags=31%, list=8%, signal=34%	
HP_CORONAL_CRANIOSYNOSTOSIS	HP_CORONAL_CRANIOSYNOSTOSIS		16	-0.5550466	-1.1232339	0.3322785	0.75622356	1.0	512	tags=19%, list=5%, signal=20%	
GOBP_NEGATIVE_REGULATION_OF_CYTOKINE_PRODUCTION	GOBP_NEGATIVE_REGULATION_OF_CYTOKINE_PRODUCTION		165	-0.3918574	-1.1230394	0.22413793	0.7558025	1.0	550	tags=13%, list=5%, signal=13%	
GOBP_CARDIAC_SEPTUM_MORPHOGENESIS	GOBP_CARDIAC_SEPTUM_MORPHOGENESIS		26	-0.4969269	-1.1223983	0.29433963	0.7564977	1.0	495	tags=19%, list=5%, signal=20%	
GOMF_PROTEIN_DEMETHYLASE_ACTIVITY	GOMF_PROTEIN_DEMETHYLASE_ACTIVITY		24	-0.527268	-1.1222756	0.33333334	0.7558674	1.0	1077	tags=25%, list=10%, signal=28%	
GOCC_ACTIN_FILAMENT_BUNDLE	GOCC_ACTIN_FILAMENT_BUNDLE		43	-0.49260566	-1.1215674	0.32921812	0.7568119	1.0	435	tags=12%, list=4%, signal=12%	
GOBP_CALCIUM_MEDIATED_SIGNALING	GOBP_CALCIUM_MEDIATED_SIGNALING		94	-0.43283573	-1.1209819	0.2538071	0.7573788	1.0	307	tags=12%, list=3%, signal=12%	
HP_INCREASED_BONE_MINERAL_DENSITY	HP_INCREASED_BONE_MINERAL_DENSITY		72	-0.44536513	-1.1197821	0.28936172	0.75958467	1.0	417	tags=8%, list=4%, signal=9%	
HP_ABNORMAL_EPIPHYSEAL_OSSIFICATION	HP_ABNORMAL_EPIPHYSEAL_OSSIFICATION		40	-0.47470617	-1.119659	0.29277566	0.7589663	1.0	446	tags=8%, list=4%, signal=8%	
HP_DECREASED_NUMBER_OF_PERIPHERAL_MYELINATED_NERVE_FIBERS	HP_DECREASED_NUMBER_OF_PERIPHERAL_MYELINATED_NERVE_FIBERS		29	-0.5064852	-1.1192268	0.31196582	0.7590642	1.0	23	tags=3%, list=0%, signal=3%	
HP_ARRHINENCEPHALY	HP_ARRHINENCEPHALY		25	-0.5071186	-1.1188	0.316	0.75917786	1.0	351	tags=16%, list=3%, signal=17%	
GOBP_NEURON_CELLULAR_HOMEOSTASIS	GOBP_NEURON_CELLULAR_HOMEOSTASIS		22	-0.5096939	-1.1180478	0.30714285	0.76025814	1.0	2433	tags=50%, list=23%, signal=65%	
HP_SUBCUTANEOUS_NODULE	HP_SUBCUTANEOUS_NODULE		49	-0.46589378	-1.1180393	0.29554656	0.75936276	1.0	512	tags=16%, list=5%, signal=17%	
GOBP_ACTIVIN_RECEPTOR_SIGNALING_PATHWAY	GOBP_ACTIVIN_RECEPTOR_SIGNALING_PATHWAY		22	-0.5410288	-1.1178458	0.33333334	0.758936	1.0	39	tags=5%, list=0%, signal=5%	
GOBP_REGULATION_OF_LYMPHOCYTE_APOPTOTIC_PROCESS	GOBP_REGULATION_OF_LYMPHOCYTE_APOPTOTIC_PROCESS		31	-0.49050313	-1.1177682	0.3091603	0.75819176	1.0	277	tags=13%, list=3%, signal=13%	
GOBP_POSITIVE_REGULATION_OF_TRIGLYCERIDE_METABOLIC_PROCESS	GOBP_POSITIVE_REGULATION_OF_TRIGLYCERIDE_METABOLIC_PROCESS		16	-0.5446506	-1.1176299	0.34539473	0.75762653	1.0	85	tags=6%, list=1%, signal=6%	
GOBP_LYMPHOCYTE_APOPTOTIC_PROCESS	GOBP_LYMPHOCYTE_APOPTOTIC_PROCESS		46	-0.47705942	-1.1168787	0.338843	0.7585918	1.0	353	tags=13%, list=3%, signal=13%	
GOMF_CALMODULIN_BINDING	GOMF_CALMODULIN_BINDING		83	-0.42723188	-1.1168504	0.23109244	0.75777304	1.0	1166	tags=22%, list=11%, signal=24%	
HP_SKELETAL_DYSPLASIA	HP_SKELETAL_DYSPLASIA		117	-0.41927353	-1.1166711	0.26754385	0.7573053	1.0	472	tags=11%, list=5%, signal=12%	
GOBP_REPRODUCTIVE_SYSTEM_DEVELOPMENT	GOBP_REPRODUCTIVE_SYSTEM_DEVELOPMENT		134	-0.4153624	-1.1155181	0.2685185	0.75933796	1.0	691	tags=16%, list=7%, signal=17%	
GOBP_REGULATION_OF_MACROPHAGE_DERIVED_FOAM_CELL_DIFFERENTIATION	GOBP_REGULATION_OF_MACROPHAGE_DERIVED_FOAM_CELL_DIFFERENTIATION		17	-0.5589712	-1.1145908	0.35658914	0.7609274	1.0	635	tags=29%, list=6%, signal=31%	
HP_ABNORMAL_SEMICIRCULAR_CANAL_MORPHOLOGY	HP_ABNORMAL_SEMICIRCULAR_CANAL_MORPHOLOGY		15	-0.53274685	-1.1144105	0.35451505	0.76049745	1.0	357	tags=13%, list=3%, signal=14%	
HP_ABNORMAL_ALVEOLAR_RIDGE_MORPHOLOGY	HP_ABNORMAL_ALVEOLAR_RIDGE_MORPHOLOGY		31	-0.50831044	-1.1143777	0.33333334	0.759662	1.0	351	tags=13%, list=3%, signal=13%	
HP_ECZEMATOID_DERMATITIS	HP_ECZEMATOID_DERMATITIS		123	-0.41230997	-1.1143775	0.25358853	0.75875276	1.0	681	tags=15%, list=7%, signal=15%	
GOBP_POSITIVE_REGULATION_OF_RELEASE_OF_CYTOCHROME_C_FROM_MITOCHONDRIA	GOBP_POSITIVE_REGULATION_OF_RELEASE_OF_CYTOCHROME_C_FROM_MITOCHONDRIA		17	-0.5556001	-1.1141949	0.33333334	0.75828826	1.0	673	tags=24%, list=6%, signal=25%	
HP_URINARY_TRACT_NEOPLASM	HP_URINARY_TRACT_NEOPLASM		85	-0.4355208	-1.1134837	0.29130435	0.759218	1.0	172	tags=5%, list=2%, signal=5%	
HP_BILATERAL_TONIC_CLONIC_SEIZURE_WITH_FOCAL_ONSET	HP_BILATERAL_TONIC_CLONIC_SEIZURE_WITH_FOCAL_ONSET		28	-0.51029295	-1.1131976	0.31851852	0.75910413	1.0	1298	tags=21%, list=12%, signal=24%	
GOBP_REGULATION_OF_PH	GOBP_REGULATION_OF_PH		57	-0.4630039	-1.1117234	0.30357143	0.76202154	1.0	505	tags=12%, list=5%, signal=13%	
HP_ACANTHOSIS_NIGRICANS	HP_ACANTHOSIS_NIGRICANS		31	-0.49512348	-1.1111732	0.32818532	0.7624812	1.0	23	tags=3%, list=0%, signal=3%	
GOBP_MORPHOGENESIS_OF_AN_EPITHELIAL_SHEET	GOBP_MORPHOGENESIS_OF_AN_EPITHELIAL_SHEET		33	-0.5115219	-1.1106907	0.33948338	0.76280266	1.0	919	tags=33%, list=9%, signal=36%	
GOBP_MEMBRANE_LIPID_METABOLIC_PROCESS	GOBP_MEMBRANE_LIPID_METABOLIC_PROCESS		127	-0.40709227	-1.1101862	0.25238097	0.76318467	1.0	542	tags=9%, list=5%, signal=10%	
GOBP_REGULATION_OF_DENDRITIC_CELL_DIFFERENTIATION	GOBP_REGULATION_OF_DENDRITIC_CELL_DIFFERENTIATION		15	-0.5470947	-1.109789	0.34385964	0.7633099	1.0	387	tags=20%, list=4%, signal=21%	
HP_ABNORMAL_LEUKOCYTE_PHYSIOLOGY	HP_ABNORMAL_LEUKOCYTE_PHYSIOLOGY		237	-0.37755364	-1.109645	0.1724138	0.76276124	1.0	877	tags=15%, list=8%, signal=16%	
GOCC_TRANSCRIPTION_REPRESSOR_COMPLEX	GOCC_TRANSCRIPTION_REPRESSOR_COMPLEX		63	-0.43785167	-1.1094704	0.25974026	0.7622896	1.0	471	tags=11%, list=5%, signal=12%	
GOBP_NUCLEAR_ENVELOPE_ORGANIZATION	GOBP_NUCLEAR_ENVELOPE_ORGANIZATION		46	-0.4730593	-1.1089896	0.2835249	0.7625871	1.0	23	tags=2%, list=0%, signal=2%	
GOBP_CELLULAR_RESPONSE_TO_LIPOPROTEIN_PARTICLE_STIMULUS	GOBP_CELLULAR_RESPONSE_TO_LIPOPROTEIN_PARTICLE_STIMULUS		26	-0.50648516	-1.1081749	0.3125	0.7637897	1.0	629	tags=35%, list=6%, signal=37%	
HP_SCALING_SKIN	HP_SCALING_SKIN		19	-0.5218516	-1.1077427	0.3152174	0.7639837	1.0	265	tags=16%, list=3%, signal=16%	
HP_MULTIPLE_JOINT_CONTRACTURES	HP_MULTIPLE_JOINT_CONTRACTURES		45	-0.47957432	-1.1076462	0.32258064	0.7633361	1.0	101	tags=4%, list=1%, signal=4%	
HP_AORTIC_ANEURYSM	HP_AORTIC_ANEURYSM		96	-0.41547933	-1.1062548	0.2815534	0.7658982	1.0	1050	tags=16%, list=10%, signal=17%	
GOBP_LOW_DENSITY_LIPOPROTEIN_PARTICLE_CLEARANCE	GOBP_LOW_DENSITY_LIPOPROTEIN_PARTICLE_CLEARANCE		15	-0.5578583	-1.1061217	0.3216783	0.765322	1.0	1103	tags=40%, list=11%, signal=45%	
GOBP_RESPONSE_TO_MURAMYL_DIPEPTIDE	GOBP_RESPONSE_TO_MURAMYL_DIPEPTIDE		17	-0.5262277	-1.1055285	0.34285715	0.76593834	1.0	555	tags=29%, list=5%, signal=31%	
HP_ABNORMAL_MORPHOLOGY_OF_THE_VESTIBULE_OF_THE_INNER_EAR	HP_ABNORMAL_MORPHOLOGY_OF_THE_VESTIBULE_OF_THE_INNER_EAR		18	-0.51240647	-1.1053675	0.3456376	0.76542836	1.0	357	tags=11%, list=3%, signal=11%	
HP_AORTIC_ARCH_ANEURYSM	HP_AORTIC_ARCH_ANEURYSM		20	-0.51623	-1.1049877	0.3202847	0.7655226	1.0	1016	tags=25%, list=10%, signal=28%	
HP_SKIN_NODULE	HP_SKIN_NODULE		67	-0.4570415	-1.1047845	0.2838428	0.76509786	1.0	512	tags=18%, list=5%, signal=19%	
GOBP_LIPOSACCHARIDE_METABOLIC_PROCESS	GOBP_LIPOSACCHARIDE_METABOLIC_PROCESS		77	-0.42927748	-1.1046654	0.2837838	0.7645214	1.0	594	tags=12%, list=6%, signal=12%	
HP_GOWERS_SIGN	HP_GOWERS_SIGN		50	-0.47379643	-1.1044455	0.36238533	0.7642134	1.0	445	tags=8%, list=4%, signal=8%	
HP_NEOPLASM_OF_STRIATED_MUSCLE	HP_NEOPLASM_OF_STRIATED_MUSCLE		16	-0.5339398	-1.1040133	0.330855	0.7644944	1.0	172	tags=13%, list=2%, signal=13%	
HP_CONGENITAL_MALFORMATION_OF_THE_RIGHT_HEART	HP_CONGENITAL_MALFORMATION_OF_THE_RIGHT_HEART		39	-0.47981942	-1.1022079	0.33061224	0.76810634	1.0	315	tags=10%, list=3%, signal=11%	
GOBP_IMMUNE_EFFECTOR_PROCESS	GOBP_IMMUNE_EFFECTOR_PROCESS		380	-0.3552621	-1.1021506	0.1682243	0.76737005	1.0	563	tags=13%, list=5%, signal=13%	
HP_FACIAL_DIPLEGIA	HP_FACIAL_DIPLEGIA		22	-0.5183412	-1.1019865	0.30479452	0.76687086	1.0	2361	tags=45%, list=23%, signal=59%	
GOBP_METENCEPHALON_DEVELOPMENT	GOBP_METENCEPHALON_DEVELOPMENT		60	-0.44328767	-1.1013612	0.3	0.76747817	1.0	332	tags=3%, list=3%, signal=3%	
GOBP_CELL_SURFACE_RECEPTOR_PROTEIN_SERINE_THREONINE_KINASE_SIGNALING_PATHWAY	GOBP_CELL_SURFACE_RECEPTOR_PROTEIN_SERINE_THREONINE_KINASE_SIGNALING_PATHWAY		185	-0.3837599	-1.1009722	0.25503355	0.76752555	1.0	541	tags=8%, list=5%, signal=8%	
GOBP_SPLICEOSOMAL_TRI_SNRNP_COMPLEX_ASSEMBLY	GOBP_SPLICEOSOMAL_TRI_SNRNP_COMPLEX_ASSEMBLY		40	-0.46940917	-1.100271	0.3139535	0.76846105	1.0	425	tags=20%, list=4%, signal=21%	
HP_ABNORMALITY_OF_PERIPHERAL_NERVOUS_SYSTEM_ELECTROPHYSIOLOGY	HP_ABNORMALITY_OF_PERIPHERAL_NERVOUS_SYSTEM_ELECTROPHYSIOLOGY		115	-0.41327435	-1.0998418	0.28877005	0.7686743	1.0	429	tags=5%, list=4%, signal=5%	
HP_FEMORAL_BOWING	HP_FEMORAL_BOWING		25	-0.5076173	-1.0996588	0.3445693	0.76826334	1.0	871	tags=24%, list=8%, signal=26%	
HP_ATROPHY_DEGENERATION_INVOLVING_THE_SPINAL_CORD	HP_ATROPHY_DEGENERATION_INVOLVING_THE_SPINAL_CORD		15	-0.5310435	-1.0994433	0.34210527	0.76793915	1.0	487	tags=20%, list=5%, signal=21%	
HP_GENERALIZED_JOINT_HYPERMOBILITY	HP_GENERALIZED_JOINT_HYPERMOBILITY		28	-0.49475762	-1.0987871	0.32793522	0.76874423	1.0	697	tags=25%, list=7%, signal=27%	
HP_OCCIPITAL_ENCEPHALOCELE	HP_OCCIPITAL_ENCEPHALOCELE		21	-0.51353866	-1.0985414	0.3345588	0.76852036	1.0	84	tags=5%, list=1%, signal=5%	
GOBP_NEGATIVE_REGULATION_OF_IMMUNE_RESPONSE	GOBP_NEGATIVE_REGULATION_OF_IMMUNE_RESPONSE		136	-0.39872965	-1.0975752	0.28402367	0.77018464	1.0	550	tags=15%, list=5%, signal=15%	
GOBP_REGULATION_OF_HUMORAL_IMMUNE_RESPONSE	GOBP_REGULATION_OF_HUMORAL_IMMUNE_RESPONSE		16	-0.5260318	-1.0974183	0.3321033	0.7697322	1.0	420	tags=25%, list=4%, signal=26%	
GOBP_MYOBLAST_DIFFERENTIATION	GOBP_MYOBLAST_DIFFERENTIATION		53	-0.4629935	-1.0970799	0.31746033	0.7698143	1.0	458	tags=17%, list=4%, signal=18%	
HP_INTERMITTENT_DIARRHEA	HP_INTERMITTENT_DIARRHEA		23	-0.51959974	-1.0969689	0.33469388	0.7692362	1.0	1574	tags=30%, list=15%, signal=36%	
GOBP_REGULATION_OF_AUTOPHAGOSOME_MATURATION	GOBP_REGULATION_OF_AUTOPHAGOSOME_MATURATION		15	-0.5444599	-1.0964583	0.36551723	0.7696814	1.0	1417	tags=40%, list=14%, signal=46%	
GOBP_POSITIVE_REGULATION_OF_FIBROBLAST_PROLIFERATION	GOBP_POSITIVE_REGULATION_OF_FIBROBLAST_PROLIFERATION		26	-0.49355215	-1.0963664	0.33955225	0.76904875	1.0	121	tags=8%, list=1%, signal=8%	
HP_SUBMUCOUS_CLEFT_PALATE	HP_SUBMUCOUS_CLEFT_PALATE		59	-0.45273554	-1.0961791	0.336	0.7686707	1.0	55	tags=5%, list=1%, signal=5%	
GOCC_RUFFLE_MEMBRANE	GOCC_RUFFLE_MEMBRANE		61	-0.44642138	-1.096089	0.31932774	0.7680179	1.0	833	tags=18%, list=8%, signal=19%	
HP_IMPAIRED_TACTILE_SENSATION	HP_IMPAIRED_TACTILE_SENSATION		27	-0.49433616	-1.0960565	0.2897959	0.7672136	1.0	429	tags=7%, list=4%, signal=8%	
GOBP_NEGATIVE_REGULATION_OF_RECEPTOR_MEDIATED_ENDOCYTOSIS	GOBP_NEGATIVE_REGULATION_OF_RECEPTOR_MEDIATED_ENDOCYTOSIS		17	-0.5394355	-1.0950298	0.3501805	0.76904136	1.0	137	tags=12%, list=1%, signal=12%	
GOBP_POLYOL_BIOSYNTHETIC_PROCESS	GOBP_POLYOL_BIOSYNTHETIC_PROCESS		32	-0.48491076	-1.0947177	0.30350193	0.76895934	1.0	20	tags=3%, list=0%, signal=3%	
GOBP_REGULATION_OF_MACROAUTOPHAGY	GOBP_REGULATION_OF_MACROAUTOPHAGY		137	-0.40917507	-1.0942246	0.2793296	0.7693712	1.0	1101	tags=20%, list=11%, signal=22%	
GOBP_EYE_PHOTORECEPTOR_CELL_DIFFERENTIATION	GOBP_EYE_PHOTORECEPTOR_CELL_DIFFERENTIATION		16	-0.5332782	-1.094143	0.36307693	0.76874304	1.0	1401	tags=38%, list=13%, signal=43%	
GOBP_CENTRAL_NERVOUS_SYSTEM_DEVELOPMENT	GOBP_CENTRAL_NERVOUS_SYSTEM_DEVELOPMENT		454	-0.34428093	-1.0938053	0.14814815	0.76869786	1.0	591	tags=9%, list=6%, signal=9%	
GOBP_HEART_DEVELOPMENT	GOBP_HEART_DEVELOPMENT		268	-0.3669268	-1.0936444	0.2	0.7682818	1.0	522	tags=8%, list=5%, signal=8%	
HP_APLASIA_HYPOPLASIA_INVOLVING_THE_NOSE	HP_APLASIA_HYPOPLASIA_INVOLVING_THE_NOSE		67	-0.45158455	-1.0931048	0.3153527	0.76879907	1.0	76	tags=4%, list=1%, signal=4%	
GOBP_REGULATION_OF_TRANSLATIONAL_INITIATION	GOBP_REGULATION_OF_TRANSLATIONAL_INITIATION		74	-0.44762126	-1.0929632	0.32034633	0.768327	1.0	696	tags=14%, list=7%, signal=14%	
GOBP_REGULATION_OF_MICROTUBULE_BASED_PROCESS	GOBP_REGULATION_OF_MICROTUBULE_BASED_PROCESS		176	-0.38456953	-1.0918714	0.252809	0.77027863	1.0	656	tags=11%, list=6%, signal=11%	
HP_ABNORMALITY_OF_THE_ANKLE	HP_ABNORMALITY_OF_THE_ANKLE		108	-0.42474276	-1.0917481	0.29411766	0.76972806	1.0	910	tags=14%, list=9%, signal=15%	
HP_BUNDLE_BRANCH_BLOCK	HP_BUNDLE_BRANCH_BLOCK		34	-0.47936454	-1.0903022	0.33587787	0.77254146	1.0	39	tags=6%, list=0%, signal=6%	
GOBP_POSITIVE_REGULATION_OF_LIPID_LOCALIZATION	GOBP_POSITIVE_REGULATION_OF_LIPID_LOCALIZATION		48	-0.46382943	-1.0899023	0.36725664	0.77273625	1.0	837	tags=23%, list=8%, signal=25%	
GOBP_AMINOGLYCAN_METABOLIC_PROCESS	GOBP_AMINOGLYCAN_METABOLIC_PROCESS		33	-0.47869843	-1.0892918	0.30078125	0.7733959	1.0	525	tags=15%, list=5%, signal=16%	
GOCC_LATE_ENDOSOME_MEMBRANE	GOCC_LATE_ENDOSOME_MEMBRANE		123	-0.39542165	-1.089127	0.28019324	0.77296907	1.0	687	tags=13%, list=7%, signal=14%	
HP_OVERRIDING_AORTA	HP_OVERRIDING_AORTA		17	-0.53347814	-1.0891185	0.34275618	0.7721226	1.0	910	tags=24%, list=9%, signal=26%	
HP_APLASIA_HYPOPLASIA_OF_TOE	HP_APLASIA_HYPOPLASIA_OF_TOE		77	-0.43472365	-1.0890598	0.32231405	0.77143735	1.0	143	tags=4%, list=1%, signal=4%	
HP_STOMACH_CANCER	HP_STOMACH_CANCER		24	-0.49858496	-1.0887185	0.32871974	0.7714915	1.0	880	tags=25%, list=8%, signal=27%	
HP_ABNORMAL_EPIDERMAL_MORPHOLOGY	HP_ABNORMAL_EPIDERMAL_MORPHOLOGY		43	-0.46977788	-1.0881336	0.3448276	0.77214265	1.0	265	tags=9%, list=3%, signal=10%	
GOBP_TORC1_SIGNALING	GOBP_TORC1_SIGNALING		83	-0.4232304	-1.0880204	0.33640552	0.77157885	1.0	1020	tags=13%, list=10%, signal=15%	
GOCC_SM_LIKE_PROTEIN_FAMILY_COMPLEX	GOCC_SM_LIKE_PROTEIN_FAMILY_COMPLEX		100	-0.41989592	-1.08787	0.3265306	0.77111304	1.0	238	tags=11%, list=2%, signal=11%	
GOCC_LATE_ENDOSOME	GOCC_LATE_ENDOSOME		208	-0.37512794	-1.0877247	0.25609756	0.770665	1.0	687	tags=13%, list=7%, signal=14%	
HP_ABNORMAL_CALF_MUSCULATURE_MORPHOLOGY	HP_ABNORMAL_CALF_MUSCULATURE_MORPHOLOGY		43	-0.47851244	-1.0873159	0.3574297	0.77094495	1.0	23	tags=2%, list=0%, signal=2%	
HP_MACULAR_ATROPHY	HP_MACULAR_ATROPHY		21	-0.5188678	-1.0873045	0.34285715	0.7701261	1.0	962	tags=19%, list=9%, signal=21%	
HP_DECREASED_CIRCULATING_TOTAL_IGM	HP_DECREASED_CIRCULATING_TOTAL_IGM		57	-0.45043337	-1.0870916	0.34496123	0.76979464	1.0	826	tags=14%, list=8%, signal=15%	
GOBP_REGULATION_OF_CELL_ADHESION	GOBP_REGULATION_OF_CELL_ADHESION		435	-0.34165785	-1.086895	0.17021276	0.76941055	1.0	477	tags=10%, list=5%, signal=10%	
HP_DEFORMED_SELLA_TURCICA	HP_DEFORMED_SELLA_TURCICA		15	-0.52783763	-1.086563	0.31578946	0.7694333	1.0	1231	tags=27%, list=12%, signal=30%	
HP_ABNORMAL_CONNECTION_OF_THE_CARDIAC_SEGMENTS	HP_ABNORMAL_CONNECTION_OF_THE_CARDIAC_SEGMENTS		145	-0.3932939	-1.0865	0.273743	0.7687627	1.0	512	tags=8%, list=5%, signal=8%	
GOBP_ORGANELLE_TRANSPORT_ALONG_MICROTUBULE	GOBP_ORGANELLE_TRANSPORT_ALONG_MICROTUBULE		69	-0.44319507	-1.0863732	0.33936653	0.7682586	1.0	571	tags=12%, list=5%, signal=12%	
HP_PAIN	HP_PAIN		463	-0.33596906	-1.086064	0.15476191	0.7681918	1.0	567	tags=10%, list=5%, signal=10%	
GOMF_ACTIN_FILAMENT_BINDING	GOMF_ACTIN_FILAMENT_BINDING		109	-0.4120804	-1.0854117	0.2888889	0.76900893	1.0	617	tags=13%, list=6%, signal=14%	
GOBP_CARDIAC_SEPTUM_DEVELOPMENT	GOBP_CARDIAC_SEPTUM_DEVELOPMENT		47	-0.45866948	-1.0850992	0.31277534	0.7689864	1.0	495	tags=13%, list=5%, signal=13%	
GOBP_LEUKOCYTE_APOPTOTIC_PROCESS	GOBP_LEUKOCYTE_APOPTOTIC_PROCESS		70	-0.4443525	-1.0841885	0.3677686	0.77062035	1.0	353	tags=13%, list=3%, signal=13%	
HP_OVERWEIGHT	HP_OVERWEIGHT		22	-0.50533545	-1.0834473	0.34600762	0.77167356	1.0	879	tags=27%, list=8%, signal=30%	
GOBP_POSITIVE_REGULATION_OF_CELL_ADHESION	GOBP_POSITIVE_REGULATION_OF_CELL_ADHESION		277	-0.35858405	-1.0830872	0.2631579	0.7717805	1.0	400	tags=11%, list=4%, signal=11%	
HP_SMALL_FACE	HP_SMALL_FACE		83	-0.42317438	-1.0830196	0.31896552	0.7711081	1.0	468	tags=7%, list=4%, signal=8%	
GOBP_LIPID_DROPLET_ORGANIZATION	GOBP_LIPID_DROPLET_ORGANIZATION		30	-0.48953545	-1.082307	0.35793358	0.77205753	1.0	38	tags=3%, list=0%, signal=3%	
GOMF_DNA_NUCLEASE_ACTIVITY	GOMF_DNA_NUCLEASE_ACTIVITY		58	-0.4522848	-1.081803	0.32743362	0.77251005	1.0	10	tags=2%, list=0%, signal=2%	
HP_ABNORMAL_PERIPHERAL_NERVOUS_SYSTEM_MORPHOLOGY	HP_ABNORMAL_PERIPHERAL_NERVOUS_SYSTEM_MORPHOLOGY		241	-0.36288658	-1.0817924	0.22058824	0.77169436	1.0	530	tags=8%, list=5%, signal=8%	
HP_DERMATOLOGICAL_MANIFESTATIONS_OF_SYSTEMIC_DISORDERS	HP_DERMATOLOGICAL_MANIFESTATIONS_OF_SYSTEMIC_DISORDERS		187	-0.37848407	-1.0817102	0.27702704	0.77102935	1.0	504	tags=9%, list=5%, signal=9%	
GOBP_RESPONSE_TO_WOUNDING	GOBP_RESPONSE_TO_WOUNDING		267	-0.35973626	-1.081565	0.21818182	0.7705527	1.0	373	tags=10%, list=4%, signal=10%	
GOBP_MACROPHAGE_MIGRATION	GOBP_MACROPHAGE_MIGRATION		26	-0.4845186	-1.0813481	0.32302406	0.77025616	1.0	46	tags=12%, list=0%, signal=12%	
GOMF_DISORDERED_DOMAIN_SPECIFIC_BINDING	GOMF_DISORDERED_DOMAIN_SPECIFIC_BINDING		17	-0.5086958	-1.0811086	0.33834586	0.7699955	1.0	631	tags=24%, list=6%, signal=25%	
GOBP_CELLULAR_RESPONSE_TO_VIRUS	GOBP_CELLULAR_RESPONSE_TO_VIRUS		36	-0.48561466	-1.0806595	0.35714287	0.7703273	1.0	542	tags=19%, list=5%, signal=20%	
HP_ABNORMAL_ORAL_FRENULUM_MORPHOLOGY	HP_ABNORMAL_ORAL_FRENULUM_MORPHOLOGY		42	-0.4542028	-1.0801429	0.32958803	0.77083504	1.0	356	tags=5%, list=3%, signal=5%	
HP_ABNORMAL_CIRCULATING_CALCITONIN_CONCENTRATION	HP_ABNORMAL_CIRCULATING_CALCITONIN_CONCENTRATION		18	-0.5163272	-1.0801135	0.3586207	0.77004683	1.0	530	tags=11%, list=5%, signal=12%	
GOBP_GOLGI_TO_VACUOLE_TRANSPORT	GOBP_GOLGI_TO_VACUOLE_TRANSPORT		19	-0.5338836	-1.0800605	0.37328768	0.76935637	1.0	505	tags=11%, list=5%, signal=11%	
HP_ABNORMALITY_OF_THE_UPPER_RESPIRATORY_TRACT	HP_ABNORMALITY_OF_THE_UPPER_RESPIRATORY_TRACT		296	-0.36556622	-1.0799431	0.25833333	0.7688178	1.0	533	tags=11%, list=5%, signal=12%	
GOCC_AZUROPHIL_GRANULE_LUMEN	GOCC_AZUROPHIL_GRANULE_LUMEN		69	-0.42485115	-1.0797635	0.34453782	0.76844066	1.0	466	tags=20%, list=4%, signal=21%	
GOBP_DEFENSE_RESPONSE_TO_GRAM_POSITIVE_BACTERIUM	GOBP_DEFENSE_RESPONSE_TO_GRAM_POSITIVE_BACTERIUM		46	-0.4619184	-1.0779629	0.332	0.77220434	1.0	339	tags=15%, list=3%, signal=16%	
HP_NYCTALOPIA	HP_NYCTALOPIA		109	-0.40111506	-1.0776484	0.27804878	0.77218354	1.0	978	tags=13%, list=9%, signal=14%	
HP_ABNORMAL_ANATOMIC_LOCATION_OF_THE_HEART	HP_ABNORMAL_ANATOMIC_LOCATION_OF_THE_HEART		70	-0.42739218	-1.0768778	0.34166667	0.77331674	1.0	84	tags=3%, list=1%, signal=3%	
GOBP_AMEBOIDAL_TYPE_CELL_MIGRATION	GOBP_AMEBOIDAL_TYPE_CELL_MIGRATION		110	-0.40888652	-1.0764792	0.31924883	0.7734903	1.0	749	tags=17%, list=7%, signal=18%	
GOBP_CELLULAR_RESPONSE_TO_INTERLEUKIN_1	GOBP_CELLULAR_RESPONSE_TO_INTERLEUKIN_1		46	-0.45475447	-1.0753495	0.36554623	0.7755277	1.0	436	tags=9%, list=4%, signal=9%	
GOBP_NEPHRON_MORPHOGENESIS	GOBP_NEPHRON_MORPHOGENESIS		21	-0.5202637	-1.0749092	0.37943262	0.7758037	1.0	567	tags=24%, list=5%, signal=25%	
GOBP_STEROID_METABOLIC_PROCESS	GOBP_STEROID_METABOLIC_PROCESS		144	-0.3917666	-1.0747441	0.2923077	0.77535397	1.0	1043	tags=17%, list=10%, signal=18%	
HP_NEOPLASM_OF_THE_ENDOCRINE_SYSTEM	HP_NEOPLASM_OF_THE_ENDOCRINE_SYSTEM		90	-0.41787148	-1.0731015	0.32098764	0.77857196	1.0	691	tags=11%, list=7%, signal=12%	
GOBP_NEGATIVE_REGULATION_OF_VIRAL_GENOME_REPLICATION	GOBP_NEGATIVE_REGULATION_OF_VIRAL_GENOME_REPLICATION		40	-0.48667604	-1.0730273	0.40562248	0.777959	1.0	1090	tags=25%, list=10%, signal=28%	
GOBP_NEGATIVE_REGULATION_OF_GROWTH	GOBP_NEGATIVE_REGULATION_OF_GROWTH		111	-0.40888008	-1.0725492	0.31188118	0.77842796	1.0	433	tags=14%, list=4%, signal=14%	
GOBP_MACROPHAGE_CHEMOTAXIS	GOBP_MACROPHAGE_CHEMOTAXIS		18	-0.5122305	-1.0701929	0.35820895	0.78369355	1.0	46	tags=17%, list=0%, signal=17%	
GOBP_RESPONSE_TO_LIPOPROTEIN_PARTICLE	GOBP_RESPONSE_TO_LIPOPROTEIN_PARTICLE		23	-0.5153622	-1.0697106	0.3647059	0.7840959	1.0	629	tags=39%, list=6%, signal=42%	
GOBP_REGULATION_OF_STEROL_TRANSPORT	GOBP_REGULATION_OF_STEROL_TRANSPORT		31	-0.4718038	-1.0694326	0.36501902	0.7839598	1.0	1378	tags=29%, list=13%, signal=33%	
GOBP_RESPONSE_TO_NUTRIENT	GOBP_RESPONSE_TO_NUTRIENT		82	-0.42067596	-1.0687337	0.33333334	0.7849298	1.0	649	tags=15%, list=6%, signal=15%	
HP_ABNORMAL_THORACIC_SPINE_MORPHOLOGY	HP_ABNORMAL_THORACIC_SPINE_MORPHOLOGY		66	-0.4310275	-1.0684482	0.3537736	0.7848936	1.0	731	tags=11%, list=7%, signal=11%	
GOBP_LEUKOCYTE_CELL_CELL_ADHESION	GOBP_LEUKOCYTE_CELL_CELL_ADHESION		267	-0.35111254	-1.0684239	0.24285714	0.78413063	1.0	387	tags=12%, list=4%, signal=12%	
GOCC_GOLGI_CISTERNA_MEMBRANE	GOCC_GOLGI_CISTERNA_MEMBRANE		53	-0.44217467	-1.0683106	0.34765625	0.7836097	1.0	24	tags=2%, list=0%, signal=2%	
GOBP_REGULATION_OF_T_CELL_ACTIVATION	GOBP_REGULATION_OF_T_CELL_ACTIVATION		247	-0.3528858	-1.0678577	0.23809524	0.78398514	1.0	387	tags=10%, list=4%, signal=10%	
HP_LIMITED_ELBOW_MOVEMENT	HP_LIMITED_ELBOW_MOVEMENT		90	-0.4109005	-1.0672202	0.35714287	0.7847589	1.0	478	tags=7%, list=5%, signal=7%	
GOBP_LEUKOCYTE_MEDIATED_IMMUNITY	GOBP_LEUKOCYTE_MEDIATED_IMMUNITY		234	-0.36077166	-1.0670142	0.27972028	0.7845091	1.0	563	tags=13%, list=5%, signal=13%	
HP_DYSOSTOSIS_MULTIPLEX	HP_DYSOSTOSIS_MULTIPLEX		21	-0.51239616	-1.0668585	0.385214	0.7840752	1.0	1461	tags=38%, list=14%, signal=44%	
GOBP_VASCULOGENESIS	GOBP_VASCULOGENESIS		32	-0.48947197	-1.0660597	0.40963855	0.7853119	1.0	215	tags=6%, list=2%, signal=6%	
HP_GLIOMA	HP_GLIOMA		34	-0.47240734	-1.0658485	0.36734694	0.7850368	1.0	880	tags=21%, list=8%, signal=22%	
GOBP_CELLULAR_RESPONSE_TO_BIOTIC_STIMULUS	GOBP_CELLULAR_RESPONSE_TO_BIOTIC_STIMULUS		149	-0.37959966	-1.0657654	0.31843576	0.7844304	1.0	315	tags=9%, list=3%, signal=10%	
HP_PROMINENT_OCCIPUT	HP_PROMINENT_OCCIPUT		36	-0.471366	-1.0654747	0.3774319	0.7843643	1.0	351	tags=6%, list=3%, signal=6%	
HP_REDUCED_SUBCUTANEOUS_ADIPOSE_TISSUE	HP_REDUCED_SUBCUTANEOUS_ADIPOSE_TISSUE		20	-0.5139212	-1.0650916	0.36785713	0.7845329	1.0	23	tags=5%, list=0%, signal=5%	
GOBP_ACTIVATION_OF_IMMUNE_RESPONSE	GOBP_ACTIVATION_OF_IMMUNE_RESPONSE		376	-0.33727983	-1.0645739	0.21518987	0.7851231	1.0	563	tags=11%, list=5%, signal=11%	
GOBP_RESPONSE_TO_TOPOLOGICALLY_INCORRECT_PROTEIN	GOBP_RESPONSE_TO_TOPOLOGICALLY_INCORRECT_PROTEIN		121	-0.38781327	-1.06414	0.2857143	0.78539836	1.0	807	tags=17%, list=8%, signal=19%	
GOMF_PROTEIN_TYROSINE_PHOSPHATASE_ACTIVITY	GOMF_PROTEIN_TYROSINE_PHOSPHATASE_ACTIVITY		55	-0.44372493	-1.0632216	0.37698412	0.78691906	1.0	596	tags=15%, list=6%, signal=15%	
GOBP_POSITIVE_REGULATION_OF_T_CELL_PROLIFERATION	GOBP_POSITIVE_REGULATION_OF_T_CELL_PROLIFERATION		60	-0.4485828	-1.0627387	0.37916666	0.78730154	1.0	307	tags=17%, list=3%, signal=17%	
HP_BRONCHITIS	HP_BRONCHITIS		34	-0.468076	-1.0617286	0.3576923	0.78915197	1.0	691	tags=12%, list=7%, signal=13%	
GOBP_REGULATION_OF_PROTEIN_CONTAINING_COMPLEX_DISASSEMBLY	GOBP_REGULATION_OF_PROTEIN_CONTAINING_COMPLEX_DISASSEMBLY		78	-0.42171416	-1.0616418	0.35622317	0.7885594	1.0	1195	tags=31%, list=11%, signal=34%	
GOBP_JNK_CASCADE	GOBP_JNK_CASCADE		103	-0.38837835	-1.0616256	0.33816424	0.78778183	1.0	403	tags=9%, list=4%, signal=9%	
GOBP_PROTEIN_N_LINKED_GLYCOSYLATION	GOBP_PROTEIN_N_LINKED_GLYCOSYLATION		66	-0.44067785	-1.0612826	0.34361234	0.78786826	1.0	525	tags=9%, list=5%, signal=10%	
HP_ACUTE_HEPATIC_FAILURE	HP_ACUTE_HEPATIC_FAILURE		21	-0.4889325	-1.0592581	0.36742425	0.79233265	1.0	353	tags=10%, list=3%, signal=10%	
GOMF_CARBOHYDRATE_KINASE_ACTIVITY	GOMF_CARBOHYDRATE_KINASE_ACTIVITY		16	-0.51766104	-1.0582545	0.39100346	0.7940889	1.0	1242	tags=25%, list=12%, signal=28%	
GOBP_NEGATIVE_REGULATION_OF_CELL_GROWTH	GOBP_NEGATIVE_REGULATION_OF_CELL_GROWTH		86	-0.41217622	-1.0579435	0.3640553	0.7940509	1.0	398	tags=13%, list=4%, signal=13%	
HP_UPPER_EXTREMITY_JOINT_DISLOCATION	HP_UPPER_EXTREMITY_JOINT_DISLOCATION		55	-0.43415296	-1.056826	0.39013454	0.7961914	1.0	42	tags=4%, list=0%, signal=4%	
GOBP_DNA_DAMAGE_RESPONSE_SIGNAL_TRANSDUCTION_BY_P53_CLASS_MEDIATOR	GOBP_DNA_DAMAGE_RESPONSE_SIGNAL_TRANSDUCTION_BY_P53_CLASS_MEDIATOR		57	-0.4386478	-1.0566397	0.38912135	0.79585046	1.0	378	tags=18%, list=4%, signal=18%	
GOBP_MESENCHYME_DEVELOPMENT	GOBP_MESENCHYME_DEVELOPMENT		117	-0.38417694	-1.0563302	0.33168316	0.7958536	1.0	584	tags=15%, list=6%, signal=15%	
HP_ABNORMAL_GROWTH_HORMONE_LEVEL	HP_ABNORMAL_GROWTH_HORMONE_LEVEL		24	-0.47932073	-1.0562482	0.37979093	0.79521424	1.0	530	tags=13%, list=5%, signal=13%	
GOBP_ARACHIDONATE_METABOLIC_PROCESS	GOBP_ARACHIDONATE_METABOLIC_PROCESS		18	-0.4975767	-1.055311	0.4125874	0.79682934	1.0	803	tags=17%, list=8%, signal=18%	
GOBP_POSITIVE_CHEMOTAXIS	GOBP_POSITIVE_CHEMOTAXIS		24	-0.50333947	-1.0551717	0.38076922	0.7963751	1.0	46	tags=17%, list=0%, signal=17%	
GOBP_REGULATION_OF_TRANSLATION_IN_RESPONSE_TO_STRESS	GOBP_REGULATION_OF_TRANSLATION_IN_RESPONSE_TO_STRESS		16	-0.50943285	-1.0542735	0.39930555	0.7979553	1.0	757	tags=19%, list=7%, signal=20%	
GOBP_AUTOPHAGOSOME_LYSOSOME_FUSION	GOBP_AUTOPHAGOSOME_LYSOSOME_FUSION		17	-0.5161233	-1.0536374	0.38697317	0.79870427	1.0	1232	tags=29%, list=12%, signal=33%	
GOBP_NEGATIVE_REGULATION_OF_INTERLEUKIN_2_PRODUCTION	GOBP_NEGATIVE_REGULATION_OF_INTERLEUKIN_2_PRODUCTION		15	-0.5248516	-1.053572	0.37666667	0.79803574	1.0	203	tags=27%, list=2%, signal=27%	
HP_VELOPHARYNGEAL_INSUFFICIENCY	HP_VELOPHARYNGEAL_INSUFFICIENCY		20	-0.49981615	-1.0532948	0.36042404	0.7978821	1.0	55	tags=5%, list=1%, signal=5%	
GOBP_GLAND_DEVELOPMENT	GOBP_GLAND_DEVELOPMENT		195	-0.37109235	-1.0532918	0.3233533	0.7970706	1.0	281	tags=8%, list=3%, signal=8%	
GOBP_RECEPTOR_MEDIATED_ENDOCYTOSIS	GOBP_RECEPTOR_MEDIATED_ENDOCYTOSIS		152	-0.3812378	-1.0528841	0.33522728	0.7972905	1.0	437	tags=14%, list=4%, signal=14%	
GOBP_VENTRICULAR_SEPTUM_DEVELOPMENT	GOBP_VENTRICULAR_SEPTUM_DEVELOPMENT		31	-0.49017286	-1.0526038	0.39312977	0.79721737	1.0	495	tags=13%, list=5%, signal=14%	
GOBP_RESPONSE_TO_XENOBIOTIC_STIMULUS	GOBP_RESPONSE_TO_XENOBIOTIC_STIMULUS		165	-0.3718599	-1.0524979	0.35	0.79671705	1.0	371	tags=7%, list=4%, signal=7%	
GOMF_CYTOKINE_RECEPTOR_BINDING	GOMF_CYTOKINE_RECEPTOR_BINDING		102	-0.39867115	-1.0524651	0.39320388	0.79598105	1.0	193	tags=7%, list=2%, signal=7%	
HP_MOTOR_DETERIORATION	HP_MOTOR_DETERIORATION		15	-0.5125359	-1.0520544	0.37373737	0.79628664	1.0	47	tags=7%, list=0%, signal=7%	
GOBP_POSITIVE_REGULATION_OF_T_CELL_MEDIATED_IMMUNITY	GOBP_POSITIVE_REGULATION_OF_T_CELL_MEDIATED_IMMUNITY		38	-0.4788961	-1.0519797	0.3821138	0.7956512	1.0	179	tags=11%, list=2%, signal=11%	
HP_BOWEL_DIVERTICULOSIS	HP_BOWEL_DIVERTICULOSIS		18	-0.50254834	-1.0515698	0.42307693	0.7959398	1.0	1128	tags=28%, list=11%, signal=31%	
GOBP_CELLULAR_RESPONSE_TO_METAL_ION	GOBP_CELLULAR_RESPONSE_TO_METAL_ION		83	-0.4075279	-1.0515504	0.3631841	0.7951774	1.0	587	tags=13%, list=6%, signal=14%	
HP_ABNORMALITY_OF_PRIMARY_TEETH	HP_ABNORMALITY_OF_PRIMARY_TEETH		44	-0.4544077	-1.05038	0.37007874	0.79742205	1.0	897	tags=18%, list=9%, signal=20%	
GOBP_REGULATION_OF_MYELOID_LEUKOCYTE_MEDIATED_IMMUNITY	GOBP_REGULATION_OF_MYELOID_LEUKOCYTE_MEDIATED_IMMUNITY		33	-0.47353104	-1.0492244	0.37398374	0.79968214	1.0	340	tags=12%, list=3%, signal=12%	
HP_RICKETS	HP_RICKETS		28	-0.47497508	-1.0490704	0.36220473	0.79931283	1.0	566	tags=11%, list=5%, signal=11%	
GOBP_NEGATIVE_REGULATION_OF_TOR_SIGNALING	GOBP_NEGATIVE_REGULATION_OF_TOR_SIGNALING		52	-0.4427228	-1.048989	0.384	0.7987045	1.0	757	tags=12%, list=7%, signal=12%	
HP_GLIOBLASTOMA_MULTIFORME	HP_GLIOBLASTOMA_MULTIFORME		19	-0.49769983	-1.048956	0.3956386	0.79798037	1.0	880	tags=26%, list=8%, signal=29%	
HP_ABNORMAL_VESTIBULAR_FUNCTION	HP_ABNORMAL_VESTIBULAR_FUNCTION		106	-0.38847685	-1.0483305	0.33	0.798851	1.0	598	tags=13%, list=6%, signal=14%	
GOCC_GOLGI_LUMEN	GOCC_GOLGI_LUMEN		26	-0.4797121	-1.048005	0.36805555	0.79892826	1.0	225	tags=12%, list=2%, signal=12%	
HP_MALAR_RASH	HP_MALAR_RASH		20	-0.48974788	-1.0473655	0.37037036	0.79979056	1.0	434	tags=25%, list=4%, signal=26%	
GOBP_N_GLYCAN_PROCESSING	GOBP_N_GLYCAN_PROCESSING		19	-0.50632715	-1.0470246	0.35438597	0.799909	1.0	525	tags=16%, list=5%, signal=17%	
HP_PHOTOPHOBIA	HP_PHOTOPHOBIA		141	-0.380327	-1.0462636	0.3112245	0.8011302	1.0	448	tags=9%, list=4%, signal=9%	
HP_APLASIA_HYPOPLASIA_OF_THE_UTERUS	HP_APLASIA_HYPOPLASIA_OF_THE_UTERUS		40	-0.46471968	-1.046193	0.42264152	0.800515	1.0	143	tags=8%, list=1%, signal=8%	
HP_DERMAL_ATROPHY	HP_DERMAL_ATROPHY		63	-0.42572176	-1.046013	0.3873874	0.8001933	1.0	634	tags=14%, list=6%, signal=15%	
GOMF_SULFOTRANSFERASE_ACTIVITY	GOMF_SULFOTRANSFERASE_ACTIVITY		17	-0.5138621	-1.0455899	0.37699682	0.8004572	1.0	740	tags=18%, list=7%, signal=19%	
GOMF_PHOSPHORIC_DIESTER_HYDROLASE_ACTIVITY	GOMF_PHOSPHORIC_DIESTER_HYDROLASE_ACTIVITY		40	-0.45240805	-1.0447687	0.37254903	0.8017753	1.0	46	tags=5%, list=0%, signal=5%	
HP_THYROID_CARCINOMA	HP_THYROID_CARCINOMA		37	-0.45984098	-1.044409	0.42045453	0.8018784	1.0	530	tags=16%, list=5%, signal=17%	
GOBP_REGULATION_OF_SPINDLE_ORGANIZATION	GOBP_REGULATION_OF_SPINDLE_ORGANIZATION		40	-0.4561679	-1.0436778	0.40585774	0.8030908	1.0	1406	tags=25%, list=13%, signal=29%	
GOMF_PROTEIN_SEQUESTERING_ACTIVITY	GOMF_PROTEIN_SEQUESTERING_ACTIVITY		38	-0.45779887	-1.0427725	0.39245284	0.80467284	1.0	502	tags=18%, list=5%, signal=19%	
GOBP_REGULATION_OF_VIRAL_GENOME_REPLICATION	GOBP_REGULATION_OF_VIRAL_GENOME_REPLICATION		62	-0.43591273	-1.0425817	0.406639	0.80436593	1.0	1090	tags=23%, list=10%, signal=25%	
HP_TRUNCAL_ATAXIA	HP_TRUNCAL_ATAXIA		43	-0.45133257	-1.0421299	0.3699187	0.8047393	1.0	1261	tags=23%, list=12%, signal=26%	
GOBP_NEGATIVE_REGULATION_OF_INNATE_IMMUNE_RESPONSE	GOBP_NEGATIVE_REGULATION_OF_INNATE_IMMUNE_RESPONSE		69	-0.41886684	-1.04181	0.42533937	0.8047524	1.0	661	tags=17%, list=6%, signal=18%	
HP_PRIMARY_AMENORRHEA	HP_PRIMARY_AMENORRHEA		52	-0.42917377	-1.0412207	0.3882353	0.80545294	1.0	143	tags=6%, list=1%, signal=6%	
GOBP_REGULATION_OF_MITOCHONDRION_ORGANIZATION	GOBP_REGULATION_OF_MITOCHONDRION_ORGANIZATION		79	-0.4150005	-1.0405434	0.39442232	0.80638117	1.0	805	tags=19%, list=8%, signal=20%	
GOBP_REGULATION_OF_HORMONE_LEVELS	GOBP_REGULATION_OF_HORMONE_LEVELS		204	-0.35959813	-1.0401732	0.34394905	0.8065469	1.0	313	tags=6%, list=3%, signal=6%	
GOBP_MONOCYTE_DIFFERENTIATION	GOBP_MONOCYTE_DIFFERENTIATION		28	-0.4732693	-1.0399631	0.3888889	0.80632395	1.0	369	tags=11%, list=4%, signal=11%	
GOBP_REGULATION_OF_BLOOD_PRESSURE	GOBP_REGULATION_OF_BLOOD_PRESSURE		72	-0.42204508	-1.0395314	0.37768242	0.80659854	1.0	106	tags=4%, list=1%, signal=4%	
HP_DECREASED_FERTILITY	HP_DECREASED_FERTILITY		149	-0.37374434	-1.0384728	0.37222221	0.80855453	1.0	713	tags=10%, list=7%, signal=11%	
GOBP_BLASTOCYST_FORMATION	GOBP_BLASTOCYST_FORMATION		24	-0.4832502	-1.0384153	0.39350182	0.80789334	1.0	215	tags=13%, list=2%, signal=13%	
HP_GENERALIZED_HIRSUTISM	HP_GENERALIZED_HIRSUTISM		54	-0.42634478	-1.0383754	0.36554623	0.80719846	1.0	635	tags=9%, list=6%, signal=10%	
GOCC_ENDOSOME_MEMBRANE	GOCC_ENDOSOME_MEMBRANE		385	-0.3335005	-1.038183	0.3139535	0.8069047	1.0	551	tags=8%, list=5%, signal=8%	
GOBP_HEMATOPOIETIC_PROGENITOR_CELL_DIFFERENTIATION	GOBP_HEMATOPOIETIC_PROGENITOR_CELL_DIFFERENTIATION		85	-0.40588644	-1.0374867	0.3876652	0.80794656	1.0	175	tags=7%, list=2%, signal=7%	
GOBP_FACE_DEVELOPMENT	GOBP_FACE_DEVELOPMENT		26	-0.47190166	-1.0367662	0.38223937	0.8090939	1.0	591	tags=19%, list=6%, signal=20%	
HP_OCULAR_ALBINISM	HP_OCULAR_ALBINISM		15	-0.5075955	-1.0363661	0.42142856	0.8092502	1.0	1016	tags=20%, list=10%, signal=22%	
HP_ABNORMAL_CHOROID_PLEXUS_MORPHOLOGY	HP_ABNORMAL_CHOROID_PLEXUS_MORPHOLOGY		15	-0.5119714	-1.0362128	0.41414142	0.8088552	1.0	172	tags=13%, list=2%, signal=14%	
HP_ABNORMAL_ILIAC_WING_MORPHOLOGY	HP_ABNORMAL_ILIAC_WING_MORPHOLOGY		39	-0.45089093	-1.0357184	0.4163701	0.8093235	1.0	1232	tags=23%, list=12%, signal=26%	
HP_AMAUROSIS_FUGAX	HP_AMAUROSIS_FUGAX		28	-0.47774276	-1.0356998	0.39338234	0.80856466	1.0	691	tags=18%, list=7%, signal=19%	
HP_HYPOGONADOTROPIC_HYPOGONADISM	HP_HYPOGONADOTROPIC_HYPOGONADISM		78	-0.4162247	-1.0356152	0.39574468	0.80798656	1.0	357	tags=10%, list=3%, signal=11%	
HP_ABNORMAL_PERITONEUM_MORPHOLOGY	HP_ABNORMAL_PERITONEUM_MORPHOLOGY		43	-0.4452902	-1.0347861	0.38247013	0.80943334	1.0	919	tags=23%, list=9%, signal=25%	
GOBP_POSITIVE_REGULATION_OF_PROTEIN_CONTAINING_COMPLEX_DISASSEMBLY	GOBP_POSITIVE_REGULATION_OF_PROTEIN_CONTAINING_COMPLEX_DISASSEMBLY		24	-0.48685262	-1.0347852	0.40689656	0.8086416	1.0	1073	tags=29%, list=10%, signal=32%	
GOBP_MICROAUTOPHAGY	GOBP_MICROAUTOPHAGY		15	-0.51145655	-1.0347117	0.3979933	0.8080682	1.0	1552	tags=27%, list=15%, signal=31%	
GOMF_HISTONE_H3_DEMETHYLASE_ACTIVITY	GOMF_HISTONE_H3_DEMETHYLASE_ACTIVITY		19	-0.49785915	-1.0336529	0.39726028	0.8101768	1.0	1077	tags=26%, list=10%, signal=29%	
HP_PERIPHERAL_VISUAL_FIELD_LOSS	HP_PERIPHERAL_VISUAL_FIELD_LOSS		52	-0.4301385	-1.0329652	0.42920354	0.81112975	1.0	962	tags=12%, list=9%, signal=13%	
HP_ABNORMAL_FEMALE_REPRODUCTIVE_SYSTEM_PHYSIOLOGY	HP_ABNORMAL_FEMALE_REPRODUCTIVE_SYSTEM_PHYSIOLOGY		206	-0.35827294	-1.0325108	0.35714287	0.81151366	1.0	694	tags=9%, list=7%, signal=10%	
HP_MUSCLE_STIFFNESS	HP_MUSCLE_STIFFNESS		45	-0.43932098	-1.0322989	0.39543727	0.81130487	1.0	607	tags=13%, list=6%, signal=14%	
GOBP_CYTOKINE_PRODUCTION_INVOLVED_IN_INFLAMMATORY_RESPONSE	GOBP_CYTOKINE_PRODUCTION_INVOLVED_IN_INFLAMMATORY_RESPONSE		38	-0.45121765	-1.0318521	0.39759037	0.81172097	1.0	555	tags=11%, list=5%, signal=11%	
HP_DECREASED_ADIPOSE_TISSUE	HP_DECREASED_ADIPOSE_TISSUE		30	-0.44814116	-1.0313914	0.37769786	0.8121495	1.0	23	tags=3%, list=0%, signal=3%	
GOBP_EXOCYTOSIS	GOBP_EXOCYTOSIS		185	-0.36087602	-1.0311877	0.38118812	0.81191885	1.0	674	tags=13%, list=6%, signal=14%	
GOBP_NEURON_PROJECTION_GUIDANCE	GOBP_NEURON_PROJECTION_GUIDANCE		67	-0.41016105	-1.0310787	0.39655173	0.8113896	1.0	286	tags=6%, list=3%, signal=6%	
HP_ABNORMALITY_OF_SUBCUTANEOUS_FAT_TISSUE	HP_ABNORMALITY_OF_SUBCUTANEOUS_FAT_TISSUE		43	-0.45086116	-1.030784	0.4163424	0.8113826	1.0	221	tags=7%, list=2%, signal=7%	
GOMF_MOLECULAR_SEQUESTERING_ACTIVITY	GOMF_MOLECULAR_SEQUESTERING_ACTIVITY		53	-0.43390962	-1.0306718	0.39662448	0.8109043	1.0	502	tags=15%, list=5%, signal=16%	
HP_TITUBATION	HP_TITUBATION		22	-0.47068536	-1.0304075	0.42238268	0.8107932	1.0	1222	tags=41%, list=12%, signal=46%	
GOCC_ENDOSOME_LUMEN	GOCC_ENDOSOME_LUMEN		18	-0.47655624	-1.0302913	0.42560554	0.8103458	1.0	320	tags=28%, list=3%, signal=29%	
GOBP_REGULATION_OF_B_CELL_MEDIATED_IMMUNITY	GOBP_REGULATION_OF_B_CELL_MEDIATED_IMMUNITY		31	-0.4394627	-1.0298982	0.37959182	0.8106485	1.0	246	tags=13%, list=2%, signal=13%	
HP_STOMATITIS	HP_STOMATITIS		49	-0.42879924	-1.029704	0.37799042	0.8103248	1.0	502	tags=14%, list=5%, signal=15%	
HP_FEMALE_SEXUAL_DYSFUNCTION	HP_FEMALE_SEXUAL_DYSFUNCTION		25	-0.47888136	-1.0288551	0.38114753	0.81178033	1.0	303	tags=16%, list=3%, signal=16%	
GOBP_POSITIVE_REGULATION_OF_INFLAMMASOME_MEDIATED_SIGNALING_PATHWAY	GOBP_POSITIVE_REGULATION_OF_INFLAMMASOME_MEDIATED_SIGNALING_PATHWAY		19	-0.4931074	-1.0283167	0.40282685	0.81237733	1.0	315	tags=11%, list=3%, signal=11%	
GOBP_ENDOCRINE_SYSTEM_DEVELOPMENT	GOBP_ENDOCRINE_SYSTEM_DEVELOPMENT		40	-0.45478582	-1.0282185	0.4090909	0.8118654	1.0	216	tags=13%, list=2%, signal=13%	
GOCC_RNA_POLYMERASE_II_TRANSCRIPTION_REGULATOR_COMPLEX	GOCC_RNA_POLYMERASE_II_TRANSCRIPTION_REGULATOR_COMPLEX		187	-0.3612828	-1.0281354	0.36809817	0.8112985	1.0	335	tags=5%, list=3%, signal=5%	
HP_ABNORMAL_ASTROCYTE_MORPHOLOGY	HP_ABNORMAL_ASTROCYTE_MORPHOLOGY		36	-0.45514262	-1.0280029	0.3875969	0.81086594	1.0	472	tags=14%, list=5%, signal=14%	
HP_ABNORMAL_BRAIN_FDG_POSITRON_EMISSION_TOMOGRAPHY	HP_ABNORMAL_BRAIN_FDG_POSITRON_EMISSION_TOMOGRAPHY		17	-0.49883738	-1.0272667	0.3902439	0.8119123	1.0	417	tags=12%, list=4%, signal=12%	
GOBP_RUFFLE_ORGANIZATION	GOBP_RUFFLE_ORGANIZATION		36	-0.45362252	-1.0271386	0.41796875	0.8114422	1.0	937	tags=22%, list=9%, signal=24%	
GOBP_POSITIVE_REGULATION_OF_CELL_CELL_ADHESION	GOBP_POSITIVE_REGULATION_OF_CELL_CELL_ADHESION		199	-0.35481405	-1.0270159	0.36526945	0.81099117	1.0	387	tags=12%, list=4%, signal=12%	
GOBP_REGULATION_OF_NEUROINFLAMMATORY_RESPONSE	GOBP_REGULATION_OF_NEUROINFLAMMATORY_RESPONSE		18	-0.50363624	-1.0255717	0.43421054	0.8140017	1.0	175	tags=17%, list=2%, signal=17%	
HP_ATELECTASIS	HP_ATELECTASIS		31	-0.444881	-1.0255263	0.42490843	0.8133545	1.0	1507	tags=35%, list=14%, signal=41%	
HP_LARGE_HANDS	HP_LARGE_HANDS		27	-0.4635705	-1.0253884	0.42528737	0.8129238	1.0	42	tags=4%, list=0%, signal=4%	
GOCC_VESICLE_TETHERING_COMPLEX	GOCC_VESICLE_TETHERING_COMPLEX		50	-0.43255314	-1.0252445	0.4009662	0.8125072	1.0	937	tags=10%, list=9%, signal=11%	
HP_GENERALIZED_AMYOTROPHY	HP_GENERALIZED_AMYOTROPHY		54	-0.4208737	-1.0246714	0.39915967	0.81319994	1.0	417	tags=9%, list=4%, signal=10%	
GOBP_REGULATION_OF_INSULIN_RECEPTOR_SIGNALING_PATHWAY	GOBP_REGULATION_OF_INSULIN_RECEPTOR_SIGNALING_PATHWAY		46	-0.4297047	-1.0241516	0.38528138	0.813793	1.0	31	tags=4%, list=0%, signal=4%	
GOBP_EMBRYONIC_HEART_TUBE_MORPHOGENESIS	GOBP_EMBRYONIC_HEART_TUBE_MORPHOGENESIS		33	-0.47401714	-1.0235859	0.42424244	0.81447256	1.0	277	tags=6%, list=3%, signal=6%	
HP_REDUCED_CEREBRAL_WHITE_MATTER_VOLUME	HP_REDUCED_CEREBRAL_WHITE_MATTER_VOLUME		31	-0.45423338	-1.0233914	0.40449437	0.8141944	1.0	429	tags=10%, list=4%, signal=10%	
HP_ABNORMAL_CRANIAL_NERVE_PHYSIOLOGY	HP_ABNORMAL_CRANIAL_NERVE_PHYSIOLOGY		173	-0.3639283	-1.023362	0.35911602	0.81350684	1.0	504	tags=9%, list=5%, signal=9%	
HP_FOCAL_NON_MOTOR_SEIZURE	HP_FOCAL_NON_MOTOR_SEIZURE		19	-0.51354486	-1.023216	0.4463668	0.8131097	1.0	487	tags=16%, list=5%, signal=17%	
HP_ABNORMAL_URINE_CARBOHYDRATE_LEVEL	HP_ABNORMAL_URINE_CARBOHYDRATE_LEVEL		32	-0.45324752	-1.023134	0.42105263	0.81253827	1.0	1461	tags=31%, list=14%, signal=36%	
GOBP_MESONEPHRIC_TUBULE_MORPHOGENESIS	GOBP_MESONEPHRIC_TUBULE_MORPHOGENESIS		18	-0.48148265	-1.0229855	0.4161074	0.81213915	1.0	567	tags=22%, list=5%, signal=23%	
HP_MOTOR_AXONAL_NEUROPATHY	HP_MOTOR_AXONAL_NEUROPATHY		28	-0.4799909	-1.0215671	0.43726236	0.8150678	1.0	332	tags=11%, list=3%, signal=11%	
GOBP_PHOSPHOLIPID_CATABOLIC_PROCESS	GOBP_PHOSPHOLIPID_CATABOLIC_PROCESS		30	-0.4626638	-1.0215558	0.44621515	0.8143245	1.0	654	tags=17%, list=6%, signal=18%	
HP_ALOPECIA	HP_ALOPECIA		143	-0.36994573	-1.0214448	0.37931034	0.8137929	1.0	487	tags=10%, list=5%, signal=11%	
GOBP_FIBROBLAST_PROLIFERATION	GOBP_FIBROBLAST_PROLIFERATION		47	-0.44113606	-1.021046	0.4214876	0.81406265	1.0	121	tags=4%, list=1%, signal=4%	
GOBP_PHOTORECEPTOR_CELL_MAINTENANCE	GOBP_PHOTORECEPTOR_CELL_MAINTENANCE		17	-0.4936038	-1.0210111	0.4226804	0.8133856	1.0	2649	tags=47%, list=25%, signal=63%	
HP_ABNORMAL_DISTAL_PHALANX_MORPHOLOGY_OF_FINGER	HP_ABNORMAL_DISTAL_PHALANX_MORPHOLOGY_OF_FINGER		95	-0.3825984	-1.0209359	0.3904762	0.81280804	1.0	119	tags=3%, list=1%, signal=3%	
GOBP_POSITIVE_REGULATION_OF_MICROTUBULE_POLYMERIZATION_OR_DEPOLYMERIZATION	GOBP_POSITIVE_REGULATION_OF_MICROTUBULE_POLYMERIZATION_OR_DEPOLYMERIZATION		26	-0.47877055	-1.020888	0.40562248	0.8121558	1.0	631	tags=15%, list=6%, signal=16%	
HP_ABNORMAL_MIDDLE_PHALANX_MORPHOLOGY_OF_THE_HAND	HP_ABNORMAL_MIDDLE_PHALANX_MORPHOLOGY_OF_THE_HAND		44	-0.44174927	-1.0208639	0.41417912	0.81146705	1.0	23	tags=2%, list=0%, signal=2%	
GOBP_BONE_DEVELOPMENT	GOBP_BONE_DEVELOPMENT		93	-0.380543	-1.0198494	0.38812786	0.81328565	1.0	511	tags=13%, list=5%, signal=13%	
HP_ABNORMALITY_OF_THE_TONSILS	HP_ABNORMALITY_OF_THE_TONSILS		23	-0.45757708	-1.0197407	0.41463414	0.81282103	1.0	1231	tags=35%, list=12%, signal=39%	
HP_ABNORMAL_LOWER_LIMB_EPIPHYSIS_MORPHOLOGY	HP_ABNORMAL_LOWER_LIMB_EPIPHYSIS_MORPHOLOGY		45	-0.44248703	-1.0196091	0.40963855	0.8124067	1.0	566	tags=9%, list=5%, signal=9%	
HP_PNEUMONIA	HP_PNEUMONIA		179	-0.35891962	-1.0185975	0.38502672	0.81430674	1.0	533	tags=10%, list=5%, signal=10%	
HP_ABNORMAL_NAIL_MORPHOLOGY	HP_ABNORMAL_NAIL_MORPHOLOGY		290	-0.3368648	-1.0185275	0.36290324	0.813722	1.0	591	tags=11%, list=6%, signal=11%	
HP_ABNORMAL_AORTIC_VALVE_PHYSIOLOGY	HP_ABNORMAL_AORTIC_VALVE_PHYSIOLOGY		99	-0.37650535	-1.018224	0.41284403	0.81375784	1.0	512	tags=7%, list=5%, signal=7%	
GOBP_REGULATION_OF_MYELOID_CELL_APOPTOTIC_PROCESS	GOBP_REGULATION_OF_MYELOID_CELL_APOPTOTIC_PROCESS		19	-0.50087017	-1.0178516	0.4377224	0.8139875	1.0	140	tags=16%, list=1%, signal=16%	
HP_ABNORMAL_ENDOCARDIUM_MORPHOLOGY	HP_ABNORMAL_ENDOCARDIUM_MORPHOLOGY		35	-0.45357668	-1.0177852	0.4189189	0.8134078	1.0	339	tags=9%, list=3%, signal=9%	
GOBP_DIGESTIVE_SYSTEM_DEVELOPMENT	GOBP_DIGESTIVE_SYSTEM_DEVELOPMENT		48	-0.43375713	-1.0177664	0.41908714	0.81271094	1.0	597	tags=13%, list=6%, signal=13%	
HP_ABSENT_HAIR	HP_ABSENT_HAIR		28	-0.47143343	-1.0173905	0.42424244	0.812927	1.0	117	tags=7%, list=1%, signal=7%	
HP_ABNORMALITY_OF_SKULL_OSSIFICATION	HP_ABNORMALITY_OF_SKULL_OSSIFICATION		31	-0.45164588	-1.0173162	0.40601504	0.8123569	1.0	23	tags=3%, list=0%, signal=3%	
HP_SKIN_PLAQUE	HP_SKIN_PLAQUE		28	-0.46241498	-1.016942	0.3878327	0.81260645	1.0	472	tags=11%, list=5%, signal=11%	
HP_ACUTE_LYMPHOBLASTIC_LEUKEMIA	HP_ACUTE_LYMPHOBLASTIC_LEUKEMIA		30	-0.4611995	-1.0163921	0.4275862	0.8133156	1.0	880	tags=23%, list=8%, signal=25%	
GOBP_ESTABLISHMENT_OF_PROTEIN_LOCALIZATION_TO_ORGANELLE	GOBP_ESTABLISHMENT_OF_PROTEIN_LOCALIZATION_TO_ORGANELLE		335	-0.3355915	-1.0160114	0.3853211	0.813523	1.0	591	tags=9%, list=6%, signal=9%	
GOBP_TISSUE_REGENERATION	GOBP_TISSUE_REGENERATION		32	-0.4601679	-1.0158195	0.40225562	0.8132681	1.0	467	tags=19%, list=4%, signal=20%	
GOMF_FERROUS_IRON_BINDING	GOMF_FERROUS_IRON_BINDING		15	-0.51244324	-1.0156677	0.4733096	0.8128859	1.0	554	tags=20%, list=5%, signal=21%	
HP_ECCHYMOSIS	HP_ECCHYMOSIS		28	-0.46867836	-1.0155851	0.44486693	0.81236285	1.0	554	tags=18%, list=5%, signal=19%	
GOBP_MULTIVESICULAR_BODY_ORGANIZATION	GOBP_MULTIVESICULAR_BODY_ORGANIZATION		27	-0.4752663	-1.0153004	0.42023346	0.8123307	1.0	1392	tags=33%, list=13%, signal=38%	
GOMF_DEMETHYLASE_ACTIVITY	GOMF_DEMETHYLASE_ACTIVITY		31	-0.45470142	-1.0152994	0.4347826	0.8115831	1.0	1077	tags=19%, list=10%, signal=22%	
GOBP_MONOCARBOXYLIC_ACID_TRANSPORT	GOBP_MONOCARBOXYLIC_ACID_TRANSPORT		65	-0.4187217	-1.0151215	0.44166666	0.8112854	1.0	187	tags=6%, list=2%, signal=6%	
HP_DELAYED_FINE_MOTOR_DEVELOPMENT	HP_DELAYED_FINE_MOTOR_DEVELOPMENT		33	-0.45194128	-1.0148491	0.39051095	0.8112355	1.0	991	tags=24%, list=9%, signal=27%	
HP_ABNORMAL_PUPILLARY_LIGHT_REFLEX	HP_ABNORMAL_PUPILLARY_LIGHT_REFLEX		18	-0.4700785	-1.0147858	0.4280822	0.81066364	1.0	978	tags=22%, list=9%, signal=24%	
HP_HYPOPIGMENTATION_OF_THE_SKIN	HP_HYPOPIGMENTATION_OF_THE_SKIN		127	-0.36838242	-1.0144281	0.41538462	0.8108024	1.0	897	tags=12%, list=9%, signal=13%	
GOMF_ATP_DEPENDENT_PROTEIN_FOLDING_CHAPERONE	GOMF_ATP_DEPENDENT_PROTEIN_FOLDING_CHAPERONE		24	-0.48444915	-1.0141598	0.4227941	0.8107698	1.0	170	tags=8%, list=2%, signal=8%	
HP_BROAD_BASED_GAIT	HP_BROAD_BASED_GAIT		76	-0.39426082	-1.0136935	0.4173913	0.81120783	1.0	512	tags=12%, list=5%, signal=12%	
HP_HAND_MUSCLE_ATROPHY	HP_HAND_MUSCLE_ATROPHY		35	-0.4416783	-1.0123544	0.39849624	0.813903	1.0	458	tags=9%, list=4%, signal=9%	
GOBP_INTERLEUKIN_17_PRODUCTION	GOBP_INTERLEUKIN_17_PRODUCTION		22	-0.4646467	-1.0122967	0.41509435	0.8133107	1.0	993	tags=27%, list=10%, signal=30%	
HP_INSULIN_RESISTANCE	HP_INSULIN_RESISTANCE		57	-0.4313062	-1.0122591	0.44855967	0.81267196	1.0	629	tags=9%, list=6%, signal=9%	
HP_MILDLY_ELEVATED_CREATINE_KINASE	HP_MILDLY_ELEVATED_CREATINE_KINASE		34	-0.45232305	-1.012213	0.42916667	0.81204486	1.0	23	tags=3%, list=0%, signal=3%	
HP_LOWER_LIMB_PAIN	HP_LOWER_LIMB_PAIN		16	-0.47661197	-1.0117131	0.4609375	0.812565	1.0	649	tags=31%, list=6%, signal=33%	
GOBP_ANTIGEN_PROCESSING_AND_PRESENTATION_OF_ENDOGENOUS_ANTIGEN	GOBP_ANTIGEN_PROCESSING_AND_PRESENTATION_OF_ENDOGENOUS_ANTIGEN		15	-0.51714504	-1.0113088	0.43234324	0.8128556	1.0	179	tags=20%, list=2%, signal=20%	
HP_ECTROPION	HP_ECTROPION		39	-0.44553527	-1.010687	0.43866172	0.8136389	1.0	497	tags=13%, list=5%, signal=13%	
GOBP_REGULATION_OF_ANIMAL_ORGAN_MORPHOGENESIS	GOBP_REGULATION_OF_ANIMAL_ORGAN_MORPHOGENESIS		23	-0.46825725	-1.0103978	0.41245136	0.81364316	1.0	284	tags=13%, list=3%, signal=13%	
GOBP_AMIDE_METABOLIC_PROCESS	GOBP_AMIDE_METABOLIC_PROCESS		265	-0.3445889	-1.0103792	0.35460994	0.8129605	1.0	756	tags=9%, list=7%, signal=10%	
HP_LOWER_LIMB_JOINT_CONTRACTURE	HP_LOWER_LIMB_JOINT_CONTRACTURE		143	-0.36047634	-1.0103129	0.40555555	0.8124419	1.0	502	tags=7%, list=5%, signal=7%	
HP_MICROCYTIC_ANEMIA	HP_MICROCYTIC_ANEMIA		31	-0.47031745	-1.0098591	0.4163569	0.81288743	1.0	8	tags=3%, list=0%, signal=3%	
HP_OVARIAN_CYST	HP_OVARIAN_CYST		64	-0.41216853	-1.0093359	0.43438914	0.81350946	1.0	910	tags=13%, list=9%, signal=14%	
HP_RECURRENT_FEVER	HP_RECURRENT_FEVER		78	-0.39974582	-1.009146	0.42920354	0.8132921	1.0	379	tags=9%, list=4%, signal=9%	
HP_FALLS	HP_FALLS		25	-0.46338937	-1.0089006	0.4422311	0.8131524	1.0	429	tags=12%, list=4%, signal=12%	
GOBP_AORTA_DEVELOPMENT	GOBP_AORTA_DEVELOPMENT		30	-0.4544757	-1.0088174	0.41245136	0.8126367	1.0	1356	tags=30%, list=13%, signal=34%	
GOMF_MONOSACCHARIDE_BINDING	GOMF_MONOSACCHARIDE_BINDING		45	-0.426382	-1.0085111	0.40697673	0.81270194	1.0	999	tags=24%, list=10%, signal=27%	
GOMF_RIBONUCLEOPROTEIN_COMPLEX_BINDING	GOMF_RIBONUCLEOPROTEIN_COMPLEX_BINDING		142	-0.3746458	-1.0080808	0.4402174	0.8130634	1.0	255	tags=4%, list=2%, signal=4%	
HP_ABNORMAL_LATERAL_VENTRICLE_MORPHOLOGY	HP_ABNORMAL_LATERAL_VENTRICLE_MORPHOLOGY		82	-0.4050026	-1.0080261	0.45408162	0.812485	1.0	680	tags=12%, list=7%, signal=13%	
GOBP_CARBOHYDRATE_PHOSPHORYLATION	GOBP_CARBOHYDRATE_PHOSPHORYLATION		17	-0.49113354	-1.0080023	0.43369177	0.8118078	1.0	558	tags=12%, list=5%, signal=12%	
HP_ABNORMAL_THALAMUS_MORPHOLOGY	HP_ABNORMAL_THALAMUS_MORPHOLOGY		31	-0.44957903	-1.0077511	0.42181817	0.81172127	1.0	41	tags=3%, list=0%, signal=3%	
HP_HYPERKERATOSIS	HP_HYPERKERATOSIS		123	-0.3770361	-1.0077236	0.40952381	0.8110479	1.0	634	tags=11%, list=6%, signal=11%	
GOMF_PHOSPHATIDYLINOSITOL_3_PHOSPHATE_BINDING	GOMF_PHOSPHATIDYLINOSITOL_3_PHOSPHATE_BINDING		32	-0.45676893	-1.0071639	0.45421246	0.81179094	1.0	1733	tags=38%, list=17%, signal=45%	
HP_HYPOPLASTIC_VENTRICLE	HP_HYPOPLASTIC_VENTRICLE		26	-0.45529646	-1.0071583	0.44	0.81107795	1.0	626	tags=8%, list=6%, signal=8%	
HP_NECK_FLEXOR_WEAKNESS	HP_NECK_FLEXOR_WEAKNESS		21	-0.4720179	-1.00616	0.41754386	0.81280184	1.0	2361	tags=48%, list=23%, signal=61%	
GOCC_U5_SNRNP	GOCC_U5_SNRNP		23	-0.46890885	-1.0052603	0.4055118	0.8144412	1.0	226	tags=22%, list=2%, signal=22%	
HP_ARTHRITIS	HP_ARTHRITIS		130	-0.3596533	-1.0051631	0.41904762	0.8139473	1.0	522	tags=12%, list=5%, signal=12%	
HP_UNDERDEVELOPED_SUPRAORBITAL_RIDGES	HP_UNDERDEVELOPED_SUPRAORBITAL_RIDGES		33	-0.43192977	-1.0050217	0.43542436	0.81352955	1.0	458	tags=6%, list=4%, signal=6%	
HP_OSTEOPOROSIS	HP_OSTEOPOROSIS		173	-0.35713047	-1.004841	0.39548022	0.8132713	1.0	634	tags=12%, list=6%, signal=12%	
GOBP_REGULATION_OF_PROTEIN_LOCALIZATION_TO_PLASMA_MEMBRANE	GOBP_REGULATION_OF_PROTEIN_LOCALIZATION_TO_PLASMA_MEMBRANE		69	-0.40896642	-1.0043728	0.45528457	0.8137797	1.0	445	tags=10%, list=4%, signal=11%	
HP_LATERAL_VENTRICLE_DILATATION	HP_LATERAL_VENTRICLE_DILATATION		65	-0.3974251	-1.0028338	0.42201835	0.81699395	1.0	680	tags=14%, list=7%, signal=15%	
GOBP_ACTIN_FILAMENT_ORGANIZATION	GOBP_ACTIN_FILAMENT_ORGANIZATION		238	-0.33600783	-1.0028036	0.4	0.8163364	1.0	994	tags=20%, list=10%, signal=22%	
GOBP_NEUROMUSCULAR_PROCESS	GOBP_NEUROMUSCULAR_PROCESS		75	-0.40161756	-1.0027419	0.45192307	0.815762	1.0	1261	tags=24%, list=12%, signal=27%	
GOBP_SEX_DIFFERENTIATION	GOBP_SEX_DIFFERENTIATION		117	-0.37567332	-1.0025008	0.427907	0.81564766	1.0	691	tags=15%, list=7%, signal=15%	
GOBP_NEGATIVE_REGULATION_OF_RESPONSE_TO_BIOTIC_STIMULUS	GOBP_NEGATIVE_REGULATION_OF_RESPONSE_TO_BIOTIC_STIMULUS		94	-0.3860635	-1.0023506	0.44247788	0.81528825	1.0	661	tags=15%, list=6%, signal=16%	
HP_PATELLAR_DISLOCATION	HP_PATELLAR_DISLOCATION		43	-0.4295601	-1.0022392	0.45299146	0.8148659	1.0	910	tags=23%, list=9%, signal=25%	
HP_VITILIGO	HP_VITILIGO		19	-0.46468356	-1.0020425	0.4296578	0.81465536	1.0	379	tags=16%, list=4%, signal=16%	
GOCC_GOLGI_STACK	GOCC_GOLGI_STACK		91	-0.3859049	-1.0020344	0.4479638	0.8139501	1.0	258	tags=4%, list=2%, signal=4%	
GOBP_CERAMIDE_METABOLIC_PROCESS	GOBP_CERAMIDE_METABOLIC_PROCESS		59	-0.41156587	-1.0012912	0.42741936	0.81520635	1.0	756	tags=14%, list=7%, signal=15%	
HP_ABNORMAL_LYMPHOCYTE_MORPHOLOGY	HP_ABNORMAL_LYMPHOCYTE_MORPHOLOGY		192	-0.3512749	-1.0006689	0.4457143	0.8160484	1.0	555	tags=10%, list=5%, signal=10%	
GOBP_SPLICEOSOMAL_SNRNP_ASSEMBLY	GOBP_SPLICEOSOMAL_SNRNP_ASSEMBLY		68	-0.41213986	-1.0002909	0.45945945	0.81631196	1.0	226	tags=12%, list=2%, signal=12%	
GOBP_ORGANELLE_DISASSEMBLY	GOBP_ORGANELLE_DISASSEMBLY		54	-0.41531926	-0.9999412	0.452	0.8164895	1.0	601	tags=6%, list=6%, signal=6%	
GOMF_CYSTEINE_TYPE_ENDOPEPTIDASE_ACTIVITY	GOMF_CYSTEINE_TYPE_ENDOPEPTIDASE_ACTIVITY		54	-0.42907926	-0.99975896	0.4722222	0.8161878	1.0	467	tags=9%, list=4%, signal=10%	
GOBP_APOPTOTIC_MITOCHONDRIAL_CHANGES	GOBP_APOPTOTIC_MITOCHONDRIAL_CHANGES		78	-0.3969359	-0.99975115	0.4600939	0.8154851	1.0	704	tags=14%, list=7%, signal=15%	
GOBP_NEGATIVE_REGULATION_OF_SMOOTHENED_SIGNALING_PATHWAY	GOBP_NEGATIVE_REGULATION_OF_SMOOTHENED_SIGNALING_PATHWAY		20	-0.47503006	-0.99969614	0.41391942	0.81490535	1.0	132	tags=5%, list=1%, signal=5%	
GOBP_REGULATION_OF_VASOCONSTRICTION	GOBP_REGULATION_OF_VASOCONSTRICTION		21	-0.46065766	-0.9995925	0.4558304	0.81444734	1.0	540	tags=14%, list=5%, signal=15%	
GOCC_TRANSCRIPTION_REGULATOR_COMPLEX	GOCC_TRANSCRIPTION_REGULATOR_COMPLEX		323	-0.32985297	-0.9995433	0.47457626	0.81385165	1.0	502	tags=7%, list=5%, signal=7%	
HP_ABNORMAL_EKG	HP_ABNORMAL_EKG		63	-0.41744307	-0.9993419	0.41810346	0.81362486	1.0	399	tags=13%, list=4%, signal=13%	
GOBP_DEVELOPMENT_OF_PRIMARY_SEXUAL_CHARACTERISTICS	GOBP_DEVELOPMENT_OF_PRIMARY_SEXUAL_CHARACTERISTICS		102	-0.38406768	-0.9986041	0.44387755	0.81471926	1.0	627	tags=14%, list=6%, signal=14%	
GOMF_EXONUCLEASE_ACTIVITY	GOMF_EXONUCLEASE_ACTIVITY		70	-0.40434235	-0.99860036	0.4028436	0.8140117	1.0	10	tags=1%, list=0%, signal=1%	
GOBP_NEGATIVE_REGULATION_OF_CELL_ADHESION	GOBP_NEGATIVE_REGULATION_OF_CELL_ADHESION		162	-0.35865676	-0.9983421	0.42021278	0.8139646	1.0	387	tags=9%, list=4%, signal=9%	
HP_EMG_MYOPATHIC_ABNORMALITIES	HP_EMG_MYOPATHIC_ABNORMALITIES		59	-0.4183227	-0.9976929	0.48360655	0.8148964	1.0	1142	tags=20%, list=11%, signal=23%	
HP_RETINAL_PIGMENT_EPITHELIAL_ATROPHY	HP_RETINAL_PIGMENT_EPITHELIAL_ATROPHY		16	-0.46869498	-0.9972975	0.45454547	0.8151715	1.0	1296	tags=25%, list=12%, signal=28%	
GOBP_NEGATIVE_REGULATION_OF_AMIDE_METABOLIC_PROCESS	GOBP_NEGATIVE_REGULATION_OF_AMIDE_METABOLIC_PROCESS		15	-0.4854884	-0.9972826	0.46206897	0.81449485	1.0	993	tags=27%, list=10%, signal=29%	
HP_OSTEOMALACIA	HP_OSTEOMALACIA		16	-0.4864554	-0.9969235	0.46415094	0.81471664	1.0	42	tags=6%, list=0%, signal=6%	
GOBP_REGULATION_OF_CHOLESTEROL_METABOLIC_PROCESS	GOBP_REGULATION_OF_CHOLESTEROL_METABOLIC_PROCESS		24	-0.47012588	-0.9969108	0.4350877	0.8140499	1.0	1537	tags=29%, list=15%, signal=34%	
GOMF_GLYCOSYLTRANSFERASE_ACTIVITY	GOMF_GLYCOSYLTRANSFERASE_ACTIVITY		145	-0.36161992	-0.99679506	0.4387755	0.8136348	1.0	525	tags=8%, list=5%, signal=9%	
HP_DECREASED_TESTICULAR_SIZE	HP_DECREASED_TESTICULAR_SIZE		89	-0.3851992	-0.9963883	0.47982064	0.8139981	1.0	557	tags=9%, list=5%, signal=9%	
HP_JAUNDICE	HP_JAUNDICE		132	-0.3687786	-0.99607724	0.42857143	0.8141281	1.0	982	tags=17%, list=9%, signal=18%	
HP_CHRONIC_FATIGUE	HP_CHRONIC_FATIGUE		20	-0.47049043	-0.99555945	0.46031746	0.8147503	1.0	378	tags=15%, list=4%, signal=16%	
GOBP_POSITIVE_REGULATION_OF_B_CELL_MEDIATED_IMMUNITY	GOBP_POSITIVE_REGULATION_OF_B_CELL_MEDIATED_IMMUNITY		23	-0.4594583	-0.99497545	0.46875	0.81559974	1.0	175	tags=9%, list=2%, signal=9%	
GOBP_ANTIGEN_RECEPTOR_MEDIATED_SIGNALING_PATHWAY	GOBP_ANTIGEN_RECEPTOR_MEDIATED_SIGNALING_PATHWAY		131	-0.36152488	-0.9949439	0.44808742	0.8149668	1.0	542	tags=13%, list=5%, signal=14%	
HP_INAPPROPRIATE_CRYING	HP_INAPPROPRIATE_CRYING		15	-0.48158967	-0.99481136	0.45544556	0.8145717	1.0	47	tags=7%, list=0%, signal=7%	
GOBP_REGULATION_OF_EPITHELIAL_CELL_DIFFERENTIATION	GOBP_REGULATION_OF_EPITHELIAL_CELL_DIFFERENTIATION		62	-0.39531967	-0.9929804	0.47186148	0.81851506	1.0	556	tags=10%, list=5%, signal=10%	
HP_ABNORMAL_MITRAL_VALVE_PHYSIOLOGY	HP_ABNORMAL_MITRAL_VALVE_PHYSIOLOGY		101	-0.37438983	-0.99294984	0.44262296	0.8178858	1.0	466	tags=10%, list=4%, signal=10%	
GOBP_REGULATION_OF_LEUKOCYTE_APOPTOTIC_PROCESS	GOBP_REGULATION_OF_LEUKOCYTE_APOPTOTIC_PROCESS		50	-0.43326363	-0.9924535	0.43801653	0.81847906	1.0	277	tags=12%, list=3%, signal=12%	
HP_NAIL_DYSTROPHY	HP_NAIL_DYSTROPHY		78	-0.40286532	-0.9923484	0.406639	0.8180184	1.0	504	tags=14%, list=5%, signal=15%	
HP_PULMONARY_HYPOPLASIA	HP_PULMONARY_HYPOPLASIA		64	-0.4159954	-0.99212295	0.4609375	0.8178851	1.0	119	tags=3%, list=1%, signal=3%	
HP_CLONUS	HP_CLONUS		90	-0.3824256	-0.9920838	0.44594595	0.8172768	1.0	999	tags=12%, list=10%, signal=13%	
GOBP_B_CELL_DIFFERENTIATION	GOBP_B_CELL_DIFFERENTIATION		93	-0.37607577	-0.9914887	0.45971563	0.818061	1.0	715	tags=18%, list=7%, signal=19%	
GOCC_GOLGI_MEMBRANE	GOCC_GOLGI_MEMBRANE		438	-0.31320018	-0.99097824	0.5294118	0.8186365	1.0	515	tags=7%, list=5%, signal=7%	
HP_SEVERE_POSTNATAL_GROWTH_RETARDATION	HP_SEVERE_POSTNATAL_GROWTH_RETARDATION		23	-0.45874473	-0.990783	0.42857143	0.8184053	1.0	315	tags=13%, list=3%, signal=13%	
HP_LOWER_LIMB_SPASTICITY	HP_LOWER_LIMB_SPASTICITY		180	-0.34879178	-0.99049854	0.49367088	0.8184076	1.0	487	tags=8%, list=5%, signal=8%	
GOBP_NEGATIVE_REGULATION_OF_CARBOHYDRATE_METABOLIC_PROCESS	GOBP_NEGATIVE_REGULATION_OF_CARBOHYDRATE_METABOLIC_PROCESS		29	-0.443697	-0.9896994	0.45588234	0.8197167	1.0	20	tags=3%, list=0%, signal=3%	
HP_HYPERACUSIS	HP_HYPERACUSIS		17	-0.48217937	-0.9890214	0.4637224	0.8207229	1.0	910	tags=35%, list=9%, signal=39%	
HP_HYPOESTHESIA	HP_HYPOESTHESIA		50	-0.42083895	-0.98892456	0.4857143	0.8202527	1.0	497	tags=10%, list=5%, signal=10%	
HP_THICKENED_SKIN	HP_THICKENED_SKIN		236	-0.33535668	-0.98885125	0.44871795	0.81973803	1.0	634	tags=10%, list=6%, signal=11%	
HP_NEURODEGENERATION	HP_NEURODEGENERATION		62	-0.40029073	-0.9887549	0.4649123	0.8192658	1.0	534	tags=13%, list=5%, signal=14%	
HP_ABNORMAL_SUPERFICIAL_REFLEX	HP_ABNORMAL_SUPERFICIAL_REFLEX		209	-0.34377232	-0.9884924	0.4522293	0.8192132	1.0	487	tags=7%, list=5%, signal=7%	
HP_CELLULITIS	HP_CELLULITIS		34	-0.43610758	-0.9880436	0.42913386	0.8196753	1.0	533	tags=21%, list=5%, signal=22%	
HP_INTESTINAL_FISTULA	HP_INTESTINAL_FISTULA		23	-0.46182895	-0.9876832	0.45173746	0.81996155	1.0	487	tags=13%, list=5%, signal=14%	
HP_ABNORMAL_URETER_MORPHOLOGY	HP_ABNORMAL_URETER_MORPHOLOGY		97	-0.3816309	-0.98712784	0.47945204	0.8206865	1.0	84	tags=4%, list=1%, signal=4%	
GOBP_NEGATIVE_REGULATION_OF_SMALL_MOLECULE_METABOLIC_PROCESS	GOBP_NEGATIVE_REGULATION_OF_SMALL_MOLECULE_METABOLIC_PROCESS		47	-0.41486472	-0.9870575	0.45306122	0.8201555	1.0	502	tags=11%, list=5%, signal=11%	
HP_DECREASED_TOTAL_LYMPHOCYTE_COUNT	HP_DECREASED_TOTAL_LYMPHOCYTE_COUNT		90	-0.3800784	-0.98660994	0.4248927	0.82059366	1.0	877	tags=18%, list=8%, signal=19%	
GOCC_EARLY_ENDOSOME_MEMBRANE	GOCC_EARLY_ENDOSOME_MEMBRANE		126	-0.36408123	-0.98633754	0.48369566	0.8206267	1.0	884	tags=14%, list=8%, signal=15%	
HP_DISTAL_UPPER_LIMB_AMYOTROPHY	HP_DISTAL_UPPER_LIMB_AMYOTROPHY		40	-0.43068427	-0.986315	0.448	0.8199767	1.0	463	tags=10%, list=4%, signal=10%	
GOBP_POSITIVE_REGULATION_OF_AUTOPHAGOSOME_ASSEMBLY	GOBP_POSITIVE_REGULATION_OF_AUTOPHAGOSOME_ASSEMBLY		18	-0.4830297	-0.9854991	0.45	0.8214016	1.0	1679	tags=28%, list=16%, signal=33%	
GOBP_NEGATIVE_REGULATION_OF_NEURON_DIFFERENTIATION	GOBP_NEGATIVE_REGULATION_OF_NEURON_DIFFERENTIATION		24	-0.45349383	-0.9853422	0.4576923	0.8211338	1.0	458	tags=13%, list=4%, signal=13%	
HP_AUDITORY_HYPERSENSITIVITY	HP_AUDITORY_HYPERSENSITIVITY		21	-0.4668831	-0.98526096	0.46014494	0.820634	1.0	973	tags=33%, list=9%, signal=37%	
HP_HYPERKINETIC_MOVEMENTS	HP_HYPERKINETIC_MOVEMENTS		27	-0.44664636	-0.98524857	0.43928573	0.8199816	1.0	47	tags=4%, list=0%, signal=4%	
GOMF_2_OXOGLUTARATE_DEPENDENT_DIOXYGENASE_ACTIVITY	GOMF_2_OXOGLUTARATE_DEPENDENT_DIOXYGENASE_ACTIVITY		47	-0.4048434	-0.9849139	0.44588745	0.8201688	1.0	1077	tags=19%, list=10%, signal=21%	
HP_PROGRESSIVE_GAIT_ATAXIA	HP_PROGRESSIVE_GAIT_ATAXIA		16	-0.4868202	-0.98388046	0.45112783	0.82207364	1.0	157	tags=13%, list=2%, signal=13%	
HP_ABNORMAL_HARD_PALATE_MORPHOLOGY	HP_ABNORMAL_HARD_PALATE_MORPHOLOGY		54	-0.41103205	-0.9834296	0.47808766	0.8224711	1.0	42	tags=4%, list=0%, signal=4%	
GOBP_ENDOTHELIAL_CELL_DIFFERENTIATION	GOBP_ENDOTHELIAL_CELL_DIFFERENTIATION		65	-0.40284476	-0.983279	0.4909091	0.8221889	1.0	681	tags=12%, list=7%, signal=13%	
HP_AIRWAY_OBSTRUCTION	HP_AIRWAY_OBSTRUCTION		61	-0.40792426	-0.9829772	0.47031963	0.82227564	1.0	533	tags=20%, list=5%, signal=21%	
GOBP_REGULATION_OF_MYOBLAST_DIFFERENTIATION	GOBP_REGULATION_OF_MYOBLAST_DIFFERENTIATION		39	-0.4158857	-0.98203397	0.46718147	0.82394844	1.0	334	tags=10%, list=3%, signal=11%	
GOBP_POSTSYNAPTIC_NEUROTRANSMITTER_RECEPTOR_INTERNALIZATION	GOBP_POSTSYNAPTIC_NEUROTRANSMITTER_RECEPTOR_INTERNALIZATION		20	-0.47381282	-0.9818189	0.4849624	0.82382363	1.0	1174	tags=25%, list=11%, signal=28%	
HP_ABNORMAL_PUBIC_BONE_MORPHOLOGY	HP_ABNORMAL_PUBIC_BONE_MORPHOLOGY		23	-0.45022675	-0.98154783	0.4871795	0.82378703	1.0	42	tags=4%, list=0%, signal=4%	
GOBP_REGULATION_OF_T_HELPER_17_CELL_DIFFERENTIATION	GOBP_REGULATION_OF_T_HELPER_17_CELL_DIFFERENTIATION		19	-0.46570083	-0.9812455	0.46289754	0.8238551	1.0	787	tags=21%, list=8%, signal=23%	
HP_DECREASED_CIRCULATING_COMPLEMENT_C4_CONCENTRATION	HP_DECREASED_CIRCULATING_COMPLEMENT_C4_CONCENTRATION		19	-0.46833172	-0.9810784	0.45	0.82364076	1.0	340	tags=21%, list=3%, signal=22%	
HP_ARTHRALGIA	HP_ARTHRALGIA		109	-0.36969	-0.98104995	0.4722222	0.8230392	1.0	339	tags=9%, list=3%, signal=9%	
GOMF_CARBOXYLIC_ESTER_HYDROLASE_ACTIVITY	GOMF_CARBOXYLIC_ESTER_HYDROLASE_ACTIVITY		69	-0.39324626	-0.97970045	0.4857143	0.825739	1.0	740	tags=16%, list=7%, signal=17%	
GOBP_NADPPLUS_METABOLIC_PROCESS	GOBP_NADPPLUS_METABOLIC_PROCESS		26	-0.46392015	-0.9795455	0.47292417	0.8254553	1.0	959	tags=27%, list=9%, signal=30%	
GOCC_INCLUSION_BODY	GOCC_INCLUSION_BODY		39	-0.4274255	-0.9793758	0.4627451	0.8251938	1.0	1101	tags=26%, list=11%, signal=29%	
GOBP_XENOBIOTIC_TRANSPORT	GOBP_XENOBIOTIC_TRANSPORT		18	-0.46413067	-0.9793537	0.4506579	0.824557	1.0	1378	tags=28%, list=13%, signal=32%	
HP_HYPOPIGMENTATION_OF_HAIR	HP_HYPOPIGMENTATION_OF_HAIR		57	-0.3984218	-0.9790013	0.45643154	0.8247465	1.0	897	tags=14%, list=9%, signal=15%	
GOBP_VENTRAL_SPINAL_CORD_DEVELOPMENT	GOBP_VENTRAL_SPINAL_CORD_DEVELOPMENT		16	-0.49699792	-0.97788167	0.47635135	0.8268724	1.0	211	tags=6%, list=2%, signal=6%	
GOBP_ENERGY_HOMEOSTASIS	GOBP_ENERGY_HOMEOSTASIS		50	-0.41871455	-0.9775771	0.45555556	0.8270021	1.0	587	tags=22%, list=6%, signal=23%	
HP_MYOPATHIC_FACIES	HP_MYOPATHIC_FACIES		33	-0.443178	-0.9774481	0.46718147	0.82666045	1.0	445	tags=6%, list=4%, signal=6%	
HP_LIMITED_ELBOW_EXTENSION	HP_LIMITED_ELBOW_EXTENSION		32	-0.4291942	-0.9774347	0.45318353	0.8260036	1.0	1050	tags=16%, list=10%, signal=17%	
HP_ABNORMAL_GASTRIC_MUCOSA_MORPHOLOGY	HP_ABNORMAL_GASTRIC_MUCOSA_MORPHOLOGY		27	-0.43023458	-0.9771455	0.44656488	0.82602596	1.0	1099	tags=33%, list=11%, signal=37%	
GOBP_REGULATION_OF_PROTEIN_STABILITY	GOBP_REGULATION_OF_PROTEIN_STABILITY		254	-0.32733712	-0.97668284	0.5070422	0.82655686	1.0	536	tags=10%, list=5%, signal=11%	
GOBP_INCLUSION_BODY_ASSEMBLY	GOBP_INCLUSION_BODY_ASSEMBLY		19	-0.46703437	-0.9761738	0.45054945	0.827162	1.0	1257	tags=32%, list=12%, signal=36%	
HP_ABNORMAL_PARANASAL_SINUS_MORPHOLOGY	HP_ABNORMAL_PARANASAL_SINUS_MORPHOLOGY		102	-0.37102464	-0.9758357	0.49029127	0.82729334	1.0	533	tags=16%, list=5%, signal=16%	
GOBP_POSITIVE_REGULATION_OF_ACTIN_FILAMENT_BUNDLE_ASSEMBLY	GOBP_POSITIVE_REGULATION_OF_ACTIN_FILAMENT_BUNDLE_ASSEMBLY		33	-0.43272415	-0.97520524	0.4396887	0.8281624	1.0	455	tags=12%, list=4%, signal=13%	
HP_RECURRENT_PNEUMONIA	HP_RECURRENT_PNEUMONIA		84	-0.39141265	-0.9744902	0.49787235	0.82934666	1.0	634	tags=11%, list=6%, signal=11%	
HP_ATTENUATION_OF_RETINAL_BLOOD_VESSELS	HP_ATTENUATION_OF_RETINAL_BLOOD_VESSELS		71	-0.38855016	-0.97368455	0.48989898	0.8307508	1.0	962	tags=13%, list=9%, signal=14%	
HP_ABNORMAL_T_CELL_PHYSIOLOGY	HP_ABNORMAL_T_CELL_PHYSIOLOGY		54	-0.4069898	-0.9735538	0.49583334	0.8303911	1.0	304	tags=6%, list=3%, signal=6%	
GOBP_ESTABLISHMENT_OF_PROTEIN_LOCALIZATION_TO_ENDOPLASMIC_RETICULUM	GOBP_ESTABLISHMENT_OF_PROTEIN_LOCALIZATION_TO_ENDOPLASMIC_RETICULUM		36	-0.42449138	-0.97335404	0.47736627	0.830183	1.0	12	tags=3%, list=0%, signal=3%	
HP_GERM_CELL_NEOPLASIA	HP_GERM_CELL_NEOPLASIA		20	-0.455813	-0.9728366	0.4471831	0.83084637	1.0	172	tags=10%, list=2%, signal=10%	
GOBP_REGULATION_OF_RECEPTOR_MEDIATED_ENDOCYTOSIS	GOBP_REGULATION_OF_RECEPTOR_MEDIATED_ENDOCYTOSIS		63	-0.39105758	-0.97283274	0.4587156	0.8301661	1.0	388	tags=13%, list=4%, signal=13%	
GOBP_MATERNAL_PROCESS_INVOLVED_IN_FEMALE_PREGNANCY	GOBP_MATERNAL_PROCESS_INVOLVED_IN_FEMALE_PREGNANCY		26	-0.450046	-0.972173	0.4857143	0.8311264	1.0	313	tags=15%, list=3%, signal=16%	
GOCC_PHAGOCYTIC_VESICLE	GOCC_PHAGOCYTIC_VESICLE		109	-0.36137736	-0.9708871	0.4949495	0.83365613	1.0	533	tags=19%, list=5%, signal=20%	
HP_CYSTOID_MACULAR_EDEMA	HP_CYSTOID_MACULAR_EDEMA		45	-0.41074565	-0.97008544	0.45967743	0.83500844	1.0	823	tags=11%, list=8%, signal=12%	
HP_ANGIOFIBROMAS	HP_ANGIOFIBROMAS		20	-0.4727502	-0.9690499	0.45149255	0.8369905	1.0	530	tags=10%, list=5%, signal=11%	
HP_EXAGGERATED_STARTLE_RESPONSE	HP_EXAGGERATED_STARTLE_RESPONSE		21	-0.4520005	-0.96900433	0.47583643	0.83642125	1.0	991	tags=24%, list=9%, signal=26%	
HP_ELEVATED_CIRCULATING_HEPATIC_TRANSAMINASE_CONCENTRATION	HP_ELEVATED_CIRCULATING_HEPATIC_TRANSAMINASE_CONCENTRATION		240	-0.32501844	-0.96876687	0.5855263	0.83632463	1.0	982	tags=12%, list=9%, signal=13%	
GOBP_POSITIVE_REGULATION_OF_PHAGOCYTOSIS	GOBP_POSITIVE_REGULATION_OF_PHAGOCYTOSIS		42	-0.41610804	-0.968093	0.4957265	0.8373214	1.0	651	tags=29%, list=6%, signal=30%	
HP_RIGIDITY	HP_RIGIDITY		125	-0.3641077	-0.9677939	0.5105263	0.8374203	1.0	351	tags=6%, list=3%, signal=7%	
GOBP_ESTROGEN_RECEPTOR_SIGNALING_PATHWAY	GOBP_ESTROGEN_RECEPTOR_SIGNALING_PATHWAY		37	-0.42813802	-0.966419	0.48559672	0.84023076	1.0	191	tags=8%, list=2%, signal=8%	
HP_PERIMEMBRANOUS_VENTRICULAR_SEPTAL_DEFECT	HP_PERIMEMBRANOUS_VENTRICULAR_SEPTAL_DEFECT		16	-0.47956118	-0.9658156	0.4864865	0.8411414	1.0	429	tags=13%, list=4%, signal=13%	
HP_ABNORMAL_CIRCULATING_IGM_CONCENTRATION	HP_ABNORMAL_CIRCULATING_IGM_CONCENTRATION		78	-0.38765803	-0.9657617	0.47706422	0.8405939	1.0	850	tags=13%, list=8%, signal=14%	
HP_PHARYNGITIS	HP_PHARYNGITIS		16	-0.4588073	-0.9657535	0.45253164	0.83992136	1.0	471	tags=25%, list=5%, signal=26%	
HP_RECTAL_FISTULA	HP_RECTAL_FISTULA		16	-0.47892267	-0.9653251	0.4742268	0.84035224	1.0	487	tags=13%, list=5%, signal=13%	
HP_MICROPENIS	HP_MICROPENIS		148	-0.3409777	-0.9652658	0.5549133	0.8398122	1.0	567	tags=9%, list=5%, signal=9%	
GOBP_T_HELPER_2_CELL_DIFFERENTIATION	GOBP_T_HELPER_2_CELL_DIFFERENTIATION		15	-0.4843273	-0.9647289	0.50328946	0.8404834	1.0	246	tags=20%, list=2%, signal=20%	
HP_PAST_MEDICAL_HISTORY	HP_PAST_MEDICAL_HISTORY		57	-0.40427998	-0.96464956	0.51304346	0.84000087	1.0	874	tags=12%, list=8%, signal=13%	
GOBP_EPITHELIAL_CELL_APOPTOTIC_PROCESS	GOBP_EPITHELIAL_CELL_APOPTOTIC_PROCESS		25	-0.43124208	-0.9637883	0.46666667	0.8415177	1.0	504	tags=16%, list=5%, signal=17%	
GOBP_REGULATION_OF_ACTIN_FILAMENT_BUNDLE_ASSEMBLY	GOBP_REGULATION_OF_ACTIN_FILAMENT_BUNDLE_ASSEMBLY		53	-0.40968272	-0.96338	0.4585153	0.8418026	1.0	455	tags=9%, list=4%, signal=10%	
GOBP_REGULATION_OF_CHOLESTEROL_EFFLUX	GOBP_REGULATION_OF_CHOLESTEROL_EFFLUX		18	-0.48227346	-0.9633198	0.5	0.8412823	1.0	1378	tags=39%, list=13%, signal=45%	
GOBP_HOMOTYPIC_CELL_CELL_ADHESION	GOBP_HOMOTYPIC_CELL_CELL_ADHESION		50	-0.40454638	-0.9631505	0.49416342	0.8410175	1.0	373	tags=12%, list=4%, signal=12%	
GOBP_REGULATION_OF_VESICLE_MEDIATED_TRANSPORT	GOBP_REGULATION_OF_VESICLE_MEDIATED_TRANSPORT		297	-0.31293237	-0.96241677	0.5839416	0.8422335	1.0	681	tags=14%, list=7%, signal=14%	
HP_SUBCAPSULAR_CATARACT	HP_SUBCAPSULAR_CATARACT		58	-0.39523968	-0.96161973	0.5	0.84357667	1.0	607	tags=9%, list=6%, signal=9%	
HP_POOR_WOUND_HEALING	HP_POOR_WOUND_HEALING		25	-0.44864494	-0.9614708	0.49122807	0.8432652	1.0	634	tags=20%, list=6%, signal=21%	
HP_HAMARTOMA_OF_TONGUE	HP_HAMARTOMA_OF_TONGUE		17	-0.46142763	-0.96109086	0.48363635	0.8434853	1.0	84	tags=6%, list=1%, signal=6%	
HP_DECREASED_CIRCULATING_COMPLEMENT_C3_CONCENTRATION	HP_DECREASED_CIRCULATING_COMPLEMENT_C3_CONCENTRATION		23	-0.44026566	-0.96051395	0.4892857	0.8442956	1.0	340	tags=17%, list=3%, signal=18%	
GOBP_MULTIVESICULAR_BODY_SORTING_PATHWAY	GOBP_MULTIVESICULAR_BODY_SORTING_PATHWAY		37	-0.41784874	-0.96017617	0.45833334	0.844449	1.0	1392	tags=22%, list=13%, signal=25%	
HP_UPPER_LIMB_AMYOTROPHY	HP_UPPER_LIMB_AMYOTROPHY		48	-0.40464038	-0.9596663	0.4774436	0.84511423	1.0	463	tags=8%, list=4%, signal=9%	
HP_ABNORMALITY_OF_BONE_MINERAL_DENSITY	HP_ABNORMALITY_OF_BONE_MINERAL_DENSITY		385	-0.31166083	-0.95892704	0.6117647	0.8463426	1.0	665	tags=10%, list=6%, signal=11%	
GOBP_RESPONSE_TO_TESTOSTERONE	GOBP_RESPONSE_TO_TESTOSTERONE		19	-0.47035846	-0.9579549	0.5	0.8482253	1.0	467	tags=42%, list=4%, signal=44%	
GOBP_NEGATIVE_REGULATION_OF_EXTRINSIC_APOPTOTIC_SIGNALING_PATHWAY	GOBP_NEGATIVE_REGULATION_OF_EXTRINSIC_APOPTOTIC_SIGNALING_PATHWAY		57	-0.40209535	-0.95768404	0.4957265	0.8482516	1.0	704	tags=18%, list=7%, signal=19%	
HP_BROAD_PHALANX_OF_THE_TOES	HP_BROAD_PHALANX_OF_THE_TOES		19	-0.44603667	-0.9568325	0.4964029	0.84982073	1.0	468	tags=11%, list=4%, signal=11%	
GOBP_SIGNAL_TRANSDUCTION_IN_ABSENCE_OF_LIGAND	GOBP_SIGNAL_TRANSDUCTION_IN_ABSENCE_OF_LIGAND		42	-0.41311434	-0.9568299	0.50617284	0.849147	1.0	1180	tags=29%, list=11%, signal=32%	
HP_ABNORMALITY_OF_THE_TARSAL_BONES	HP_ABNORMALITY_OF_THE_TARSAL_BONES		77	-0.38329002	-0.95674455	0.5091743	0.8486774	1.0	1050	tags=16%, list=10%, signal=17%	
GOCC_OUTER_MEMBRANE	GOCC_OUTER_MEMBRANE		185	-0.32972947	-0.9564748	0.5276074	0.84868366	1.0	544	tags=9%, list=5%, signal=9%	
HP_PERITONITIS	HP_PERITONITIS		26	-0.44732633	-0.9553943	0.4860558	0.85082847	1.0	1099	tags=27%, list=11%, signal=30%	
GOBP_MIRNA_PROCESSING	GOBP_MIRNA_PROCESSING		35	-0.42014202	-0.9549278	0.50775194	0.8513588	1.0	532	tags=11%, list=5%, signal=12%	
GOMF_CARBOHYDRATE_BINDING	GOMF_CARBOHYDRATE_BINDING		133	-0.35230732	-0.9548009	0.56179774	0.85103196	1.0	466	tags=12%, list=4%, signal=12%	
GOBP_PROTEIN_DEPOLYMERIZATION	GOBP_PROTEIN_DEPOLYMERIZATION		66	-0.39046586	-0.9546301	0.49790794	0.85075784	1.0	798	tags=15%, list=8%, signal=16%	
GOBP_BLOOD_VESSEL_REMODELING	GOBP_BLOOD_VESSEL_REMODELING		19	-0.46371126	-0.9546198	0.4911032	0.8501017	1.0	673	tags=37%, list=6%, signal=39%	
HP_ABNORMAL_HAIR_WHORL	HP_ABNORMAL_HAIR_WHORL		22	-0.44574758	-0.9541237	0.4869281	0.8507257	1.0	351	tags=14%, list=3%, signal=14%	
GOBP_PHOSPHOLIPASE_C_ACTIVATING_G_PROTEIN_COUPLED_RECEPTOR_SIGNALING_PATHWAY	GOBP_PHOSPHOLIPASE_C_ACTIVATING_G_PROTEIN_COUPLED_RECEPTOR_SIGNALING_PATHWAY		41	-0.4186613	-0.95400393	0.49159664	0.85035884	1.0	43	tags=5%, list=0%, signal=5%	
GOCC_NUCLEAR_SPECK	GOCC_NUCLEAR_SPECK		280	-0.31636274	-0.9539669	0.5968992	0.8497752	1.0	631	tags=11%, list=6%, signal=12%	
GOBP_IRON_ION_TRANSPORT	GOBP_IRON_ION_TRANSPORT		26	-0.42396802	-0.9537389	0.44160584	0.8496714	1.0	41	tags=4%, list=0%, signal=4%	
HP_ABNORMAL_TALUS_MORPHOLOGY	HP_ABNORMAL_TALUS_MORPHOLOGY		46	-0.4155861	-0.9534368	0.477551	0.84976214	1.0	23	tags=2%, list=0%, signal=2%	
HP_SLOW_PUPILLARY_LIGHT_RESPONSE	HP_SLOW_PUPILLARY_LIGHT_RESPONSE		16	-0.4771802	-0.9532264	0.4874552	0.8496395	1.0	429	tags=13%, list=4%, signal=13%	
GOBP_PROTEIN_TRANSMEMBRANE_TRANSPORT	GOBP_PROTEIN_TRANSMEMBRANE_TRANSPORT		63	-0.39471632	-0.9531413	0.52	0.84919643	1.0	12	tags=2%, list=0%, signal=2%	
GOBP_VIRAL_GENOME_REPLICATION	GOBP_VIRAL_GENOME_REPLICATION		86	-0.37841937	-0.95297897	0.5221239	0.84894353	1.0	347	tags=8%, list=3%, signal=8%	
HP_RECURRENT_BRONCHITIS	HP_RECURRENT_BRONCHITIS		18	-0.4572328	-0.95254886	0.49446493	0.8494304	1.0	76	tags=6%, list=1%, signal=6%	
HP_CUTANEOUS_PHOTOSENSITIVITY	HP_CUTANEOUS_PHOTOSENSITIVITY		67	-0.3978586	-0.9523723	0.5261044	0.84920126	1.0	580	tags=22%, list=6%, signal=24%	
GOBP_POSITIVE_REGULATION_OF_CYTOSOLIC_CALCIUM_ION_CONCENTRATION	GOBP_POSITIVE_REGULATION_OF_CYTOSOLIC_CALCIUM_ION_CONCENTRATION		48	-0.39633626	-0.95217013	0.48076922	0.84901947	1.0	325	tags=15%, list=3%, signal=15%	
HP_MUSCULAR_DYSTROPHY	HP_MUSCULAR_DYSTROPHY		42	-0.41544837	-0.9520781	0.5080645	0.84857386	1.0	23	tags=2%, list=0%, signal=2%	
GOBP_POSITIVE_REGULATION_OF_VASCULATURE_DEVELOPMENT	GOBP_POSITIVE_REGULATION_OF_VASCULATURE_DEVELOPMENT		74	-0.37826732	-0.9519914	0.5406504	0.848167	1.0	306	tags=12%, list=3%, signal=12%	
HP_FETAL_NECK_ANOMALY	HP_FETAL_NECK_ANOMALY		82	-0.37663227	-0.95175827	0.52863437	0.84813553	1.0	585	tags=11%, list=6%, signal=12%	
HP_ABNORMAL_ENZYME_ACTIVITY_IN_CULTURED_FIBROBLASTS	HP_ABNORMAL_ENZYME_ACTIVITY_IN_CULTURED_FIBROBLASTS		19	-0.45536643	-0.9516954	0.46071428	0.84761417	1.0	873	tags=21%, list=8%, signal=23%	
GOBP_PROTEIN_TARGETING	GOBP_PROTEIN_TARGETING		206	-0.3244888	-0.95139873	0.5944056	0.8477307	1.0	475	tags=10%, list=5%, signal=10%	
HP_METOPIC_SYNOSTOSIS	HP_METOPIC_SYNOSTOSIS		18	-0.46195588	-0.9511036	0.49621212	0.8478028	1.0	1009	tags=22%, list=10%, signal=25%	
HP_DECREASED_CIRCULATING_IMMUNOGLOBULIN_CONCENTRATION	HP_DECREASED_CIRCULATING_IMMUNOGLOBULIN_CONCENTRATION		164	-0.3357893	-0.9507274	0.5766871	0.8480544	1.0	877	tags=13%, list=8%, signal=14%	
GOBP_ORGANELLE_LOCALIZATION	GOBP_ORGANELLE_LOCALIZATION		417	-0.30643776	-0.94979316	0.59770113	0.84976023	1.0	571	tags=6%, list=5%, signal=6%	
GOBP_ANIMAL_ORGAN_FORMATION	GOBP_ANIMAL_ORGAN_FORMATION		20	-0.44016305	-0.9494661	0.4907749	0.84985715	1.0	281	tags=15%, list=3%, signal=15%	
HP_ABNORMAL_DEMEANOR	HP_ABNORMAL_DEMEANOR		29	-0.4341111	-0.9492195	0.51272726	0.84983754	1.0	512	tags=14%, list=5%, signal=14%	
GOBP_POSITIVE_REGULATION_OF_CYTOSKELETON_ORGANIZATION	GOBP_POSITIVE_REGULATION_OF_CYTOSKELETON_ORGANIZATION		103	-0.36397818	-0.9487741	0.5291262	0.8502486	1.0	540	tags=11%, list=5%, signal=11%	
GOBP_REGULATION_OF_CELLULAR_LOCALIZATION	GOBP_REGULATION_OF_CELLULAR_LOCALIZATION		314	-0.30775917	-0.94836795	0.64102566	0.8505701	1.0	871	tags=14%, list=8%, signal=15%	
GOBP_COLLAGEN_FIBRIL_ORGANIZATION	GOBP_COLLAGEN_FIBRIL_ORGANIZATION		19	-0.44834432	-0.948075	0.4789644	0.85061485	1.0	1324	tags=26%, list=13%, signal=30%	
GOMF_ATP_DEPENDENT_ACTIVITY_ACTING_ON_RNA	GOMF_ATP_DEPENDENT_ACTIVITY_ACTING_ON_RNA		52	-0.4103556	-0.947923	0.51953125	0.8503059	1.0	191	tags=8%, list=2%, signal=8%	
GOMF_SUMO_TRANSFERASE_ACTIVITY	GOMF_SUMO_TRANSFERASE_ACTIVITY		21	-0.44931042	-0.9478552	0.5	0.8498045	1.0	172	tags=10%, list=2%, signal=10%	
GOBP_STEROL_HOMEOSTASIS	GOBP_STEROL_HOMEOSTASIS		46	-0.40594026	-0.9473703	0.5020576	0.8503795	1.0	1043	tags=22%, list=10%, signal=24%	
HP_APLASIA_HYPOPLASIA_OF_THE_EARLOBES	HP_APLASIA_HYPOPLASIA_OF_THE_EARLOBES		40	-0.41643703	-0.9472759	0.4814815	0.8499519	1.0	580	tags=13%, list=6%, signal=13%	
HP_ALOPECIA_OF_SCALP	HP_ALOPECIA_OF_SCALP		23	-0.4446379	-0.94712687	0.4892857	0.8496721	1.0	487	tags=13%, list=5%, signal=14%	
GOCC_SYNAPTIC_VESICLE_MEMBRANE	GOCC_SYNAPTIC_VESICLE_MEMBRANE		53	-0.39263433	-0.9465947	0.48547718	0.8503476	1.0	176	tags=8%, list=2%, signal=8%	
HP_PURPURA	HP_PURPURA		70	-0.38201055	-0.94552934	0.5223214	0.8524462	1.0	679	tags=21%, list=7%, signal=23%	
HP_APLASIA_HYPOPLASIA_OF_THE_LUNGS	HP_APLASIA_HYPOPLASIA_OF_THE_LUNGS		76	-0.38274086	-0.94504946	0.52719665	0.8530164	1.0	119	tags=3%, list=1%, signal=3%	
HP_CHOLESTASIS	HP_CHOLESTASIS		169	-0.3289597	-0.9443927	0.5978836	0.854041	1.0	982	tags=15%, list=9%, signal=16%	
GOBP_B_CELL_MEDIATED_IMMUNITY	GOBP_B_CELL_MEDIATED_IMMUNITY		71	-0.38283232	-0.94339687	0.53112036	0.85579705	1.0	434	tags=14%, list=4%, signal=15%	
HP_ABNORMALITY_OF_THE_PINEAL_GLAND	HP_ABNORMALITY_OF_THE_PINEAL_GLAND		15	-0.4638083	-0.9428055	0.5173611	0.85661745	1.0	236	tags=13%, list=2%, signal=14%	
GOBP_REGULATION_OF_ENDOCYTOSIS	GOBP_REGULATION_OF_ENDOCYTOSIS		170	-0.33779478	-0.9426019	0.5888325	0.85647094	1.0	651	tags=15%, list=6%, signal=16%	
GOBP_REGULATION_OF_VIRAL_LIFE_CYCLE	GOBP_REGULATION_OF_VIRAL_LIFE_CYCLE		83	-0.372405	-0.94238865	0.55607474	0.85635674	1.0	400	tags=11%, list=4%, signal=11%	
HP_ABNORMALITY_OF_HAIR_PIGMENTATION	HP_ABNORMALITY_OF_HAIR_PIGMENTATION		72	-0.37880352	-0.9422834	0.5270936	0.8559559	1.0	315	tags=6%, list=3%, signal=6%	
GOBP_GLYCEROLIPID_METABOLIC_PROCESS	GOBP_GLYCEROLIPID_METABOLIC_PROCESS		225	-0.32567146	-0.94150597	0.5810811	0.8573006	1.0	691	tags=8%, list=7%, signal=8%	
HP_ABNORMAL_RESPONSE_TO_SOCIAL_NORMS	HP_ABNORMAL_RESPONSE_TO_SOCIAL_NORMS		40	-0.41591078	-0.94147885	0.5071942	0.8567085	1.0	1289	tags=30%, list=12%, signal=34%	
GOBP_SENSORY_PERCEPTION	GOBP_SENSORY_PERCEPTION		154	-0.34005696	-0.9410918	0.59195405	0.8569777	1.0	904	tags=14%, list=9%, signal=15%	
HP_ABNORMALITY_OF_MULTIPLE_CELL_LINEAGES_IN_THE_BONE_MARROW	HP_ABNORMALITY_OF_MULTIPLE_CELL_LINEAGES_IN_THE_BONE_MARROW		148	-0.3406651	-0.9408749	0.56020945	0.8568367	1.0	554	tags=13%, list=5%, signal=13%	
GOBP_REGULATED_EXOCYTOSIS	GOBP_REGULATED_EXOCYTOSIS		106	-0.3477521	-0.94034755	0.5714286	0.8574925	1.0	641	tags=11%, list=6%, signal=12%	
GOBP_LUNG_MORPHOGENESIS	GOBP_LUNG_MORPHOGENESIS		25	-0.43051606	-0.9403314	0.518797	0.8568703	1.0	128	tags=12%, list=1%, signal=12%	
HP_SACCADIC_SMOOTH_PURSUIT_INTERRUPTIONS	HP_SACCADIC_SMOOTH_PURSUIT_INTERRUPTIONS		19	-0.4485482	-0.9394806	0.5141844	0.8583577	1.0	585	tags=11%, list=6%, signal=11%	
GOBP_NEGATIVE_REGULATION_OF_HYDROLASE_ACTIVITY	GOBP_NEGATIVE_REGULATION_OF_HYDROLASE_ACTIVITY		20	-0.44937137	-0.9393255	0.47565544	0.8580802	1.0	475	tags=25%, list=5%, signal=26%	
HP_MUSCLE_FIBER_ATROPHY	HP_MUSCLE_FIBER_ATROPHY		44	-0.3991129	-0.93913406	0.5338983	0.8579131	1.0	789	tags=11%, list=8%, signal=12%	
GOBP_PEPTIDE_METABOLIC_PROCESS	GOBP_PEPTIDE_METABOLIC_PROCESS		31	-0.4048619	-0.9390614	0.53846157	0.85744107	1.0	684	tags=19%, list=7%, signal=21%	
GOBP_LENS_FIBER_CELL_DIFFERENTIATION	GOBP_LENS_FIBER_CELL_DIFFERENTIATION		20	-0.4587231	-0.93899494	0.5322034	0.8569176	1.0	512	tags=20%, list=5%, signal=21%	
HP_ABNORMAL_PULMONARY_VEIN_MORPHOLOGY	HP_ABNORMAL_PULMONARY_VEIN_MORPHOLOGY		34	-0.40687054	-0.93873334	0.5062241	0.85694623	1.0	123	tags=6%, list=1%, signal=6%	
GOBP_PLATELET_ACTIVATION	GOBP_PLATELET_ACTIVATION		70	-0.3842386	-0.9386575	0.5346939	0.8564955	1.0	373	tags=9%, list=4%, signal=9%	
HP_THIN_SKIN	HP_THIN_SKIN		58	-0.3959225	-0.9385929	0.54587156	0.85599047	1.0	634	tags=14%, list=6%, signal=15%	
GOMF_OXIDOREDUCTASE_ACTIVITY_ACTING_ON_PEROXIDE_AS_ACCEPTOR	GOMF_OXIDOREDUCTASE_ACTIVITY_ACTING_ON_PEROXIDE_AS_ACCEPTOR		31	-0.42870885	-0.9380006	0.5207547	0.8569543	1.0	326	tags=19%, list=3%, signal=20%	
HP_STATUS_EPILEPTICUS	HP_STATUS_EPILEPTICUS		124	-0.35043773	-0.9367413	0.540404	0.85954535	1.0	957	tags=10%, list=9%, signal=11%	
HP_SEVERE_VIRAL_INFECTION	HP_SEVERE_VIRAL_INFECTION		28	-0.42228937	-0.9365152	0.53846157	0.8594492	1.0	57	tags=4%, list=1%, signal=4%	
HP_ACUTE_CORONARY_SYNDROME	HP_ACUTE_CORONARY_SYNDROME		48	-0.40450978	-0.9364597	0.5256917	0.8589154	1.0	554	tags=15%, list=5%, signal=15%	
HP_AORTIC_DISSECTION	HP_AORTIC_DISSECTION		17	-0.4648279	-0.936142	0.4911032	0.85903245	1.0	634	tags=18%, list=6%, signal=19%	
GOCC_LEADING_EDGE_MEMBRANE	GOCC_LEADING_EDGE_MEMBRANE		83	-0.3649395	-0.93609345	0.5138889	0.85851115	1.0	711	tags=16%, list=7%, signal=17%	
HP_TOE_DEFORMITY	HP_TOE_DEFORMITY		84	-0.364337	-0.93530035	0.56277055	0.8597828	1.0	591	tags=10%, list=6%, signal=10%	
GOBP_VENTRICULAR_SEPTUM_MORPHOGENESIS	GOBP_VENTRICULAR_SEPTUM_MORPHOGENESIS		18	-0.4486219	-0.9352246	0.5182482	0.85932326	1.0	495	tags=11%, list=5%, signal=12%	
HP_BREAST_HYPOPLASIA	HP_BREAST_HYPOPLASIA		17	-0.44696033	-0.93517226	0.5121951	0.8587997	1.0	143	tags=18%, list=1%, signal=18%	
GOBP_NEGATIVE_REGULATION_OF_CHEMOKINE_PRODUCTION	GOBP_NEGATIVE_REGULATION_OF_CHEMOKINE_PRODUCTION		15	-0.46232143	-0.9350667	0.52238804	0.8584051	1.0	144	tags=7%, list=1%, signal=7%	
GOMF_CYCLIN_DEPENDENT_PROTEIN_KINASE_REGULATOR_ACTIVITY	GOMF_CYCLIN_DEPENDENT_PROTEIN_KINASE_REGULATOR_ACTIVITY		37	-0.40315473	-0.93498653	0.5327869	0.85796934	1.0	530	tags=24%, list=5%, signal=26%	
GOBP_NEURAL_CREST_CELL_DIFFERENTIATION	GOBP_NEURAL_CREST_CELL_DIFFERENTIATION		31	-0.40472928	-0.9348232	0.5152672	0.8577011	1.0	567	tags=19%, list=5%, signal=20%	
HP_FOOT_DORSIFLEXOR_WEAKNESS	HP_FOOT_DORSIFLEXOR_WEAKNESS		88	-0.368919	-0.93416744	0.5707965	0.8586871	1.0	463	tags=8%, list=4%, signal=8%	
HP_ACUTE_KIDNEY_INJURY	HP_ACUTE_KIDNEY_INJURY		15	-0.4569728	-0.93351185	0.5254237	0.859641	1.0	874	tags=27%, list=8%, signal=29%	
GOBP_POSITIVE_REGULATION_OF_CATABOLIC_PROCESS	GOBP_POSITIVE_REGULATION_OF_CATABOLIC_PROCESS		368	-0.30181554	-0.93338263	0.7128713	0.85929763	1.0	757	tags=13%, list=7%, signal=13%	
HP_ABNORMAL_QT_INTERVAL	HP_ABNORMAL_QT_INTERVAL		24	-0.4273681	-0.93337816	0.5060241	0.858658	1.0	530	tags=21%, list=5%, signal=22%	
GOBP_INFLAMMASOME_MEDIATED_SIGNALING_PATHWAY	GOBP_INFLAMMASOME_MEDIATED_SIGNALING_PATHWAY		40	-0.40617278	-0.9329203	0.5201613	0.8591654	1.0	524	tags=13%, list=5%, signal=13%	
GOCC_STEREOCILIUM_BUNDLE	GOCC_STEREOCILIUM_BUNDLE		24	-0.43180057	-0.93285626	0.5205479	0.8586802	1.0	1511	tags=33%, list=14%, signal=39%	
GOMF_PHOSPHORIC_ESTER_HYDROLASE_ACTIVITY	GOMF_PHOSPHORIC_ESTER_HYDROLASE_ACTIVITY		203	-0.32247305	-0.93281794	0.59090906	0.85811156	1.0	709	tags=9%, list=7%, signal=9%	
HP_ABNORMAL_LARGE_INTESTINE_PHYSIOLOGY	HP_ABNORMAL_LARGE_INTESTINE_PHYSIOLOGY		30	-0.4359781	-0.9323739	0.54964536	0.85859984	1.0	512	tags=13%, list=5%, signal=14%	
HP_MELANOMA	HP_MELANOMA		58	-0.38470986	-0.93225783	0.54042554	0.8582398	1.0	691	tags=14%, list=7%, signal=15%	
GOBP_NEUROPEPTIDE_SIGNALING_PATHWAY	GOBP_NEUROPEPTIDE_SIGNALING_PATHWAY		16	-0.4541268	-0.9317853	0.53125	0.85877496	1.0	259	tags=13%, list=2%, signal=13%	
GOMF_TUMOR_NECROSIS_FACTOR_RECEPTOR_SUPERFAMILY_BINDING	GOMF_TUMOR_NECROSIS_FACTOR_RECEPTOR_SUPERFAMILY_BINDING		31	-0.41718638	-0.93174255	0.52960527	0.85821784	1.0	467	tags=10%, list=4%, signal=10%	
HP_HYPOPLASIA_OF_TEETH	HP_HYPOPLASIA_OF_TEETH		66	-0.37739545	-0.9316079	0.54393303	0.85792166	1.0	1053	tags=18%, list=10%, signal=20%	
GOBP_SPLICEOSOMAL_COMPLEX_ASSEMBLY	GOBP_SPLICEOSOMAL_COMPLEX_ASSEMBLY		73	-0.37151876	-0.93049634	0.51627904	0.8601118	1.0	652	tags=14%, list=6%, signal=15%	
GOBP_REGULATION_OF_CELL_ADHESION_MEDIATED_BY_INTEGRIN	GOBP_REGULATION_OF_CELL_ADHESION_MEDIATED_BY_INTEGRIN		24	-0.43951264	-0.9303655	0.5198556	0.8598	1.0	514	tags=13%, list=5%, signal=13%	
GOBP_VIRAL_LIFE_CYCLE	GOBP_VIRAL_LIFE_CYCLE		192	-0.32139724	-0.9301129	0.64324325	0.8597546	1.0	1031	tags=20%, list=10%, signal=22%	
HP_JOINT_STIFFNESS	HP_JOINT_STIFFNESS		117	-0.3488258	-0.92978376	0.5833333	0.85989994	1.0	910	tags=15%, list=9%, signal=16%	
HP_CUTIS_MARMORATA	HP_CUTIS_MARMORATA		43	-0.40933082	-0.9293684	0.5641026	0.8603276	1.0	294	tags=7%, list=3%, signal=7%	
HP_WEAKNESS_DUE_TO_UPPER_MOTOR_NEURON_DYSFUNCTION	HP_WEAKNESS_DUE_TO_UPPER_MOTOR_NEURON_DYSFUNCTION		325	-0.3057486	-0.92917114	0.66935486	0.86015946	1.0	487	tags=7%, list=5%, signal=8%	
GOCC_NUCLEAR_RIBONUCLEOPROTEIN_GRANULE	GOCC_NUCLEAR_RIBONUCLEOPROTEIN_GRANULE		330	-0.30502316	-0.9289288	0.7744361	0.8601291	1.0	601	tags=10%, list=6%, signal=10%	
HP_ABNORMAL_ATRIOVENTRICULAR_VALVE_PHYSIOLOGY	HP_ABNORMAL_ATRIOVENTRICULAR_VALVE_PHYSIOLOGY		120	-0.3469363	-0.92883575	0.5865922	0.85972154	1.0	510	tags=9%, list=5%, signal=10%	
GOBP_MRNA_PROCESSING	GOBP_MRNA_PROCESSING		377	-0.29754794	-0.928576	0.8152174	0.85972327	1.0	500	tags=8%, list=5%, signal=9%	
GOBP_EPIBOLY	GOBP_EPIBOLY		19	-0.43403807	-0.92819965	0.47959185	0.8600656	1.0	919	tags=37%, list=9%, signal=40%	
HP_GLOBAL_BRAIN_ATROPHY	HP_GLOBAL_BRAIN_ATROPHY		50	-0.38600892	-0.9265203	0.5568182	0.86371183	1.0	417	tags=8%, list=4%, signal=8%	
HP_ABNORMAL_GLIAL_CELL_MORPHOLOGY	HP_ABNORMAL_GLIAL_CELL_MORPHOLOGY		111	-0.34620628	-0.92633426	0.59192824	0.8635369	1.0	530	tags=11%, list=5%, signal=11%	
HP_APLASIA_HYPOPLASIA_INVOLVING_BONES_OF_THE_THORAX	HP_APLASIA_HYPOPLASIA_INVOLVING_BONES_OF_THE_THORAX		108	-0.3555507	-0.9255568	0.62189054	0.8649088	1.0	117	tags=4%, list=1%, signal=4%	
GOBP_POSITIVE_REGULATION_OF_REGULATORY_T_CELL_DIFFERENTIATION	GOBP_POSITIVE_REGULATION_OF_REGULATORY_T_CELL_DIFFERENTIATION		19	-0.43093368	-0.925459	0.5222222	0.86449176	1.0	874	tags=26%, list=8%, signal=29%	
HP_IRIS_HYPOPIGMENTATION	HP_IRIS_HYPOPIGMENTATION		25	-0.42416227	-0.9249033	0.527027	0.86524546	1.0	1016	tags=20%, list=10%, signal=22%	
GOBP_REGULATION_OF_RECEPTOR_LOCALIZATION_TO_SYNAPSE	GOBP_REGULATION_OF_RECEPTOR_LOCALIZATION_TO_SYNAPSE		18	-0.45323157	-0.9244664	0.5217391	0.8657017	1.0	868	tags=22%, list=8%, signal=24%	
GOBP_POSITIVE_REGULATION_OF_ORGANIC_ACID_TRANSPORT	GOBP_POSITIVE_REGULATION_OF_ORGANIC_ACID_TRANSPORT		17	-0.4363055	-0.9242787	0.5163636	0.865522	1.0	1278	tags=41%, list=12%, signal=47%	
HP_HYPOPLASIA_OF_THE_FRONTAL_LOBES	HP_HYPOPLASIA_OF_THE_FRONTAL_LOBES		32	-0.4251789	-0.92376876	0.57383966	0.8660662	1.0	511	tags=13%, list=5%, signal=13%	
GOBP_PROTEIN_QUALITY_CONTROL_FOR_MISFOLDED_OR_INCOMPLETELY_SYNTHESIZED_PROTEINS	GOBP_PROTEIN_QUALITY_CONTROL_FOR_MISFOLDED_OR_INCOMPLETELY_SYNTHESIZED_PROTEINS		24	-0.44125026	-0.9236528	0.56271183	0.8656926	1.0	1895	tags=38%, list=18%, signal=46%	
GOBP_CARDIOCYTE_DIFFERENTIATION	GOBP_CARDIOCYTE_DIFFERENTIATION		61	-0.38163918	-0.9236233	0.513834	0.8651241	1.0	458	tags=11%, list=4%, signal=12%	
HP_CONVEX_NASAL_RIDGE	HP_CONVEX_NASAL_RIDGE		65	-0.37558907	-0.9235045	0.5914894	0.8647663	1.0	101	tags=3%, list=1%, signal=3%	
HP_SLOPING_FOREHEAD	HP_SLOPING_FOREHEAD		137	-0.32886735	-0.9227822	0.6719577	0.86589	1.0	84	tags=4%, list=1%, signal=4%	
GOMF_REGULATORY_RNA_BINDING	GOMF_REGULATORY_RNA_BINDING		31	-0.4115674	-0.92255366	0.5180723	0.8658137	1.0	126	tags=6%, list=1%, signal=7%	
HP_IMPAIRMENT_OF_ACTIVITIES_OF_DAILY_LIVING	HP_IMPAIRMENT_OF_ACTIVITIES_OF_DAILY_LIVING		110	-0.3523483	-0.9219303	0.60784316	0.8666965	1.0	611	tags=11%, list=6%, signal=11%	
GOBP_ENDOSOME_TO_LYSOSOME_TRANSPORT	GOBP_ENDOSOME_TO_LYSOSOME_TRANSPORT		53	-0.3828965	-0.92182434	0.5458515	0.8663321	1.0	1396	tags=25%, list=13%, signal=28%	
GOCC_TRANS_GOLGI_NETWORK	GOCC_TRANS_GOLGI_NETWORK		183	-0.3219231	-0.9216609	0.6363636	0.8661113	1.0	415	tags=7%, list=4%, signal=7%	
HP_POSITIVE_INFECTIOUS_AGENT_TEST	HP_POSITIVE_INFECTIOUS_AGENT_TEST		15	-0.4584706	-0.9216252	0.5294118	0.86553997	1.0	950	tags=27%, list=9%, signal=29%	
HP_PELVIC_KIDNEY	HP_PELVIC_KIDNEY		21	-0.42875057	-0.92144847	0.5319149	0.8653532	1.0	910	tags=24%, list=9%, signal=26%	
HP_IMPAIRED_PROPRIOCEPTION	HP_IMPAIRED_PROPRIOCEPTION		97	-0.36315095	-0.9209584	0.6345178	0.865923	1.0	634	tags=9%, list=6%, signal=10%	
GOBP_POSITIVE_REGULATION_OF_CELL_JUNCTION_ASSEMBLY	GOBP_POSITIVE_REGULATION_OF_CELL_JUNCTION_ASSEMBLY		30	-0.41970956	-0.9207315	0.53231937	0.8658546	1.0	994	tags=27%, list=10%, signal=29%	
GOBP_PROTEIN_STABILIZATION	GOBP_PROTEIN_STABILIZATION		169	-0.3268398	-0.9206724	0.63297874	0.8653616	1.0	536	tags=11%, list=5%, signal=12%	
HP_ABNORMAL_HUMERUS_MORPHOLOGY	HP_ABNORMAL_HUMERUS_MORPHOLOGY		41	-0.39244533	-0.9206307	0.5328467	0.86483127	1.0	567	tags=10%, list=5%, signal=10%	
HP_VISUAL_LOSS	HP_VISUAL_LOSS		142	-0.33905447	-0.9202296	0.6328502	0.8651802	1.0	429	tags=10%, list=4%, signal=10%	
HP_SEVERE_COMBINED_IMMUNODEFICIENCY	HP_SEVERE_COMBINED_IMMUNODEFICIENCY		19	-0.4416059	-0.91987073	0.548951	0.8654157	1.0	487	tags=16%, list=5%, signal=17%	
GOBP_ERAD_PATHWAY	GOBP_ERAD_PATHWAY		87	-0.349688	-0.91935605	0.60930234	0.8660654	1.0	395	tags=5%, list=4%, signal=5%	
HP_SHORT_DISTAL_PHALANX_OF_FINGER	HP_SHORT_DISTAL_PHALANX_OF_FINGER		71	-0.36057448	-0.9187907	0.57195574	0.86688536	1.0	119	tags=3%, list=1%, signal=3%	
GOBP_TEMPERATURE_HOMEOSTASIS	GOBP_TEMPERATURE_HOMEOSTASIS		97	-0.35104898	-0.91865045	0.5767635	0.86660504	1.0	1275	tags=24%, list=12%, signal=27%	
HP_CHOREA	HP_CHOREA		153	-0.32163724	-0.9182375	0.652439	0.86698335	1.0	340	tags=6%, list=3%, signal=6%	
HP_DOLICHOCEPHALY	HP_DOLICHOCEPHALY		142	-0.33526263	-0.9176667	0.5842105	0.8677665	1.0	234	tags=4%, list=2%, signal=4%	
GOBP_REGULATION_OF_GENE_SILENCING_BY_REGULATORY_NCRNA	GOBP_REGULATION_OF_GENE_SILENCING_BY_REGULATORY_NCRNA		30	-0.41055062	-0.9169882	0.52747256	0.868763	1.0	36	tags=3%, list=0%, signal=3%	
HP_PROGRESSIVE_MICROCEPHALY	HP_PROGRESSIVE_MICROCEPHALY		77	-0.3650881	-0.916952	0.607438	0.8682264	1.0	991	tags=14%, list=9%, signal=16%	
GOBP_PROTEIN_CONTAINING_COMPLEX_DISASSEMBLY	GOBP_PROTEIN_CONTAINING_COMPLEX_DISASSEMBLY		179	-0.32046255	-0.91691977	0.63529414	0.867673	1.0	1202	tags=22%, list=12%, signal=25%	
HP_WORMIAN_BONES	HP_WORMIAN_BONES		34	-0.41714907	-0.9168808	0.53763443	0.86713773	1.0	23	tags=3%, list=0%, signal=3%	
HP_CYANOSIS	HP_CYANOSIS		57	-0.38404658	-0.916494	0.5689655	0.86741227	1.0	101	tags=5%, list=1%, signal=5%	
HP_OBSTRUCTIVE_SLEEP_APNEA	HP_OBSTRUCTIVE_SLEEP_APNEA		55	-0.38707167	-0.914943	0.5668016	0.8706416	1.0	607	tags=15%, list=6%, signal=15%	
GOBP_POSITIVE_REGULATION_OF_LEUKOCYTE_MEDIATED_IMMUNITY	GOBP_POSITIVE_REGULATION_OF_LEUKOCYTE_MEDIATED_IMMUNITY		84	-0.3508873	-0.91478884	0.57272726	0.8703934	1.0	340	tags=8%, list=3%, signal=9%	
HP_ABNORMAL_PERICARDIUM_MORPHOLOGY	HP_ABNORMAL_PERICARDIUM_MORPHOLOGY		48	-0.38051844	-0.91450644	0.5510204	0.8704575	1.0	434	tags=15%, list=4%, signal=15%	
GOBP_REGULATION_OF_MITOCHONDRIAL_MEMBRANE_POTENTIAL	GOBP_REGULATION_OF_MITOCHONDRIAL_MEMBRANE_POTENTIAL		43	-0.38975176	-0.91448563	0.5559441	0.86986387	1.0	673	tags=21%, list=6%, signal=22%	
HP_EXERCISE_INDUCED_MYALGIA	HP_EXERCISE_INDUCED_MYALGIA		20	-0.42388785	-0.91381156	0.53156143	0.8708624	1.0	374	tags=10%, list=4%, signal=10%	
GOBP_RESPONSE_TO_INSULIN	GOBP_RESPONSE_TO_INSULIN		160	-0.32640505	-0.9137183	0.6577181	0.87047434	1.0	467	tags=5%, list=4%, signal=5%	
HP_ABNORMAL_ATRIOVENTRICULAR_CONDUCTION	HP_ABNORMAL_ATRIOVENTRICULAR_CONDUCTION		41	-0.39558014	-0.9133756	0.5816733	0.87069243	1.0	73	tags=7%, list=1%, signal=7%	
HP_NEOPLASM_OF_HEAD_AND_NECK	HP_NEOPLASM_OF_HEAD_AND_NECK		20	-0.44746336	-0.9132618	0.5477032	0.870357	1.0	172	tags=10%, list=2%, signal=10%	
GOCC_SPERM_MIDPIECE	GOCC_SPERM_MIDPIECE		30	-0.41020772	-0.9125757	0.53968257	0.8713601	1.0	94	tags=7%, list=1%, signal=7%	
HP_ABNORMALITY_OF_THE_RADIAL_HEAD	HP_ABNORMALITY_OF_THE_RADIAL_HEAD		32	-0.4061428	-0.91253185	0.5152672	0.87082994	1.0	478	tags=6%, list=5%, signal=7%	
GOBP_REGULATION_OF_AUTOPHAGY	GOBP_REGULATION_OF_AUTOPHAGY		259	-0.30259043	-0.91245157	0.6771653	0.87039936	1.0	722	tags=13%, list=7%, signal=13%	
GOBP_SENSORY_ORGAN_MORPHOGENESIS	GOBP_SENSORY_ORGAN_MORPHOGENESIS		96	-0.34187138	-0.91240495	0.6296296	0.8698786	1.0	673	tags=13%, list=6%, signal=13%	
GOBP_NEGATIVE_REGULATION_OF_COLD_INDUCED_THERMOGENESIS	GOBP_NEGATIVE_REGULATION_OF_COLD_INDUCED_THERMOGENESIS		25	-0.4226199	-0.91173214	0.5163636	0.87094223	1.0	442	tags=8%, list=4%, signal=8%	
GOBP_REGULATION_OF_VASCULATURE_DEVELOPMENT	GOBP_REGULATION_OF_VASCULATURE_DEVELOPMENT		134	-0.33006558	-0.9110121	0.64593303	0.872068	1.0	306	tags=10%, list=3%, signal=10%	
GOBP_AMYLOID_BETA_METABOLIC_PROCESS	GOBP_AMYLOID_BETA_METABOLIC_PROCESS		34	-0.40605378	-0.91079193	0.56	0.87195766	1.0	993	tags=21%, list=10%, signal=23%	
GOCC_ENDOPLASMIC_RETICULUM_PROTEIN_CONTAINING_COMPLEX	GOCC_ENDOPLASMIC_RETICULUM_PROTEIN_CONTAINING_COMPLEX		96	-0.35237262	-0.91054434	0.60262007	0.87189513	1.0	400	tags=5%, list=4%, signal=5%	
GOCC_SNARE_COMPLEX	GOCC_SNARE_COMPLEX		33	-0.41094974	-0.91046333	0.53435117	0.8714742	1.0	1643	tags=30%, list=16%, signal=36%	
HP_SHORT_PALM	HP_SHORT_PALM		73	-0.3653954	-0.90937686	0.5695067	0.8734462	1.0	42	tags=3%, list=0%, signal=3%	
GOBP_POSITIVE_REGULATION_OF_ADAPTIVE_IMMUNE_RESPONSE	GOBP_POSITIVE_REGULATION_OF_ADAPTIVE_IMMUNE_RESPONSE		77	-0.35883301	-0.90927374	0.56621003	0.87306696	1.0	307	tags=10%, list=3%, signal=11%	
GOMF_SCAFFOLD_PROTEIN_BINDING	GOMF_SCAFFOLD_PROTEIN_BINDING		33	-0.39357448	-0.9085043	0.51666665	0.8742471	1.0	168	tags=6%, list=2%, signal=6%	
GOBP_POSITIVE_REGULATION_OF_CELL_DIVISION	GOBP_POSITIVE_REGULATION_OF_CELL_DIVISION		41	-0.39459595	-0.9082395	0.5234375	0.87424797	1.0	123	tags=5%, list=1%, signal=5%	
GOBP_POSITIVE_REGULATION_OF_INTRINSIC_APOPTOTIC_SIGNALING_PATHWAY	GOBP_POSITIVE_REGULATION_OF_INTRINSIC_APOPTOTIC_SIGNALING_PATHWAY		41	-0.39630204	-0.9076829	0.55737704	0.8749266	1.0	224	tags=10%, list=2%, signal=10%	
HP_SHOULDER_GIRDLE_MUSCLE_WEAKNESS	HP_SHOULDER_GIRDLE_MUSCLE_WEAKNESS		34	-0.40308088	-0.90697914	0.54789275	0.8760282	1.0	850	tags=12%, list=8%, signal=13%	
HP_ABNORMAL_SEVENTH_CRANIAL_PHYSIOLOGY	HP_ABNORMAL_SEVENTH_CRANIAL_PHYSIOLOGY		104	-0.34225366	-0.90658873	0.6197183	0.8763619	1.0	1142	tags=14%, list=11%, signal=16%	
HP_PEDAL_EDEMA	HP_PEDAL_EDEMA		25	-0.4262254	-0.9061669	0.5421687	0.8767034	1.0	39	tags=4%, list=0%, signal=4%	
HP_SCARRING	HP_SCARRING		48	-0.3807118	-0.9060146	0.54393303	0.87643164	1.0	634	tags=13%, list=6%, signal=13%	
HP_ABNORMAL_FONTANELLE_MORPHOLOGY	HP_ABNORMAL_FONTANELLE_MORPHOLOGY		109	-0.35138783	-0.9058695	0.67948717	0.87617487	1.0	117	tags=4%, list=1%, signal=4%	
GOBP_NEGATIVE_REGULATION_OF_VIRAL_PROCESS	GOBP_NEGATIVE_REGULATION_OF_VIRAL_PROCESS		56	-0.37701416	-0.9058595	0.5555556	0.87558186	1.0	1096	tags=21%, list=10%, signal=24%	
GOBP_POSITIVE_REGULATION_OF_SMOOTH_MUSCLE_CELL_MIGRATION	GOBP_POSITIVE_REGULATION_OF_SMOOTH_MUSCLE_CELL_MIGRATION		16	-0.43797413	-0.9056325	0.5472973	0.87548196	1.0	588	tags=25%, list=6%, signal=26%	
HP_UROGENITAL_FISTULA	HP_UROGENITAL_FISTULA		29	-0.40071517	-0.90518034	0.55714285	0.87593275	1.0	1233	tags=24%, list=12%, signal=27%	
GOBP_REGULATION_OF_BIOLOGICAL_PROCESS_INVOLVED_IN_SYMBIOTIC_INTERACTION	GOBP_REGULATION_OF_BIOLOGICAL_PROCESS_INVOLVED_IN_SYMBIOTIC_INTERACTION		21	-0.41915712	-0.9048922	0.51272726	0.8760142	1.0	400	tags=24%, list=4%, signal=25%	
HP_HYPOPLASTIC_ILIA	HP_HYPOPLASTIC_ILIA		30	-0.42453772	-0.90478015	0.5714286	0.8756527	1.0	567	tags=10%, list=5%, signal=11%	
HP_HYPOMIMIC_FACE	HP_HYPOMIMIC_FACE		22	-0.42022872	-0.9044202	0.50390625	0.8758897	1.0	41	tags=5%, list=0%, signal=5%	
GOBP_POLYOL_METABOLIC_PROCESS	GOBP_POLYOL_METABOLIC_PROCESS		56	-0.37002823	-0.9038232	0.58666664	0.8767293	1.0	20	tags=2%, list=0%, signal=2%	
GOBP_NEGATIVE_REGULATION_OF_SIGNAL_TRANSDUCTION_IN_ABSENCE_OF_LIGAND	GOBP_NEGATIVE_REGULATION_OF_SIGNAL_TRANSDUCTION_IN_ABSENCE_OF_LIGAND		20	-0.44365555	-0.9037228	0.5749129	0.8763619	1.0	1180	tags=30%, list=11%, signal=34%	
GOBP_INTRACELLULAR_PROTEIN_TRANSPORT	GOBP_INTRACELLULAR_PROTEIN_TRANSPORT		471	-0.28371406	-0.90276283	0.89873415	0.8779823	1.0	887	tags=12%, list=8%, signal=12%	
GOBP_LIPID_BIOSYNTHETIC_PROCESS	GOBP_LIPID_BIOSYNTHETIC_PROCESS		403	-0.28105202	-0.90230197	0.91071427	0.8783777	1.0	718	tags=9%, list=7%, signal=9%	
HP_ABNORMAL_ESOPHAGUS_MORPHOLOGY	HP_ABNORMAL_ESOPHAGUS_MORPHOLOGY		146	-0.32351083	-0.9022333	0.68817204	0.8779174	1.0	910	tags=14%, list=9%, signal=15%	
HP_APLASTIC_ANEMIA	HP_APLASTIC_ANEMIA		18	-0.44770586	-0.9020105	0.5280528	0.87783563	1.0	471	tags=22%, list=5%, signal=23%	
HP_ABNORMAL_FETAL_CARDIOVASCULAR_MORPHOLOGY	HP_ABNORMAL_FETAL_CARDIOVASCULAR_MORPHOLOGY		27	-0.4244736	-0.9019714	0.55263156	0.87731093	1.0	311	tags=7%, list=3%, signal=8%	
GOBP_REGULATION_OF_PROTEIN_LOCALIZATION_TO_CELL_SURFACE	GOBP_REGULATION_OF_PROTEIN_LOCALIZATION_TO_CELL_SURFACE		23	-0.43140602	-0.9019596	0.5263158	0.876711	1.0	56	tags=4%, list=1%, signal=4%	
HP_ABNORMAL_FEMORAL_NECK_MORPHOLOGY	HP_ABNORMAL_FEMORAL_NECK_MORPHOLOGY		106	-0.3509816	-0.9018795	0.6372549	0.87628376	1.0	665	tags=8%, list=6%, signal=8%	
GOBP_RESPONSE_TO_UV	GOBP_RESPONSE_TO_UV		101	-0.34862512	-0.9018586	0.6161137	0.8757239	1.0	292	tags=5%, list=3%, signal=5%	
HP_RIMMED_VACUOLES	HP_RIMMED_VACUOLES		27	-0.42029908	-0.90157247	0.5544218	0.8757523	1.0	23	tags=4%, list=0%, signal=4%	
GOBP_BONE_MORPHOGENESIS	GOBP_BONE_MORPHOGENESIS		41	-0.3795231	-0.90155256	0.55078125	0.875178	1.0	446	tags=10%, list=4%, signal=10%	
HP_ATYPICAL_ABSENCE_SEIZURE	HP_ATYPICAL_ABSENCE_SEIZURE		15	-0.4425292	-0.90142554	0.527027	0.87486243	1.0	512	tags=13%, list=5%, signal=14%	
HP_DISTAL_LOWER_LIMB_MUSCLE_WEAKNESS	HP_DISTAL_LOWER_LIMB_MUSCLE_WEAKNESS		56	-0.38564527	-0.90136456	0.58264464	0.8743719	1.0	429	tags=5%, list=4%, signal=6%	
GOBP_SYMBIONT_ENTRY_INTO_HOST	GOBP_SYMBIONT_ENTRY_INTO_HOST		79	-0.35435197	-0.90108174	0.6082949	0.87441593	1.0	684	tags=22%, list=7%, signal=23%	
HP_ABNORMAL_ILIUM_MORPHOLOGY	HP_ABNORMAL_ILIUM_MORPHOLOGY		68	-0.36458138	-0.90079564	0.5586854	0.8744659	1.0	1232	tags=21%, list=12%, signal=23%	
HP_METAMORPHOPSIA	HP_METAMORPHOPSIA		19	-0.43167904	-0.89971477	0.5441696	0.8764899	1.0	722	tags=16%, list=7%, signal=17%	
HP_HYPERINTENSITY_OF_CEREBRAL_WHITE_MATTER_ON_MRI	HP_HYPERINTENSITY_OF_CEREBRAL_WHITE_MATTER_ON_MRI		50	-0.38044018	-0.89865655	0.57723576	0.87833685	1.0	607	tags=12%, list=6%, signal=13%	
GOBP_POSITIVE_REGULATION_OF_CELL_MATRIX_ADHESION	GOBP_POSITIVE_REGULATION_OF_CELL_MATRIX_ADHESION		30	-0.4107802	-0.8979144	0.5839695	0.8794634	1.0	335	tags=10%, list=3%, signal=10%	
HP_REDUCED_FORCED_EXPIRATORY_VOLUME_IN_ONE_SECOND	HP_REDUCED_FORCED_EXPIRATORY_VOLUME_IN_ONE_SECOND		15	-0.43298313	-0.89776844	0.57337886	0.8791906	1.0	480	tags=27%, list=5%, signal=28%	
HP_POSTNATAL_GROWTH_RETARDATION	HP_POSTNATAL_GROWTH_RETARDATION		166	-0.32073227	-0.8975859	0.7248677	0.8790032	1.0	877	tags=12%, list=8%, signal=13%	
HP_ABNORMALITY_OF_THE_ADRENAL_GLANDS	HP_ABNORMALITY_OF_THE_ADRENAL_GLANDS		111	-0.34192955	-0.8975247	0.6367925	0.8785267	1.0	530	tags=7%, list=5%, signal=8%	
GOBP_PLATELET_AGGREGATION	GOBP_PLATELET_AGGREGATION		39	-0.40789533	-0.89634305	0.60082304	0.8806267	1.0	373	tags=13%, list=4%, signal=13%	
GOBP_REGULATION_OF_NEUTROPHIL_CHEMOTAXIS	GOBP_REGULATION_OF_NEUTROPHIL_CHEMOTAXIS		18	-0.43319026	-0.8962288	0.5286195	0.88027424	1.0	514	tags=22%, list=5%, signal=23%	
GOBP_REGULATION_OF_PROTEIN_LOCALIZATION_TO_MEMBRANE	GOBP_REGULATION_OF_PROTEIN_LOCALIZATION_TO_MEMBRANE		98	-0.34372067	-0.8958791	0.65652174	0.8804761	1.0	504	tags=9%, list=5%, signal=10%	
GOMF_ATP_HYDROLYSIS_ACTIVITY	GOMF_ATP_HYDROLYSIS_ACTIVITY		247	-0.30165792	-0.8958046	0.7173913	0.88004893	1.0	191	tags=4%, list=2%, signal=4%	
GOBP_FERROPTOSIS	GOBP_FERROPTOSIS		23	-0.4152671	-0.89569134	0.58426964	0.8797064	1.0	863	tags=22%, list=8%, signal=24%	
GOBP_NUCLEOSIDE_METABOLIC_PROCESS	GOBP_NUCLEOSIDE_METABOLIC_PROCESS		25	-0.40819415	-0.89560384	0.5812274	0.87930685	1.0	29	tags=4%, list=0%, signal=4%	
GOBP_EXECUTION_PHASE_OF_APOPTOSIS	GOBP_EXECUTION_PHASE_OF_APOPTOSIS		44	-0.38155538	-0.8955746	0.5962264	0.87875587	1.0	118	tags=5%, list=1%, signal=5%	
HP_PEPTIC_ULCER	HP_PEPTIC_ULCER		25	-0.41857663	-0.8954029	0.5564202	0.8785542	1.0	910	tags=32%, list=9%, signal=35%	
HP_DYSLEXIA	HP_DYSLEXIA		15	-0.43659264	-0.8951857	0.51428574	0.87842697	1.0	417	tags=13%, list=4%, signal=14%	
GOBP_MITOCHONDRIAL_FUSION	GOBP_MITOCHONDRIAL_FUSION		28	-0.40664482	-0.895064	0.54873645	0.87808734	1.0	821	tags=29%, list=8%, signal=31%	
GOBP_AMYLOID_BETA_CLEARANCE	GOBP_AMYLOID_BETA_CLEARANCE		28	-0.40911674	-0.8949874	0.5729927	0.8776293	1.0	340	tags=21%, list=3%, signal=22%	
HP_PREAXIAL_POLYDACTYLY	HP_PREAXIAL_POLYDACTYLY		52	-0.37964636	-0.8948717	0.6051502	0.8772709	1.0	84	tags=4%, list=1%, signal=4%	
GOBP_SMALL_MOLECULE_CATABOLIC_PROCESS	GOBP_SMALL_MOLECULE_CATABOLIC_PROCESS		210	-0.3081814	-0.89479154	0.72611463	0.8768504	1.0	473	tags=7%, list=5%, signal=7%	
HP_CLONIC_SEIZURE	HP_CLONIC_SEIZURE		40	-0.39184937	-0.8946421	0.60504204	0.87661237	1.0	680	tags=15%, list=7%, signal=16%	
HP_LOWER_LIMB_HYPERREFLEXIA	HP_LOWER_LIMB_HYPERREFLEXIA		58	-0.3635527	-0.89419746	0.5902256	0.8770354	1.0	211	tags=5%, list=2%, signal=5%	
HP_INVERTED_NIPPLES	HP_INVERTED_NIPPLES		39	-0.38913572	-0.89411575	0.61087865	0.8766302	1.0	100	tags=5%, list=1%, signal=5%	
HP_ABNORMALITY_OF_THE_METOPIC_SUTURE	HP_ABNORMALITY_OF_THE_METOPIC_SUTURE		62	-0.36584154	-0.89407873	0.639485	0.8761138	1.0	502	tags=11%, list=5%, signal=12%	
GOBP_REGULATION_OF_NUCLEOCYTOPLASMIC_TRANSPORT	GOBP_REGULATION_OF_NUCLEOCYTOPLASMIC_TRANSPORT		82	-0.35283434	-0.8940442	0.6318182	0.8755725	1.0	255	tags=5%, list=2%, signal=5%	
GOBP_PROTEIN_LIPID_COMPLEX_ASSEMBLY	GOBP_PROTEIN_LIPID_COMPLEX_ASSEMBLY		16	-0.43972078	-0.8936514	0.5555556	0.87584543	1.0	1043	tags=25%, list=10%, signal=28%	
GOMF_PROTEIN_MEMBRANE_ADAPTOR_ACTIVITY	GOMF_PROTEIN_MEMBRANE_ADAPTOR_ACTIVITY		39	-0.38481417	-0.893648	0.587234	0.8752442	1.0	103	tags=5%, list=1%, signal=5%	
GOMF_EXOPEPTIDASE_ACTIVITY	GOMF_EXOPEPTIDASE_ACTIVITY		58	-0.3798671	-0.8933796	0.62240666	0.8752566	1.0	672	tags=16%, list=6%, signal=16%	
HP_ABNORMAL_CHEEK_MORPHOLOGY	HP_ABNORMAL_CHEEK_MORPHOLOGY		164	-0.31511414	-0.89335966	0.7091837	0.8746899	1.0	236	tags=5%, list=2%, signal=5%	
HP_TEMPERATURE_INSTABILITY	HP_TEMPERATURE_INSTABILITY		15	-0.43937486	-0.8932226	0.5441176	0.8743971	1.0	47	tags=7%, list=0%, signal=7%	
GOBP_PROTEIN_CONTAINING_COMPLEX_LOCALIZATION	GOBP_PROTEIN_CONTAINING_COMPLEX_LOCALIZATION		54	-0.3765733	-0.8931424	0.6375546	0.87398267	1.0	342	tags=7%, list=3%, signal=8%	
HP_ABNORMALITY_OF_THE_HUMERORADIAL_JOINT	HP_ABNORMALITY_OF_THE_HUMERORADIAL_JOINT		32	-0.39750597	-0.8926767	0.55785125	0.87444603	1.0	478	tags=6%, list=5%, signal=7%	
GOMF_EXOGENOUS_PROTEIN_BINDING	GOMF_EXOGENOUS_PROTEIN_BINDING		47	-0.3860774	-0.89267606	0.5833333	0.8738427	1.0	936	tags=30%, list=9%, signal=33%	
HP_FINGER_CLINODACTYLY	HP_FINGER_CLINODACTYLY		294	-0.29491028	-0.89257205	0.8181818	0.87346536	1.0	478	tags=6%, list=5%, signal=6%	
GOBP_PROTEIN_DEPHOSPHORYLATION	GOBP_PROTEIN_DEPHOSPHORYLATION		54	-0.37180212	-0.8925638	0.5877551	0.8728833	1.0	176	tags=7%, list=2%, signal=7%	
GOBP_ENDODERM_FORMATION	GOBP_ENDODERM_FORMATION		21	-0.4215248	-0.8917514	0.57564574	0.87415874	1.0	356	tags=14%, list=3%, signal=15%	
HP_GINGIVAL_OVERGROWTH	HP_GINGIVAL_OVERGROWTH		82	-0.34601378	-0.8909378	0.65677965	0.8754234	1.0	635	tags=16%, list=6%, signal=17%	
HP_ABNORMAL_ATRIOVENTRICULAR_VALVE_MORPHOLOGY	HP_ABNORMAL_ATRIOVENTRICULAR_VALVE_MORPHOLOGY		107	-0.33508542	-0.89087343	0.66824645	0.8749636	1.0	339	tags=6%, list=3%, signal=6%	
GOBP_MALE_MEIOSIS_I	GOBP_MALE_MEIOSIS_I		16	-0.44276366	-0.8902441	0.61616164	0.8758151	1.0	338	tags=13%, list=3%, signal=13%	
HP_ABNORMAL_MACROSCOPIC_URINE_APPEARANCE	HP_ABNORMAL_MACROSCOPIC_URINE_APPEARANCE		30	-0.400642	-0.8900206	0.6007905	0.87574095	1.0	919	tags=17%, list=9%, signal=18%	
GOBP_REGULATION_OF_PROTEIN_LOCALIZATION_TO_CELL_PERIPHERY	GOBP_REGULATION_OF_PROTEIN_LOCALIZATION_TO_CELL_PERIPHERY		92	-0.33889946	-0.88978875	0.686636	0.8757038	1.0	445	tags=9%, list=4%, signal=9%	
HP_DIALEPTIC_SEIZURE	HP_DIALEPTIC_SEIZURE		143	-0.31860107	-0.88893974	0.71568626	0.87710077	1.0	512	tags=9%, list=5%, signal=9%	
HP_DECREASED_CIRCULATING_IGA_CONCENTRATION	HP_DECREASED_CIRCULATING_IGA_CONCENTRATION		64	-0.35495663	-0.88892055	0.6514523	0.8765385	1.0	868	tags=13%, list=8%, signal=14%	
HP_AORTIC_VALVE_STENOSIS	HP_AORTIC_VALVE_STENOSIS		40	-0.37796587	-0.8888631	0.56809336	0.876063	1.0	23	tags=3%, list=0%, signal=2%	
HP_VAGINAL_FISTULA	HP_VAGINAL_FISTULA		18	-0.42184427	-0.8882278	0.52290076	0.87694854	1.0	1497	tags=28%, list=14%, signal=32%	
GOBP_RENAL_TUBULE_DEVELOPMENT	GOBP_RENAL_TUBULE_DEVELOPMENT		31	-0.40778068	-0.88812053	0.5739437	0.8766132	1.0	567	tags=23%, list=5%, signal=24%	
GOBP_POSITIVE_REGULATION_OF_TRANSMEMBRANE_TRANSPORT	GOBP_POSITIVE_REGULATION_OF_TRANSMEMBRANE_TRANSPORT		73	-0.36176345	-0.88785094	0.62882096	0.87661433	1.0	1104	tags=26%, list=11%, signal=29%	
GOBP_REGULATION_OF_POST_TRANSLATIONAL_PROTEIN_MODIFICATION	GOBP_REGULATION_OF_POST_TRANSLATIONAL_PROTEIN_MODIFICATION		179	-0.3153631	-0.88764656	0.7305389	0.8764709	1.0	475	tags=8%, list=5%, signal=9%	
GOBP_DNA_MODIFICATION	GOBP_DNA_MODIFICATION		24	-0.41320974	-0.8872173	0.5514706	0.8768152	1.0	1090	tags=25%, list=10%, signal=28%	
HP_MELANOCYTIC_NEVUS	HP_MELANOCYTIC_NEVUS		40	-0.36976415	-0.8871365	0.5846154	0.87639576	1.0	512	tags=10%, list=5%, signal=10%	
HP_PUSTULE	HP_PUSTULE		24	-0.41713676	-0.88712233	0.5531915	0.87583244	1.0	1558	tags=25%, list=15%, signal=29%	
HP_CHRONIC_DIARRHEA	HP_CHRONIC_DIARRHEA		68	-0.36474732	-0.88627374	0.60930234	0.877177	1.0	174	tags=4%, list=2%, signal=4%	
GOBP_REGULATION_OF_RHO_PROTEIN_SIGNAL_TRANSDUCTION	GOBP_REGULATION_OF_RHO_PROTEIN_SIGNAL_TRANSDUCTION		50	-0.37223226	-0.88625646	0.56734693	0.8766172	1.0	798	tags=20%, list=8%, signal=22%	
GOBP_POSITIVE_REGULATION_OF_ALPHA_BETA_T_CELL_ACTIVATION	GOBP_POSITIVE_REGULATION_OF_ALPHA_BETA_T_CELL_ACTIVATION		46	-0.37658352	-0.88546026	0.59090906	0.8778657	1.0	217	tags=13%, list=2%, signal=13%	
HP_HYPOGONADISM	HP_HYPOGONADISM		207	-0.30425382	-0.88525397	0.7919463	0.87776554	1.0	448	tags=6%, list=4%, signal=6%	
GOBP_CELLULAR_RESPONSE_TO_PROSTAGLANDIN_STIMULUS	GOBP_CELLULAR_RESPONSE_TO_PROSTAGLANDIN_STIMULUS		15	-0.42783445	-0.8852481	0.5898305	0.8771842	1.0	161	tags=13%, list=2%, signal=14%	
HP_VASCULAR_DILATATION	HP_VASCULAR_DILATATION		125	-0.3340578	-0.8829664	0.6885246	0.8819096	1.0	658	tags=8%, list=6%, signal=8%	
GOBP_NEGATIVE_REGULATION_OF_MICROTUBULE_DEPOLYMERIZATION	GOBP_NEGATIVE_REGULATION_OF_MICROTUBULE_DEPOLYMERIZATION		15	-0.4355669	-0.8829292	0.5824916	0.8813959	1.0	1068	tags=33%, list=10%, signal=37%	
GOBP_LIPID_HOMEOSTASIS	GOBP_LIPID_HOMEOSTASIS		89	-0.34820095	-0.8827451	0.639485	0.88119984	1.0	1043	tags=18%, list=10%, signal=20%	
HP_BRACHYDACTYLY	HP_BRACHYDACTYLY		226	-0.29698825	-0.881526	0.7837838	0.8833855	1.0	180	tags=3%, list=2%, signal=3%	
GOBP_VASCULAR_PROCESS_IN_CIRCULATORY_SYSTEM	GOBP_VASCULAR_PROCESS_IN_CIRCULATORY_SYSTEM		115	-0.3262004	-0.8812801	0.66494846	0.8833332	1.0	608	tags=11%, list=6%, signal=12%	
GOBP_REGULATION_OF_T_HELPER_1_TYPE_IMMUNE_RESPONSE	GOBP_REGULATION_OF_T_HELPER_1_TYPE_IMMUNE_RESPONSE		19	-0.41686583	-0.8811731	0.5818815	0.8829603	1.0	654	tags=16%, list=6%, signal=17%	
GOBP_REGULATION_OF_SMOOTHENED_SIGNALING_PATHWAY	GOBP_REGULATION_OF_SMOOTHENED_SIGNALING_PATHWAY		49	-0.37408653	-0.8811348	0.60474306	0.88244224	1.0	132	tags=4%, list=1%, signal=4%	
GOMF_DOUBLE_STRANDED_RNA_BINDING	GOMF_DOUBLE_STRANDED_RNA_BINDING		56	-0.3689399	-0.8809918	0.65384614	0.88217187	1.0	168	tags=5%, list=2%, signal=5%	
GOBP_PROTEIN_TARGETING_TO_MEMBRANE	GOBP_PROTEIN_TARGETING_TO_MEMBRANE		73	-0.3567647	-0.8809158	0.62184876	0.88173366	1.0	340	tags=7%, list=3%, signal=7%	
GOBP_INTERLEUKIN_4_PRODUCTION	GOBP_INTERLEUKIN_4_PRODUCTION		19	-0.43130895	-0.8804102	0.5923345	0.88232875	1.0	69	tags=11%, list=1%, signal=11%	
GOBP_MESENCHYMAL_CELL_DIFFERENTIATION	GOBP_MESENCHYMAL_CELL_DIFFERENTIATION		98	-0.34201038	-0.8802985	0.69756097	0.8819774	1.0	724	tags=14%, list=7%, signal=15%	
HP_DISTAL_SENSORY_IMPAIRMENT	HP_DISTAL_SENSORY_IMPAIRMENT		91	-0.3498795	-0.8802178	0.66210043	0.881579	1.0	29	tags=2%, list=0%, signal=2%	
GOBP_POSITIVE_REGULATION_OF_UBIQUITIN_DEPENDENT_PROTEIN_CATABOLIC_PROCESS	GOBP_POSITIVE_REGULATION_OF_UBIQUITIN_DEPENDENT_PROTEIN_CATABOLIC_PROCESS		75	-0.34409377	-0.87977463	0.6639344	0.88197255	1.0	631	tags=13%, list=6%, signal=14%	
GOBP_REGULATION_OF_PROTEIN_UBIQUITINATION	GOBP_REGULATION_OF_PROTEIN_UBIQUITINATION		139	-0.31928974	-0.8792529	0.72677594	0.8825039	1.0	475	tags=9%, list=5%, signal=9%	
GOMF_HEAT_SHOCK_PROTEIN_BINDING	GOMF_HEAT_SHOCK_PROTEIN_BINDING		85	-0.35397574	-0.879214	0.6484018	0.8820037	1.0	631	tags=11%, list=6%, signal=11%	
HP_ABNORMAL_ELBOW_PHYSIOLOGY	HP_ABNORMAL_ELBOW_PHYSIOLOGY		115	-0.32615295	-0.87899125	0.7246377	0.88192916	1.0	649	tags=7%, list=6%, signal=7%	
GOBP_ENDOTHELIUM_DEVELOPMENT	GOBP_ENDOTHELIUM_DEVELOPMENT		80	-0.35006452	-0.8782185	0.6781116	0.8830778	1.0	681	tags=14%, list=7%, signal=15%	
HP_ABNORMAL_ADIPOSE_TISSUE_MORPHOLOGY	HP_ABNORMAL_ADIPOSE_TISSUE_MORPHOLOGY		143	-0.32260668	-0.87812346	0.6911765	0.88269335	1.0	629	tags=9%, list=6%, signal=10%	
GOBP_SENSORY_PERCEPTION_OF_CHEMICAL_STIMULUS	GOBP_SENSORY_PERCEPTION_OF_CHEMICAL_STIMULUS		18	-0.41445664	-0.8775503	0.57586205	0.88335586	1.0	583	tags=17%, list=6%, signal=18%	
HP_ABNORMAL_SIZE_OF_PITUITARY_GLAND	HP_ABNORMAL_SIZE_OF_PITUITARY_GLAND		24	-0.40904218	-0.87700874	0.5864662	0.88397187	1.0	76	tags=4%, list=1%, signal=4%	
HP_WEAK_VOICE	HP_WEAK_VOICE		18	-0.42555946	-0.8765475	0.5868056	0.88439876	1.0	41	tags=6%, list=0%, signal=6%	
GOBP_CARDIAC_VENTRICLE_DEVELOPMENT	GOBP_CARDIAC_VENTRICLE_DEVELOPMENT		50	-0.3720641	-0.8764411	0.62655604	0.8840319	1.0	495	tags=14%, list=5%, signal=15%	
HP_EARLY_ONSET_OF_SEXUAL_MATURATION	HP_EARLY_ONSET_OF_SEXUAL_MATURATION		83	-0.34936708	-0.87640846	0.67234045	0.88351774	1.0	922	tags=12%, list=9%, signal=13%	
HP_ABNORMAL_RETINAL_MORPHOLOGY_ON_MACULAR_OCT	HP_ABNORMAL_RETINAL_MORPHOLOGY_ON_MACULAR_OCT		48	-0.37439832	-0.8759727	0.62	0.88391423	1.0	962	tags=13%, list=9%, signal=14%	
HP_ABNORMAL_LYMPHOCYTE_COUNT	HP_ABNORMAL_LYMPHOCYTE_COUNT		149	-0.31373617	-0.8754878	0.716763	0.88441557	1.0	877	tags=13%, list=8%, signal=14%	
GOBP_MYOFIBRIL_ASSEMBLY	GOBP_MYOFIBRIL_ASSEMBLY		21	-0.4135392	-0.8751292	0.581749	0.8846489	1.0	1294	tags=24%, list=12%, signal=27%	
GOBP_NEGATIVE_REGULATION_OF_SMOOTH_MUSCLE_CELL_PROLIFERATION	GOBP_NEGATIVE_REGULATION_OF_SMOOTH_MUSCLE_CELL_PROLIFERATION		21	-0.41632864	-0.8747149	0.5805369	0.8849998	1.0	629	tags=29%, list=6%, signal=30%	
GOCC_SPLICEOSOMAL_TRI_SNRNP_COMPLEX	GOCC_SPLICEOSOMAL_TRI_SNRNP_COMPLEX		38	-0.3834588	-0.874455	0.56153846	0.8850096	1.0	425	tags=18%, list=4%, signal=19%	
GOBP_MALE_MEIOTIC_NUCLEAR_DIVISION	GOBP_MALE_MEIOTIC_NUCLEAR_DIVISION		26	-0.4030592	-0.8729904	0.63241106	0.8876534	1.0	880	tags=15%, list=8%, signal=17%	
GOBP_POSITIVE_REGULATION_OF_CALCIUM_ION_TRANSMEMBRANE_TRANSPORT	GOBP_POSITIVE_REGULATION_OF_CALCIUM_ION_TRANSMEMBRANE_TRANSPORT		17	-0.4184282	-0.8723112	0.5740741	0.88855225	1.0	959	tags=35%, list=9%, signal=39%	
HP_ABNORMAL_ANTIHELIX_MORPHOLOGY	HP_ABNORMAL_ANTIHELIX_MORPHOLOGY		27	-0.40522814	-0.87204194	0.5808824	0.88857275	1.0	1001	tags=19%, list=10%, signal=20%	
HP_FREQUENT_FALLS	HP_FREQUENT_FALLS		91	-0.3462634	-0.8720194	0.69124424	0.8880317	1.0	117	tags=3%, list=1%, signal=3%	
GOBP_POSITIVE_REGULATION_OF_EXOCYTOSIS	GOBP_POSITIVE_REGULATION_OF_EXOCYTOSIS		37	-0.37141627	-0.871248	0.59774435	0.8891949	1.0	1556	tags=41%, list=15%, signal=47%	
GOMF_CLATHRIN_ADAPTOR_ACTIVITY	GOMF_CLATHRIN_ADAPTOR_ACTIVITY		16	-0.43754366	-0.8709314	0.5869565	0.8893314	1.0	159	tags=6%, list=2%, signal=6%	
GOBP_POSITIVE_REGULATION_OF_VASCULAR_ENDOTHELIAL_GROWTH_FACTOR_PRODUCTION	GOBP_POSITIVE_REGULATION_OF_VASCULAR_ENDOTHELIAL_GROWTH_FACTOR_PRODUCTION		15	-0.43281007	-0.870722	0.55719554	0.8891702	1.0	502	tags=20%, list=5%, signal=21%	
HP_FOOT_JOINT_CONTRACTURE	HP_FOOT_JOINT_CONTRACTURE		90	-0.3395489	-0.8706013	0.6893204	0.88886535	1.0	487	tags=6%, list=5%, signal=6%	
HP_ABNORMALITY_OF_RENIN_ANGIOTENSIN_SYSTEM	HP_ABNORMALITY_OF_RENIN_ANGIOTENSIN_SYSTEM		22	-0.4115753	-0.8704651	0.58181816	0.88856703	1.0	873	tags=23%, list=8%, signal=25%	
HP_PROLONGED_BLEEDING_TIME	HP_PROLONGED_BLEEDING_TIME		22	-0.409846	-0.86947733	0.5873606	0.890118	1.0	566	tags=18%, list=5%, signal=19%	
GOBP_RECEPTOR_METABOLIC_PROCESS	GOBP_RECEPTOR_METABOLIC_PROCESS		49	-0.36513612	-0.8691051	0.6356589	0.8903697	1.0	380	tags=6%, list=4%, signal=6%	
HP_CNS_DEMYELINATION	HP_CNS_DEMYELINATION		29	-0.38379028	-0.8686314	0.576779	0.8908143	1.0	221	tags=7%, list=2%, signal=7%	
HP_PROMINENT_EYELASHES	HP_PROMINENT_EYELASHES		16	-0.4273498	-0.8686053	0.6262626	0.89028376	1.0	42	tags=6%, list=0%, signal=6%	
HP_FULL_CHEEKS	HP_FULL_CHEEKS		96	-0.34057033	-0.8685697	0.6682927	0.88976824	1.0	236	tags=6%, list=2%, signal=6%	
GOBP_PROTEIN_K63_LINKED_UBIQUITINATION	GOBP_PROTEIN_K63_LINKED_UBIQUITINATION		54	-0.3705739	-0.8682922	0.6099585	0.8897851	1.0	379	tags=7%, list=4%, signal=8%	
HP_ATRIAL_FIBRILLATION	HP_ATRIAL_FIBRILLATION		26	-0.4052781	-0.8679714	0.60687023	0.8898747	1.0	39	tags=8%, list=0%, signal=8%	
GOBP_ALCOHOL_BIOSYNTHETIC_PROCESS	GOBP_ALCOHOL_BIOSYNTHETIC_PROCESS		75	-0.35564736	-0.86773616	0.67094016	0.8898108	1.0	959	tags=12%, list=9%, signal=13%	
HP_ABNORMAL_BONE_MARROW_CELL_MORPHOLOGY	HP_ABNORMAL_BONE_MARROW_CELL_MORPHOLOGY		181	-0.30619612	-0.8676902	0.72571427	0.88931537	1.0	554	tags=11%, list=5%, signal=11%	
HP_NEOPLASM_OF_THE_STOMACH	HP_NEOPLASM_OF_THE_STOMACH		55	-0.3548846	-0.8676642	0.6309013	0.8888017	1.0	982	tags=18%, list=9%, signal=20%	
GOBP_DNA_TEMPLATED_TRANSCRIPTION_INITIATION	GOBP_DNA_TEMPLATED_TRANSCRIPTION_INITIATION		191	-0.30355063	-0.8673794	0.8109756	0.88884574	1.0	118	tags=1%, list=1%, signal=1%	
HP_ABNORMALITY_OF_THE_WRIST	HP_ABNORMALITY_OF_THE_WRIST		94	-0.3312568	-0.86729795	0.70742357	0.8884273	1.0	1075	tags=14%, list=10%, signal=15%	
HP_PROMINENT_METOPIC_RIDGE	HP_PROMINENT_METOPIC_RIDGE		46	-0.3609838	-0.8669996	0.5860656	0.8884982	1.0	502	tags=11%, list=5%, signal=11%	
HP_ABNORMAL_MIDBRAIN_MORPHOLOGY	HP_ABNORMAL_MIDBRAIN_MORPHOLOGY		47	-0.37564954	-0.865756	0.6475771	0.89055926	1.0	147	tags=6%, list=1%, signal=6%	
HP_NON_MOTOR_SEIZURE	HP_NON_MOTOR_SEIZURE		112	-0.32756487	-0.86509645	0.7241379	0.8913703	1.0	512	tags=10%, list=5%, signal=10%	
GOBP_NEGATIVE_REGULATION_OF_TRANSFORMING_GROWTH_FACTOR_BETA_RECEPTOR_SIGNALING_PATHWAY	GOBP_NEGATIVE_REGULATION_OF_TRANSFORMING_GROWTH_FACTOR_BETA_RECEPTOR_SIGNALING_PATHWAY		60	-0.35628292	-0.86386603	0.6574074	0.8934137	1.0	631	tags=10%, list=6%, signal=11%	
HP_BROAD_FINGER	HP_BROAD_FINGER		75	-0.3416533	-0.86247224	0.68202764	0.89593065	1.0	51	tags=3%, list=0%, signal=3%	
HP_ABNORMAL_INTONATION	HP_ABNORMAL_INTONATION		50	-0.36394224	-0.8618819	0.67315173	0.8965841	1.0	400	tags=8%, list=4%, signal=8%	
HP_ABNORMAL_TISSUE_METABOLITE_CONCENTRATION	HP_ABNORMAL_TISSUE_METABOLITE_CONCENTRATION		170	-0.30335417	-0.86175114	0.8148148	0.89627725	1.0	629	tags=8%, list=6%, signal=8%	
GOMF_TRANSFERASE_ACTIVITY_TRANSFERRING_ALKYL_OR_ARYL_OTHER_THAN_METHYL_GROUPS	GOMF_TRANSFERASE_ACTIVITY_TRANSFERRING_ALKYL_OR_ARYL_OTHER_THAN_METHYL_GROUPS		40	-0.37091148	-0.86154115	0.61157024	0.89613175	1.0	489	tags=13%, list=5%, signal=13%	
GOBP_TOLL_LIKE_RECEPTOR_3_SIGNALING_PATHWAY	GOBP_TOLL_LIKE_RECEPTOR_3_SIGNALING_PATHWAY		18	-0.41956502	-0.86128724	0.6175439	0.896071	1.0	1188	tags=33%, list=11%, signal=38%	
GOBP_DIENCEPHALON_DEVELOPMENT	GOBP_DIENCEPHALON_DEVELOPMENT		16	-0.43106532	-0.86124974	0.6115108	0.8955556	1.0	591	tags=25%, list=6%, signal=26%	
GOMF_HEXOSYLTRANSFERASE_ACTIVITY	GOMF_HEXOSYLTRANSFERASE_ACTIVITY		101	-0.32299393	-0.86076707	0.75	0.89606696	1.0	634	tags=9%, list=6%, signal=9%	
HP_PROPTOSIS	HP_PROPTOSIS		176	-0.30255488	-0.8607349	0.7758621	0.89554876	1.0	466	tags=6%, list=4%, signal=6%	
GOBP_IMMUNE_SYSTEM_DEVELOPMENT	GOBP_IMMUNE_SYSTEM_DEVELOPMENT		135	-0.3215048	-0.8604878	0.7582418	0.8954903	1.0	691	tags=13%, list=7%, signal=14%	
GOBP_RECEPTOR_RECYCLING	GOBP_RECEPTOR_RECYCLING		29	-0.39271578	-0.8604536	0.5984849	0.89497644	1.0	31	tags=3%, list=0%, signal=3%	
GOBP_POSITIVE_REGULATION_OF_AUTOPHAGY	GOBP_POSITIVE_REGULATION_OF_AUTOPHAGY		117	-0.31577218	-0.86041594	0.7529412	0.8944816	1.0	1101	tags=19%, list=11%, signal=21%	
HP_ABDOMINAL_DISTENTION	HP_ABDOMINAL_DISTENTION		91	-0.3357088	-0.8602345	0.6814516	0.89428866	1.0	1860	tags=32%, list=18%, signal=38%	
HP_11_PAIRS_OF_RIBS	HP_11_PAIRS_OF_RIBS		24	-0.3999003	-0.86015147	0.6145038	0.8938991	1.0	42	tags=4%, list=0%, signal=4%	
HP_TELANGIECTASIA_OF_THE_SKIN	HP_TELANGIECTASIA_OF_THE_SKIN		59	-0.35116807	-0.8596899	0.65384614	0.8943617	1.0	448	tags=5%, list=4%, signal=5%	
GOBP_SMOOTHENED_SIGNALING_PATHWAY	GOBP_SMOOTHENED_SIGNALING_PATHWAY		78	-0.3415286	-0.8596702	0.69140625	0.89382195	1.0	132	tags=4%, list=1%, signal=4%	
HP_RECURRENT_FRACTURES	HP_RECURRENT_FRACTURES		77	-0.3475339	-0.85939074	0.6751055	0.89387774	1.0	897	tags=16%, list=9%, signal=17%	
HP_ABNORMAL_CARDIAC_VENTRICULAR_FUNCTION	HP_ABNORMAL_CARDIAC_VENTRICULAR_FUNCTION		76	-0.3428026	-0.8592677	0.69014084	0.89358026	1.0	431	tags=8%, list=4%, signal=8%	
GOCC_SPECIFIC_GRANULE_MEMBRANE	GOCC_SPECIFIC_GRANULE_MEMBRANE		74	-0.3440799	-0.8586433	0.6866953	0.89433795	1.0	546	tags=15%, list=5%, signal=16%	
HP_HYPERMETROPIA	HP_HYPERMETROPIA		160	-0.30488685	-0.8586042	0.7916667	0.8938468	1.0	1191	tags=16%, list=11%, signal=18%	
HP_ABNORMALITY_OF_THE_SHOULDER_GIRDLE_MUSCULATURE	HP_ABNORMALITY_OF_THE_SHOULDER_GIRDLE_MUSCULATURE		87	-0.3415565	-0.8576085	0.71291864	0.8953905	1.0	1151	tags=17%, list=11%, signal=19%	
GOMF_CARBOHYDRATE_TRANSMEMBRANE_TRANSPORTER_ACTIVITY	GOMF_CARBOHYDRATE_TRANSMEMBRANE_TRANSPORTER_ACTIVITY		15	-0.43012476	-0.8569021	0.61003864	0.8962687	1.0	999	tags=20%, list=10%, signal=22%	
GOBP_MUSCLE_CELL_APOPTOTIC_PROCESS	GOBP_MUSCLE_CELL_APOPTOTIC_PROCESS		36	-0.3722985	-0.8565371	0.63241106	0.89648426	1.0	629	tags=17%, list=6%, signal=18%	
HP_SECUNDUM_ATRIAL_SEPTAL_DEFECT	HP_SECUNDUM_ATRIAL_SEPTAL_DEFECT		27	-0.38811553	-0.8559112	0.58156025	0.8972339	1.0	472	tags=15%, list=5%, signal=15%	
HP_CEREBRAL_HYPOPLASIA	HP_CEREBRAL_HYPOPLASIA		45	-0.35811272	-0.8556344	0.66283524	0.8972591	1.0	511	tags=11%, list=5%, signal=12%	
GOCC_CLEAVAGE_FURROW	GOCC_CLEAVAGE_FURROW		31	-0.3822868	-0.855424	0.61454546	0.89710474	1.0	936	tags=19%, list=9%, signal=21%	
HP_FOCAL_TONIC_SEIZURE	HP_FOCAL_TONIC_SEIZURE		18	-0.40886453	-0.8551903	0.59717315	0.8970337	1.0	51	tags=6%, list=0%, signal=6%	
GOBP_HEART_VALVE_MORPHOGENESIS	GOBP_HEART_VALVE_MORPHOGENESIS		20	-0.40219963	-0.8534663	0.5979021	0.90018076	1.0	458	tags=20%, list=4%, signal=21%	
GOBP_POSITIVE_REGULATION_OF_PROTEIN_POLYMERIZATION	GOBP_POSITIVE_REGULATION_OF_PROTEIN_POLYMERIZATION		48	-0.36256805	-0.85341406	0.6502058	0.89971787	1.0	631	tags=15%, list=6%, signal=15%	
GOBP_REGULATION_OF_VIRAL_PROCESS	GOBP_REGULATION_OF_VIRAL_PROCESS		104	-0.31960213	-0.85334224	0.76616913	0.89930445	1.0	449	tags=11%, list=4%, signal=11%	
GOBP_EXPLORATION_BEHAVIOR	GOBP_EXPLORATION_BEHAVIOR		15	-0.42023674	-0.85323715	0.6271777	0.89897	1.0	259	tags=13%, list=2%, signal=14%	
GOBP_RESPONSE_TO_DSRNA	GOBP_RESPONSE_TO_DSRNA		24	-0.39894903	-0.8531677	0.60714287	0.8985525	1.0	555	tags=17%, list=5%, signal=18%	
HP_PROXIMAL_MUSCLE_WEAKNESS	HP_PROXIMAL_MUSCLE_WEAKNESS		155	-0.30335876	-0.85201323	0.77348065	0.9004028	1.0	458	tags=6%, list=4%, signal=6%	
GOBP_CELLULAR_RESPONSE_TO_ACID_CHEMICAL	GOBP_CELLULAR_RESPONSE_TO_ACID_CHEMICAL		50	-0.35794023	-0.851717	0.6557377	0.90042996	1.0	757	tags=12%, list=7%, signal=13%	
GOMF_PHOSPHOPROTEIN_PHOSPHATASE_ACTIVITY	GOMF_PHOSPHOPROTEIN_PHOSPHATASE_ACTIVITY		106	-0.32458583	-0.8511343	0.7285714	0.9010645	1.0	685	tags=11%, list=7%, signal=12%	
GOBP_NEGATIVE_REGULATION_OF_SMALL_GTPASE_MEDIATED_SIGNAL_TRANSDUCTION	GOBP_NEGATIVE_REGULATION_OF_SMALL_GTPASE_MEDIATED_SIGNAL_TRANSDUCTION		41	-0.36741453	-0.85012966	0.6547619	0.90259594	1.0	937	tags=22%, list=9%, signal=24%	
GOBP_MONOSACCHARIDE_METABOLIC_PROCESS	GOBP_MONOSACCHARIDE_METABOLIC_PROCESS		157	-0.30173835	-0.85007143	0.7777778	0.9021444	1.0	1039	tags=16%, list=10%, signal=17%	
HP_BRISK_REFLEXES	HP_BRISK_REFLEXES		75	-0.3349804	-0.8489839	0.6909091	0.90389353	1.0	351	tags=5%, list=3%, signal=5%	
HP_DRY_SKIN	HP_DRY_SKIN		118	-0.31295568	-0.8487834	0.7799043	0.9037231	1.0	715	tags=14%, list=7%, signal=14%	
HP_COMMUNICATING_HYDROCEPHALUS	HP_COMMUNICATING_HYDROCEPHALUS		20	-0.39756605	-0.8487285	0.62815887	0.9032675	1.0	584	tags=20%, list=6%, signal=21%	
GOBP_FATTY_ACID_BIOSYNTHETIC_PROCESS	GOBP_FATTY_ACID_BIOSYNTHETIC_PROCESS		94	-0.32976058	-0.8485843	0.7399103	0.90299773	1.0	374	tags=9%, list=4%, signal=9%	
GOBP_CARDIAC_CHAMBER_MORPHOGENESIS	GOBP_CARDIAC_CHAMBER_MORPHOGENESIS		42	-0.37021315	-0.8484455	0.69827586	0.9027015	1.0	495	tags=17%, list=5%, signal=17%	
HP_PROGRESSIVE_SPASTICITY	HP_PROGRESSIVE_SPASTICITY		20	-0.41175225	-0.84802455	0.6101695	0.902973	1.0	534	tags=10%, list=5%, signal=11%	
HP_HYPOCALCEMIA	HP_HYPOCALCEMIA		46	-0.3568124	-0.8478346	0.6768061	0.90278316	1.0	374	tags=11%, list=4%, signal=11%	
HP_CHOREOATHETOSIS	HP_CHOREOATHETOSIS		84	-0.34080288	-0.84764445	0.7288136	0.9025846	1.0	76	tags=4%, list=1%, signal=4%	
GOBP_MESODERM_DEVELOPMENT	GOBP_MESODERM_DEVELOPMENT		48	-0.3540032	-0.8474638	0.67755103	0.90238094	1.0	385	tags=8%, list=4%, signal=9%	
GOBP_EMBRYONIC_EPITHELIAL_TUBE_FORMATION	GOBP_EMBRYONIC_EPITHELIAL_TUBE_FORMATION		67	-0.34180495	-0.84718883	0.6877828	0.9024075	1.0	512	tags=9%, list=5%, signal=9%	
GOBP_ANTEROGRADE_AXONAL_TRANSPORT	GOBP_ANTEROGRADE_AXONAL_TRANSPORT		29	-0.37232646	-0.8471122	0.6492537	0.901987	1.0	893	tags=17%, list=9%, signal=19%	
HP_EXTERNAL_GENITAL_HYPOPLASIA	HP_EXTERNAL_GENITAL_HYPOPLASIA		282	-0.2787646	-0.8468109	0.92805755	0.9020397	1.0	591	tags=7%, list=6%, signal=7%	
GOBP_NEGATIVE_REGULATION_OF_LIPID_METABOLIC_PROCESS	GOBP_NEGATIVE_REGULATION_OF_LIPID_METABOLIC_PROCESS		43	-0.36547142	-0.8465034	0.634981	0.9020911	1.0	756	tags=14%, list=7%, signal=15%	
HP_DEVIATION_OF_THE_HAND_OR_OF_FINGERS_OF_THE_HAND	HP_DEVIATION_OF_THE_HAND_OR_OF_FINGERS_OF_THE_HAND		354	-0.27402854	-0.8463396	0.9574468	0.9018576	1.0	591	tags=8%, list=6%, signal=8%	
HP_ABNORMAL_FEMORAL_NECK_HEAD_MORPHOLOGY	HP_ABNORMAL_FEMORAL_NECK_HEAD_MORPHOLOGY		125	-0.31364965	-0.8463245	0.7945946	0.90131944	1.0	566	tags=6%, list=5%, signal=6%	
GOBP_ESTABLISHMENT_OF_PIGMENT_GRANULE_LOCALIZATION	GOBP_ESTABLISHMENT_OF_PIGMENT_GRANULE_LOCALIZATION		16	-0.41905525	-0.84520453	0.63503647	0.9030002	1.0	1490	tags=25%, list=14%, signal=29%	
GOBP_REGULATION_OF_SMOOTH_MUSCLE_CONTRACTION	GOBP_REGULATION_OF_SMOOTH_MUSCLE_CONTRACTION		17	-0.42581952	-0.84513	0.60553634	0.9025784	1.0	433	tags=18%, list=4%, signal=18%	
GOBP_FORMATION_OF_PRIMARY_GERM_LAYER	GOBP_FORMATION_OF_PRIMARY_GERM_LAYER		48	-0.35399413	-0.8446855	0.6473029	0.90294814	1.0	356	tags=10%, list=3%, signal=11%	
GOBP_MODULATION_BY_SYMBIONT_OF_ENTRY_INTO_HOST	GOBP_MODULATION_BY_SYMBIONT_OF_ENTRY_INTO_HOST		18	-0.41853356	-0.84459376	0.6459854	0.90257984	1.0	400	tags=22%, list=4%, signal=23%	
HP_ABNORMALITY_OF_THE_COAGULATION_CASCADE	HP_ABNORMALITY_OF_THE_COAGULATION_CASCADE		99	-0.31412932	-0.8443933	0.7641509	0.9024243	1.0	315	tags=6%, list=3%, signal=6%	
HP_MYOSITIS	HP_MYOSITIS		28	-0.37792853	-0.8441406	0.62357414	0.9023705	1.0	179	tags=11%, list=2%, signal=11%	
HP_LIMB_PAIN	HP_LIMB_PAIN		26	-0.39163283	-0.84381545	0.5677656	0.9024694	1.0	1231	tags=31%, list=12%, signal=35%	
GOBP_BIOLOGICAL_PROCESS_INVOLVED_IN_INTERACTION_WITH_HOST	GOBP_BIOLOGICAL_PROCESS_INVOLVED_IN_INTERACTION_WITH_HOST		103	-0.32860354	-0.8435547	0.7574257	0.90242666	1.0	684	tags=17%, list=7%, signal=19%	
GOBP_REGULATION_OF_MICROTUBULE_DEPOLYMERIZATION	GOBP_REGULATION_OF_MICROTUBULE_DEPOLYMERIZATION		18	-0.41548494	-0.84353125	0.6262976	0.9018981	1.0	1068	tags=28%, list=10%, signal=31%	
HP_OSTEOLYSIS	HP_OSTEOLYSIS		55	-0.35517535	-0.8434637	0.6822034	0.9014691	1.0	649	tags=16%, list=6%, signal=17%	
HP_DIFFUSE_WHITE_MATTER_ABNORMALITIES	HP_DIFFUSE_WHITE_MATTER_ABNORMALITIES		23	-0.38090873	-0.84283316	0.64748204	0.90219194	1.0	51	tags=4%, list=0%, signal=4%	
GOBP_REGULATION_OF_EXTRINSIC_APOPTOTIC_SIGNALING_PATHWAY_IN_ABSENCE_OF_LIGAND	GOBP_REGULATION_OF_EXTRINSIC_APOPTOTIC_SIGNALING_PATHWAY_IN_ABSENCE_OF_LIGAND		27	-0.38246372	-0.8423993	0.60638297	0.90250117	1.0	1180	tags=26%, list=11%, signal=29%	
GOCC_SARCOLEMMA	GOCC_SARCOLEMMA		50	-0.34868526	-0.84210885	0.67634857	0.9025066	1.0	505	tags=20%, list=5%, signal=21%	
GOBP_MRNA_EXPORT_FROM_NUCLEUS	GOBP_MRNA_EXPORT_FROM_NUCLEUS		59	-0.3411394	-0.8420642	0.7316017	0.9020254	1.0	404	tags=7%, list=4%, signal=7%	
GOMF_MITOGEN_ACTIVATED_PROTEIN_KINASE_BINDING	GOMF_MITOGEN_ACTIVATED_PROTEIN_KINASE_BINDING		21	-0.40269583	-0.84180427	0.6237288	0.90198576	1.0	264	tags=10%, list=3%, signal=10%	
GOBP_REGULATION_OF_AUTOPHAGOSOME_ASSEMBLY	GOBP_REGULATION_OF_AUTOPHAGOSOME_ASSEMBLY		41	-0.3700233	-0.8415636	0.67622954	0.90192914	1.0	917	tags=20%, list=9%, signal=21%	
GOBP_CELLULAR_RESPONSE_TO_FATTY_ACID	GOBP_CELLULAR_RESPONSE_TO_FATTY_ACID		17	-0.40164176	-0.8413293	0.6197183	0.90182555	1.0	439	tags=18%, list=4%, signal=18%	
HP_COXA_VALGA	HP_COXA_VALGA		67	-0.34174812	-0.841207	0.6913043	0.9015257	1.0	566	tags=7%, list=5%, signal=8%	
GOBP_REGULATION_OF_CHOLESTEROL_BIOSYNTHETIC_PROCESS	GOBP_REGULATION_OF_CHOLESTEROL_BIOSYNTHETIC_PROCESS		16	-0.40025893	-0.84077877	0.61694914	0.9018025	1.0	1537	tags=25%, list=15%, signal=29%	
GOBP_CILIUM_OR_FLAGELLUM_DEPENDENT_CELL_MOTILITY	GOBP_CILIUM_OR_FLAGELLUM_DEPENDENT_CELL_MOTILITY		79	-0.33757478	-0.8406668	0.70886075	0.901451	1.0	16	tags=1%, list=0%, signal=1%	
GOBP_CELLULAR_DEFENSE_RESPONSE	GOBP_CELLULAR_DEFENSE_RESPONSE		26	-0.3835502	-0.8404949	0.61627907	0.90123117	1.0	639	tags=23%, list=6%, signal=25%	
HP_ABNORMALITY_OF_THE_TESTIS_SIZE	HP_ABNORMALITY_OF_THE_TESTIS_SIZE		119	-0.3094797	-0.84046584	0.7982456	0.90072244	1.0	557	tags=7%, list=5%, signal=7%	
HP_METRORRHAGIA	HP_METRORRHAGIA		18	-0.3868751	-0.84036034	0.65156794	0.9003581	1.0	502	tags=17%, list=5%, signal=17%	
GOBP_EPITHELIAL_TO_MESENCHYMAL_TRANSITION	GOBP_EPITHELIAL_TO_MESENCHYMAL_TRANSITION		75	-0.33341897	-0.8395834	0.74319065	0.9013019	1.0	724	tags=13%, list=7%, signal=14%	
HP_ABNORMAL_RIGHT_VENTRICLE_MORPHOLOGY	HP_ABNORMAL_RIGHT_VENTRICLE_MORPHOLOGY		41	-0.35610905	-0.8392655	0.6551724	0.9013733	1.0	1009	tags=15%, list=10%, signal=16%	
HP_PROFOUND_INTELLECTUAL_DISABILITY	HP_PROFOUND_INTELLECTUAL_DISABILITY		75	-0.33703247	-0.8392591	0.73770493	0.90082973	1.0	614	tags=9%, list=6%, signal=10%	
HP_BOWING_OF_THE_ARM	HP_BOWING_OF_THE_ARM		21	-0.38715994	-0.83856976	0.6490566	0.90168756	1.0	567	tags=14%, list=5%, signal=15%	
GOBP_SYNAPTIC_TRANSMISSION_GLUTAMATERGIC	GOBP_SYNAPTIC_TRANSMISSION_GLUTAMATERGIC		30	-0.36816078	-0.83806235	0.63709676	0.90210783	1.0	973	tags=23%, list=9%, signal=26%	
HP_DELAYED_ERUPTION_OF_TEETH	HP_DELAYED_ERUPTION_OF_TEETH		103	-0.3156775	-0.837845	0.7702703	0.90195686	1.0	897	tags=17%, list=9%, signal=18%	
GOBP_ENDOSOME_ORGANIZATION	GOBP_ENDOSOME_ORGANIZATION		77	-0.33131456	-0.83772105	0.71363634	0.9016306	1.0	1392	tags=23%, list=13%, signal=27%	
HP_RESTING_TREMOR	HP_RESTING_TREMOR		38	-0.36478075	-0.8374714	0.655303	0.9015559	1.0	303	tags=8%, list=3%, signal=8%	
HP_LOWER_EXTREMITY_JOINT_DISLOCATION	HP_LOWER_EXTREMITY_JOINT_DISLOCATION		182	-0.28833738	-0.8367269	0.9111111	0.9024786	1.0	910	tags=9%, list=9%, signal=10%	
GOBP_VIRION_ASSEMBLY	GOBP_VIRION_ASSEMBLY		29	-0.37616256	-0.836351	0.6533865	0.90268004	1.0	1522	tags=28%, list=15%, signal=32%	
HP_ABNORMALITY_OF_THE_ELBOW	HP_ABNORMALITY_OF_THE_ELBOW		158	-0.2982133	-0.8362292	0.81005585	0.9023728	1.0	478	tags=6%, list=5%, signal=6%	
HP_ABNORMAL_NASOPHARYNX_MORPHOLOGY	HP_ABNORMAL_NASOPHARYNX_MORPHOLOGY		113	-0.30727276	-0.8360361	0.75706214	0.902188	1.0	510	tags=10%, list=5%, signal=10%	
GOBP_BLASTOCYST_DEVELOPMENT	GOBP_BLASTOCYST_DEVELOPMENT		67	-0.33790255	-0.8353899	0.75213677	0.90290976	1.0	423	tags=10%, list=4%, signal=11%	
HP_UPLIFTED_EARLOBE	HP_UPLIFTED_EARLOBE		16	-0.4139039	-0.8351327	0.6450512	0.90286314	1.0	512	tags=19%, list=5%, signal=20%	
GOBP_OLIGODENDROCYTE_DEVELOPMENT	GOBP_OLIGODENDROCYTE_DEVELOPMENT		24	-0.3852485	-0.83460385	0.69140625	0.9033948	1.0	761	tags=13%, list=7%, signal=13%	
HP_INCREASED_TOTAL_LEUKOCYTE_COUNT	HP_INCREASED_TOTAL_LEUKOCYTE_COUNT		76	-0.33552468	-0.83385307	0.75	0.90433055	1.0	554	tags=12%, list=5%, signal=12%	
GOMF_UBIQUITIN_LIKE_PROTEIN_CONJUGATING_ENZYME_ACTIVITY	GOMF_UBIQUITIN_LIKE_PROTEIN_CONJUGATING_ENZYME_ACTIVITY		33	-0.37939996	-0.833159	0.6571429	0.905165	1.0	68	tags=3%, list=1%, signal=3%	
HP_INCREASED_BODY_WEIGHT	HP_INCREASED_BODY_WEIGHT		235	-0.2836602	-0.83293784	0.94285715	0.9050317	1.0	910	tags=11%, list=9%, signal=12%	
GOBP_CENTRAL_NERVOUS_SYSTEM_NEURON_DEVELOPMENT	GOBP_CENTRAL_NERVOUS_SYSTEM_NEURON_DEVELOPMENT		30	-0.37074715	-0.8328537	0.6653226	0.9046285	1.0	512	tags=10%, list=5%, signal=10%	
HP_MALAISE	HP_MALAISE		26	-0.38241744	-0.83203983	0.6563574	0.9056659	1.0	1009	tags=35%, list=10%, signal=38%	
GOBP_SECRETION_BY_TISSUE	GOBP_SECRETION_BY_TISSUE		20	-0.3896011	-0.831948	0.6335617	0.9052974	1.0	715	tags=20%, list=7%, signal=21%	
GOBP_CILIUM_MOVEMENT	GOBP_CILIUM_MOVEMENT		89	-0.31511247	-0.83020204	0.73429954	0.9081894	1.0	16	tags=1%, list=0%, signal=1%	
GOBP_CHROMOSOME_LOCALIZATION	GOBP_CHROMOSOME_LOCALIZATION		102	-0.3163282	-0.8298072	0.77319586	0.90837353	1.0	562	tags=7%, list=5%, signal=7%	
GOBP_POSITIVE_REGULATION_OF_FILOPODIUM_ASSEMBLY	GOBP_POSITIVE_REGULATION_OF_FILOPODIUM_ASSEMBLY		17	-0.41460243	-0.82938755	0.64169383	0.90866023	1.0	150	tags=12%, list=1%, signal=12%	
HP_SHORT_THORAX	HP_SHORT_THORAX		27	-0.38545686	-0.82935035	0.6806723	0.9081646	1.0	1860	tags=30%, list=18%, signal=36%	
GOBP_RESPONSE_TO_COLD	GOBP_RESPONSE_TO_COLD		27	-0.3747002	-0.8290757	0.6628788	0.90816855	1.0	439	tags=22%, list=4%, signal=23%	
HP_ABNORMAL_LARYNX_MORPHOLOGY	HP_ABNORMAL_LARYNX_MORPHOLOGY		89	-0.32327467	-0.828968	0.74345547	0.9078214	1.0	472	tags=8%, list=5%, signal=8%	
GOBP_FC_GAMMA_RECEPTOR_SIGNALING_PATHWAY	GOBP_FC_GAMMA_RECEPTOR_SIGNALING_PATHWAY		24	-0.37782696	-0.8278684	0.6679245	0.9094006	1.0	910	tags=21%, list=9%, signal=23%	
HP_HYPOPLASIA_OF_PENIS	HP_HYPOPLASIA_OF_PENIS		214	-0.28189954	-0.8278561	0.89542484	0.90886074	1.0	591	tags=7%, list=6%, signal=8%	
GOBP_GLYCOPROTEIN_CATABOLIC_PROCESS	GOBP_GLYCOPROTEIN_CATABOLIC_PROCESS		26	-0.39107642	-0.8277605	0.64625853	0.9084762	1.0	1461	tags=46%, list=14%, signal=54%	
GOBP_RHO_PROTEIN_SIGNAL_TRANSDUCTION	GOBP_RHO_PROTEIN_SIGNAL_TRANSDUCTION		79	-0.32196984	-0.8275862	0.7387387	0.90824443	1.0	910	tags=20%, list=9%, signal=22%	
HP_MIDDLE_AGE_ONSET	HP_MIDDLE_AGE_ONSET		144	-0.30392987	-0.82701445	0.84745765	0.90877366	1.0	742	tags=11%, list=7%, signal=12%	
GOBP_NEGATIVE_REGULATION_OF_DNA_BIOSYNTHETIC_PROCESS	GOBP_NEGATIVE_REGULATION_OF_DNA_BIOSYNTHETIC_PROCESS		22	-0.38367173	-0.8265659	0.6507353	0.9091203	1.0	428	tags=14%, list=4%, signal=14%	
GOCC_CELL_DIVISION_SITE	GOCC_CELL_DIVISION_SITE		34	-0.36787996	-0.82637787	0.70342207	0.908901	1.0	936	tags=18%, list=9%, signal=19%	
HP_ORAL_PHARYNGEAL_DYSPHAGIA	HP_ORAL_PHARYNGEAL_DYSPHAGIA		25	-0.38100722	-0.82581	0.65267175	0.90944993	1.0	55	tags=4%, list=1%, signal=4%	
HP_GASTROESOPHAGEAL_REFLUX	HP_GASTROESOPHAGEAL_REFLUX		296	-0.27171275	-0.8256657	0.9338235	0.9091488	1.0	585	tags=8%, list=6%, signal=8%	
GOBP_REGULATION_OF_ORGANELLE_ASSEMBLY	GOBP_REGULATION_OF_ORGANELLE_ASSEMBLY		190	-0.28758505	-0.8253687	0.88461536	0.9091706	1.0	1289	tags=16%, list=12%, signal=18%	
HP_HIGH_HYPERMETROPIA	HP_HIGH_HYPERMETROPIA		41	-0.35630706	-0.82524806	0.7046263	0.9088464	1.0	1168	tags=22%, list=11%, signal=25%	
GOBP_CARDIAC_CHAMBER_DEVELOPMENT	GOBP_CARDIAC_CHAMBER_DEVELOPMENT		65	-0.3376562	-0.82477015	0.7605634	0.90922755	1.0	495	tags=12%, list=5%, signal=13%	
HP_NEOPLASM_OF_THE_SKIN	HP_NEOPLASM_OF_THE_SKIN		131	-0.30209866	-0.82458806	0.85465115	0.90901905	1.0	522	tags=7%, list=5%, signal=7%	
GOCC_CLATHRIN_COAT	GOCC_CLATHRIN_COAT		35	-0.36662817	-0.8237706	0.6787149	0.9100869	1.0	2113	tags=31%, list=20%, signal=39%	
HP_ABNORMAL_LUNG_DEVELOPMENT	HP_ABNORMAL_LUNG_DEVELOPMENT		112	-0.3095303	-0.8232627	0.8362069	0.91053414	1.0	304	tags=3%, list=3%, signal=3%	
GOMF_OXIDOREDUCTASE_ACTIVITY_ACTING_ON_NAD_P_H_QUINONE_OR_SIMILAR_COMPOUND_AS_ACCEPTOR	GOMF_OXIDOREDUCTASE_ACTIVITY_ACTING_ON_NAD_P_H_QUINONE_OR_SIMILAR_COMPOUND_AS_ACCEPTOR		15	-0.40260327	-0.8232512	0.6433824	0.9100062	1.0	863	tags=27%, list=8%, signal=29%	
HP_PROGRESSIVE_CEREBELLAR_ATAXIA	HP_PROGRESSIVE_CEREBELLAR_ATAXIA		41	-0.3554846	-0.82250154	0.68292683	0.9109082	1.0	1592	tags=34%, list=15%, signal=40%	
GOBP_COPII_COATED_VESICLE_BUDDING	GOBP_COPII_COATED_VESICLE_BUDDING		38	-0.3534611	-0.8224669	0.6741573	0.91042143	1.0	1020	tags=13%, list=10%, signal=15%	
GOBP_POSITIVE_REGULATION_OF_T_CELL_CYTOKINE_PRODUCTION	GOBP_POSITIVE_REGULATION_OF_T_CELL_CYTOKINE_PRODUCTION		17	-0.40085873	-0.8217257	0.6556777	0.91130495	1.0	67	tags=6%, list=1%, signal=6%	
HP_FOCAL_CLONIC_SEIZURE	HP_FOCAL_CLONIC_SEIZURE		20	-0.38228032	-0.8215875	0.66544116	0.9110068	1.0	351	tags=10%, list=3%, signal=10%	
HP_ABNORMALITY_OF_THE_PLANTAR_SKIN_OF_FOOT	HP_ABNORMALITY_OF_THE_PLANTAR_SKIN_OF_FOOT		88	-0.3215467	-0.8215203	0.8103448	0.91058296	1.0	431	tags=10%, list=4%, signal=11%	
GOBP_REGULATION_OF_IMMUNOGLOBULIN_PRODUCTION	GOBP_REGULATION_OF_IMMUNOGLOBULIN_PRODUCTION		43	-0.34743652	-0.82121694	0.68301886	0.910606	1.0	246	tags=9%, list=2%, signal=9%	
GOBP_EXTRACELLULAR_VESICLE_BIOGENESIS	GOBP_EXTRACELLULAR_VESICLE_BIOGENESIS		18	-0.39481723	-0.82091033	0.6619217	0.91065216	1.0	1392	tags=39%, list=13%, signal=45%	
HP_ABNORMALITY_OF_DENTAL_ERUPTION	HP_ABNORMALITY_OF_DENTAL_ERUPTION		137	-0.2946099	-0.820716	0.8636364	0.91045266	1.0	897	tags=15%, list=9%, signal=16%	
GOMF_STEROL_TRANSFER_ACTIVITY	GOMF_STEROL_TRANSFER_ACTIVITY		19	-0.39371124	-0.8205013	0.67375886	0.9102834	1.0	1991	tags=47%, list=19%, signal=58%	
GOBP_PLACENTA_DEVELOPMENT	GOBP_PLACENTA_DEVELOPMENT		74	-0.3340846	-0.8203362	0.7264151	0.9100426	1.0	629	tags=12%, list=6%, signal=13%	
HP_WHEEZING	HP_WHEEZING		21	-0.39487746	-0.8202888	0.67918086	0.9095808	1.0	702	tags=14%, list=7%, signal=15%	
HP_ABNORMAL_KNEE_MORPHOLOGY	HP_ABNORMAL_KNEE_MORPHOLOGY		232	-0.27587292	-0.81941813	0.9121622	0.91070616	1.0	512	tags=7%, list=5%, signal=8%	
HP_CORNEAL_OPACITY	HP_CORNEAL_OPACITY		143	-0.29331446	-0.819354	0.85507244	0.9103017	1.0	497	tags=8%, list=5%, signal=9%	
GOMF_PROMOTER_SPECIFIC_CHROMATIN_BINDING	GOMF_PROMOTER_SPECIFIC_CHROMATIN_BINDING		49	-0.3541131	-0.8192842	0.72064775	0.9098808	1.0	143	tags=4%, list=1%, signal=4%	
GOBP_POSITIVE_REGULATION_OF_MYELOID_LEUKOCYTE_DIFFERENTIATION	GOBP_POSITIVE_REGULATION_OF_MYELOID_LEUKOCYTE_DIFFERENTIATION		32	-0.3738875	-0.8189558	0.65637064	0.909969	1.0	307	tags=13%, list=3%, signal=13%	
GOBP_REGULATION_OF_INFLAMMATORY_RESPONSE_TO_ANTIGENIC_STIMULUS	GOBP_REGULATION_OF_INFLAMMATORY_RESPONSE_TO_ANTIGENIC_STIMULUS		28	-0.36016715	-0.8184981	0.65891474	0.91030735	1.0	973	tags=18%, list=9%, signal=20%	
HP_RECURRENT_LOWER_RESPIRATORY_TRACT_INFECTIONS	HP_RECURRENT_LOWER_RESPIRATORY_TRACT_INFECTIONS		146	-0.2957069	-0.81837445	0.8674033	0.9099777	1.0	691	tags=11%, list=7%, signal=12%	
HP_HEMOPHAGOCYTOSIS	HP_HEMOPHAGOCYTOSIS		16	-0.39642227	-0.8183057	0.6758621	0.9095712	1.0	641	tags=19%, list=6%, signal=20%	
GOBP_PROTEIN_LOCALIZATION_TO_CELL_SURFACE	GOBP_PROTEIN_LOCALIZATION_TO_CELL_SURFACE		36	-0.36820415	-0.8182928	0.62650603	0.90904564	1.0	1320	tags=22%, list=13%, signal=25%	
HP_ENLARGED_CISTERNA_MAGNA	HP_ENLARGED_CISTERNA_MAGNA		47	-0.3565057	-0.8176226	0.6460905	0.9097665	1.0	466	tags=13%, list=4%, signal=13%	
HP_MACULAR_DEGENERATION	HP_MACULAR_DEGENERATION		50	-0.33420587	-0.81707424	0.7294118	0.91022354	1.0	962	tags=14%, list=9%, signal=15%	
HP_LIMITATION_OF_JOINT_MOBILITY	HP_LIMITATION_OF_JOINT_MOBILITY		223	-0.276772	-0.8167278	0.9236111	0.9102881	1.0	915	tags=11%, list=9%, signal=12%	
GOBP_IMMUNE_RESPONSE_REGULATING_CELL_SURFACE_RECEPTOR_SIGNALING_PATHWAY_INVOLVED_IN_PHAGOCYTOSIS	GOBP_IMMUNE_RESPONSE_REGULATING_CELL_SURFACE_RECEPTOR_SIGNALING_PATHWAY_INVOLVED_IN_PHAGOCYTOSIS		18	-0.38952145	-0.8166847	0.6385965	0.9098262	1.0	1773	tags=39%, list=17%, signal=47%	
HP_MOTOR_POLYNEUROPATHY	HP_MOTOR_POLYNEUROPATHY		24	-0.3926423	-0.81663805	0.6597938	0.90935934	1.0	79	tags=4%, list=1%, signal=4%	
HP_ABNORMAL_CIRCULATING_FERRITIN_CONCENTRATION	HP_ABNORMAL_CIRCULATING_FERRITIN_CONCENTRATION		35	-0.37045676	-0.8163806	0.67948717	0.9093005	1.0	480	tags=14%, list=5%, signal=15%	
GOBP_VASOCONSTRICTION	GOBP_VASOCONSTRICTION		29	-0.3762126	-0.81628466	0.69721115	0.9089237	1.0	540	tags=10%, list=5%, signal=11%	
HP_RESPIRATORY_ARREST	HP_RESPIRATORY_ARREST		15	-0.396358	-0.8160154	0.6977612	0.90889275	1.0	374	tags=13%, list=4%, signal=14%	
GOBP_NEURAL_TUBE_FORMATION	GOBP_NEURAL_TUBE_FORMATION		63	-0.32779768	-0.81601083	0.749004	0.9083577	1.0	512	tags=8%, list=5%, signal=8%	
HP_ABNORMAL_TRICUSPID_VALVE_MORPHOLOGY	HP_ABNORMAL_TRICUSPID_VALVE_MORPHOLOGY		25	-0.3802296	-0.8159355	0.6619217	0.9079545	1.0	304	tags=8%, list=3%, signal=8%	
GOMF_SPECTRIN_BINDING	GOMF_SPECTRIN_BINDING		15	-0.39515862	-0.8156803	0.65124553	0.90789163	1.0	1238	tags=33%, list=12%, signal=38%	
GOMF_HYDROLASE_ACTIVITY_ACTING_ON_ESTER_BONDS	GOMF_HYDROLASE_ACTIVITY_ACTING_ON_ESTER_BONDS		401	-0.2599337	-0.81510913	0.98717946	0.9084369	1.0	709	tags=8%, list=7%, signal=8%	
GOBP_TISSUE_REMODELING	GOBP_TISSUE_REMODELING		79	-0.3252767	-0.81449646	0.80365294	0.90901846	1.0	715	tags=19%, list=7%, signal=20%	
HP_THIN_BONY_CORTEX	HP_THIN_BONY_CORTEX		15	-0.3964597	-0.81433815	0.6824324	0.908774	1.0	1700	tags=27%, list=16%, signal=32%	
HP_INTESTINAL_POLYP	HP_INTESTINAL_POLYP		36	-0.3629228	-0.8141585	0.6833977	0.9085698	1.0	172	tags=6%, list=2%, signal=6%	
GOBP_NEGATIVE_REGULATION_OF_CYTOPLASMIC_PATTERN_RECOGNITION_RECEPTOR_SIGNALING_PATHWAY	GOBP_NEGATIVE_REGULATION_OF_CYTOPLASMIC_PATTERN_RECOGNITION_RECEPTOR_SIGNALING_PATHWAY		44	-0.35236448	-0.8141383	0.7154471	0.90806496	1.0	524	tags=14%, list=5%, signal=14%	
GOBP_TUBE_FORMATION	GOBP_TUBE_FORMATION		75	-0.32796696	-0.8136943	0.7489362	0.9083316	1.0	512	tags=9%, list=5%, signal=10%	
HP_ARTHROGRYPOSIS_MULTIPLEX_CONGENITA	HP_ARTHROGRYPOSIS_MULTIPLEX_CONGENITA		71	-0.32411537	-0.8129918	0.77952754	0.9090724	1.0	671	tags=10%, list=6%, signal=10%	
GOBP_MORPHOGENESIS_OF_EMBRYONIC_EPITHELIUM	GOBP_MORPHOGENESIS_OF_EMBRYONIC_EPITHELIUM		73	-0.3267579	-0.81208456	0.7419355	0.91026163	1.0	567	tags=10%, list=5%, signal=10%	
HP_WEAKNESS_OF_FACIAL_MUSCULATURE	HP_WEAKNESS_OF_FACIAL_MUSCULATURE		128	-0.30505902	-0.811699	0.84324324	0.9104147	1.0	1142	tags=14%, list=11%, signal=16%	
GOBP_REGULATION_OF_CENTROSOME_CYCLE	GOBP_REGULATION_OF_CENTROSOME_CYCLE		50	-0.33789548	-0.81168574	0.74336284	0.90990376	1.0	511	tags=10%, list=5%, signal=10%	
HP_DYSDIADOCHOKINESIS	HP_DYSDIADOCHOKINESIS		38	-0.3577501	-0.81154174	0.66795367	0.9096229	1.0	922	tags=21%, list=9%, signal=23%	
GOMF_SNAP_RECEPTOR_ACTIVITY	GOMF_SNAP_RECEPTOR_ACTIVITY		30	-0.36298823	-0.8114176	0.68441063	0.9092974	1.0	1643	tags=23%, list=16%, signal=28%	
HP_HYPOPLASIA_OF_THE_ZYGOMATIC_BONE	HP_HYPOPLASIA_OF_THE_ZYGOMATIC_BONE		28	-0.36244172	-0.81093234	0.69201523	0.9096566	1.0	910	tags=14%, list=9%, signal=16%	
HP_ABNORMAL_CIRCULATING_INTERFERON_CONCENTRATION	HP_ABNORMAL_CIRCULATING_INTERFERON_CONCENTRATION		19	-0.3852303	-0.8103573	0.64528304	0.9102455	1.0	315	tags=11%, list=3%, signal=11%	
GOBP_POSITIVE_REGULATION_OF_NEURON_APOPTOTIC_PROCESS	GOBP_POSITIVE_REGULATION_OF_NEURON_APOPTOTIC_PROCESS		38	-0.3537616	-0.81034887	0.7222222	0.9097198	1.0	993	tags=24%, list=10%, signal=26%	
HP_CONSTRICTION_OF_PERIPHERAL_VISUAL_FIELD	HP_CONSTRICTION_OF_PERIPHERAL_VISUAL_FIELD		80	-0.31819806	-0.8099499	0.8262911	0.9099169	1.0	962	tags=10%, list=9%, signal=11%	
GOBP_RESPONSE_TO_ANTIBIOTIC	GOBP_RESPONSE_TO_ANTIBIOTIC		25	-0.36422893	-0.80956274	0.6756757	0.91005325	1.0	973	tags=28%, list=9%, signal=31%	
HP_RESTLESSNESS	HP_RESTLESSNESS		47	-0.35516986	-0.8094917	0.6988417	0.90964484	1.0	607	tags=15%, list=6%, signal=16%	
HP_BROAD_LONG_BONES	HP_BROAD_LONG_BONES		78	-0.32678023	-0.8092291	0.71489364	0.9095786	1.0	51	tags=3%, list=0%, signal=3%	
GOCC_TERTIARY_GRANULE_MEMBRANE	GOCC_TERTIARY_GRANULE_MEMBRANE		57	-0.3288772	-0.80921376	0.7340824	0.9090617	1.0	854	tags=18%, list=8%, signal=19%	
GOBP_NEGATIVE_REGULATION_OF_MACROAUTOPHAGY	GOBP_NEGATIVE_REGULATION_OF_MACROAUTOPHAGY		29	-0.36226383	-0.8091387	0.72064775	0.9086638	1.0	852	tags=17%, list=8%, signal=19%	
HP_OBESITY	HP_OBESITY		189	-0.28342474	-0.80911225	0.9130435	0.90817803	1.0	697	tags=8%, list=7%, signal=8%	
GOBP_SMOOTH_MUSCLE_CONTRACTION	GOBP_SMOOTH_MUSCLE_CONTRACTION		35	-0.35807243	-0.8089435	0.72246695	0.9079592	1.0	433	tags=11%, list=4%, signal=12%	
GOBP_POSITIVE_REGULATION_OF_PROTEASOMAL_UBIQUITIN_DEPENDENT_PROTEIN_CATABOLIC_PROCESS	GOBP_POSITIVE_REGULATION_OF_PROTEASOMAL_UBIQUITIN_DEPENDENT_PROTEIN_CATABOLIC_PROCESS		56	-0.34201807	-0.80866504	0.7593985	0.90795684	1.0	886	tags=18%, list=8%, signal=19%	
GOBP_TRANSMISSION_OF_NERVE_IMPULSE	GOBP_TRANSMISSION_OF_NERVE_IMPULSE		18	-0.40002325	-0.80791545	0.6666667	0.90870774	1.0	1401	tags=33%, list=13%, signal=38%	
HP_ABNORMAL_FEMORAL_HEAD_MORPHOLOGY	HP_ABNORMAL_FEMORAL_HEAD_MORPHOLOGY		49	-0.3522264	-0.8069514	0.74358976	0.9098674	1.0	566	tags=6%, list=5%, signal=6%	
GOCC_TRANS_GOLGI_NETWORK_TRANSPORT_VESICLE	GOCC_TRANS_GOLGI_NETWORK_TRANSPORT_VESICLE		32	-0.3660085	-0.8066739	0.67729086	0.90980655	1.0	515	tags=13%, list=5%, signal=13%	
GOBP_NEGATIVE_REGULATION_OF_LIPID_BIOSYNTHETIC_PROCESS	GOBP_NEGATIVE_REGULATION_OF_LIPID_BIOSYNTHETIC_PROCESS		28	-0.3592139	-0.8066343	0.68871593	0.9093539	1.0	756	tags=18%, list=7%, signal=19%	
GOBP_VIRAL_BUDDING	GOBP_VIRAL_BUDDING		22	-0.38076243	-0.80604976	0.68110234	0.9098609	1.0	1392	tags=27%, list=13%, signal=31%	
GOBP_EXIT_FROM_MITOSIS	GOBP_EXIT_FROM_MITOSIS		23	-0.37072423	-0.80510557	0.7084746	0.9110243	1.0	294	tags=9%, list=3%, signal=9%	
GOBP_INTRACELLULAR_IRON_ION_HOMEOSTASIS	GOBP_INTRACELLULAR_IRON_ION_HOMEOSTASIS		38	-0.36532763	-0.80484957	0.71153843	0.9109385	1.0	277	tags=11%, list=3%, signal=11%	
GOMF_FAD_BINDING	GOMF_FAD_BINDING		27	-0.35792798	-0.80478257	0.7	0.9105245	1.0	792	tags=15%, list=8%, signal=16%	
GOBP_REGULATION_OF_PROTEIN_TARGETING_TO_MEMBRANE	GOBP_REGULATION_OF_PROTEIN_TARGETING_TO_MEMBRANE		18	-0.38186327	-0.8046024	0.7269737	0.91031915	1.0	1416	tags=33%, list=14%, signal=38%	
HP_PREMATURELY_AGED_APPEARANCE	HP_PREMATURELY_AGED_APPEARANCE		116	-0.30356097	-0.80285794	0.84263957	0.912888	1.0	691	tags=9%, list=7%, signal=10%	
HP_WEAKNESS_OF_MUSCLES_OF_RESPIRATION	HP_WEAKNESS_OF_MUSCLES_OF_RESPIRATION		61	-0.33367035	-0.8022985	0.74583334	0.91336274	1.0	332	tags=3%, list=3%, signal=3%	
GOBP_PROTEIN_O_LINKED_GLYCOSYLATION	GOBP_PROTEIN_O_LINKED_GLYCOSYLATION		88	-0.30846104	-0.8017965	0.82539684	0.9136916	1.0	740	tags=9%, list=7%, signal=10%	
HP_SKIN_PIT	HP_SKIN_PIT		40	-0.35982707	-0.80099803	0.72761196	0.91458154	1.0	522	tags=10%, list=5%, signal=10%	
HP_EEG_WITH_SPIKE_WAVE_COMPLEXES	HP_EEG_WITH_SPIKE_WAVE_COMPLEXES		43	-0.34393194	-0.80097616	0.7234849	0.9140783	1.0	487	tags=9%, list=5%, signal=10%	
HP_ANOPHTHALMIA	HP_ANOPHTHALMIA		36	-0.35808772	-0.8004858	0.6887967	0.9144027	1.0	143	tags=6%, list=1%, signal=6%	
HP_ESOPHAGITIS	HP_ESOPHAGITIS		27	-0.37599754	-0.800226	0.6641791	0.9142992	1.0	566	tags=19%, list=5%, signal=20%	
HP_MALIGNANT_NEOPLASM_OF_THE_CENTRAL_NERVOUS_SYSTEM	HP_MALIGNANT_NEOPLASM_OF_THE_CENTRAL_NERVOUS_SYSTEM		60	-0.32197374	-0.80020946	0.75107294	0.9137921	1.0	1016	tags=17%, list=10%, signal=18%	
GOBP_POSITIVE_REGULATION_OF_AMIDE_METABOLIC_PROCESS	GOBP_POSITIVE_REGULATION_OF_AMIDE_METABOLIC_PROCESS		17	-0.385058	-0.7999133	0.66433567	0.9137534	1.0	66	tags=6%, list=1%, signal=6%	
GOBP_POSITIVE_REGULATION_OF_CELL_SUBSTRATE_JUNCTION_ORGANIZATION	GOBP_POSITIVE_REGULATION_OF_CELL_SUBSTRATE_JUNCTION_ORGANIZATION		18	-0.39083332	-0.7996833	0.675	0.9136009	1.0	335	tags=11%, list=3%, signal=11%	
GOMF_METALLOENDOPEPTIDASE_ACTIVITY	GOMF_METALLOENDOPEPTIDASE_ACTIVITY		32	-0.3505082	-0.7990434	0.6630037	0.91424006	1.0	684	tags=16%, list=7%, signal=17%	
GOBP_RIBOSOME_ASSOCIATED_UBIQUITIN_DEPENDENT_PROTEIN_CATABOLIC_PROCESS	GOBP_RIBOSOME_ASSOCIATED_UBIQUITIN_DEPENDENT_PROTEIN_CATABOLIC_PROCESS		15	-0.3777925	-0.79827917	0.66555184	0.9150632	1.0	1772	tags=47%, list=17%, signal=56%	
GOBP_REGULATION_OF_NEUROTRANSMITTER_SECRETION	GOBP_REGULATION_OF_NEUROTRANSMITTER_SECRETION		37	-0.35133788	-0.79822713	0.72302157	0.9146062	1.0	591	tags=16%, list=6%, signal=17%	
HP_HIP_DISLOCATION	HP_HIP_DISLOCATION		151	-0.29079756	-0.79822713	0.89071035	0.9140736	1.0	281	tags=3%, list=3%, signal=3%	
GOBP_CALCIUM_ION_TRANSMEMBRANE_IMPORT_INTO_CYTOSOL	GOBP_CALCIUM_ION_TRANSMEMBRANE_IMPORT_INTO_CYTOSOL		67	-0.32295567	-0.7976587	0.77959186	0.9145459	1.0	993	tags=21%, list=10%, signal=23%	
HP_URINARY_INCONTINENCE	HP_URINARY_INCONTINENCE		88	-0.3139399	-0.79695576	0.81407034	0.9152482	1.0	611	tags=9%, list=6%, signal=10%	
GOMF_SNRNA_BINDING	GOMF_SNRNA_BINDING		44	-0.3330571	-0.7969307	0.7480315	0.9147588	1.0	831	tags=11%, list=8%, signal=12%	
GOBP_POSITIVE_REGULATION_OF_VIRAL_GENOME_REPLICATION	GOBP_POSITIVE_REGULATION_OF_VIRAL_GENOME_REPLICATION		23	-0.37235707	-0.796287	0.7077465	0.91535276	1.0	46	tags=4%, list=0%, signal=4%	
HP_BILATERAL_SINGLE_TRANSVERSE_PALMAR_CREASES	HP_BILATERAL_SINGLE_TRANSVERSE_PALMAR_CREASES		38	-0.34326336	-0.79583585	0.7160494	0.9156285	1.0	42	tags=3%, list=0%, signal=3%	
GOBP_CARTILAGE_DEVELOPMENT	GOBP_CARTILAGE_DEVELOPMENT		78	-0.3193224	-0.7956011	0.7874396	0.91547215	1.0	468	tags=13%, list=4%, signal=13%	
GOBP_SENSORY_PERCEPTION_OF_MECHANICAL_STIMULUS	GOBP_SENSORY_PERCEPTION_OF_MECHANICAL_STIMULUS		60	-0.34041312	-0.7953703	0.78431374	0.9153555	1.0	235	tags=8%, list=2%, signal=8%	
GOBP_GASTRULATION	GOBP_GASTRULATION		79	-0.32215866	-0.7951892	0.8305785	0.9151537	1.0	356	tags=9%, list=3%, signal=9%	
GOBP_MODIFIED_AMINO_ACID_TRANSPORT	GOBP_MODIFIED_AMINO_ACID_TRANSPORT		21	-0.37505046	-0.7951099	0.7067669	0.914769	1.0	721	tags=19%, list=7%, signal=20%	
HP_FINE_HAIR	HP_FINE_HAIR		50	-0.3327575	-0.7940418	0.764	0.9161353	1.0	580	tags=8%, list=6%, signal=8%	
HP_ABNORMALITY_OF_THE_MUSCULATURE_OF_THE_LOWER_LIMBS	HP_ABNORMALITY_OF_THE_MUSCULATURE_OF_THE_LOWER_LIMBS		65	-0.32291254	-0.79371524	0.8237885	0.9161797	1.0	629	tags=8%, list=6%, signal=8%	
HP_TETRALOGY_OF_FALLOT	HP_TETRALOGY_OF_FALLOT		100	-0.30437297	-0.7934174	0.8695652	0.91613376	1.0	512	tags=7%, list=5%, signal=7%	
GOBP_CYTOSOLIC_TRANSPORT	GOBP_CYTOSOLIC_TRANSPORT		103	-0.300189	-0.7926288	0.9170507	0.91698104	1.0	1222	tags=19%, list=12%, signal=22%	
HP_ABNORMALITY_OF_FACIAL_MUSCULATURE	HP_ABNORMALITY_OF_FACIAL_MUSCULATURE		186	-0.28084582	-0.7924819	0.9074074	0.91671515	1.0	1142	tags=15%, list=11%, signal=16%	
HP_HAND_CLENCHING	HP_HAND_CLENCHING		21	-0.37158853	-0.79190874	0.7016949	0.9171515	1.0	47	tags=5%, list=0%, signal=5%	
HP_ABNORMAL_FEMUR_MORPHOLOGY	HP_ABNORMAL_FEMUR_MORPHOLOGY		193	-0.2694003	-0.7917613	0.9488636	0.9168771	1.0	692	tags=8%, list=7%, signal=8%	
GOBP_PERIPHERAL_NERVOUS_SYSTEM_DEVELOPMENT	GOBP_PERIPHERAL_NERVOUS_SYSTEM_DEVELOPMENT		36	-0.34693745	-0.7912777	0.76666665	0.9171655	1.0	39	tags=3%, list=0%, signal=3%	
HP_SOFT_TISSUE_SARCOMA	HP_SOFT_TISSUE_SARCOMA		73	-0.3255379	-0.79112417	0.8333333	0.916896	1.0	961	tags=14%, list=9%, signal=15%	
HP_ABNORMAL_CIRCULATING_IGA_CONCENTRATION	HP_ABNORMAL_CIRCULATING_IGA_CONCENTRATION		79	-0.31192482	-0.79108524	0.85	0.91643775	1.0	868	tags=13%, list=8%, signal=14%	
HP_ABNORMAL_ENCHONDRAL_OSSIFICATION	HP_ABNORMAL_ENCHONDRAL_OSSIFICATION		77	-0.3140714	-0.7909185	0.79452056	0.91618735	1.0	1050	tags=13%, list=10%, signal=14%	
HP_EEG_WITH_GENERALIZED_SLOW_ACTIVITY	HP_EEG_WITH_GENERALIZED_SLOW_ACTIVITY		18	-0.37833202	-0.78951424	0.68093383	0.91803765	1.0	417	tags=11%, list=4%, signal=12%	
HP_STRIAE_DISTENSAE	HP_STRIAE_DISTENSAE		21	-0.37733346	-0.7891049	0.7242647	0.9182442	1.0	99	tags=5%, list=1%, signal=5%	
GOBP_ENDODERM_DEVELOPMENT	GOBP_ENDODERM_DEVELOPMENT		32	-0.35628927	-0.7886951	0.6872428	0.9183982	1.0	356	tags=9%, list=3%, signal=10%	
GOMF_CHROMATIN_PROTEIN_ADAPTOR_ACTIVITY	GOMF_CHROMATIN_PROTEIN_ADAPTOR_ACTIVITY		94	-0.3026562	-0.7883194	0.85294116	0.9184785	1.0	358	tags=3%, list=3%, signal=3%	
HP_ABNORMAL_MACULAR_MORPHOLOGY	HP_ABNORMAL_MACULAR_MORPHOLOGY		127	-0.28461236	-0.7879009	0.8872549	0.9186842	1.0	982	tags=13%, list=9%, signal=14%	
HP_HYPERPARATHYROIDISM	HP_HYPERPARATHYROIDISM		19	-0.37282273	-0.7876885	0.6819788	0.9185238	1.0	1232	tags=32%, list=12%, signal=36%	
GOBP_NEGATIVE_REGULATION_OF_MONONUCLEAR_CELL_MIGRATION	GOBP_NEGATIVE_REGULATION_OF_MONONUCLEAR_CELL_MIGRATION		18	-0.37333834	-0.7876815	0.6628788	0.9180183	1.0	152	tags=11%, list=1%, signal=11%	
HP_SYNOSTOSIS_INVOLVING_BONES_OF_THE_FEET	HP_SYNOSTOSIS_INVOLVING_BONES_OF_THE_FEET		15	-0.39000627	-0.78767884	0.6989247	0.9174977	1.0	1050	tags=20%, list=10%, signal=22%	
GOBP_EMBRYONIC_PLACENTA_DEVELOPMENT	GOBP_EMBRYONIC_PLACENTA_DEVELOPMENT		43	-0.3409381	-0.78761584	0.7590361	0.91707563	1.0	277	tags=7%, list=3%, signal=7%	
GOBP_NEGATIVE_REGULATION_OF_PROTEIN_CONTAINING_COMPLEX_DISASSEMBLY	GOBP_NEGATIVE_REGULATION_OF_PROTEIN_CONTAINING_COMPLEX_DISASSEMBLY		46	-0.33135653	-0.7874355	0.7578125	0.9168673	1.0	1259	tags=35%, list=12%, signal=39%	
HP_ELEVATED_CIRCULATING_ASPARTATE_AMINOTRANSFERASE_CONCENTRATION	HP_ELEVATED_CIRCULATING_ASPARTATE_AMINOTRANSFERASE_CONCENTRATION		62	-0.32074124	-0.7873308	0.7777778	0.9165186	1.0	23	tags=2%, list=0%, signal=2%	
HP_LUPUS_NEPHRITIS	HP_LUPUS_NEPHRITIS		17	-0.37921083	-0.7871855	0.67346936	0.9162196	1.0	434	tags=24%, list=4%, signal=25%	
GOBP_POSITIVE_REGULATION_OF_PROTEIN_TARGETING_TO_MEMBRANE	GOBP_POSITIVE_REGULATION_OF_PROTEIN_TARGETING_TO_MEMBRANE		17	-0.38356745	-0.7870624	0.70567375	0.9159027	1.0	1416	tags=35%, list=14%, signal=41%	
GOBP_P38MAPK_CASCADE	GOBP_P38MAPK_CASCADE		35	-0.3505595	-0.78621966	0.7051793	0.916786	1.0	403	tags=14%, list=4%, signal=15%	
HP_KERATOSIS_PILARIS	HP_KERATOSIS_PILARIS		19	-0.3787267	-0.7862092	0.7235495	0.91628253	1.0	92	tags=5%, list=1%, signal=5%	
GOCC_PHAGOPHORE_ASSEMBLY_SITE_MEMBRANE	GOCC_PHAGOPHORE_ASSEMBLY_SITE_MEMBRANE		16	-0.37914434	-0.7860584	0.7032967	0.9160401	1.0	449	tags=13%, list=4%, signal=13%	
HP_THORACIC_HYPOPLASIA	HP_THORACIC_HYPOPLASIA		85	-0.31139684	-0.7857054	0.80088496	0.91610473	1.0	423	tags=4%, list=4%, signal=4%	
HP_ABNORMALITY_OF_SKELETAL_MUSCLE_FIBER_SIZE	HP_ABNORMALITY_OF_SKELETAL_MUSCLE_FIBER_SIZE		66	-0.33238313	-0.78482604	0.81702125	0.91704947	1.0	789	tags=12%, list=8%, signal=13%	
HP_ASTROCYTOSIS	HP_ASTROCYTOSIS		17	-0.3792006	-0.7846876	0.6866197	0.91675025	1.0	417	tags=12%, list=4%, signal=12%	
HP_RENAL_CYST	HP_RENAL_CYST		162	-0.27889976	-0.7846514	0.89325845	0.91628987	1.0	1050	tags=12%, list=10%, signal=13%	
GOCC_GOLGI_CIS_CISTERNA	GOCC_GOLGI_CIS_CISTERNA		15	-0.3789046	-0.78414994	0.6968641	0.9166198	1.0	1935	tags=33%, list=19%, signal=41%	
HP_ABNORMALITY_OF_THE_KNEE	HP_ABNORMALITY_OF_THE_KNEE		265	-0.26001635	-0.78404254	0.96428573	0.91628563	1.0	512	tags=7%, list=5%, signal=7%	
HP_LIMB_MUSCLE_WEAKNESS	HP_LIMB_MUSCLE_WEAKNESS		217	-0.26688778	-0.78352827	0.95683455	0.91662973	1.0	487	tags=6%, list=5%, signal=6%	
HP_APLASIA_HYPOPLASIA_AFFECTING_THE_FUNDUS	HP_APLASIA_HYPOPLASIA_AFFECTING_THE_FUNDUS		82	-0.30879498	-0.78335196	0.8135593	0.91637266	1.0	429	tags=6%, list=4%, signal=6%	
HP_HIRSUTISM	HP_HIRSUTISM		141	-0.28544542	-0.7830637	0.8787879	0.9163781	1.0	694	tags=8%, list=7%, signal=8%	
HP_ABNORMAL_PUPILLARY_FUNCTION	HP_ABNORMAL_PUPILLARY_FUNCTION		47	-0.32650328	-0.7825028	0.7719298	0.9167594	1.0	993	tags=17%, list=10%, signal=19%	
HP_ANTINUCLEAR_ANTIBODY_POSITIVITY	HP_ANTINUCLEAR_ANTIBODY_POSITIVITY		43	-0.33148456	-0.7822534	0.7346154	0.91665053	1.0	1310	tags=26%, list=13%, signal=29%	
GOBP_POSITIVE_REGULATION_OF_SMOOTHENED_SIGNALING_PATHWAY	GOBP_POSITIVE_REGULATION_OF_SMOOTHENED_SIGNALING_PATHWAY		19	-0.37454012	-0.7814772	0.702509	0.9173942	1.0	1009	tags=16%, list=10%, signal=17%	
GOBP_DEPHOSPHORYLATION	GOBP_DEPHOSPHORYLATION		86	-0.3154601	-0.7814535	0.8340249	0.9169166	1.0	961	tags=13%, list=9%, signal=14%	
HP_ABNORMAL_CIRCULATING_FOLLICLE_STIMULATING_HORMONE_CONCENTRATION	HP_ABNORMAL_CIRCULATING_FOLLICLE_STIMULATING_HORMONE_CONCENTRATION		40	-0.3425172	-0.7804368	0.79133856	0.91805404	1.0	241	tags=5%, list=2%, signal=5%	
GOBP_POSITIVE_REGULATION_OF_INSULIN_SECRETION_INVOLVED_IN_CELLULAR_RESPONSE_TO_GLUCOSE_STIMULUS	GOBP_POSITIVE_REGULATION_OF_INSULIN_SECRETION_INVOLVED_IN_CELLULAR_RESPONSE_TO_GLUCOSE_STIMULUS		18	-0.3632764	-0.7803883	0.6768061	0.9176113	1.0	1467	tags=33%, list=14%, signal=39%	
HP_ABNORMAL_STOMACH_MORPHOLOGY	HP_ABNORMAL_STOMACH_MORPHOLOGY		166	-0.27517006	-0.779955	0.9528796	0.9178163	1.0	1016	tags=16%, list=10%, signal=18%	
GOBP_NEUROTRANSMITTER_SECRETION	GOBP_NEUROTRANSMITTER_SECRETION		66	-0.3250937	-0.77992755	0.79820627	0.9173403	1.0	614	tags=12%, list=6%, signal=13%	
HP_AZOOSPERMIA	HP_AZOOSPERMIA		63	-0.32386595	-0.7792054	0.7975708	0.9180035	1.0	143	tags=5%, list=1%, signal=5%	
GOBP_MESENCHYME_MORPHOGENESIS	GOBP_MESENCHYME_MORPHOGENESIS		19	-0.3657126	-0.77919984	0.69056606	0.9174961	1.0	442	tags=16%, list=4%, signal=16%	
HP_EXCESSIVE_WRINKLED_SKIN	HP_EXCESSIVE_WRINKLED_SKIN		26	-0.35478696	-0.7786261	0.74725276	0.9178887	1.0	634	tags=15%, list=6%, signal=16%	
HP_HYDROCELE_TESTIS	HP_HYDROCELE_TESTIS		22	-0.36344305	-0.7782004	0.7234849	0.91808003	1.0	1109	tags=14%, list=11%, signal=15%	
GOCC_LIPID_DROPLET	GOCC_LIPID_DROPLET		64	-0.32062942	-0.77813655	0.80753136	0.9176811	1.0	863	tags=11%, list=8%, signal=12%	
HP_DISTAL_MUSCLE_WEAKNESS	HP_DISTAL_MUSCLE_WEAKNESS		144	-0.28378022	-0.77792794	0.9297297	0.91749114	1.0	497	tags=7%, list=5%, signal=7%	
GOBP_REGULATION_OF_PROTEIN_TARGETING	GOBP_REGULATION_OF_PROTEIN_TARGETING		50	-0.33993205	-0.77707195	0.7886179	0.91842425	1.0	475	tags=12%, list=5%, signal=13%	
GOCC_PML_BODY	GOCC_PML_BODY		80	-0.29520646	-0.77706313	0.8491379	0.9179233	1.0	452	tags=6%, list=4%, signal=6%	
HP_RETINAL_COLOBOMA	HP_RETINAL_COLOBOMA		21	-0.37267938	-0.77681035	0.7173145	0.91781956	1.0	591	tags=14%, list=6%, signal=15%	
GOBP_GLYCOSAMINOGLYCAN_METABOLIC_PROCESS	GOBP_GLYCOSAMINOGLYCAN_METABOLIC_PROCESS		29	-0.34982818	-0.77373743	0.7286245	0.92220944	1.0	525	tags=10%, list=5%, signal=11%	
HP_EXOCRINE_PANCREATIC_INSUFFICIENCY	HP_EXOCRINE_PANCREATIC_INSUFFICIENCY		39	-0.34507352	-0.7730984	0.7777778	0.92271954	1.0	579	tags=23%, list=6%, signal=24%	
GOBP_REGULATION_OF_CELL_SIZE	GOBP_REGULATION_OF_CELL_SIZE		79	-0.3011664	-0.77306724	0.84018266	0.92226034	1.0	480	tags=5%, list=5%, signal=5%	
GOBP_ENDOPLASMIC_RETICULUM_TUBULAR_NETWORK_ORGANIZATION	GOBP_ENDOPLASMIC_RETICULUM_TUBULAR_NETWORK_ORGANIZATION		15	-0.36995727	-0.7729643	0.7366548	0.9218959	1.0	1865	tags=33%, list=18%, signal=41%	
GOBP_REGULATION_OF_EXOCYTOSIS	GOBP_REGULATION_OF_EXOCYTOSIS		84	-0.3002366	-0.77271426	0.8443396	0.92179644	1.0	641	tags=15%, list=6%, signal=16%	
GOBP_PLATELET_DERIVED_GROWTH_FACTOR_RECEPTOR_SIGNALING_PATHWAY	GOBP_PLATELET_DERIVED_GROWTH_FACTOR_RECEPTOR_SIGNALING_PATHWAY		32	-0.34336358	-0.77262396	0.725	0.92140824	1.0	588	tags=16%, list=6%, signal=17%	
HP_FRECKLING	HP_FRECKLING		34	-0.3498138	-0.7724016	0.73333335	0.9212347	1.0	530	tags=12%, list=5%, signal=12%	
HP_ABNORMAL_SELLA_TURCICA_MORPHOLOGY	HP_ABNORMAL_SELLA_TURCICA_MORPHOLOGY		28	-0.35004976	-0.7717742	0.7338129	0.92170167	1.0	1511	tags=25%, list=14%, signal=29%	
HP_SCAPULAR_WINGING	HP_SCAPULAR_WINGING		61	-0.31753373	-0.77162087	0.8295964	0.92142326	1.0	417	tags=5%, list=4%, signal=5%	
HP_ABNORMAL_NEURON_MORPHOLOGY	HP_ABNORMAL_NEURON_MORPHOLOGY		62	-0.30727962	-0.7715887	0.82377046	0.9209522	1.0	417	tags=8%, list=4%, signal=8%	
GOBP_LIPID_CATABOLIC_PROCESS	GOBP_LIPID_CATABOLIC_PROCESS		171	-0.27515513	-0.77115273	0.9520958	0.9210943	1.0	998	tags=14%, list=10%, signal=15%	
HP_APLASIA_HYPOPLASIA_OF_THE_FEMUR	HP_APLASIA_HYPOPLASIA_OF_THE_FEMUR		40	-0.33466542	-0.771083	0.7710843	0.92070186	1.0	42	tags=3%, list=0%, signal=3%	
HP_PES_PLANUS	HP_PES_PLANUS		230	-0.2598038	-0.7710235	0.972973	0.92027897	1.0	211	tags=3%, list=2%, signal=3%	
HP_UPPER_LIMB_MUSCLE_WEAKNESS	HP_UPPER_LIMB_MUSCLE_WEAKNESS		98	-0.29203543	-0.77074516	0.8888889	0.92019457	1.0	458	tags=5%, list=4%, signal=5%	
HP_ABNORMAL_ACETABULUM_MORPHOLOGY	HP_ABNORMAL_ACETABULUM_MORPHOLOGY		60	-0.31475478	-0.770581	0.80444443	0.9199337	1.0	803	tags=10%, list=8%, signal=11%	
HP_HYPERNASAL_SPEECH	HP_HYPERNASAL_SPEECH		55	-0.32407728	-0.7705603	0.81220657	0.91945595	1.0	1690	tags=25%, list=16%, signal=30%	
HP_VASCULAR_CALCIFICATION	HP_VASCULAR_CALCIFICATION		17	-0.36864766	-0.76986843	0.7079038	0.9200479	1.0	101	tags=6%, list=1%, signal=6%	
GOMF_DIOXYGENASE_ACTIVITY	GOMF_DIOXYGENASE_ACTIVITY		61	-0.31070387	-0.76958936	0.80753136	0.9200212	1.0	878	tags=15%, list=8%, signal=16%	
HP_ABNORMAL_HEAD_MOVEMENTS	HP_ABNORMAL_HEAD_MOVEMENTS		23	-0.35094398	-0.7687256	0.77816904	0.9208462	1.0	1384	tags=35%, list=13%, signal=40%	
HP_PARTIAL_AGENESIS_OF_THE_CORPUS_CALLOSUM	HP_PARTIAL_AGENESIS_OF_THE_CORPUS_CALLOSUM		37	-0.34208164	-0.7670812	0.7824268	0.92285734	1.0	234	tags=5%, list=2%, signal=6%	
GOBP_REGULATION_OF_P38MAPK_CASCADE	GOBP_REGULATION_OF_P38MAPK_CASCADE		23	-0.35869148	-0.76623946	0.71481484	0.9236649	1.0	384	tags=17%, list=4%, signal=18%	
GOBP_PHOTORECEPTOR_CELL_DIFFERENTIATION	GOBP_PHOTORECEPTOR_CELL_DIFFERENTIATION		27	-0.35430592	-0.76589316	0.780303	0.9236825	1.0	1401	tags=26%, list=13%, signal=30%	
GOBP_MEGAKARYOCYTE_DEVELOPMENT	GOBP_MEGAKARYOCYTE_DEVELOPMENT		15	-0.37537447	-0.7655515	0.6993464	0.9236481	1.0	52	tags=7%, list=0%, signal=7%	
GOBP_CARBOHYDRATE_DERIVATIVE_TRANSPORT	GOBP_CARBOHYDRATE_DERIVATIVE_TRANSPORT		58	-0.31147352	-0.76479906	0.8612245	0.92433584	1.0	211	tags=5%, list=2%, signal=5%	
HP_GASTROINTESTINAL_ULCER	HP_GASTROINTESTINAL_ULCER		34	-0.33600998	-0.7647488	0.74903476	0.92389774	1.0	910	tags=29%, list=9%, signal=32%	
GOBP_KIDNEY_MORPHOGENESIS	GOBP_KIDNEY_MORPHOGENESIS		28	-0.355333	-0.7646337	0.7748092	0.92354465	1.0	567	tags=18%, list=5%, signal=19%	
HP_EYELID_COLOBOMA	HP_EYELID_COLOBOMA		25	-0.35461408	-0.7633696	0.7385159	0.92496175	1.0	143	tags=8%, list=1%, signal=8%	
GOBP_POSITIVE_REGULATION_OF_PROTEIN_EXIT_FROM_ENDOPLASMIC_RETICULUM	GOBP_POSITIVE_REGULATION_OF_PROTEIN_EXIT_FROM_ENDOPLASMIC_RETICULUM		15	-0.38180453	-0.7629753	0.73	0.92509925	1.0	1020	tags=20%, list=10%, signal=22%	
GOBP_REGULATION_OF_CALCINEURIN_MEDIATED_SIGNALING	GOBP_REGULATION_OF_CALCINEURIN_MEDIATED_SIGNALING		20	-0.3577365	-0.7629238	0.72527474	0.9246626	1.0	993	tags=25%, list=10%, signal=28%	
GOBP_NEGATIVE_REGULATION_OF_TYPE_I_INTERFERON_PRODUCTION	GOBP_NEGATIVE_REGULATION_OF_TYPE_I_INTERFERON_PRODUCTION		34	-0.3333064	-0.7626265	0.7761194	0.9246008	1.0	727	tags=12%, list=7%, signal=13%	
GOMF_CARGO_RECEPTOR_ACTIVITY	GOMF_CARGO_RECEPTOR_ACTIVITY		38	-0.3343596	-0.7619663	0.7886179	0.9250969	1.0	998	tags=32%, list=10%, signal=35%	
GOBP_LYSOSOMAL_MEMBRANE_ORGANIZATION	GOBP_LYSOSOMAL_MEMBRANE_ORGANIZATION		17	-0.3814004	-0.76112604	0.6825939	0.9258655	1.0	1132	tags=18%, list=11%, signal=20%	
GOBP_LIMBIC_SYSTEM_DEVELOPMENT	GOBP_LIMBIC_SYSTEM_DEVELOPMENT		53	-0.32311794	-0.7605035	0.8135593	0.9263195	1.0	591	tags=9%, list=6%, signal=10%	
HP_ABNORMAL_SKULL_BASE_MORPHOLOGY	HP_ABNORMAL_SKULL_BASE_MORPHOLOGY		152	-0.26956326	-0.76033866	0.959799	0.92606086	1.0	512	tags=7%, list=5%, signal=7%	
GOMF_CHLORIDE_CHANNEL_ACTIVITY	GOMF_CHLORIDE_CHANNEL_ACTIVITY		19	-0.35266334	-0.7598097	0.7383512	0.92634064	1.0	1257	tags=26%, list=12%, signal=30%	
HP_APLASIA_HYPOPLASIA_OF_THE_RIBS	HP_APLASIA_HYPOPLASIA_OF_THE_RIBS		75	-0.29418886	-0.7593967	0.84232366	0.9264642	1.0	1050	tags=15%, list=10%, signal=16%	
GOBP_EPITHELIAL_STRUCTURE_MAINTENANCE	GOBP_EPITHELIAL_STRUCTURE_MAINTENANCE		15	-0.37874904	-0.7589194	0.7614035	0.9266978	1.0	126	tags=7%, list=1%, signal=7%	
GOBP_SPERMATID_DIFFERENTIATION	GOBP_SPERMATID_DIFFERENTIATION		88	-0.2938569	-0.7588552	0.9217391	0.92629206	1.0	16	tags=1%, list=0%, signal=1%	
GOCC_SITE_OF_DOUBLE_STRAND_BREAK	GOCC_SITE_OF_DOUBLE_STRAND_BREAK		71	-0.3060378	-0.7582452	0.85714287	0.9266809	1.0	1053	tags=13%, list=10%, signal=14%	
HP_ABNORMAL_ODONTOID_PROCESS_MORPHOLOGY	HP_ABNORMAL_ODONTOID_PROCESS_MORPHOLOGY		20	-0.3565777	-0.7571005	0.7203065	0.92785186	1.0	2348	tags=50%, list=22%, signal=64%	
GOBP_NEURAL_RETINA_DEVELOPMENT	GOBP_NEURAL_RETINA_DEVELOPMENT		21	-0.35656065	-0.75668526	0.75547445	0.92795235	1.0	286	tags=10%, list=3%, signal=10%	
GOBP_AMIDE_BIOSYNTHETIC_PROCESS	GOBP_AMIDE_BIOSYNTHETIC_PROCESS		110	-0.28254583	-0.7563954	0.9178744	0.9278828	1.0	756	tags=8%, list=7%, signal=9%	
HP_BROAD_PHALANGES_OF_THE_HAND	HP_BROAD_PHALANGES_OF_THE_HAND		62	-0.30749002	-0.7559034	0.8196721	0.9281224	1.0	1289	tags=13%, list=12%, signal=15%	
GOBP_NEGATIVE_REGULATION_OF_PROTEIN_SERINE_THREONINE_KINASE_ACTIVITY	GOBP_NEGATIVE_REGULATION_OF_PROTEIN_SERINE_THREONINE_KINASE_ACTIVITY		23	-0.359837	-0.75567377	0.776	0.9279424	1.0	315	tags=9%, list=3%, signal=9%	
HP_ABSENT_FINGERNAIL	HP_ABSENT_FINGERNAIL		22	-0.35594818	-0.7556025	0.74822694	0.9275403	1.0	356	tags=9%, list=3%, signal=9%	
HP_CHOANAL_ATRESIA	HP_CHOANAL_ATRESIA		70	-0.30627656	-0.7552356	0.8552036	0.9275531	1.0	304	tags=4%, list=3%, signal=4%	
GOBP_CELLULAR_PIGMENTATION	GOBP_CELLULAR_PIGMENTATION		44	-0.32983008	-0.7545433	0.79916316	0.92806375	1.0	887	tags=16%, list=8%, signal=17%	
GOBP_CD8_POSITIVE_ALPHA_BETA_T_CELL_ACTIVATION	GOBP_CD8_POSITIVE_ALPHA_BETA_T_CELL_ACTIVATION		31	-0.3453495	-0.7538631	0.7654321	0.9285458	1.0	69	tags=6%, list=1%, signal=6%	
GOBP_GENITALIA_DEVELOPMENT	GOBP_GENITALIA_DEVELOPMENT		15	-0.378638	-0.75364083	0.7307692	0.9283766	1.0	673	tags=20%, list=6%, signal=21%	
HP_SEVERE_MUSCULAR_HYPOTONIA	HP_SEVERE_MUSCULAR_HYPOTONIA		43	-0.3250545	-0.75225556	0.83076924	0.9298847	1.0	51	tags=2%, list=0%, signal=2%	
HP_ABNORMAL_1ST_METACARPAL_MORPHOLOGY	HP_ABNORMAL_1ST_METACARPAL_MORPHOLOGY		22	-0.36254412	-0.7517106	0.72619045	0.93017375	1.0	42	tags=5%, list=0%, signal=5%	
HP_EPIDERMAL_ACANTHOSIS	HP_EPIDERMAL_ACANTHOSIS		20	-0.35540938	-0.75118124	0.7570422	0.930428	1.0	265	tags=10%, list=3%, signal=10%	
HP_ELEVATED_CIRCULATING_ALANINE_AMINOTRANSFERASE_CONCENTRATION	HP_ELEVATED_CIRCULATING_ALANINE_AMINOTRANSFERASE_CONCENTRATION		61	-0.3022763	-0.750892	0.8601695	0.93033373	1.0	950	tags=11%, list=9%, signal=13%	
GOBP_OLIGODENDROCYTE_DIFFERENTIATION	GOBP_OLIGODENDROCYTE_DIFFERENTIATION		46	-0.32317758	-0.7505334	0.7519084	0.930375	1.0	761	tags=13%, list=7%, signal=14%	
HP_GOITER	HP_GOITER		27	-0.34996918	-0.7496379	0.78228784	0.931198	1.0	530	tags=11%, list=5%, signal=12%	
GOBP_CELLULAR_RESPONSE_TO_VASCULAR_ENDOTHELIAL_GROWTH_FACTOR_STIMULUS	GOBP_CELLULAR_RESPONSE_TO_VASCULAR_ENDOTHELIAL_GROWTH_FACTOR_STIMULUS		28	-0.3520493	-0.7494589	0.770073	0.93098456	1.0	320	tags=14%, list=3%, signal=15%	
HP_ASCITES	HP_ASCITES		91	-0.28739265	-0.7489487	0.92511016	0.93119377	1.0	977	tags=14%, list=9%, signal=16%	
HP_ABNORMAL_PERIVENTRICULAR_WHITE_MATTER_MORPHOLOGY	HP_ABNORMAL_PERIVENTRICULAR_WHITE_MATTER_MORPHOLOGY		93	-0.29231906	-0.74789906	0.8844444	0.9321913	1.0	607	tags=8%, list=6%, signal=8%	
HP_ABNORMAL_TRICUSPID_VALVE_PHYSIOLOGY	HP_ABNORMAL_TRICUSPID_VALVE_PHYSIOLOGY		36	-0.32682025	-0.74760276	0.80246913	0.93211156	1.0	39	tags=3%, list=0%, signal=3%	
HP_ABNORMAL_CHORIORETINAL_MORPHOLOGY	HP_ABNORMAL_CHORIORETINAL_MORPHOLOGY		81	-0.29935977	-0.7465121	0.89626557	0.9332167	1.0	512	tags=9%, list=5%, signal=9%	
GOBP_PROTEIN_HOMOTETRAMERIZATION	GOBP_PROTEIN_HOMOTETRAMERIZATION		36	-0.32163048	-0.74536884	0.7654321	0.9343347	1.0	922	tags=17%, list=9%, signal=18%	
GOBP_RAS_PROTEIN_SIGNAL_TRANSDUCTION	GOBP_RAS_PROTEIN_SIGNAL_TRANSDUCTION		64	-0.30362457	-0.7452003	0.8589212	0.9340556	1.0	752	tags=13%, list=7%, signal=13%	
HP_SHORT_RIBS	HP_SHORT_RIBS		42	-0.3132572	-0.7449509	0.80497926	0.9338708	1.0	1009	tags=17%, list=10%, signal=18%	
GOBP_AMINOGLYCAN_BIOSYNTHETIC_PROCESS	GOBP_AMINOGLYCAN_BIOSYNTHETIC_PROCESS		20	-0.34652963	-0.7448684	0.74825174	0.93347466	1.0	525	tags=10%, list=5%, signal=11%	
GOBP_RETINA_HOMEOSTASIS	GOBP_RETINA_HOMEOSTASIS		22	-0.3356828	-0.7440852	0.792517	0.934121	1.0	1511	tags=23%, list=14%, signal=27%	
GOBP_SARCOMERE_ORGANIZATION	GOBP_SARCOMERE_ORGANIZATION		15	-0.37204278	-0.74318296	0.73170733	0.9348428	1.0	166	tags=7%, list=2%, signal=7%	
HP_CAVUM_SEPTUM_PELLUCIDUM	HP_CAVUM_SEPTUM_PELLUCIDUM		25	-0.3354236	-0.7422208	0.7622378	0.9356727	1.0	76	tags=4%, list=1%, signal=4%	
GOBP_POST_GOLGI_VESICLE_MEDIATED_TRANSPORT	GOBP_POST_GOLGI_VESICLE_MEDIATED_TRANSPORT		91	-0.28946322	-0.74179435	0.9177489	0.9357254	1.0	1238	tags=18%, list=12%, signal=20%	
HP_SKELETAL_MUSCLE_HYPERTROPHY	HP_SKELETAL_MUSCLE_HYPERTROPHY		124	-0.2736121	-0.74142087	0.9411765	0.9357596	1.0	629	tags=7%, list=6%, signal=8%	
GOMF_VITAMIN_BINDING	GOMF_VITAMIN_BINDING		69	-0.29949024	-0.74073464	0.8879668	0.9362088	1.0	878	tags=14%, list=8%, signal=16%	
GOMF_OXIDOREDUCTASE_ACTIVITY_ACTING_ON_PAIRED_DONORS_WITH_INCORPORATION_OR_REDUCTION_OF_MOLECULAR_OXYGEN	GOMF_OXIDOREDUCTASE_ACTIVITY_ACTING_ON_PAIRED_DONORS_WITH_INCORPORATION_OR_REDUCTION_OF_MOLECULAR_OXYGEN		82	-0.29207134	-0.74030685	0.9035088	0.93631727	1.0	2074	tags=32%, list=20%, signal=39%	
GOBP_NEGATIVE_REGULATION_OF_LEUKOCYTE_MIGRATION	GOBP_NEGATIVE_REGULATION_OF_LEUKOCYTE_MIGRATION		29	-0.34790534	-0.7399893	0.78409094	0.9362621	1.0	152	tags=10%, list=1%, signal=10%	
GOMF_TRANSFERASE_ACTIVITY_TRANSFERRING_SULPHUR_CONTAINING_GROUPS	GOMF_TRANSFERASE_ACTIVITY_TRANSFERRING_SULPHUR_CONTAINING_GROUPS		28	-0.3534041	-0.7395024	0.7642276	0.9363678	1.0	740	tags=11%, list=7%, signal=12%	
HP_STEREOTYPIC_MOVEMENTS_OF_FACE_AND_HEAD	HP_STEREOTYPIC_MOVEMENTS_OF_FACE_AND_HEAD		46	-0.31293264	-0.73923707	0.78512394	0.9362386	1.0	100	tags=4%, list=1%, signal=4%	
HP_PANCREATIC_FIBROSIS	HP_PANCREATIC_FIBROSIS		16	-0.36411262	-0.738789	0.77813506	0.93632936	1.0	84	tags=6%, list=1%, signal=6%	
HP_BROAD_PALM	HP_BROAD_PALM		28	-0.33308592	-0.73848844	0.8153846	0.9362422	1.0	1009	tags=25%, list=10%, signal=28%	
HP_ABNORMALITY_OF_THE_SUPRAORBITAL_RIDGES	HP_ABNORMALITY_OF_THE_SUPRAORBITAL_RIDGES		62	-0.30954888	-0.7383603	0.8660714	0.9359037	1.0	458	tags=6%, list=4%, signal=7%	
GOBP_POSITIVE_REGULATION_OF_LAMELLIPODIUM_ASSEMBLY	GOBP_POSITIVE_REGULATION_OF_LAMELLIPODIUM_ASSEMBLY		17	-0.36993718	-0.737845	0.8006757	0.93607193	1.0	476	tags=18%, list=5%, signal=18%	
HP_OPISTHOTONUS	HP_OPISTHOTONUS		41	-0.31190795	-0.73751825	0.8116592	0.9360061	1.0	351	tags=5%, list=3%, signal=5%	
HP_CSF_PLEOCYTOSIS	HP_CSF_PLEOCYTOSIS		20	-0.3454737	-0.73626727	0.74264705	0.93717796	1.0	1288	tags=35%, list=12%, signal=40%	
HP_DECREASED_FACIAL_EXPRESSION	HP_DECREASED_FACIAL_EXPRESSION		90	-0.28242072	-0.73615044	0.920354	0.9368148	1.0	445	tags=4%, list=4%, signal=5%	
HP_APLASIA_CUTIS_CONGENITA	HP_APLASIA_CUTIS_CONGENITA		23	-0.3432445	-0.73560613	0.7728938	0.9370348	1.0	715	tags=17%, list=7%, signal=19%	
GOMF_NUCLEASE_ACTIVITY	GOMF_NUCLEASE_ACTIVITY		153	-0.26818764	-0.73536044	0.98888886	0.9368701	1.0	126	tags=1%, list=1%, signal=1%	
GOBP_LUNG_ALVEOLUS_DEVELOPMENT	GOBP_LUNG_ALVEOLUS_DEVELOPMENT		26	-0.34087893	-0.7346951	0.7965368	0.9372803	1.0	1169	tags=19%, list=11%, signal=22%	
GOBP_COPII_COATED_VESICLE_CARGO_LOADING	GOBP_COPII_COATED_VESICLE_CARGO_LOADING		17	-0.33967513	-0.7342874	0.79238755	0.9373377	1.0	1020	tags=24%, list=10%, signal=26%	
GOCC_PHOTORECEPTOR_INNER_SEGMENT	GOCC_PHOTORECEPTOR_INNER_SEGMENT		19	-0.33633173	-0.7333037	0.7785978	0.93816775	1.0	887	tags=16%, list=8%, signal=17%	
HP_CHORIORETINAL_ATROPHY	HP_CHORIORETINAL_ATROPHY		19	-0.35223454	-0.7328113	0.75261325	0.93834865	1.0	458	tags=11%, list=4%, signal=11%	
HP_NEOPLASM_OF_THE_TONGUE	HP_NEOPLASM_OF_THE_TONGUE		29	-0.33618194	-0.73276556	0.8037736	0.9379108	1.0	378	tags=7%, list=4%, signal=7%	
GOCC_NEUROMUSCULAR_JUNCTION	GOCC_NEUROMUSCULAR_JUNCTION		35	-0.32078362	-0.7312441	0.8247863	0.9394484	1.0	1238	tags=29%, list=12%, signal=32%	
GOBP_REGULATION_OF_MICROTUBULE_NUCLEATION	GOBP_REGULATION_OF_MICROTUBULE_NUCLEATION		19	-0.35592046	-0.73123026	0.7632509	0.9389635	1.0	631	tags=11%, list=6%, signal=11%	
HP_MINIMAL_CHANGE_GLOMERULONEPHRITIS	HP_MINIMAL_CHANGE_GLOMERULONEPHRITIS		21	-0.33678204	-0.7300913	0.7647059	0.9399619	1.0	919	tags=24%, list=9%, signal=26%	
GOBP_REGULATION_OF_PHOSPHOLIPID_METABOLIC_PROCESS	GOBP_REGULATION_OF_PHOSPHOLIPID_METABOLIC_PROCESS		22	-0.33252388	-0.7291742	0.8356164	0.94068986	1.0	917	tags=23%, list=9%, signal=25%	
HP_RECURRENT_INFECTION_OF_THE_GASTROINTESTINAL_TRACT	HP_RECURRENT_INFECTION_OF_THE_GASTROINTESTINAL_TRACT		26	-0.33259425	-0.7284722	0.79087454	0.94118285	1.0	471	tags=12%, list=5%, signal=12%	
GOMF_HYDROLASE_ACTIVITY_HYDROLYZING_O_GLYCOSYL_COMPOUNDS	GOMF_HYDROLASE_ACTIVITY_HYDROLYZING_O_GLYCOSYL_COMPOUNDS		47	-0.3141678	-0.72816163	0.812	0.94107157	1.0	1466	tags=32%, list=14%, signal=37%	
HP_PELVIC_GIRDLE_MUSCLE_WEAKNESS	HP_PELVIC_GIRDLE_MUSCLE_WEAKNESS		29	-0.32231092	-0.72742033	0.7777778	0.9415757	1.0	2364	tags=52%, list=23%, signal=67%	
HP_ABNORMAL_PATELLA_MORPHOLOGY	HP_ABNORMAL_PATELLA_MORPHOLOGY		67	-0.30083847	-0.7272834	0.9051724	0.94121885	1.0	910	tags=16%, list=9%, signal=18%	
GOBP_REGULATION_OF_CYCLIN_DEPENDENT_PROTEIN_SERINE_THREONINE_KINASE_ACTIVITY	GOBP_REGULATION_OF_CYCLIN_DEPENDENT_PROTEIN_SERINE_THREONINE_KINASE_ACTIVITY		25	-0.33832124	-0.7271413	0.781362	0.9409138	1.0	451	tags=12%, list=4%, signal=13%	
GOBP_AMYLOID_BETA_FORMATION	GOBP_AMYLOID_BETA_FORMATION		28	-0.33816996	-0.7269781	0.8025751	0.94062954	1.0	993	tags=18%, list=10%, signal=20%	
GOBP_CHAPERONE_MEDIATED_PROTEIN_COMPLEX_ASSEMBLY	GOBP_CHAPERONE_MEDIATED_PROTEIN_COMPLEX_ASSEMBLY		18	-0.348411	-0.72533405	0.7826087	0.9423264	1.0	66	tags=6%, list=1%, signal=6%	
HP_HYPONATREMIA	HP_HYPONATREMIA		33	-0.3206466	-0.725212	0.83870965	0.94197613	1.0	1188	tags=18%, list=11%, signal=20%	
GOBP_TUBE_CLOSURE	GOBP_TUBE_CLOSURE		55	-0.2966166	-0.7248182	0.8729508	0.9419427	1.0	512	tags=5%, list=5%, signal=6%	
HP_HYPOVENTILATION	HP_HYPOVENTILATION		25	-0.3325728	-0.72480696	0.8168498	0.94145286	1.0	429	tags=8%, list=4%, signal=8%	
HP_TETRAPARESIS	HP_TETRAPARESIS		86	-0.28306815	-0.724543	0.91056913	0.94127494	1.0	534	tags=9%, list=5%, signal=10%	
GOMF_METALLOPEPTIDASE_ACTIVITY	GOMF_METALLOPEPTIDASE_ACTIVITY		76	-0.292973	-0.7227205	0.9098712	0.9431066	1.0	752	tags=16%, list=7%, signal=17%	
HP_VASCULAR_NEOPLASM	HP_VASCULAR_NEOPLASM		93	-0.27616888	-0.7217703	0.9268293	0.94381714	1.0	554	tags=8%, list=5%, signal=8%	
GOBP_MITOTIC_DNA_INTEGRITY_CHECKPOINT_SIGNALING	GOBP_MITOTIC_DNA_INTEGRITY_CHECKPOINT_SIGNALING		56	-0.30987316	-0.72155446	0.85943776	0.9435919	1.0	691	tags=11%, list=7%, signal=11%	
HP_ECTOPIC_ANUS	HP_ECTOPIC_ANUS		43	-0.30956194	-0.72086835	0.82377046	0.94392854	1.0	585	tags=7%, list=6%, signal=7%	
GOBP_POSITIVE_REGULATION_OF_RNA_SPLICING	GOBP_POSITIVE_REGULATION_OF_RNA_SPLICING		21	-0.34054062	-0.7198921	0.7892857	0.94467354	1.0	732	tags=24%, list=7%, signal=26%	
GOBP_PIGMENT_GRANULE_LOCALIZATION	GOBP_PIGMENT_GRANULE_LOCALIZATION		18	-0.34871534	-0.7194208	0.7578125	0.94470984	1.0	1490	tags=22%, list=14%, signal=26%	
HP_MISSING_RIBS	HP_MISSING_RIBS		33	-0.32379878	-0.71823657	0.8041958	0.9456837	1.0	42	tags=3%, list=0%, signal=3%	
GOBP_LONG_CHAIN_FATTY_ACID_METABOLIC_PROCESS	GOBP_LONG_CHAIN_FATTY_ACID_METABOLIC_PROCESS		47	-0.31256735	-0.7181233	0.86752135	0.94533473	1.0	232	tags=4%, list=2%, signal=4%	
HP_COLON_CANCER	HP_COLON_CANCER		37	-0.31004655	-0.7177747	0.8589212	0.94529295	1.0	961	tags=14%, list=9%, signal=15%	
GOBP_HEART_TRABECULA_MORPHOGENESIS	GOBP_HEART_TRABECULA_MORPHOGENESIS		15	-0.35218918	-0.717428	0.79310346	0.9451965	1.0	464	tags=13%, list=4%, signal=14%	
GOBP_VIRAL_RELEASE_FROM_HOST_CELL	GOBP_VIRAL_RELEASE_FROM_HOST_CELL		23	-0.34495053	-0.71739584	0.81403506	0.9447388	1.0	1392	tags=30%, list=13%, signal=35%	
HP_ABNORMAL_ELBOW_MORPHOLOGY	HP_ABNORMAL_ELBOW_MORPHOLOGY		71	-0.28045544	-0.71585286	0.907173	0.94613606	1.0	478	tags=6%, list=5%, signal=6%	
HP_FAT_MALABSORPTION	HP_FAT_MALABSORPTION		33	-0.32834324	-0.7150621	0.8152174	0.9466024	1.0	480	tags=18%, list=5%, signal=19%	
HP_LOBAR_HOLOPROSENCEPHALY	HP_LOBAR_HOLOPROSENCEPHALY		16	-0.3616556	-0.71371	0.74733096	0.94780904	1.0	84	tags=6%, list=1%, signal=6%	
HP_GENERALIZED_TONIC_SEIZURE	HP_GENERALIZED_TONIC_SEIZURE		29	-0.3156049	-0.71242523	0.8561151	0.94884545	1.0	351	tags=7%, list=3%, signal=7%	
GOBP_STRIATED_MUSCLE_CELL_APOPTOTIC_PROCESS	GOBP_STRIATED_MUSCLE_CELL_APOPTOTIC_PROCESS		21	-0.3407168	-0.7115798	0.78597784	0.9493988	1.0	538	tags=19%, list=5%, signal=20%	
GOBP_REGULATION_OF_PROTEIN_SUMOYLATION	GOBP_REGULATION_OF_PROTEIN_SUMOYLATION		16	-0.35537404	-0.7114953	0.7601351	0.94900084	1.0	99	tags=6%, list=1%, signal=6%	
GOBP_MEMBRANE_RAFT_ORGANIZATION	GOBP_MEMBRANE_RAFT_ORGANIZATION		18	-0.3461145	-0.7110728	0.7992701	0.94902706	1.0	504	tags=17%, list=5%, signal=17%	
HP_PERIPHERAL_PULMONARY_ARTERY_STENOSIS	HP_PERIPHERAL_PULMONARY_ARTERY_STENOSIS		21	-0.33150297	-0.7110434	0.7978339	0.9485675	1.0	910	tags=19%, list=9%, signal=21%	
HP_DISTAL_AMYOTROPHY	HP_DISTAL_AMYOTROPHY		135	-0.25795135	-0.7106724	0.97979796	0.94856125	1.0	497	tags=5%, list=5%, signal=5%	
HP_COMPULSIVE_BEHAVIORS	HP_COMPULSIVE_BEHAVIORS		80	-0.28366643	-0.7105119	0.9151786	0.94824994	1.0	910	tags=18%, list=9%, signal=19%	
HP_NEOPLASM_OF_THE_RECTUM	HP_NEOPLASM_OF_THE_RECTUM		34	-0.3203236	-0.7103946	0.8237548	0.9478868	1.0	172	tags=6%, list=2%, signal=6%	
GOBP_REGULATION_OF_FILOPODIUM_ASSEMBLY	GOBP_REGULATION_OF_FILOPODIUM_ASSEMBLY		27	-0.32415637	-0.7102244	0.852	0.9475818	1.0	150	tags=7%, list=1%, signal=7%	
HP_EXODEVIATION	HP_EXODEVIATION		76	-0.27991766	-0.70953715	0.91588783	0.94792145	1.0	540	tags=5%, list=5%, signal=6%	
GOBP_PIGMENT_GRANULE_ORGANIZATION	GOBP_PIGMENT_GRANULE_ORGANIZATION		26	-0.32878387	-0.70893764	0.82040817	0.9481728	1.0	822	tags=12%, list=8%, signal=12%	
GOBP_PHOSPHATIDYLINOSITOL_3_PHOSPHATE_BIOSYNTHETIC_PROCESS	GOBP_PHOSPHATIDYLINOSITOL_3_PHOSPHATE_BIOSYNTHETIC_PROCESS		20	-0.3334029	-0.7085444	0.807971	0.9481386	1.0	873	tags=15%, list=8%, signal=16%	
GOMF_GLUTAMATE_RECEPTOR_BINDING	GOMF_GLUTAMATE_RECEPTOR_BINDING		18	-0.33421862	-0.7083906	0.84363633	0.94781184	1.0	417	tags=17%, list=4%, signal=17%	
GOBP_ESTABLISHMENT_OR_MAINTENANCE_OF_BIPOLAR_CELL_POLARITY	GOBP_ESTABLISHMENT_OR_MAINTENANCE_OF_BIPOLAR_CELL_POLARITY		23	-0.3333927	-0.7078261	0.8053435	0.9479949	1.0	937	tags=22%, list=9%, signal=24%	
HP_RECURRENT_SINOPULMONARY_INFECTIONS	HP_RECURRENT_SINOPULMONARY_INFECTIONS		31	-0.3152272	-0.7059822	0.8154982	0.9496354	1.0	1487	tags=26%, list=14%, signal=30%	
GOMF_CLATHRIN_BINDING	GOMF_CLATHRIN_BINDING		26	-0.32129195	-0.7057742	0.82287824	0.94938827	1.0	828	tags=19%, list=8%, signal=21%	
GOBP_REGULATION_OF_LAMELLIPODIUM_ASSEMBLY	GOBP_REGULATION_OF_LAMELLIPODIUM_ASSEMBLY		21	-0.3455447	-0.70549446	0.8268551	0.9492183	1.0	476	tags=14%, list=5%, signal=15%	
GOMF_NADPLUS_PROTEIN_MONO_ADP_RIBOSYLTRANSFERASE_ACTIVITY	GOMF_NADPLUS_PROTEIN_MONO_ADP_RIBOSYLTRANSFERASE_ACTIVITY		18	-0.34227222	-0.70508856	0.79026216	0.9491814	1.0	368	tags=11%, list=4%, signal=11%	
GOBP_SYNAPSE_MATURATION	GOBP_SYNAPSE_MATURATION		17	-0.3520724	-0.70406556	0.79928315	0.9498789	1.0	851	tags=24%, list=8%, signal=26%	
GOBP_POSITIVE_REGULATION_OF_IMMUNOGLOBULIN_PRODUCTION	GOBP_POSITIVE_REGULATION_OF_IMMUNOGLOBULIN_PRODUCTION		32	-0.32973075	-0.7031333	0.8382353	0.9504568	1.0	175	tags=6%, list=2%, signal=6%	
GOBP_REGULATION_OF_LEUKOCYTE_DEGRANULATION	GOBP_REGULATION_OF_LEUKOCYTE_DEGRANULATION		26	-0.3268184	-0.70277774	0.8396947	0.9503901	1.0	514	tags=15%, list=5%, signal=16%	
HP_ABNORMAL_RENAL_COLLECTING_SYSTEM_MORPHOLOGY	HP_ABNORMAL_RENAL_COLLECTING_SYSTEM_MORPHOLOGY		17	-0.33864853	-0.7023135	0.7838828	0.95041466	1.0	458	tags=12%, list=4%, signal=12%	
HP_ABNORMAL_EATING_BEHAVIOR	HP_ABNORMAL_EATING_BEHAVIOR		73	-0.2756569	-0.7014231	0.93636364	0.95094925	1.0	481	tags=7%, list=5%, signal=7%	
GOBP_RECEPTOR_CATABOLIC_PROCESS	GOBP_RECEPTOR_CATABOLIC_PROCESS		21	-0.3332555	-0.69764924	0.78	0.95479214	1.0	380	tags=10%, list=4%, signal=10%	
GOMF_CALCIUM_ION_TRANSMEMBRANE_TRANSPORTER_ACTIVITY	GOMF_CALCIUM_ION_TRANSMEMBRANE_TRANSPORTER_ACTIVITY		47	-0.29736093	-0.6961807	0.88188976	0.955911	1.0	939	tags=19%, list=9%, signal=21%	
HP_POSTERIOR_EMBRYOTOXON	HP_POSTERIOR_EMBRYOTOXON		35	-0.30415735	-0.69585484	0.8558952	0.95580655	1.0	910	tags=14%, list=9%, signal=16%	
GOBP_REGULATION_OF_ESTABLISHMENT_OR_MAINTENANCE_OF_CELL_POLARITY	GOBP_REGULATION_OF_ESTABLISHMENT_OR_MAINTENANCE_OF_CELL_POLARITY		18	-0.33993778	-0.69563943	0.7876448	0.95555556	1.0	1011	tags=22%, list=10%, signal=25%	
HP_ABNORMAL_CIRCULATING_CARNITINE_CONCENTRATION	HP_ABNORMAL_CIRCULATING_CARNITINE_CONCENTRATION		16	-0.33867326	-0.6953655	0.81208056	0.95535386	1.0	374	tags=13%, list=4%, signal=13%	
GOBP_CRANIAL_SKELETAL_SYSTEM_DEVELOPMENT	GOBP_CRANIAL_SKELETAL_SYSTEM_DEVELOPMENT		28	-0.3184176	-0.6937398	0.8296296	0.95668197	1.0	446	tags=7%, list=4%, signal=7%	
HP_RECURRENT_EAR_INFECTIONS	HP_RECURRENT_EAR_INFECTIONS		16	-0.33619392	-0.6936462	0.84590167	0.9562902	1.0	471	tags=13%, list=5%, signal=13%	
HP_ULNAR_DEVIATION_OF_THE_HAND	HP_ULNAR_DEVIATION_OF_THE_HAND		19	-0.32808954	-0.69309986	0.8043478	0.9564115	1.0	871	tags=32%, list=8%, signal=34%	
HP_MUCOPOLYSACCHARIDURIA	HP_MUCOPOLYSACCHARIDURIA		18	-0.32143837	-0.69159585	0.8028169	0.95757824	1.0	1461	tags=28%, list=14%, signal=32%	
GOMF_IRON_ION_BINDING	GOMF_IRON_ION_BINDING		62	-0.28464586	-0.690855	0.88492066	0.9578699	1.0	634	tags=8%, list=6%, signal=9%	
HP_ABNORMAL_B_CELL_COUNT	HP_ABNORMAL_B_CELL_COUNT		58	-0.2836212	-0.68959266	0.93421054	0.958802	1.0	854	tags=16%, list=8%, signal=17%	
HP_ABNORMALITY_OF_THE_ANUS	HP_ABNORMALITY_OF_THE_ANUS		127	-0.26015374	-0.6890166	0.9842932	0.9589393	1.0	1016	tags=11%, list=10%, signal=12%	
HP_PULMONIC_STENOSIS	HP_PULMONIC_STENOSIS		87	-0.26338163	-0.6886293	0.94258374	0.9588571	1.0	1445	tags=18%, list=14%, signal=21%	
HP_HYPOPLASIA_OF_THE_ODONTOID_PROCESS	HP_HYPOPLASIA_OF_THE_ODONTOID_PROCESS		18	-0.32349947	-0.6883988	0.84115523	0.95860165	1.0	2348	tags=50%, list=22%, signal=64%	
HP_ABNORMAL_HIP_JOINT_MORPHOLOGY	HP_ABNORMAL_HIP_JOINT_MORPHOLOGY		229	-0.23710033	-0.6880811	0.9848485	0.9584332	1.0	567	tags=5%, list=5%, signal=5%	
GOMF_CARGO_ADAPTOR_ACTIVITY	GOMF_CARGO_ADAPTOR_ACTIVITY		20	-0.3292932	-0.68800724	0.81914896	0.95801204	1.0	159	tags=5%, list=2%, signal=5%	
HP_ABNORMALITY_OF_CIRCULATING_GLUCOCORTICOID_LEVEL	HP_ABNORMALITY_OF_CIRCULATING_GLUCOCORTICOID_LEVEL		41	-0.30407068	-0.68650705	0.8679245	0.95909095	1.0	694	tags=10%, list=7%, signal=10%	
HP_ABNORMAL_BLOOD_SODIUM_CONCENTRATION	HP_ABNORMAL_BLOOD_SODIUM_CONCENTRATION		36	-0.3008259	-0.6864965	0.8560311	0.9586084	1.0	1188	tags=17%, list=11%, signal=19%	
HP_ABNORMAL_CIRCULATING_LONG_CHAIN_FATTY_ACID_CONCENTRATION	HP_ABNORMAL_CIRCULATING_LONG_CHAIN_FATTY_ACID_CONCENTRATION		16	-0.34315535	-0.6864797	0.82481754	0.95812976	1.0	409	tags=6%, list=4%, signal=6%	
HP_FOCAL_DYSTONIA	HP_FOCAL_DYSTONIA		67	-0.27628884	-0.68599284	0.9285714	0.9581763	1.0	180	tags=3%, list=2%, signal=3%	
GOBP_NON_MOTILE_CILIUM_ASSEMBLY	GOBP_NON_MOTILE_CILIUM_ASSEMBLY		45	-0.2909042	-0.68481004	0.8770492	0.95890594	1.0	84	tags=2%, list=1%, signal=2%	
HP_POLYPHAGIA	HP_POLYPHAGIA		44	-0.29806155	-0.6833805	0.9156118	0.9599204	1.0	481	tags=9%, list=5%, signal=9%	
GOMF_PHOSPHATASE_ACTIVITY	GOMF_PHOSPHATASE_ACTIVITY		163	-0.24188703	-0.6829849	0.98333335	0.959853	1.0	961	tags=10%, list=9%, signal=11%	
GOBP_BARBED_END_ACTIN_FILAMENT_CAPPING	GOBP_BARBED_END_ACTIN_FILAMENT_CAPPING		17	-0.33744156	-0.68262935	0.8172043	0.9597367	1.0	1150	tags=35%, list=11%, signal=40%	
HP_OMPHALOCELE	HP_OMPHALOCELE		36	-0.30178344	-0.6803965	0.8452381	0.96155274	1.0	1050	tags=17%, list=10%, signal=18%	
GOBP_NUCLEOTIDE_SUGAR_METABOLIC_PROCESS	GOBP_NUCLEOTIDE_SUGAR_METABOLIC_PROCESS		34	-0.29684368	-0.68030065	0.8937729	0.9611552	1.0	592	tags=9%, list=6%, signal=9%	
GOBP_GLYCOLIPID_CATABOLIC_PROCESS	GOBP_GLYCOLIPID_CATABOLIC_PROCESS		15	-0.33032864	-0.67985547	0.8181818	0.9611379	1.0	1461	tags=40%, list=14%, signal=46%	
GOBP_POSITIVE_REGULATION_OF_NOTCH_SIGNALING_PATHWAY	GOBP_POSITIVE_REGULATION_OF_NOTCH_SIGNALING_PATHWAY		18	-0.3317175	-0.67960334	0.8494624	0.9608824	1.0	502	tags=17%, list=5%, signal=17%	
GOBP_REGULATION_OF_MAP_KINASE_ACTIVITY	GOBP_REGULATION_OF_MAP_KINASE_ACTIVITY		36	-0.29018864	-0.67866516	0.9055118	0.9613218	1.0	315	tags=8%, list=3%, signal=9%	
HP_INCREASED_INTRACRANIAL_PRESSURE	HP_INCREASED_INTRACRANIAL_PRESSURE		53	-0.28555042	-0.67755044	0.94170403	0.96199137	1.0	179	tags=4%, list=2%, signal=4%	
HP_UPPER_LIMB_SPASTICITY	HP_UPPER_LIMB_SPASTICITY		23	-0.31120706	-0.67615944	0.8625429	0.96293014	1.0	1610	tags=26%, list=15%, signal=31%	
HP_RENAL_DYSPLASIA	HP_RENAL_DYSPLASIA		34	-0.30571347	-0.6759401	0.86328125	0.9626519	1.0	658	tags=9%, list=6%, signal=9%	
HP_HYPOKINESIA	HP_HYPOKINESIA		32	-0.3027043	-0.6746165	0.8586956	0.96345776	1.0	73	tags=3%, list=1%, signal=3%	
HP_PULMONARY_ARTERY_STENOSIS	HP_PULMONARY_ARTERY_STENOSIS		47	-0.286026	-0.67407143	0.92050207	0.9635174	1.0	910	tags=15%, list=9%, signal=16%	
GOBP_PEROXISOMAL_TRANSPORT	GOBP_PEROXISOMAL_TRANSPORT		16	-0.321569	-0.67250204	0.85130113	0.9645691	1.0	7091	tags=100%, list=68%, signal=311%	
GOBP_REGULATION_OF_STRESS_ACTIVATED_PROTEIN_KINASE_SIGNALING_CASCADE	GOBP_REGULATION_OF_STRESS_ACTIVATED_PROTEIN_KINASE_SIGNALING_CASCADE		25	-0.30556318	-0.67115813	0.8469751	0.96539736	1.0	555	tags=12%, list=5%, signal=13%	
GOBP_PROTEIN_NEDDYLATION	GOBP_PROTEIN_NEDDYLATION		17	-0.3282881	-0.6704595	0.84615386	0.965577	1.0	277	tags=12%, list=3%, signal=12%	
HP_ACNE	HP_ACNE		38	-0.28605035	-0.6700667	0.8902439	0.9654497	1.0	694	tags=11%, list=7%, signal=11%	
HP_BREAST_CARCINOMA	HP_BREAST_CARCINOMA		52	-0.2808424	-0.66881293	0.8940678	0.96613127	1.0	880	tags=10%, list=8%, signal=10%	
HP_SYNOSTOSIS_OF_CARPALS_TARSALS	HP_SYNOSTOSIS_OF_CARPALS_TARSALS		20	-0.31967634	-0.66837007	0.8581081	0.9660356	1.0	117	tags=5%, list=1%, signal=5%	
GOBP_REGULATION_OF_REGULATED_SECRETORY_PATHWAY	GOBP_REGULATION_OF_REGULATED_SECRETORY_PATHWAY		56	-0.27804396	-0.66758996	0.91796875	0.96623445	1.0	641	tags=14%, list=6%, signal=15%	
GOBP_AMINO_SUGAR_METABOLIC_PROCESS	GOBP_AMINO_SUGAR_METABOLIC_PROCESS		23	-0.3122696	-0.6675502	0.83882785	0.9657796	1.0	1957	tags=30%, list=19%, signal=37%	
GOMF_QUATERNARY_AMMONIUM_GROUP_BINDING	GOMF_QUATERNARY_AMMONIUM_GROUP_BINDING		22	-0.31905437	-0.6668981	0.8503937	0.9659005	1.0	1309	tags=32%, list=13%, signal=36%	
GOMF_ATP_DEPENDENT_CHROMATIN_REMODELER_ACTIVITY	GOMF_ATP_DEPENDENT_CHROMATIN_REMODELER_ACTIVITY		15	-0.326281	-0.6666548	0.8424437	0.96564025	1.0	143	tags=7%, list=1%, signal=7%	
GOMF_PHOSPHATIDYLCHOLINE_BINDING	GOMF_PHOSPHATIDYLCHOLINE_BINDING		17	-0.30962512	-0.66606605	0.8741259	0.965694	1.0	1309	tags=35%, list=13%, signal=40%	
HP_FIBROUS_TISSUE_NEOPLASM	HP_FIBROUS_TISSUE_NEOPLASM		50	-0.2817819	-0.66580623	0.9166667	0.965429	1.0	871	tags=12%, list=8%, signal=13%	
HP_CYSTIC_HYGROMA	HP_CYSTIC_HYGROMA		34	-0.2941948	-0.664216	0.9	0.96639	1.0	567	tags=9%, list=5%, signal=9%	
GOBP_GOLGI_TO_PLASMA_MEMBRANE_TRANSPORT	GOBP_GOLGI_TO_PLASMA_MEMBRANE_TRANSPORT		53	-0.2751339	-0.66229665	0.9493671	0.9676747	1.0	1712	tags=26%, list=16%, signal=31%	
HP_MOLAR_TOOTH_SIGN_ON_MRI	HP_MOLAR_TOOTH_SIGN_ON_MRI		28	-0.30774602	-0.66198635	0.86466163	0.9674486	1.0	84	tags=4%, list=1%, signal=4%	
GOBP_REGULATION_OF_NOTCH_SIGNALING_PATHWAY	GOBP_REGULATION_OF_NOTCH_SIGNALING_PATHWAY		44	-0.27917776	-0.6607808	0.92105263	0.9680899	1.0	879	tags=16%, list=8%, signal=17%	
HP_ABNORMALITY_OF_VITAMIN_B_METABOLISM	HP_ABNORMALITY_OF_VITAMIN_B_METABOLISM		29	-0.2912803	-0.660629	0.88560885	0.96773887	1.0	76	tags=3%, list=1%, signal=3%	
GOBP_INTRACELLULAR_STEROL_TRANSPORT	GOBP_INTRACELLULAR_STEROL_TRANSPORT		23	-0.30157128	-0.6602677	0.869403	0.96756583	1.0	1991	tags=35%, list=19%, signal=43%	
GOBP_PROGRAMMED_NECROTIC_CELL_DEATH	GOBP_PROGRAMMED_NECROTIC_CELL_DEATH		40	-0.29082665	-0.6599252	0.9153846	0.96739113	1.0	1134	tags=25%, list=11%, signal=28%	
GOBP_REGULATION_OF_STEROID_METABOLIC_PROCESS	GOBP_REGULATION_OF_STEROID_METABOLIC_PROCESS		48	-0.28497422	-0.6582142	0.90438247	0.96840125	1.0	1403	tags=27%, list=13%, signal=31%	
HP_ABNORMAL_PARIETAL_BONE_MORPHOLOGY	HP_ABNORMAL_PARIETAL_BONE_MORPHOLOGY		19	-0.31155914	-0.65786874	0.8869863	0.96821225	1.0	117	tags=5%, list=1%, signal=5%	
GOBP_MIDBODY_ABSCISSION	GOBP_MIDBODY_ABSCISSION		21	-0.3097516	-0.65696084	0.88475835	0.96853447	1.0	1392	tags=29%, list=13%, signal=33%	
GOBP_ACIDIC_AMINO_ACID_TRANSPORT	GOBP_ACIDIC_AMINO_ACID_TRANSPORT		35	-0.29867688	-0.6535959	0.8953069	0.97093934	1.0	1278	tags=26%, list=12%, signal=29%	
HP_EEG_WITH_FOCAL_EPILEPTIFORM_DISCHARGES	HP_EEG_WITH_FOCAL_EPILEPTIFORM_DISCHARGES		60	-0.26402998	-0.65354997	0.94827586	0.97047937	1.0	1345	tags=18%, list=13%, signal=21%	
HP_ABNORMAL_LIMB_EPIPHYSIS_MORPHOLOGY	HP_ABNORMAL_LIMB_EPIPHYSIS_MORPHOLOGY		75	-0.25561264	-0.65348065	0.98689955	0.9700467	1.0	1128	tags=12%, list=11%, signal=13%	
HP_HIGH_MYOPIA	HP_HIGH_MYOPIA		53	-0.2730901	-0.65333086	0.9308943	0.96969026	1.0	709	tags=6%, list=7%, signal=6%	
HP_PARAPARESIS	HP_PARAPARESIS		76	-0.25872603	-0.65331906	0.98173517	0.9692122	1.0	1264	tags=18%, list=12%, signal=21%	
GOCC_ESCRT_COMPLEX	GOCC_ESCRT_COMPLEX		22	-0.30881688	-0.6528192	0.8909091	0.9691519	1.0	1203	tags=23%, list=12%, signal=26%	
GOMF_ABC_TYPE_TRANSPORTER_ACTIVITY	GOMF_ABC_TYPE_TRANSPORTER_ACTIVITY		19	-0.32057622	-0.65167904	0.86466163	0.9696212	1.0	1378	tags=26%, list=13%, signal=30%	
HP_MACULAR_THICKENING	HP_MACULAR_THICKENING		53	-0.28180048	-0.6502921	0.95473254	0.9703016	1.0	557	tags=8%, list=5%, signal=8%	
GOBP_GOLGI_VESICLE_TRANSPORT	GOBP_GOLGI_VESICLE_TRANSPORT		240	-0.21919318	-0.64996946	1.0	0.97008586	1.0	1256	tags=14%, list=12%, signal=16%	
GOMF_PROTEIN_SERINE_THREONINE_PHOSPHATASE_ACTIVITY	GOMF_PROTEIN_SERINE_THREONINE_PHOSPHATASE_ACTIVITY		64	-0.2640274	-0.648626	0.9322034	0.9706899	1.0	685	tags=8%, list=7%, signal=8%	
GOBP_REGULATION_OF_LIPID_CATABOLIC_PROCESS	GOBP_REGULATION_OF_LIPID_CATABOLIC_PROCESS		31	-0.29621074	-0.64792544	0.8863636	0.9708312	1.0	472	tags=10%, list=5%, signal=10%	
HP_ESOPHAGEAL_ATRESIA	HP_ESOPHAGEAL_ATRESIA		17	-0.30466703	-0.64594483	0.8802817	0.9719213	1.0	143	tags=6%, list=1%, signal=6%	
GOBP_GOLGI_TO_PLASMA_MEMBRANE_PROTEIN_TRANSPORT	GOBP_GOLGI_TO_PLASMA_MEMBRANE_PROTEIN_TRANSPORT		33	-0.29087842	-0.64515245	0.90909094	0.97209275	1.0	1617	tags=27%, list=15%, signal=32%	
GOMF_FLAVIN_ADENINE_DINUCLEOTIDE_BINDING	GOMF_FLAVIN_ADENINE_DINUCLEOTIDE_BINDING		53	-0.2720242	-0.645124	0.9442231	0.9716297	1.0	863	tags=11%, list=8%, signal=12%	
HP_RHINITIS	HP_RHINITIS		56	-0.26868936	-0.6433718	0.94893616	0.9725199	1.0	1487	tags=20%, list=14%, signal=23%	
HP_JOINT_SWELLING	HP_JOINT_SWELLING		27	-0.29842806	-0.64279944	0.89855075	0.97250104	1.0	915	tags=15%, list=9%, signal=16%	
GOBP_REGULATION_OF_ESTABLISHMENT_OF_PROTEIN_LOCALIZATION_TO_MITOCHONDRION	GOBP_REGULATION_OF_ESTABLISHMENT_OF_PROTEIN_LOCALIZATION_TO_MITOCHONDRION		35	-0.28762323	-0.6416134	0.91449815	0.97291774	1.0	455	tags=9%, list=4%, signal=9%	
GOBP_ENDODERMAL_CELL_DIFFERENTIATION	GOBP_ENDODERMAL_CELL_DIFFERENTIATION		18	-0.3097374	-0.64098316	0.9084249	0.9729497	1.0	356	tags=11%, list=3%, signal=11%	
HP_ABNORMAL_SERUM_ESTRADIOL	HP_ABNORMAL_SERUM_ESTRADIOL		29	-0.28662798	-0.6408318	0.91544116	0.97258484	1.0	99	tags=3%, list=1%, signal=3%	
GOBP_NEGATIVE_REGULATION_OF_KINASE_ACTIVITY	GOBP_NEGATIVE_REGULATION_OF_KINASE_ACTIVITY		47	-0.27508193	-0.6384608	0.9458333	0.9738676	1.0	541	tags=11%, list=5%, signal=11%	
HP_ABNORMAL_PULMONARY_VALVE_PHYSIOLOGY	HP_ABNORMAL_PULMONARY_VALVE_PHYSIOLOGY		100	-0.24544221	-0.63737106	0.9836956	0.9742488	1.0	1445	tags=19%, list=14%, signal=22%	
GOBP_SPINAL_CORD_DEVELOPMENT	GOBP_SPINAL_CORD_DEVELOPMENT		40	-0.2757413	-0.63697946	0.92619926	0.97404486	1.0	211	tags=5%, list=2%, signal=5%	
GOBP_NON_CANONICAL_WNT_SIGNALING_PATHWAY	GOBP_NON_CANONICAL_WNT_SIGNALING_PATHWAY		30	-0.29469046	-0.63694686	0.92941177	0.9735772	1.0	1086	tags=20%, list=10%, signal=22%	
GOCC_CLATHRIN_VESICLE_COAT	GOCC_CLATHRIN_VESICLE_COAT		27	-0.28643537	-0.6352742	0.92673993	0.97431993	1.0	1974	tags=33%, list=19%, signal=41%	
HP_ANAL_ATRESIA	HP_ANAL_ATRESIA		77	-0.2466372	-0.63313943	0.982906	0.9753609	1.0	304	tags=4%, list=3%, signal=4%	
HP_POOR_FINE_MOTOR_COORDINATION	HP_POOR_FINE_MOTOR_COORDINATION		28	-0.27943283	-0.6313825	0.9245283	0.97623175	1.0	999	tags=14%, list=10%, signal=16%	
HP_VERTEBRAL_FUSION	HP_VERTEBRAL_FUSION		30	-0.28115585	-0.6312185	0.91872793	0.9758618	1.0	1050	tags=20%, list=10%, signal=22%	
HP_ASTHMA	HP_ASTHMA		95	-0.24607486	-0.6311526	0.98122066	0.9754269	1.0	611	tags=9%, list=6%, signal=10%	
GOBP_NEUROMUSCULAR_PROCESS_CONTROLLING_BALANCE	GOBP_NEUROMUSCULAR_PROCESS_CONTROLLING_BALANCE		30	-0.28308463	-0.63048863	0.9269231	0.9754052	1.0	1640	tags=33%, list=16%, signal=39%	
HP_MULTIPLE_RENAL_CYSTS	HP_MULTIPLE_RENAL_CYSTS		46	-0.26688117	-0.6274369	0.93886465	0.9771266	1.0	1050	tags=15%, list=10%, signal=17%	
HP_ABNORMAL_RENAL_MEDULLA_MORPHOLOGY	HP_ABNORMAL_RENAL_MEDULLA_MORPHOLOGY		40	-0.26871625	-0.6266388	0.9508197	0.97722083	1.0	1210	tags=15%, list=12%, signal=17%	
GOCC_MEMBRANE_COAT	GOCC_MEMBRANE_COAT		74	-0.25193065	-0.62551385	0.977169	0.9775166	1.0	2198	tags=27%, list=21%, signal=34%	
GOCC_ENDOPLASMIC_RETICULUM_QUALITY_CONTROL_COMPARTMENT	GOCC_ENDOPLASMIC_RETICULUM_QUALITY_CONTROL_COMPARTMENT		21	-0.2991608	-0.6240743	0.8981132	0.97805834	1.0	1622	tags=29%, list=16%, signal=34%	
GOBP_PHOSPHATIDYLINOSITOL_MEDIATED_SIGNALING	GOBP_PHOSPHATIDYLINOSITOL_MEDIATED_SIGNALING		15	-0.30363718	-0.62296706	0.8768769	0.9783014	1.0	487	tags=7%, list=5%, signal=7%	
GOBP_REGULATION_OF_STEROID_BIOSYNTHETIC_PROCESS	GOBP_REGULATION_OF_STEROID_BIOSYNTHETIC_PROCESS		38	-0.26800367	-0.6213659	0.94693875	0.97889847	1.0	1537	tags=32%, list=15%, signal=37%	
GOBP_UBIQUITIN_DEPENDENT_PROTEIN_CATABOLIC_PROCESS_VIA_THE_MULTIVESICULAR_BODY_SORTING_PATHWAY	GOBP_UBIQUITIN_DEPENDENT_PROTEIN_CATABOLIC_PROCESS_VIA_THE_MULTIVESICULAR_BODY_SORTING_PATHWAY		28	-0.28185967	-0.6170641	0.91828793	0.9812459	1.0	1392	tags=25%, list=13%, signal=29%	
HP_AVASCULAR_NECROSIS_OF_THE_CAPITAL_FEMORAL_EPIPHYSIS	HP_AVASCULAR_NECROSIS_OF_THE_CAPITAL_FEMORAL_EPIPHYSIS		16	-0.29296264	-0.61693376	0.9	0.98084766	1.0	1765	tags=31%, list=17%, signal=38%	
HP_ABNORMAL_CORNEAL_STROMA_MORPHOLOGY	HP_ABNORMAL_CORNEAL_STROMA_MORPHOLOGY		51	-0.25320208	-0.6157815	0.9591837	0.98108095	1.0	497	tags=12%, list=5%, signal=12%	
GOMF_PHOSPHATIDYLINOSITOL_3_5_BISPHOSPHATE_BINDING	GOMF_PHOSPHATIDYLINOSITOL_3_5_BISPHOSPHATE_BINDING		15	-0.30077457	-0.6148812	0.8808664	0.9812194	1.0	159	tags=7%, list=2%, signal=7%	
GOMF_TRANSLATION_INITIATION_FACTOR_ACTIVITY	GOMF_TRANSLATION_INITIATION_FACTOR_ACTIVITY		38	-0.27834207	-0.6146485	0.96014494	0.9808755	1.0	1212	tags=18%, list=12%, signal=21%	
HP_PANCREATIC_ADENOCARCINOMA	HP_PANCREATIC_ADENOCARCINOMA		26	-0.2819433	-0.61361253	0.92753625	0.9810462	1.0	880	tags=12%, list=8%, signal=13%	
GOBP_REGULATION_OF_ERBB_SIGNALING_PATHWAY	GOBP_REGULATION_OF_ERBB_SIGNALING_PATHWAY		46	-0.26488355	-0.61355865	0.96595746	0.980587	1.0	1457	tags=26%, list=14%, signal=30%	
GOCC_PRESYNAPTIC_ACTIVE_ZONE	GOCC_PRESYNAPTIC_ACTIVE_ZONE		31	-0.2806505	-0.61072177	0.93115944	0.98185647	1.0	914	tags=13%, list=9%, signal=14%	
HP_CONE_CONE_ROD_DYSTROPHY	HP_CONE_CONE_ROD_DYSTROPHY		33	-0.276152	-0.6103449	0.9296875	0.9816116	1.0	709	tags=9%, list=7%, signal=10%	
GOBP_MRNA_3_END_PROCESSING	GOBP_MRNA_3_END_PROCESSING		37	-0.2641774	-0.6086536	0.95703125	0.9821361	1.0	529	tags=11%, list=5%, signal=11%	
GOBP_VESICLE_BUDDING_FROM_MEMBRANE	GOBP_VESICLE_BUDDING_FROM_MEMBRANE		72	-0.24218768	-0.6084685	0.97354496	0.9817649	1.0	1020	tags=10%, list=10%, signal=11%	
GOMF_N_ACYLTRANSFERASE_ACTIVITY	GOMF_N_ACYLTRANSFERASE_ACTIVITY		56	-0.26080668	-0.6084205	0.9539749	0.98131245	1.0	1023	tags=13%, list=10%, signal=14%	
GOBP_POSITIVE_REGULATION_OF_CYTOKINESIS	GOBP_POSITIVE_REGULATION_OF_CYTOKINESIS		23	-0.28148586	-0.6049832	0.9111111	0.9828731	1.0	671	tags=9%, list=6%, signal=9%	
GOBP_STEROL_BIOSYNTHETIC_PROCESS	GOBP_STEROL_BIOSYNTHETIC_PROCESS		41	-0.26505107	-0.6049651	0.97619045	0.98240435	1.0	665	tags=10%, list=6%, signal=10%	
GOBP_FC_RECEPTOR_MEDIATED_STIMULATORY_SIGNALING_PATHWAY	GOBP_FC_RECEPTOR_MEDIATED_STIMULATORY_SIGNALING_PATHWAY		27	-0.2749848	-0.59861076	0.92517006	0.9855518	1.0	910	tags=19%, list=9%, signal=20%	
HP_RECURRENT_VIRAL_INFECTIONS	HP_RECURRENT_VIRAL_INFECTIONS		48	-0.25675422	-0.5936456	0.98467433	0.9877733	1.0	1425	tags=19%, list=14%, signal=22%	
GOCC_HIPPOCAMPAL_MOSSY_FIBER_TO_CA3_SYNAPSE	GOCC_HIPPOCAMPAL_MOSSY_FIBER_TO_CA3_SYNAPSE		15	-0.29621994	-0.592578	0.9202454	0.9879147	1.0	1150	tags=20%, list=11%, signal=22%	
HP_HYPOPLASTIC_VERTEBRAL_BODIES	HP_HYPOPLASTIC_VERTEBRAL_BODIES		15	-0.2887218	-0.5914893	0.91608393	0.9880162	1.0	278	tags=7%, list=3%, signal=7%	
HP_OVOID_VERTEBRAL_BODIES	HP_OVOID_VERTEBRAL_BODIES		20	-0.2774425	-0.59117854	0.9566787	0.9877031	1.0	423	tags=10%, list=4%, signal=10%	
HP_METAPHYSEAL_IRREGULARITY	HP_METAPHYSEAL_IRREGULARITY		29	-0.26563826	-0.58730674	0.972	0.98925096	1.0	803	tags=14%, list=8%, signal=15%	
GOBP_POSITIVE_REGULATION_OF_DENDRITIC_SPINE_DEVELOPMENT	GOBP_POSITIVE_REGULATION_OF_DENDRITIC_SPINE_DEVELOPMENT		23	-0.2724126	-0.5845158	0.9211469	0.99016744	1.0	1126	tags=26%, list=11%, signal=29%	
HP_RIGHT_VENTRICULAR_HYPERTROPHY	HP_RIGHT_VENTRICULAR_HYPERTROPHY		24	-0.26998812	-0.58258706	0.94382024	0.9906168	1.0	1009	tags=13%, list=10%, signal=14%	
GOMF_TRANSLATION_FACTOR_ACTIVITY_RNA_BINDING	GOMF_TRANSLATION_FACTOR_ACTIVITY_RNA_BINDING		19	-0.2773702	-0.58182526	0.90839696	0.99049276	1.0	720	tags=16%, list=7%, signal=17%	
HP_RENOVASCULAR_HYPERTENSION	HP_RENOVASCULAR_HYPERTENSION		18	-0.2792793	-0.58072644	0.9148936	0.99053866	1.0	910	tags=17%, list=9%, signal=18%	
HP_BROAD_RIBS	HP_BROAD_RIBS		16	-0.284325	-0.5794606	0.94285715	0.99062794	1.0	1860	tags=38%, list=18%, signal=46%	
HP_ABNORMAL_CD4_T_CELL_PROPORTION	HP_ABNORMAL_CD4_T_CELL_PROPORTION		35	-0.25695807	-0.575768	0.97307694	0.99183476	1.0	1060	tags=20%, list=10%, signal=22%	
GOBP_REGULATION_OF_RIG_I_SIGNALING_PATHWAY	GOBP_REGULATION_OF_RIG_I_SIGNALING_PATHWAY		17	-0.2794373	-0.5742249	0.9347826	0.992054	1.0	1140	tags=18%, list=11%, signal=20%	
HP_METHYLMALONIC_ACIDURIA	HP_METHYLMALONIC_ACIDURIA		19	-0.27091327	-0.5712709	0.9437751	0.99286854	1.0	7620	tags=100%, list=73%, signal=369%	
HP_VENOUS_INSUFFICIENCY	HP_VENOUS_INSUFFICIENCY		18	-0.2743132	-0.57083195	0.95189005	0.9925837	1.0	304	tags=6%, list=3%, signal=6%	
HP_DISPROPORTIONATE_SHORT_STATURE	HP_DISPROPORTIONATE_SHORT_STATURE		77	-0.2266296	-0.56965077	1.0	0.99260294	1.0	1075	tags=10%, list=10%, signal=11%	
GOBP_ENDOPLASMIC_RETICULUM_TO_GOLGI_VESICLE_MEDIATED_TRANSPORT	GOBP_ENDOPLASMIC_RETICULUM_TO_GOLGI_VESICLE_MEDIATED_TRANSPORT		109	-0.21182753	-0.5689991	1.0	0.9923751	1.0	1085	tags=11%, list=10%, signal=12%	
HP_NARROW_PALPEBRAL_FISSURE	HP_NARROW_PALPEBRAL_FISSURE		45	-0.24551743	-0.56512356	0.9755102	0.99347645	1.0	1109	tags=13%, list=11%, signal=15%	
HP_ABNORMAL_RENAL_ECHOGENICITY	HP_ABNORMAL_RENAL_ECHOGENICITY		22	-0.26067364	-0.56463045	0.9485294	0.99319595	1.0	658	tags=14%, list=6%, signal=15%	
HP_BLUE_IRIDES	HP_BLUE_IRIDES		31	-0.25471276	-0.56446844	0.9698113	0.99277747	1.0	1445	tags=19%, list=14%, signal=22%	
GOBP_ORGANELLE_INHERITANCE	GOBP_ORGANELLE_INHERITANCE		15	-0.27345872	-0.5639943	0.91872793	0.9924816	1.0	835	tags=13%, list=8%, signal=14%	
HP_APLASIA_HYPOPLASIA_OF_THE_TIBIA	HP_APLASIA_HYPOPLASIA_OF_THE_TIBIA		19	-0.27344868	-0.5599572	0.9440559	0.99361587	1.0	567	tags=11%, list=5%, signal=11%	
GOBP_DOSAGE_COMPENSATION_BY_INACTIVATION_OF_X_CHROMOSOME	GOBP_DOSAGE_COMPENSATION_BY_INACTIVATION_OF_X_CHROMOSOME		15	-0.28004244	-0.55913186	0.9172414	0.9934694	1.0	1053	tags=20%, list=10%, signal=22%	
HP_TIBIAL_BOWING	HP_TIBIAL_BOWING		17	-0.2865038	-0.55636775	0.93962264	0.9940376	1.0	1050	tags=24%, list=10%, signal=26%	
GOBP_MEMBRANE_BIOGENESIS	GOBP_MEMBRANE_BIOGENESIS		43	-0.2352532	-0.55483645	0.9802371	0.9941047	1.0	1643	tags=23%, list=16%, signal=27%	
HP_DROWSINESS	HP_DROWSINESS		19	-0.26630417	-0.55240977	0.9451613	0.99446243	1.0	1142	tags=21%, list=11%, signal=24%	
HP_NEPHRONOPHTHISIS	HP_NEPHRONOPHTHISIS		26	-0.24738407	-0.55198693	0.9657795	0.99413943	1.0	7867	tags=100%, list=75%, signal=404%	
GOBP_FATTY_ACID_CATABOLIC_PROCESS	GOBP_FATTY_ACID_CATABOLIC_PROCESS		67	-0.22156009	-0.55128527	1.0	0.9939038	1.0	946	tags=12%, list=9%, signal=13%	
HP_APLASIA_HYPOPLASIA_OF_THE_ABDOMINAL_WALL_MUSCULATURE	HP_APLASIA_HYPOPLASIA_OF_THE_ABDOMINAL_WALL_MUSCULATURE		25	-0.25290665	-0.5465099	0.985348	0.99505085	1.0	1445	tags=28%, list=14%, signal=32%	
GOCC_BRUSH_BORDER_MEMBRANE	GOCC_BRUSH_BORDER_MEMBRANE		19	-0.25119886	-0.5355511	0.96678966	0.99806434	1.0	1143	tags=16%, list=11%, signal=18%	
GOMF_DEACETYLASE_ACTIVITY	GOMF_DEACETYLASE_ACTIVITY		22	-0.24572754	-0.53435665	0.97744364	0.9979216	1.0	1040	tags=14%, list=10%, signal=15%	
GOBP_CLATHRIN_DEPENDENT_ENDOCYTOSIS	GOBP_CLATHRIN_DEPENDENT_ENDOCYTOSIS		34	-0.2375207	-0.53354967	0.9847328	0.99767846	1.0	154	tags=3%, list=1%, signal=3%	
GOBP_MONOSACCHARIDE_BIOSYNTHETIC_PROCESS	GOBP_MONOSACCHARIDE_BIOSYNTHETIC_PROCESS		58	-0.21731147	-0.5319903	0.99148935	0.9976641	1.0	1039	tags=16%, list=10%, signal=17%	
GOCC_VESICLE_COAT	GOCC_VESICLE_COAT		51	-0.21599592	-0.52574086	0.9918367	0.99890924	1.0	1974	tags=27%, list=19%, signal=34%	
HP_DEGENERATION_OF_ANTERIOR_HORN_CELLS	HP_DEGENERATION_OF_ANTERIOR_HORN_CELLS		17	-0.2504614	-0.5253423	0.9550173	0.9985424	1.0	915	tags=12%, list=9%, signal=13%	
HP_SPICULAR_PIGMENTATION_OF_THE_RETINA	HP_SPICULAR_PIGMENTATION_OF_THE_RETINA		61	-0.21431474	-0.5238027	1.0	0.9984618	1.0	823	tags=8%, list=8%, signal=9%	
HP_ABNORMAL_MORPHOLOGY_OF_THE_ABDOMINAL_MUSCULATURE	HP_ABNORMAL_MORPHOLOGY_OF_THE_ABDOMINAL_MUSCULATURE		38	-0.22845557	-0.51397693	0.9887218	1.0	1.0	1473	tags=24%, list=14%, signal=27%	
GOBP_POSITIVE_REGULATION_OF_CELL_MORPHOGENESIS	GOBP_POSITIVE_REGULATION_OF_CELL_MORPHOGENESIS		21	-0.24354222	-0.5090471	0.97037035	1.0	1.0	1289	tags=19%, list=12%, signal=22%	
GOMF_POLYUBIQUITIN_MODIFICATION_DEPENDENT_PROTEIN_BINDING	GOMF_POLYUBIQUITIN_MODIFICATION_DEPENDENT_PROTEIN_BINDING		41	-0.22252375	-0.5053764	0.9887218	1.0	1.0	2261	tags=24%, list=22%, signal=31%	
GOCC_GOLGI_ASSOCIATED_VESICLE_MEMBRANE	GOCC_GOLGI_ASSOCIATED_VESICLE_MEMBRANE		37	-0.22241063	-0.49788842	0.9962406	1.0	1.0	2297	tags=27%, list=22%, signal=35%	
HP_ABNORMAL_MUSCLE_TISSUE_METABOLITE_CONCENTRATION	HP_ABNORMAL_MUSCLE_TISSUE_METABOLITE_CONCENTRATION		33	-0.2139345	-0.4957934	0.9957627	1.0	1.0	1108	tags=15%, list=11%, signal=17%	
GOCC_SYNAPTONEMAL_STRUCTURE	GOCC_SYNAPTONEMAL_STRUCTURE		19	-0.22995012	-0.48610586	0.9862543	1.0	1.0	8047	tags=100%, list=77%, signal=435%	
GOBP_RESCUE_OF_STALLED_RIBOSOME	GOBP_RESCUE_OF_STALLED_RIBOSOME		26	-0.22171967	-0.48367214	0.98770493	1.0	1.0	2010	tags=31%, list=19%, signal=38%	
GOMF_HISTONE_H3_ACETYLTRANSFERASE_ACTIVITY	GOMF_HISTONE_H3_ACETYLTRANSFERASE_ACTIVITY		15	-0.23080914	-0.48037663	0.96842104	1.0	1.0	880	tags=13%, list=8%, signal=15%	
GOBP_CENTRIOLE_ASSEMBLY	GOBP_CENTRIOLE_ASSEMBLY		39	-0.21146335	-0.47904193	0.99245286	1.0	1.0	456	tags=5%, list=4%, signal=5%	
GOBP_PHOTORECEPTOR_CELL_DEVELOPMENT	GOBP_PHOTORECEPTOR_CELL_DEVELOPMENT		19	-0.21955855	-0.45710415	0.9858156	1.0	1.0	2593	tags=42%, list=25%, signal=56%	
HP_EPIPHYSEAL_STIPPLING	HP_EPIPHYSEAL_STIPPLING		24	-0.21407668	-0.45555624	0.98523986	1.0	1.0	446	tags=8%, list=4%, signal=9%	
GOBP_LATE_ENDOSOME_TO_VACUOLE_TRANSPORT	GOBP_LATE_ENDOSOME_TO_VACUOLE_TRANSPORT		28	-0.20430207	-0.45196646	0.9963768	1.0	1.0	2473	tags=39%, list=24%, signal=51%	
GOMF_PDZ_DOMAIN_BINDING	GOMF_PDZ_DOMAIN_BINDING		28	-0.20976745	-0.4478074	0.99635035	1.0	1.0	1736	tags=21%, list=17%, signal=26%	
GOBP_GLYCOSAMINOGLYCAN_BIOSYNTHETIC_PROCESS	GOBP_GLYCOSAMINOGLYCAN_BIOSYNTHETIC_PROCESS		17	-0.21762598	-0.44159356	0.9829932	1.0	1.0	525	tags=6%, list=5%, signal=6%	
HP_ABNORMAL_FUNDUS_AUTOFLUORESCENCE_IMAGING	HP_ABNORMAL_FUNDUS_AUTOFLUORESCENCE_IMAGING		15	-0.21806784	-0.4356165	0.99331105	1.0	1.0	1257	tags=13%, list=12%, signal=15%	
HP_MEDIAL_FLARING_OF_THE_EYEBROW	HP_MEDIAL_FLARING_OF_THE_EYEBROW		20	-0.20380957	-0.42788228	0.9927798	1.0	1.0	1401	tags=15%, list=13%, signal=17%	
GOBP_AROMATIC_AMINO_ACID_METABOLIC_PROCESS	GOBP_AROMATIC_AMINO_ACID_METABOLIC_PROCESS		17	-0.20377488	-0.42683434	0.996337	1.0	1.0	948	tags=12%, list=9%, signal=13%	
HP_FIFTH_FINGER_DISTAL_PHALANX_CLINODACTYLY	HP_FIFTH_FINGER_DISTAL_PHALANX_CLINODACTYLY		17	-0.21262023	-0.4247697	0.984375	1.0	1.0	3398	tags=53%, list=33%, signal=78%	
HP_HYDROMETROCOLPOS	HP_HYDROMETROCOLPOS		18	-0.20915337	-0.42419252	0.9894366	1.0	1.0	3398	tags=50%, list=33%, signal=74%	
GOMF_DNA_DIRECTED_DNA_POLYMERASE_ACTIVITY	GOMF_DNA_DIRECTED_DNA_POLYMERASE_ACTIVITY		18	-0.20703739	-0.42345458	0.9894737	1.0	1.0	1752	tags=22%, list=17%, signal=27%	
GOBP_CELL_DIFFERENTIATION_IN_SPINAL_CORD	GOBP_CELL_DIFFERENTIATION_IN_SPINAL_CORD		15	-0.20397007	-0.41714835	0.9936306	1.0	1.0	8317	tags=100%, list=80%, signal=490%	
GOBP_TRANSCRIPTION_INITIATION_AT_RNA_POLYMERASE_I_PROMOTER	GOBP_TRANSCRIPTION_INITIATION_AT_RNA_POLYMERASE_I_PROMOTER		16	-0.20594417	-0.41579825	0.9894366	1.0	1.0	358	tags=6%, list=3%, signal=6%	
HP_APLASIA_HYPOPLASIA_OF_THE_VAGINA	HP_APLASIA_HYPOPLASIA_OF_THE_VAGINA		22	-0.19779873	-0.41503423	0.99635035	1.0	1.0	3398	tags=55%, list=33%, signal=81%	
HP_RHIZOMELIA	HP_RHIZOMELIA		42	-0.18038431	-0.40990284	1.0	1.0	1.0	1860	tags=24%, list=18%, signal=29%	
HP_CHRONIC_SINUSITIS	HP_CHRONIC_SINUSITIS		24	-0.18930136	-0.40682778	0.99649125	1.0	1.0	1487	tags=17%, list=14%, signal=19%	
HP_OVERGROWTH	HP_OVERGROWTH		27	-0.18860629	-0.40219006	1.0	1.0	1.0	1358	tags=11%, list=13%, signal=13%	
HP_CHRONIC_RHINITIS	HP_CHRONIC_RHINITIS		23	-0.18325453	-0.39347777	0.9933775	1.0	1.0	1487	tags=17%, list=14%, signal=20%	
GOMF_PHOSPHATIDIC_ACID_BINDING	GOMF_PHOSPHATIDIC_ACID_BINDING		17	-0.19038941	-0.39148235	1.0	1.0	1.0	8459	tags=100%, list=81%, signal=526%	
HP_OROMANDIBULAR_DYSTONIA	HP_OROMANDIBULAR_DYSTONIA		16	-0.18212652	-0.38009283	0.99601597	1.0	1.0	1697	tags=19%, list=16%, signal=22%	
GOCC_CILIARY_TIP	GOCC_CILIARY_TIP		29	-0.17010404	-0.36719292	0.99570817	1.0	1.0	1506	tags=17%, list=14%, signal=20%	
GOBP_COENZYME_A_METABOLIC_PROCESS	GOBP_COENZYME_A_METABOLIC_PROCESS		17	-0.18194897	-0.3648945	1.0	1.0	1.0	8547	tags=100%, list=82%, signal=550%	
GOMF_MONOOXYGENASE_ACTIVITY	GOMF_MONOOXYGENASE_ACTIVITY		27	-0.1644207	-0.3595631	1.0	1.0	1.0	2009	tags=26%, list=19%, signal=32%	
HP_IRREGULAR_MENSTRUATION	HP_IRREGULAR_MENSTRUATION		35	-0.15498978	-0.35309228	1.0	1.0	1.0	1511	tags=14%, list=14%, signal=17%	
GOCC_INTRACILIARY_TRANSPORT_PARTICLE	GOCC_INTRACILIARY_TRANSPORT_PARTICLE		19	-0.15560246	-0.33194056	1.0	1.0	1.0	8822	tags=100%, list=84%, signal=643%	
HP_RETINAL_HAMARTOMA	HP_RETINAL_HAMARTOMA		16	-0.1503387	-0.31152263	1.0	0.99996257	1.0	3002	tags=44%, list=29%, signal=61%	
