NAME	GS<br> follow link to MSigDB	GS DETAILS	SIZE	ES	NES	NOM p-val	FDR q-val	FWER p-val	RANK AT MAX	LEADING EDGE	
GOCC_RIBOSOMAL_SUBUNIT	GOCC_RIBOSOMAL_SUBUNIT	Details ...	152	0.8275452	2.0166752	0.0	0.0	0.0	653	tags=45%, list=6%, signal=47%	
GOBP_CYTOPLASMIC_TRANSLATION	GOBP_CYTOPLASMIC_TRANSLATION	Details ...	139	0.8324976	1.9959264	0.0	0.0	0.0	519	tags=42%, list=5%, signal=44%	
GOCC_CYTOSOLIC_RIBOSOME	GOCC_CYTOSOLIC_RIBOSOME	Details ...	100	0.82359904	1.9283545	0.0	0.0	0.0	774	tags=66%, list=7%, signal=71%	
GOCC_SMALL_RIBOSOMAL_SUBUNIT	GOCC_SMALL_RIBOSOMAL_SUBUNIT	Details ...	63	0.8592253	1.9120157	0.0	2.1999194E-4	0.001	625	tags=48%, list=6%, signal=50%	
GOMF_STRUCTURAL_CONSTITUENT_OF_RIBOSOME	GOMF_STRUCTURAL_CONSTITUENT_OF_RIBOSOME	Details ...	139	0.78342843	1.8757149	0.0	8.849578E-4	0.005	653	tags=48%, list=6%, signal=51%	
GOCC_RIBOSOME	GOCC_RIBOSOME	Details ...	186	0.7579538	1.8750134	0.0	7.3746487E-4	0.005	774	tags=41%, list=7%, signal=44%	
GOBP_NEGATIVE_REGULATION_OF_SYNCYTIUM_FORMATION_BY_PLASMA_MEMBRANE_FUSION	GOBP_NEGATIVE_REGULATION_OF_SYNCYTIUM_FORMATION_BY_PLASMA_MEMBRANE_FUSION	Details ...	39	0.89376694	1.8741721	0.0	7.594147E-4	0.006	653	tags=77%, list=6%, signal=82%	
GOCC_CYTOSOLIC_LARGE_RIBOSOMAL_SUBUNIT	GOCC_CYTOSOLIC_LARGE_RIBOSOMAL_SUBUNIT	Details ...	46	0.8882705	1.8720496	0.0	8.864976E-4	0.008	846	tags=80%, list=8%, signal=87%	
GOCC_SMALL_SUBUNIT_PROCESSOME	GOCC_SMALL_SUBUNIT_PROCESSOME	Details ...	62	0.85007983	1.8688266	0.0	0.0011832	0.012	740	tags=42%, list=7%, signal=45%	
GOCC_CYTOSOLIC_SMALL_RIBOSOMAL_SUBUNIT	GOCC_CYTOSOLIC_SMALL_RIBOSOMAL_SUBUNIT	Details ...	36	0.90161085	1.868645	0.0	0.0010648799	0.012	469	tags=72%, list=4%, signal=75%	
GOBP_RIBOSOMAL_SMALL_SUBUNIT_BIOGENESIS	GOBP_RIBOSOMAL_SMALL_SUBUNIT_BIOGENESIS	Details ...	95	0.8093207	1.8649141	0.0	0.0012893067	0.016	767	tags=34%, list=7%, signal=36%	
GOBP_STRIATED_MUSCLE_CONTRACTION	GOBP_STRIATED_MUSCLE_CONTRACTION	Details ...	102	0.7865965	1.8303018	0.0	0.004939108	0.062	915	tags=46%, list=9%, signal=50%	
GOCC_PRERIBOSOME	GOCC_PRERIBOSOME	Details ...	87	0.8002016	1.8235906	0.0	0.005921098	0.08	1076	tags=39%, list=10%, signal=43%	
GOBP_MYOBLAST_FUSION	GOBP_MYOBLAST_FUSION	Details ...	52	0.8465219	1.8207977	0.0	0.006577272	0.096	846	tags=65%, list=8%, signal=71%	
GOCC_LARGE_RIBOSOMAL_SUBUNIT	GOCC_LARGE_RIBOSOMAL_SUBUNIT	Details ...	92	0.79275316	1.8030801	0.0	0.011631805	0.175	893	tags=46%, list=9%, signal=49%	
GOBP_REGULATION_OF_SYNCYTIUM_FORMATION_BY_PLASMA_MEMBRANE_FUSION	GOBP_REGULATION_OF_SYNCYTIUM_FORMATION_BY_PLASMA_MEMBRANE_FUSION	Details ...	46	0.8384071	1.7909485	0.0	0.017432267	0.268	653	tags=67%, list=6%, signal=72%	
GOBP_SYNCYTIUM_FORMATION	GOBP_SYNCYTIUM_FORMATION	Details ...	60	0.8113077	1.7760421	0.0	0.027958112	0.42	846	tags=58%, list=8%, signal=63%	
GOMF_GROWTH_FACTOR_RECEPTOR_BINDING	GOMF_GROWTH_FACTOR_RECEPTOR_BINDING	Details ...	59	0.80709136	1.7745805	0.0	0.02822482	0.44	398	tags=12%, list=4%, signal=12%	
GOBP_TRANSLATION	GOBP_TRANSLATION	Details ...	497	0.6777444	1.7737403	0.0	0.027858403	0.454	1176	tags=26%, list=11%, signal=28%	
HP_ABNORMAL_CIRCULATING_PROTEINOGENIC_AMINO_ACID_DERIVATIVE_CONCENTRATION	HP_ABNORMAL_CIRCULATING_PROTEINOGENIC_AMINO_ACID_DERIVATIVE_CONCENTRATION	Details ...	49	0.8233509	1.7734915	0.0	0.026643327	0.457	473	tags=24%, list=5%, signal=26%	
HP_ABNORMAL_CIRCULATING_AMINO_ACID_CONCENTRATION	HP_ABNORMAL_CIRCULATING_AMINO_ACID_CONCENTRATION		118	0.74313176	1.7688493	0.0	0.029249975	0.501	1017	tags=20%, list=10%, signal=22%	
HP_ABNORMAL_NUMBER_OF_ERYTHROID_PRECURSORS	HP_ABNORMAL_NUMBER_OF_ERYTHROID_PRECURSORS		44	0.82675415	1.7647841	0.0	0.032142986	0.548	455	tags=50%, list=4%, signal=52%	
GOBP_RIBOSOME_BIOGENESIS	GOBP_RIBOSOME_BIOGENESIS		260	0.6962233	1.7587162	0.0	0.037403747	0.617	926	tags=25%, list=9%, signal=26%	
HP_ADENOCARCINOMA_OF_THE_COLON	HP_ADENOCARCINOMA_OF_THE_COLON		31	0.8505836	1.757112	0.0013927576	0.038020857	0.642	455	tags=65%, list=4%, signal=67%	
HP_MACROCYTIC_ANEMIA	HP_MACROCYTIC_ANEMIA		57	0.8086756	1.7542088	0.0	0.04015124	0.68	455	tags=40%, list=4%, signal=42%	
GOMF_MRNA_5_UTR_BINDING	GOMF_MRNA_5_UTR_BINDING		20	0.9076685	1.7489175	0.0014064697	0.044941504	0.742	421	tags=50%, list=4%, signal=52%	
HP_ERYTHROID_HYPOPLASIA	HP_ERYTHROID_HYPOPLASIA		29	0.85559994	1.7329322	0.0014084507	0.06671601	0.866	455	tags=72%, list=4%, signal=76%	
HP_THROMBOCYTOSIS	HP_THROMBOCYTOSIS		55	0.7937435	1.7315857	0.0013140604	0.06717998	0.883	625	tags=47%, list=6%, signal=50%	
GOMF_STRUCTURAL_MOLECULE_ACTIVITY	GOMF_STRUCTURAL_MOLECULE_ACTIVITY		309	0.67930216	1.730299	0.0	0.066756845	0.891	797	tags=28%, list=8%, signal=29%	
HP_ADENOCARCINOMA_OF_THE_INTESTINES	HP_ADENOCARCINOMA_OF_THE_INTESTINES		35	0.8396862	1.7267175	0.0013368984	0.0708746	0.917	455	tags=57%, list=4%, signal=60%	
HP_MALIGNANT_GENITOURINARY_TRACT_TUMOR	HP_MALIGNANT_GENITOURINARY_TRACT_TUMOR		33	0.8347466	1.724961	0.0	0.07195959	0.923	455	tags=61%, list=4%, signal=63%	
HP_ABNORMAL_CIRCULATING_NON_PROTEINOGENIC_AMINO_ACID_CONCENTRATION	HP_ABNORMAL_CIRCULATING_NON_PROTEINOGENIC_AMINO_ACID_CONCENTRATION		24	0.86861247	1.723604	0.0	0.07222438	0.931	573	tags=42%, list=5%, signal=44%	
HP_DUPLICATION_OF_THUMB_PHALANX	HP_DUPLICATION_OF_THUMB_PHALANX		43	0.83086723	1.7211733	0.0	0.0746784	0.94	455	tags=49%, list=4%, signal=51%	
GOBP_MUSCLE_CONTRACTION	GOBP_MUSCLE_CONTRACTION		158	0.7066193	1.7211468	0.0	0.072481975	0.94	915	tags=33%, list=9%, signal=36%	
HP_ABSENT_THUMB	HP_ABSENT_THUMB		46	0.8103752	1.7207469	0.0	0.071118265	0.941	625	tags=48%, list=6%, signal=51%	
HP_PURE_RED_CELL_APLASIA	HP_PURE_RED_CELL_APLASIA		26	0.85238594	1.7166505	0.0014005603	0.07676433	0.959	455	tags=77%, list=4%, signal=80%	
GOMF_EPIDERMAL_GROWTH_FACTOR_RECEPTOR_BINDING	GOMF_EPIDERMAL_GROWTH_FACTOR_RECEPTOR_BINDING		23	0.87870836	1.7165823	0.0	0.07476111	0.959	398	tags=22%, list=4%, signal=23%	
HP_ABNORMAL_MEAN_CORPUSCULAR_VOLUME	HP_ABNORMAL_MEAN_CORPUSCULAR_VOLUME		54	0.8005585	1.7162762	0.0	0.07335276	0.96	455	tags=41%, list=4%, signal=42%	
HP_PERSISTENCE_OF_HEMOGLOBIN_F	HP_PERSISTENCE_OF_HEMOGLOBIN_F		31	0.84173965	1.7135879	0.0013568521	0.075647935	0.964	625	tags=74%, list=6%, signal=79%	
HP_DEVELOPMENTAL_GLAUCOMA	HP_DEVELOPMENTAL_GLAUCOMA		48	0.79788345	1.7124077	0.0053050397	0.07565779	0.966	683	tags=50%, list=7%, signal=53%	
HP_PALLOR	HP_PALLOR		100	0.7467441	1.7086122	0.0	0.08108826	0.976	464	tags=26%, list=4%, signal=27%	
HP_GASTROINTESTINAL_CARCINOMA	HP_GASTROINTESTINAL_CARCINOMA		53	0.7931455	1.7083777	0.0012391574	0.07978875	0.976	455	tags=38%, list=4%, signal=39%	
GOBP_REGULATION_OF_KERATINOCYTE_PROLIFERATION	GOBP_REGULATION_OF_KERATINOCYTE_PROLIFERATION		16	0.90288556	1.7069367	0.0013908206	0.08093653	0.98	464	tags=25%, list=4%, signal=26%	
HP_ABNORMAL_ERYTHROCYTE_ENZYME_CONCENTRATION_OR_ACTIVITY	HP_ABNORMAL_ERYTHROCYTE_ENZYME_CONCENTRATION_OR_ACTIVITY		42	0.8027089	1.7053401	0.00390625	0.08221525	0.981	455	tags=48%, list=4%, signal=50%	
HP_INCREASED_MEAN_CORPUSCULAR_VOLUME	HP_INCREASED_MEAN_CORPUSCULAR_VOLUME		45	0.8176157	1.703635	0.0	0.083301045	0.983	455	tags=49%, list=4%, signal=51%	
GOBP_NADH_DEHYDROGENASE_COMPLEX_ASSEMBLY	GOBP_NADH_DEHYDROGENASE_COMPLEX_ASSEMBLY		35	0.81842864	1.6991729	0.008207934	0.0890708	0.988	473	tags=29%, list=5%, signal=30%	
HP_NONIMMUNE_HYDROPS_FETALIS	HP_NONIMMUNE_HYDROPS_FETALIS		49	0.7907995	1.694303	0.0013404826	0.09697005	0.993	455	tags=43%, list=4%, signal=45%	
HP_HORSESHOE_KIDNEY	HP_HORSESHOE_KIDNEY		104	0.72583395	1.6939563	0.0	0.0955771	0.994	625	tags=26%, list=6%, signal=27%	
GOCC_RESPIRATORY_CHAIN_COMPLEX	GOCC_RESPIRATORY_CHAIN_COMPLEX		65	0.7591745	1.6937287	0.0012886598	0.09391565	0.994	1025	tags=43%, list=10%, signal=47%	
HP_TRIPHALANGEAL_THUMB	HP_TRIPHALANGEAL_THUMB		53	0.78612393	1.6929967	0.0	0.09357861	0.994	455	tags=38%, list=4%, signal=39%	
HP_ABNORMAL_RETICULOCYTE_MORPHOLOGY	HP_ABNORMAL_RETICULOCYTE_MORPHOLOGY		60	0.77838856	1.6911217	0.0	0.09514773	0.994	719	tags=43%, list=7%, signal=46%	
GOBP_RRNA_PROCESSING	GOBP_RRNA_PROCESSING		191	0.6842556	1.6903933	0.0	0.094712175	0.996	926	tags=24%, list=9%, signal=26%	
HP_ABNORMALITY_OF_THE_THENAR_EMINENCE	HP_ABNORMALITY_OF_THE_THENAR_EMINENCE		30	0.83488625	1.6887331	0.004032258	0.09619652	0.996	648	tags=73%, list=6%, signal=78%	
HP_HYPOTHERMIA	HP_HYPOTHERMIA		28	0.83165646	1.684741	0.0013550136	0.102265246	0.998	819	tags=39%, list=8%, signal=43%	
HP_ABNORMAL_ERYTHROCYTE_ADENOSINE_DEAMINASE_ACTIVITY	HP_ABNORMAL_ERYTHROCYTE_ADENOSINE_DEAMINASE_ACTIVITY		26	0.85124546	1.6805083	0.0	0.10922798	0.998	455	tags=77%, list=4%, signal=80%	
HP_RAGGED_RED_MUSCLE_FIBERS	HP_RAGGED_RED_MUSCLE_FIBERS		48	0.7847072	1.6804254	0.002688172	0.107452065	0.998	944	tags=27%, list=9%, signal=30%	
HP_RETICULOCYTOPENIA	HP_RETICULOCYTOPENIA		32	0.8287966	1.6771526	0.0013793104	0.11242844	0.999	455	tags=63%, list=4%, signal=65%	
HP_RECURRENT_PAROXYSMAL_HEADACHE	HP_RECURRENT_PAROXYSMAL_HEADACHE		18	0.8610366	1.6762973	0.006887052	0.112246245	0.999	473	tags=22%, list=5%, signal=23%	
HP_3_METHYLGLUTACONIC_ACIDURIA	HP_3_METHYLGLUTACONIC_ACIDURIA		15	0.89560765	1.6748456	0.0028612304	0.11373619	0.999	505	tags=27%, list=5%, signal=28%	
HP_ABNORMALITY_OF_THUMB_PHALANX	HP_ABNORMALITY_OF_THUMB_PHALANX		129	0.7024388	1.6724895	0.0	0.116737716	0.999	815	tags=23%, list=8%, signal=25%	
HP_NORMOCHROMIC_ANEMIA	HP_NORMOCHROMIC_ANEMIA		36	0.8136924	1.6703701	0.0026990552	0.12032258	1.0	455	tags=58%, list=4%, signal=61%	
GOBP_MAMMARY_GLAND_MORPHOGENESIS	GOBP_MAMMARY_GLAND_MORPHOGENESIS		17	0.89894223	1.6672378	0.0029027576	0.12511925	1.0	154	tags=12%, list=1%, signal=12%	
GOBP_RRNA_METABOLIC_PROCESS	GOBP_RRNA_METABOLIC_PROCESS		225	0.6683472	1.6670731	0.0011933175	0.12348362	1.0	926	tags=22%, list=9%, signal=24%	
HP_SLOW_DECREASE_IN_VISUAL_ACUITY	HP_SLOW_DECREASE_IN_VISUAL_ACUITY		18	0.87784266	1.6651523	0.0013550136	0.12559319	1.0	558	tags=39%, list=5%, signal=41%	
GOBP_REGULATION_OF_SPROUTING_ANGIOGENESIS	GOBP_REGULATION_OF_SPROUTING_ANGIOGENESIS		20	0.8531034	1.6647948	0.0	0.124450125	1.0	126	tags=15%, list=1%, signal=15%	
HP_SEGMENTAL_PERIPHERAL_DEMYELINATION_REMYELINATION	HP_SEGMENTAL_PERIPHERAL_DEMYELINATION_REMYELINATION		15	0.9017229	1.6627334	0.0014367816	0.12687093	1.0	766	tags=60%, list=7%, signal=65%	
HP_PROGRESSIVE_EXTERNAL_OPHTHALMOPLEGIA	HP_PROGRESSIVE_EXTERNAL_OPHTHALMOPLEGIA		23	0.84799427	1.6607306	0.0013227513	0.12924631	1.0	473	tags=22%, list=5%, signal=23%	
GOBP_MATURATION_OF_SSU_RRNA	GOBP_MATURATION_OF_SSU_RRNA		60	0.7636055	1.6605507	0.0013020834	0.12777548	1.0	1047	tags=30%, list=10%, signal=33%	
GOBP_MYOTUBE_DIFFERENTIATION	GOBP_MYOTUBE_DIFFERENTIATION		84	0.7232739	1.6600469	0.0025445293	0.12706445	1.0	774	tags=43%, list=7%, signal=46%	
HP_CLEFT_LIP	HP_CLEFT_LIP		131	0.6987515	1.659943	0.0	0.12542596	1.0	707	tags=22%, list=7%, signal=23%	
HP_LOW_ANTERIOR_HAIRLINE	HP_LOW_ANTERIOR_HAIRLINE		105	0.7038266	1.6549916	0.001261034	0.13465348	1.0	705	tags=27%, list=7%, signal=28%	
HP_RETINAL_TELANGIECTASIA	HP_RETINAL_TELANGIECTASIA		16	0.8866296	1.6454961	0.0042674253	0.15589747	1.0	473	tags=44%, list=5%, signal=46%	
GOBP_NEGATIVE_REGULATION_OF_OSTEOBLAST_DIFFERENTIATION	GOBP_NEGATIVE_REGULATION_OF_OSTEOBLAST_DIFFERENTIATION		25	0.82471645	1.6454281	0.0067842607	0.15393184	1.0	650	tags=16%, list=6%, signal=17%	
GOBP_MITOCHONDRIAL_RESPIRATORY_CHAIN_COMPLEX_ASSEMBLY	GOBP_MITOCHONDRIAL_RESPIRATORY_CHAIN_COMPLEX_ASSEMBLY		76	0.7299171	1.6430732	0.0026490067	0.15774736	1.0	1303	tags=28%, list=12%, signal=31%	
GOBP_NEGATIVE_REGULATION_OF_CELL_JUNCTION_ASSEMBLY	GOBP_NEGATIVE_REGULATION_OF_CELL_JUNCTION_ASSEMBLY		16	0.88724756	1.6407648	0.0029239766	0.16123992	1.0	689	tags=31%, list=7%, signal=33%	
HP_DEVELOPMENTAL_CATARACT	HP_DEVELOPMENTAL_CATARACT		93	0.7082873	1.6394627	0.0	0.16249381	1.0	635	tags=28%, list=6%, signal=30%	
GOMF_KINASE_ACTIVATOR_ACTIVITY	GOMF_KINASE_ACTIVATOR_ACTIVITY		91	0.7166119	1.637462	0.0	0.16584636	1.0	1005	tags=22%, list=10%, signal=24%	
GOBP_GLAND_MORPHOGENESIS	GOBP_GLAND_MORPHOGENESIS		48	0.76909596	1.6373483	0.0026631157	0.16403724	1.0	832	tags=21%, list=8%, signal=23%	
GOCC_CLATHRIN_COATED_ENDOCYTIC_VESICLE	GOCC_CLATHRIN_COATED_ENDOCYTIC_VESICLE		51	0.75985557	1.6372445	0.005235602	0.16220702	1.0	797	tags=24%, list=8%, signal=25%	
HP_ACUTE_MYELOID_LEUKEMIA	HP_ACUTE_MYELOID_LEUKEMIA		65	0.73208046	1.632994	0.007614213	0.17193058	1.0	455	tags=34%, list=4%, signal=35%	
HP_HYPERVENTILATION	HP_HYPERVENTILATION		21	0.8590411	1.6327659	0.0053475937	0.17056224	1.0	791	tags=43%, list=8%, signal=46%	
HP_NEOPLASM_OF_THE_COLON	HP_NEOPLASM_OF_THE_COLON		74	0.7291154	1.6325209	0.0012674271	0.16929206	1.0	455	tags=28%, list=4%, signal=29%	
GOCC_ROUGH_ENDOPLASMIC_RETICULUM	GOCC_ROUGH_ENDOPLASMIC_RETICULUM		45	0.76247746	1.6323963	0.0025806453	0.1675731	1.0	851	tags=27%, list=8%, signal=29%	
GOBP_RIBOSOMAL_SMALL_SUBUNIT_ASSEMBLY	GOBP_RIBOSOMAL_SMALL_SUBUNIT_ASSEMBLY		22	0.82027996	1.6320977	0.008163265	0.16621022	1.0	417	tags=32%, list=4%, signal=33%	
GOBP_POSITIVE_REGULATION_OF_PHOSPHORUS_METABOLIC_PROCESS	GOBP_POSITIVE_REGULATION_OF_PHOSPHORUS_METABOLIC_PROCESS		164	0.66575915	1.6281825	0.0011990408	0.17406464	1.0	705	tags=15%, list=7%, signal=16%	
GOBP_MUSCLE_SYSTEM_PROCESS	GOBP_MUSCLE_SYSTEM_PROCESS		203	0.66097695	1.626498	0.0011961722	0.17642362	1.0	919	tags=29%, list=9%, signal=31%	
HP_LACTICACIDURIA	HP_LACTICACIDURIA		26	0.8173038	1.625194	0.002762431	0.17808035	1.0	992	tags=38%, list=9%, signal=42%	
GOBP_PROTON_MOTIVE_FORCE_DRIVEN_ATP_SYNTHESIS	GOBP_PROTON_MOTIVE_FORCE_DRIVEN_ATP_SYNTHESIS		45	0.76205987	1.6213948	0.008321775	0.18646751	1.0	1025	tags=44%, list=10%, signal=49%	
GOBP_MITOCHONDRIAL_ELECTRON_TRANSPORT_NADH_TO_UBIQUINONE	GOBP_MITOCHONDRIAL_ELECTRON_TRANSPORT_NADH_TO_UBIQUINONE		43	0.76532894	1.6190276	0.0026809652	0.19075662	1.0	1025	tags=47%, list=10%, signal=51%	
HP_DUPLICATION_OF_BONES_INVOLVING_THE_UPPER_EXTREMITIES	HP_DUPLICATION_OF_BONES_INVOLVING_THE_UPPER_EXTREMITIES		142	0.66799843	1.616798	0.0012285012	0.19460742	1.0	455	tags=17%, list=4%, signal=17%	
HP_LETHARGY	HP_LETHARGY		138	0.6819363	1.6165186	0.0	0.19334534	1.0	1095	tags=31%, list=10%, signal=34%	
GOBP_ATP_SYNTHESIS_COUPLED_ELECTRON_TRANSPORT	GOBP_ATP_SYNTHESIS_COUPLED_ELECTRON_TRANSPORT		73	0.7241157	1.616332	0.0025806453	0.19180164	1.0	1872	tags=52%, list=18%, signal=63%	
GOCC_CYTOPLASMIC_SIDE_OF_ENDOPLASMIC_RETICULUM_MEMBRANE	GOCC_CYTOPLASMIC_SIDE_OF_ENDOPLASMIC_RETICULUM_MEMBRANE		27	0.81010884	1.61498	0.0053262315	0.19340272	1.0	1453	tags=41%, list=14%, signal=47%	
GOBP_KERATINOCYTE_PROLIFERATION	GOBP_KERATINOCYTE_PROLIFERATION		21	0.837318	1.6113428	0.0041208793	0.20204201	1.0	464	tags=24%, list=4%, signal=25%	
HP_CLEFT_SOFT_PALATE	HP_CLEFT_SOFT_PALATE		45	0.7661264	1.6112546	0.005312085	0.20015754	1.0	626	tags=49%, list=6%, signal=52%	
GOCC_CLATHRIN_COATED_ENDOCYTIC_VESICLE_MEMBRANE	GOCC_CLATHRIN_COATED_ENDOCYTIC_VESICLE_MEMBRANE		43	0.77086765	1.6081123	0.006756757	0.20813191	1.0	797	tags=28%, list=8%, signal=30%	
HP_MUSCLE_ABNORMALITY_RELATED_TO_MITOCHONDRIAL_DYSFUNCTION	HP_MUSCLE_ABNORMALITY_RELATED_TO_MITOCHONDRIAL_DYSFUNCTION		68	0.73039377	1.607645	0.00397878	0.2073086	1.0	1025	tags=26%, list=10%, signal=29%	
GOBP_RESPONSE_TO_CORTICOSTEROID	GOBP_RESPONSE_TO_CORTICOSTEROID		68	0.7226284	1.606194	0.0026007802	0.2094193	1.0	745	tags=16%, list=7%, signal=17%	
HP_LACTIC_ACIDOSIS	HP_LACTIC_ACIDOSIS		138	0.6660985	1.6052535	0.0012285012	0.2102081	1.0	1025	tags=17%, list=10%, signal=19%	
HP_PARTIAL_DUPLICATION_OF_THE_PHALANX_OF_HAND	HP_PARTIAL_DUPLICATION_OF_THE_PHALANX_OF_HAND		33	0.78778666	1.6017005	0.011019284	0.21885812	1.0	455	tags=61%, list=4%, signal=63%	
HP_HYDROPS_FETALIS	HP_HYDROPS_FETALIS		88	0.70705754	1.6008571	0.0038071065	0.21947804	1.0	455	tags=24%, list=4%, signal=25%	
GOBP_POSITIVE_REGULATION_OF_PHOSPHORYLATION	GOBP_POSITIVE_REGULATION_OF_PHOSPHORYLATION		136	0.6812716	1.5994452	0.0	0.22169043	1.0	674	tags=15%, list=6%, signal=16%	
GOBP_ELECTRON_TRANSPORT_CHAIN	GOBP_ELECTRON_TRANSPORT_CHAIN		91	0.6977918	1.5964432	0.002484472	0.22961754	1.0	1872	tags=46%, list=18%, signal=56%	
HP_MITOCHONDRIAL_MYOPATHY	HP_MITOCHONDRIAL_MYOPATHY		42	0.75375205	1.5962179	0.0052980133	0.22815932	1.0	1025	tags=33%, list=10%, signal=37%	
GOCC_NADH_DEHYDROGENASE_COMPLEX	GOCC_NADH_DEHYDROGENASE_COMPLEX		38	0.7701346	1.5961025	0.0065703024	0.22631474	1.0	1025	tags=53%, list=10%, signal=58%	
GOBP_OXIDATIVE_PHOSPHORYLATION	GOBP_OXIDATIVE_PHOSPHORYLATION		92	0.70182115	1.5876664	0.0025839794	0.25294828	1.0	1025	tags=33%, list=10%, signal=36%	
HP_ABNORMAL_LOCALIZATION_OF_KIDNEY	HP_ABNORMAL_LOCALIZATION_OF_KIDNEY		163	0.67041016	1.5854249	0.0011947431	0.25851607	1.0	970	tags=23%, list=9%, signal=25%	
HP_ABNORMAL_BASAL_GANGLIA_MRI_SIGNAL_INTENSITY	HP_ABNORMAL_BASAL_GANGLIA_MRI_SIGNAL_INTENSITY		30	0.78435034	1.5849106	0.009628611	0.25813147	1.0	1025	tags=30%, list=10%, signal=33%	
HP_HEMIANOPIA	HP_HEMIANOPIA		22	0.82567334	1.5837777	0.012396694	0.2597253	1.0	683	tags=23%, list=7%, signal=24%	
HP_PROXIMAL_TUBULOPATHY	HP_PROXIMAL_TUBULOPATHY		38	0.77554333	1.5835948	0.006802721	0.25812823	1.0	1127	tags=37%, list=11%, signal=41%	
HP_SMALL_FOR_GESTATIONAL_AGE	HP_SMALL_FOR_GESTATIONAL_AGE		176	0.6482747	1.5825305	0.001216545	0.25974137	1.0	977	tags=23%, list=9%, signal=25%	
HP_FOCAL_T2_HYPERINTENSE_BASAL_GANGLIA_LESION	HP_FOCAL_T2_HYPERINTENSE_BASAL_GANGLIA_LESION		20	0.8188653	1.5808372	0.011251758	0.26359287	1.0	1025	tags=45%, list=10%, signal=50%	
GOBP_NEGATIVE_REGULATION_OF_MUSCLE_CELL_DIFFERENTIATION	GOBP_NEGATIVE_REGULATION_OF_MUSCLE_CELL_DIFFERENTIATION		30	0.76968306	1.5775203	0.016551724	0.27314413	1.0	1108	tags=30%, list=11%, signal=33%	
HP_CEREBRAL_INCLUSION_BODIES	HP_CEREBRAL_INCLUSION_BODIES		36	0.7734493	1.5774424	0.008333334	0.2711674	1.0	503	tags=25%, list=5%, signal=26%	
GOMF_NADH_DEHYDROGENASE_UBIQUINONE_ACTIVITY	GOMF_NADH_DEHYDROGENASE_UBIQUINONE_ACTIVITY		35	0.77982605	1.5760478	0.0068775793	0.27392036	1.0	1025	tags=54%, list=10%, signal=60%	
GOBP_ATP_BIOSYNTHETIC_PROCESS	GOBP_ATP_BIOSYNTHETIC_PROCESS		64	0.7097371	1.5755072	0.008379889	0.27344546	1.0	1025	tags=34%, list=10%, signal=38%	
HP_ABNORMAL_ACTIVITY_OF_MITOCHONDRIAL_RESPIRATORY_CHAIN	HP_ABNORMAL_ACTIVITY_OF_MITOCHONDRIAL_RESPIRATORY_CHAIN		115	0.67045987	1.575154	0.0012562814	0.2725319	1.0	1773	tags=29%, list=17%, signal=34%	
HP_ABNORMALITY_OF_THE_MUSCULATURE_OF_THE_HAND	HP_ABNORMALITY_OF_THE_MUSCULATURE_OF_THE_HAND		88	0.6906197	1.5727228	0.0037406483	0.27963445	1.0	804	tags=31%, list=8%, signal=33%	
HP_GASTROPARESIS	HP_GASTROPARESIS		22	0.8019874	1.5715895	0.01894452	0.28152534	1.0	892	tags=32%, list=9%, signal=35%	
GOMF_ACTIVE_MONOATOMIC_ION_TRANSMEMBRANE_TRANSPORTER_ACTIVITY	GOMF_ACTIVE_MONOATOMIC_ION_TRANSMEMBRANE_TRANSPORTER_ACTIVITY		68	0.7058244	1.5708917	0.002610966	0.28166604	1.0	1773	tags=49%, list=17%, signal=58%	
HP_EPISODIC_VOMITING	HP_EPISODIC_VOMITING		41	0.7438758	1.570518	0.0052980133	0.28061774	1.0	473	tags=17%, list=5%, signal=18%	
HP_ABNORMAL_MITOCHONDRIA_IN_MUSCLE_TISSUE	HP_ABNORMAL_MITOCHONDRIA_IN_MUSCLE_TISSUE		29	0.7791911	1.5701295	0.011080332	0.27981353	1.0	1025	tags=45%, list=10%, signal=50%	
HP_HYPOPARATHYROIDISM	HP_HYPOPARATHYROIDISM		22	0.78967476	1.5687683	0.008344923	0.28291357	1.0	473	tags=27%, list=5%, signal=29%	
GOBP_RIBOSOME_ASSEMBLY	GOBP_RIBOSOME_ASSEMBLY		55	0.7206812	1.5656304	0.007915568	0.29295087	1.0	1383	tags=35%, list=13%, signal=40%	
GOBP_CARDIAC_MUSCLE_CONTRACTION	GOBP_CARDIAC_MUSCLE_CONTRACTION		50	0.73225856	1.5655432	0.0040268456	0.29096135	1.0	915	tags=30%, list=9%, signal=33%	
HP_ABNORMALITY_OF_THE_FRONTAL_HAIRLINE	HP_ABNORMALITY_OF_THE_FRONTAL_HAIRLINE		145	0.65194273	1.5626744	0.0025188916	0.3000245	1.0	848	tags=21%, list=8%, signal=23%	
GOBP_PROTON_TRANSMEMBRANE_TRANSPORT	GOBP_PROTON_TRANSMEMBRANE_TRANSPORT		96	0.68171835	1.5600663	0.006443299	0.30808088	1.0	1773	tags=40%, list=17%, signal=47%	
GOCC_ROUGH_ENDOPLASMIC_RETICULUM_MEMBRANE	GOCC_ROUGH_ENDOPLASMIC_RETICULUM_MEMBRANE		24	0.79173774	1.559834	0.0138121545	0.3066495	1.0	1150	tags=42%, list=11%, signal=47%	
HP_MYELODYSPLASIA	HP_MYELODYSPLASIA		98	0.67090404	1.5584244	0.002484472	0.3101051	1.0	455	tags=23%, list=4%, signal=24%	
HP_BROAD_NECK	HP_BROAD_NECK		24	0.77972305	1.557382	0.015831135	0.3121931	1.0	1026	tags=33%, list=10%, signal=37%	
GOBP_NEURON_MATURATION	GOBP_NEURON_MATURATION		20	0.8124139	1.556195	0.009957326	0.3144702	1.0	1074	tags=40%, list=10%, signal=44%	
GOBP_MAMMARY_GLAND_EPITHELIUM_DEVELOPMENT	GOBP_MAMMARY_GLAND_EPITHELIUM_DEVELOPMENT		31	0.7565066	1.5560002	0.017496636	0.3127915	1.0	154	tags=6%, list=1%, signal=7%	
GOCC_CLATHRIN_COATED_VESICLE_MEMBRANE	GOCC_CLATHRIN_COATED_VESICLE_MEMBRANE		81	0.68363464	1.555181	0.01171875	0.31368163	1.0	797	tags=15%, list=8%, signal=16%	
GOMF_PHOSPHOTYROSINE_RESIDUE_BINDING	GOMF_PHOSPHOTYROSINE_RESIDUE_BINDING		28	0.77708584	1.5539804	0.017832648	0.31628764	1.0	778	tags=18%, list=7%, signal=19%	
GOMF_OXIDOREDUCTION_DRIVEN_ACTIVE_TRANSMEMBRANE_TRANSPORTER_ACTIVITY	GOMF_OXIDOREDUCTION_DRIVEN_ACTIVE_TRANSMEMBRANE_TRANSPORTER_ACTIVITY		49	0.7474719	1.5515556	0.010638298	0.3239815	1.0	1025	tags=41%, list=10%, signal=45%	
GOCC_CATION_CHANNEL_COMPLEX	GOCC_CATION_CHANNEL_COMPLEX		46	0.7236276	1.551492	0.011920529	0.3219181	1.0	446	tags=20%, list=4%, signal=20%	
GOBP_NEGATIVE_REGULATION_OF_TRANSMEMBRANE_TRANSPORT	GOBP_NEGATIVE_REGULATION_OF_TRANSMEMBRANE_TRANSPORT		52	0.72556984	1.5509189	0.009138381	0.3217904	1.0	884	tags=21%, list=8%, signal=23%	
GOBP_REGULATION_OF_OSTEOBLAST_DIFFERENTIATION	GOBP_REGULATION_OF_OSTEOBLAST_DIFFERENTIATION		62	0.710558	1.5505933	0.009283819	0.32074746	1.0	701	tags=19%, list=7%, signal=21%	
GOBP_STRIATED_MUSCLE_CELL_DIFFERENTIATION	GOBP_STRIATED_MUSCLE_CELL_DIFFERENTIATION		147	0.6431965	1.5491391	0.0036363637	0.32456028	1.0	774	tags=29%, list=7%, signal=30%	
GOBP_REGULATION_OF_STEM_CELL_POPULATION_MAINTENANCE	GOBP_REGULATION_OF_STEM_CELL_POPULATION_MAINTENANCE		53	0.7136206	1.5488634	0.009102731	0.32320324	1.0	1161	tags=26%, list=11%, signal=30%	
GOMF_RACEMASE_AND_EPIMERASE_ACTIVITY	GOMF_RACEMASE_AND_EPIMERASE_ACTIVITY		15	0.83459926	1.5471016	0.021037867	0.3279487	1.0	30	tags=7%, list=0%, signal=7%	
GOBP_RNA_METHYLATION	GOBP_RNA_METHYLATION		74	0.6823419	1.5455381	0.010403121	0.33242065	1.0	1158	tags=20%, list=11%, signal=23%	
HP_ABNORMAL_SCAPULA_MORPHOLOGY	HP_ABNORMAL_SCAPULA_MORPHOLOGY		110	0.6651475	1.5448676	0.003717472	0.33300054	1.0	928	tags=29%, list=9%, signal=32%	
HP_APLASIA_HYPOPLASIA_OF_THE_THUMB	HP_APLASIA_HYPOPLASIA_OF_THE_THUMB		96	0.6671448	1.5447333	0.0062735258	0.33135185	1.0	815	tags=29%, list=8%, signal=31%	
GOBP_MATURATION_OF_SSU_RRNA_FROM_TRICISTRONIC_RRNA_TRANSCRIPT_SSU_RRNA_5_8S_RRNA_LSU_RRNA	GOBP_MATURATION_OF_SSU_RRNA_FROM_TRICISTRONIC_RRNA_TRANSCRIPT_SSU_RRNA_5_8S_RRNA_LSU_RRNA		30	0.75508213	1.5447081	0.014864865	0.32915205	1.0	1047	tags=30%, list=10%, signal=33%	
HP_ABNORMAL_CSF_LACTATE_CONCENTRATION	HP_ABNORMAL_CSF_LACTATE_CONCENTRATION		83	0.6721888	1.5437851	0.003911343	0.33090386	1.0	1025	tags=25%, list=10%, signal=28%	
GOBP_RIBOSOMAL_LARGE_SUBUNIT_BIOGENESIS	GOBP_RIBOSOMAL_LARGE_SUBUNIT_BIOGENESIS		60	0.7106676	1.5425057	0.015364917	0.3340348	1.0	1772	tags=45%, list=17%, signal=54%	
GOBP_NEGATIVE_REGULATION_OF_STRIATED_MUSCLE_CELL_DIFFERENTIATION	GOBP_NEGATIVE_REGULATION_OF_STRIATED_MUSCLE_CELL_DIFFERENTIATION		18	0.81204563	1.5420403	0.022315202	0.3337402	1.0	912	tags=33%, list=9%, signal=36%	
HP_WEBBED_NECK	HP_WEBBED_NECK		88	0.6776095	1.5406302	0.0088495575	0.33729124	1.0	455	tags=26%, list=4%, signal=27%	
GOBP_MULTICELLULAR_ORGANISMAL_RESPONSE_TO_STRESS	GOBP_MULTICELLULAR_ORGANISMAL_RESPONSE_TO_STRESS		33	0.7514547	1.5385367	0.024	0.34386995	1.0	819	tags=24%, list=8%, signal=26%	
GOBP_RESPONSE_TO_COCAINE	GOBP_RESPONSE_TO_COCAINE		19	0.79655254	1.5380226	0.020661157	0.34371436	1.0	1121	tags=26%, list=11%, signal=29%	
GOBP_ERBB_SIGNALING_PATHWAY	GOBP_ERBB_SIGNALING_PATHWAY		76	0.6789992	1.5378166	0.010484928	0.34236762	1.0	76	tags=4%, list=1%, signal=4%	
HP_SPRENGEL_ANOMALY	HP_SPRENGEL_ANOMALY		37	0.7348833	1.5373458	0.014844804	0.34211397	1.0	656	tags=59%, list=6%, signal=63%	
HP_SUPERNUMERARY_BONES_OF_THE_AXIAL_SKELETON	HP_SUPERNUMERARY_BONES_OF_THE_AXIAL_SKELETON		19	0.79841095	1.5368931	0.02364395	0.34150168	1.0	581	tags=21%, list=6%, signal=22%	
GOBP_NUCLEOSIDE_TRIPHOSPHATE_BIOSYNTHETIC_PROCESS	GOBP_NUCLEOSIDE_TRIPHOSPHATE_BIOSYNTHETIC_PROCESS		81	0.68776196	1.5352829	0.009032258	0.34618664	1.0	1068	tags=32%, list=10%, signal=35%	
GOBP_DNA_CONFORMATION_CHANGE	GOBP_DNA_CONFORMATION_CHANGE		16	0.8197274	1.5351993	0.017094018	0.34431908	1.0	669	tags=31%, list=6%, signal=33%	
HP_INCREASED_CIRCULATING_LACTATE_CONCENTRATION	HP_INCREASED_CIRCULATING_LACTATE_CONCENTRATION		163	0.6313732	1.53293	0.0036674817	0.35211945	1.0	1025	tags=17%, list=10%, signal=18%	
HP_ABNORMAL_NEUTROPHIL_MORPHOLOGY	HP_ABNORMAL_NEUTROPHIL_MORPHOLOGY		182	0.6233512	1.5324982	0.0024009603	0.35179144	1.0	665	tags=17%, list=6%, signal=18%	
GOBP_RESPONSE_TO_CAMP	GOBP_RESPONSE_TO_CAMP		33	0.7590081	1.5306985	0.01604278	0.3576215	1.0	944	tags=21%, list=9%, signal=23%	
HP_ANISOCYTOSIS	HP_ANISOCYTOSIS		15	0.820691	1.5292859	0.017021276	0.36185852	1.0	464	tags=20%, list=4%, signal=21%	
GOMF_ELECTRON_TRANSFER_ACTIVITY	GOMF_ELECTRON_TRANSFER_ACTIVITY		79	0.6775635	1.5282946	0.010217113	0.36396626	1.0	1773	tags=43%, list=17%, signal=51%	
HP_COARCTATION_OF_AORTA	HP_COARCTATION_OF_AORTA		93	0.6584124	1.5277874	0.011111111	0.3640076	1.0	646	tags=27%, list=6%, signal=28%	
HP_EXTERNAL_OPHTHALMOPLEGIA	HP_EXTERNAL_OPHTHALMOPLEGIA		40	0.74102724	1.5276458	0.009234829	0.362361	1.0	956	tags=20%, list=9%, signal=22%	
GOMF_NUCLEOSOMAL_DNA_BINDING	GOMF_NUCLEOSOMAL_DNA_BINDING		23	0.7770448	1.5274006	0.012328767	0.36130792	1.0	934	tags=39%, list=9%, signal=43%	
GOBP_NEGATIVE_REGULATION_OF_BLOOD_VESSEL_ENDOTHELIAL_CELL_MIGRATION	GOBP_NEGATIVE_REGULATION_OF_BLOOD_VESSEL_ENDOTHELIAL_CELL_MIGRATION		21	0.7919852	1.5268629	0.0125	0.36156386	1.0	560	tags=19%, list=5%, signal=20%	
GOCC_CYTOPLASMIC_SIDE_OF_MEMBRANE	GOCC_CYTOPLASMIC_SIDE_OF_MEMBRANE		136	0.64372665	1.5264223	0.0	0.3614285	1.0	1489	tags=26%, list=14%, signal=30%	
HP_HYPOPLASIA_OF_THE_MUSCULATURE	HP_HYPOPLASIA_OF_THE_MUSCULATURE		17	0.8088946	1.5259181	0.020057306	0.3614269	1.0	581	tags=24%, list=6%, signal=25%	
HP_RETINAL_VASCULAR_TORTUOSITY	HP_RETINAL_VASCULAR_TORTUOSITY		34	0.73951924	1.5251358	0.021192053	0.3627783	1.0	473	tags=21%, list=5%, signal=21%	
GOBP_NEGATIVE_REGULATION_OF_RNA_SPLICING	GOBP_NEGATIVE_REGULATION_OF_RNA_SPLICING		29	0.7569764	1.5225314	0.01650619	0.37261537	1.0	1383	tags=41%, list=13%, signal=48%	
HP_BRITTLE_HAIR	HP_BRITTLE_HAIR		27	0.76696223	1.5218441	0.0121951215	0.37341115	1.0	924	tags=22%, list=9%, signal=24%	
GOBP_MEMBRANE_PROTEIN_PROTEOLYSIS	GOBP_MEMBRANE_PROTEIN_PROTEOLYSIS		39	0.7136812	1.5214589	0.02688172	0.37295008	1.0	470	tags=10%, list=5%, signal=11%	
HP_ACUTE_LEUKEMIA	HP_ACUTE_LEUKEMIA		96	0.6569902	1.521166	0.008974359	0.37197658	1.0	455	tags=25%, list=4%, signal=26%	
GOMF_CALCIUM_CHANNEL_REGULATOR_ACTIVITY	GOMF_CALCIUM_CHANNEL_REGULATOR_ACTIVITY		25	0.78054225	1.520383	0.020746889	0.37350494	1.0	915	tags=32%, list=9%, signal=35%	
GOBP_REGULATION_OF_STRIATED_MUSCLE_CONTRACTION	GOBP_REGULATION_OF_STRIATED_MUSCLE_CONTRACTION		32	0.73791784	1.5198879	0.01899593	0.37347376	1.0	915	tags=34%, list=9%, signal=38%	
HP_PULMONARY_INFILTRATES	HP_PULMONARY_INFILTRATES		34	0.7414379	1.5183393	0.018716577	0.37851194	1.0	824	tags=26%, list=8%, signal=29%	
GOBP_REGULATION_OF_STRIATED_MUSCLE_CELL_DIFFERENTIATION	GOBP_REGULATION_OF_STRIATED_MUSCLE_CELL_DIFFERENTIATION		32	0.7501599	1.518174	0.016371077	0.37717077	1.0	912	tags=25%, list=9%, signal=27%	
GOBP_ENDOTHELIAL_CELL_APOPTOTIC_PROCESS	GOBP_ENDOTHELIAL_CELL_APOPTOTIC_PROCESS		26	0.7657133	1.517883	0.017735334	0.37643096	1.0	338	tags=19%, list=3%, signal=20%	
GOMF_FOUR_WAY_JUNCTION_DNA_BINDING	GOMF_FOUR_WAY_JUNCTION_DNA_BINDING		15	0.81125325	1.5162257	0.03155007	0.38173354	1.0	1452	tags=47%, list=14%, signal=54%	
GOBP_REGULATION_OF_CARBOHYDRATE_CATABOLIC_PROCESS	GOBP_REGULATION_OF_CARBOHYDRATE_CATABOLIC_PROCESS		36	0.72676533	1.515895	0.01650619	0.38092583	1.0	705	tags=17%, list=7%, signal=18%	
HP_ANEMIA_OF_INADEQUATE_PRODUCTION	HP_ANEMIA_OF_INADEQUATE_PRODUCTION		147	0.62226	1.5152218	0.0024390244	0.38207942	1.0	650	tags=20%, list=6%, signal=21%	
GOBP_NEGATIVE_REGULATION_OF_ENDOTHELIAL_CELL_MIGRATION	GOBP_NEGATIVE_REGULATION_OF_ENDOTHELIAL_CELL_MIGRATION		27	0.75741327	1.5147907	0.019363763	0.3817637	1.0	560	tags=15%, list=5%, signal=16%	
HP_SHORT_THUMB	HP_SHORT_THUMB		82	0.68236655	1.5144416	0.0077619664	0.3811976	1.0	815	tags=33%, list=8%, signal=35%	
GOBP_MEMBRANE_PROTEIN_ECTODOMAIN_PROTEOLYSIS	GOBP_MEMBRANE_PROTEIN_ECTODOMAIN_PROTEOLYSIS		31	0.738438	1.5138366	0.029609691	0.38198254	1.0	470	tags=10%, list=5%, signal=10%	
GOBP_POSITIVE_REGULATION_OF_STEM_CELL_POPULATION_MAINTENANCE	GOBP_POSITIVE_REGULATION_OF_STEM_CELL_POPULATION_MAINTENANCE		35	0.74718463	1.5128863	0.010723861	0.38433668	1.0	1161	tags=29%, list=11%, signal=32%	
GOMF_PEPTIDE_HORMONE_BINDING	GOMF_PEPTIDE_HORMONE_BINDING		16	0.7880023	1.5126433	0.029609691	0.383465	1.0	705	tags=31%, list=7%, signal=33%	
HP_VASCULAR_TORTUOSITY	HP_VASCULAR_TORTUOSITY		21	0.78147435	1.5114073	0.02351314	0.38703975	1.0	473	tags=33%, list=5%, signal=35%	
GOBP_REGULATION_OF_HEART_CONTRACTION	GOBP_REGULATION_OF_HEART_CONTRACTION		62	0.6877368	1.5107118	0.016971279	0.38829848	1.0	915	tags=26%, list=9%, signal=28%	
HP_RENAL_TUBULAR_DYSFUNCTION	HP_RENAL_TUBULAR_DYSFUNCTION		71	0.6827254	1.5099527	0.016393442	0.3899143	1.0	1202	tags=28%, list=12%, signal=32%	
HP_ABNORMAL_HEMOGLOBIN	HP_ABNORMAL_HEMOGLOBIN		54	0.6989455	1.5091046	0.011889036	0.3917264	1.0	638	tags=46%, list=6%, signal=49%	
GOBP_RESPONSE_TO_ORGANOPHOSPHORUS	GOBP_RESPONSE_TO_ORGANOPHOSPHORUS		49	0.70886606	1.5075358	0.019633507	0.39699823	1.0	1101	tags=24%, list=11%, signal=27%	
GOBP_POSITIVE_REGULATION_OF_BLOOD_VESSEL_ENDOTHELIAL_CELL_MIGRATION	GOBP_POSITIVE_REGULATION_OF_BLOOD_VESSEL_ENDOTHELIAL_CELL_MIGRATION		30	0.73061615	1.5061725	0.028571429	0.40125442	1.0	338	tags=13%, list=3%, signal=14%	
GOBP_CATECHOLAMINE_TRANSPORT	GOBP_CATECHOLAMINE_TRANSPORT		16	0.8134911	1.5055478	0.023480663	0.4020743	1.0	749	tags=19%, list=7%, signal=20%	
GOBP_RIBONUCLEOPROTEIN_COMPLEX_BIOGENESIS	GOBP_RIBONUCLEOPROTEIN_COMPLEX_BIOGENESIS		405	0.578147	1.5049002	0.0	0.40295866	1.0	1264	tags=25%, list=12%, signal=27%	
GOMF_PROTON_TRANSMEMBRANE_TRANSPORTER_ACTIVITY	GOMF_PROTON_TRANSMEMBRANE_TRANSPORTER_ACTIVITY		97	0.657181	1.5027603	0.011292347	0.41125622	1.0	1773	tags=38%, list=17%, signal=46%	
HP_ABNORMAL_CIRCULATING_CARBOXYLIC_ACID_CONCENTRATION	HP_ABNORMAL_CIRCULATING_CARBOXYLIC_ACID_CONCENTRATION		256	0.5972389	1.5025433	0.0	0.41012758	1.0	1025	tags=16%, list=10%, signal=17%	
GOMF_TRANSPORTER_REGULATOR_ACTIVITY	GOMF_TRANSPORTER_REGULATOR_ACTIVITY		72	0.669059	1.4995311	0.020618556	0.42232168	1.0	922	tags=26%, list=9%, signal=29%	
GOBP_REGULATION_OF_CARDIAC_MUSCLE_CONTRACTION	GOBP_REGULATION_OF_CARDIAC_MUSCLE_CONTRACTION		28	0.7558882	1.4995195	0.030748663	0.4202363	1.0	915	tags=39%, list=9%, signal=43%	
HP_SUPERNUMERARY_TOOTH	HP_SUPERNUMERARY_TOOTH		26	0.7601159	1.4984055	0.030344827	0.42346936	1.0	760	tags=15%, list=7%, signal=17%	
GOBP_RESPONSE_TO_FOOD	GOBP_RESPONSE_TO_FOOD		22	0.76346946	1.4982103	0.029045643	0.4222796	1.0	824	tags=14%, list=8%, signal=15%	
GOBP_NEGATIVE_REGULATION_OF_CALCIUM_ION_TRANSPORT	GOBP_NEGATIVE_REGULATION_OF_CALCIUM_ION_TRANSPORT		17	0.7935417	1.4969497	0.025991792	0.42605913	1.0	1095	tags=47%, list=10%, signal=52%	
GOBP_CAMP_PKA_SIGNAL_TRANSDUCTION	GOBP_CAMP_PKA_SIGNAL_TRANSDUCTION		26	0.73995924	1.4963623	0.046854082	0.4268193	1.0	410	tags=19%, list=4%, signal=20%	
GOBP_RESPONSE_TO_PURINE_CONTAINING_COMPOUND	GOBP_RESPONSE_TO_PURINE_CONTAINING_COMPOUND		60	0.68626124	1.4961854	0.0198939	0.4256137	1.0	1154	tags=23%, list=11%, signal=26%	
GOBP_MORPHOGENESIS_OF_A_BRANCHING_STRUCTURE	GOBP_MORPHOGENESIS_OF_A_BRANCHING_STRUCTURE		72	0.6694576	1.4955628	0.02075227	0.42651618	1.0	832	tags=15%, list=8%, signal=16%	
HP_ABNORMALITY_OF_THE_MUSCULATURE_OF_THE_UPPER_LIMBS	HP_ABNORMALITY_OF_THE_MUSCULATURE_OF_THE_UPPER_LIMBS		183	0.6094181	1.4949143	0.0024213076	0.42747042	1.0	841	tags=20%, list=8%, signal=22%	
HP_FINGER_APLASIA	HP_FINGER_APLASIA		68	0.673906	1.4937191	0.023778072	0.4312962	1.0	625	tags=34%, list=6%, signal=36%	
GOCC_POTASSIUM_CHANNEL_COMPLEX	GOCC_POTASSIUM_CHANNEL_COMPLEX		19	0.7801678	1.4921305	0.04125178	0.4370323	1.0	446	tags=26%, list=4%, signal=27%	
HP_VARIABLE_EXPRESSIVITY	HP_VARIABLE_EXPRESSIVITY		37	0.709629	1.491499	0.03125	0.43797868	1.0	1603	tags=32%, list=15%, signal=38%	
GOBP_REGULATION_OF_CAMP_PKA_SIGNAL_TRANSDUCTION	GOBP_REGULATION_OF_CAMP_PKA_SIGNAL_TRANSDUCTION		21	0.77190286	1.4901444	0.021390375	0.44268638	1.0	410	tags=19%, list=4%, signal=20%	
HP_URINARY_BLADDER_SPHINCTER_DYSFUNCTION	HP_URINARY_BLADDER_SPHINCTER_DYSFUNCTION		23	0.7577671	1.4895213	0.044077136	0.4436299	1.0	360	tags=17%, list=3%, signal=18%	
GOBP_RESPONSE_TO_COPPER_ION	GOBP_RESPONSE_TO_COPPER_ION		18	0.79342645	1.4870324	0.038303692	0.4538581	1.0	1023	tags=39%, list=10%, signal=43%	
HP_SHORT_COLUMELLA	HP_SHORT_COLUMELLA		20	0.77960247	1.4853266	0.020718232	0.46030444	1.0	357	tags=15%, list=3%, signal=16%	
GOMF_DNA_SECONDARY_STRUCTURE_BINDING	GOMF_DNA_SECONDARY_STRUCTURE_BINDING		30	0.7372715	1.4836581	0.038926173	0.46655926	1.0	1452	tags=33%, list=14%, signal=39%	
GOBP_TYROSINE_PHOSPHORYLATION_OF_STAT_PROTEIN	GOBP_TYROSINE_PHOSPHORYLATION_OF_STAT_PROTEIN		19	0.7622957	1.4828204	0.051282052	0.46868593	1.0	550	tags=26%, list=5%, signal=28%	
GOBP_NUCLEOTIDE_BIOSYNTHETIC_PROCESS	GOBP_NUCLEOTIDE_BIOSYNTHETIC_PROCESS		136	0.6129837	1.482231	0.014319809	0.46953475	1.0	1068	tags=24%, list=10%, signal=27%	
GOBP_REGULATION_OF_NUCLEOTIDE_METABOLIC_PROCESS	GOBP_REGULATION_OF_NUCLEOTIDE_METABOLIC_PROCESS		44	0.695828	1.4819402	0.027131783	0.46886235	1.0	745	tags=16%, list=7%, signal=17%	
GOBP_CARDIAC_MUSCLE_CELL_CONTRACTION	GOBP_CARDIAC_MUSCLE_CELL_CONTRACTION		28	0.7324124	1.4815731	0.02872777	0.4686046	1.0	915	tags=32%, list=9%, signal=35%	
HP_GLAUCOMA	HP_GLAUCOMA		211	0.5940021	1.4801116	0.0047675804	0.47371888	1.0	683	tags=16%, list=7%, signal=16%	
GOCC_CLATHRIN_COATED_VESICLE	GOCC_CLATHRIN_COATED_VESICLE		137	0.6146893	1.4793308	0.008760951	0.47563314	1.0	860	tags=12%, list=8%, signal=13%	
GOCC_CYTOSOLIC_REGION	GOCC_CYTOSOLIC_REGION		29	0.7359369	1.47926	0.029891305	0.47381315	1.0	1063	tags=28%, list=10%, signal=31%	
GOBP_RIBOSE_PHOSPHATE_BIOSYNTHETIC_PROCESS	GOBP_RIBOSE_PHOSPHATE_BIOSYNTHETIC_PROCESS		109	0.62849355	1.4791685	0.012722646	0.47223896	1.0	1025	tags=26%, list=10%, signal=28%	
GOMF_PRIMARY_ACTIVE_TRANSMEMBRANE_TRANSPORTER_ACTIVITY	GOMF_PRIMARY_ACTIVE_TRANSMEMBRANE_TRANSPORTER_ACTIVITY		89	0.65983856	1.4791127	0.013906447	0.47039866	1.0	1773	tags=38%, list=17%, signal=46%	
GOBP_CARDIAC_MUSCLE_CELL_ACTION_POTENTIAL_INVOLVED_IN_CONTRACTION	GOBP_CARDIAC_MUSCLE_CELL_ACTION_POTENTIAL_INVOLVED_IN_CONTRACTION		17	0.77683115	1.4774272	0.043417368	0.47700965	1.0	819	tags=35%, list=8%, signal=38%	
GOBP_RESPONSE_TO_ALKALOID	GOBP_RESPONSE_TO_ALKALOID		35	0.7286256	1.4770277	0.027925532	0.47707695	1.0	1192	tags=23%, list=11%, signal=26%	
HP_ABNORMALITY_OF_NEUTROPHILS	HP_ABNORMALITY_OF_NEUTROPHILS		208	0.5962477	1.4767419	0.005966587	0.47630158	1.0	665	tags=17%, list=6%, signal=18%	
HP_OCULAR_ANTERIOR_SEGMENT_DYSGENESIS	HP_OCULAR_ANTERIOR_SEGMENT_DYSGENESIS		207	0.5948411	1.4767329	0.0058343057	0.4742359	1.0	683	tags=17%, list=7%, signal=18%	
GOMF_HORMONE_BINDING	GOMF_HORMONE_BINDING		30	0.71430963	1.4757335	0.04432133	0.4772848	1.0	1285	tags=30%, list=12%, signal=34%	
GOBP_NUCLEOSOME_ORGANIZATION	GOBP_NUCLEOSOME_ORGANIZATION		59	0.67866015	1.4728813	0.025032938	0.4896515	1.0	1446	tags=36%, list=14%, signal=41%	
GOBP_LEUKOCYTE_HOMEOSTASIS	GOBP_LEUKOCYTE_HOMEOSTASIS		90	0.6389232	1.4720068	0.01653944	0.49234256	1.0	1484	tags=29%, list=14%, signal=33%	
HP_HYPOPLASTIC_NIPPLES	HP_HYPOPLASTIC_NIPPLES		21	0.7775214	1.4710803	0.04897959	0.49498656	1.0	1356	tags=38%, list=13%, signal=44%	
HP_LEUKEMIA	HP_LEUKEMIA		132	0.6266025	1.4697286	0.0111524165	0.49975297	1.0	865	tags=27%, list=8%, signal=29%	
GOBP_NEGATIVE_REGULATION_OF_TUMOR_NECROSIS_FACTOR_SUPERFAMILY_CYTOKINE_PRODUCTION	GOBP_NEGATIVE_REGULATION_OF_TUMOR_NECROSIS_FACTOR_SUPERFAMILY_CYTOKINE_PRODUCTION		32	0.7155195	1.4686016	0.03247632	0.50348264	1.0	995	tags=28%, list=10%, signal=31%	
HP_APLASIA_HYPOPLASIA_OF_THE_NIPPLES	HP_APLASIA_HYPOPLASIA_OF_THE_NIPPLES		30	0.7205923	1.4680839	0.03537415	0.50389224	1.0	1491	tags=37%, list=14%, signal=43%	
GOBP_DETECTION_OF_CHEMICAL_STIMULUS	GOBP_DETECTION_OF_CHEMICAL_STIMULUS		21	0.74820656	1.4678732	0.05135135	0.5027557	1.0	1260	tags=38%, list=12%, signal=43%	
HP_ABNORMALITY_OF_THE_MITOCHONDRION	HP_ABNORMALITY_OF_THE_MITOCHONDRION		176	0.6013327	1.4667751	0.007134364	0.5063977	1.0	1893	tags=30%, list=18%, signal=35%	
GOMF_MRNA_BINDING	GOMF_MRNA_BINDING		251	0.5847337	1.4666134	0.005740528	0.5051801	1.0	1791	tags=31%, list=17%, signal=37%	
GOBP_REGULATION_OF_SYNAPTIC_VESICLE_RECYCLING	GOBP_REGULATION_OF_SYNAPTIC_VESICLE_RECYCLING		17	0.7785028	1.4645774	0.03739612	0.51380694	1.0	1600	tags=53%, list=15%, signal=62%	
GOBP_T_HELPER_CELL_LINEAGE_COMMITMENT	GOBP_T_HELPER_CELL_LINEAGE_COMMITMENT		17	0.77939236	1.4645292	0.048143055	0.5119003	1.0	873	tags=35%, list=8%, signal=38%	
GOBP_GLIAL_CELL_PROLIFERATION	GOBP_GLIAL_CELL_PROLIFERATION		30	0.72611463	1.4644984	0.03729282	0.5099241	1.0	614	tags=13%, list=6%, signal=14%	
GOBP_NEGATIVE_REGULATION_OF_WOUND_HEALING	GOBP_NEGATIVE_REGULATION_OF_WOUND_HEALING		23	0.74744236	1.4640392	0.04781421	0.5101755	1.0	874	tags=30%, list=8%, signal=33%	
GOCC_ER_TO_GOLGI_TRANSPORT_VESICLE_MEMBRANE	GOCC_ER_TO_GOLGI_TRANSPORT_VESICLE_MEMBRANE		48	0.68661875	1.4637758	0.02670227	0.5093604	1.0	797	tags=17%, list=8%, signal=18%	
GOBP_REGULATION_OF_NUCLEOTIDE_EXCISION_REPAIR	GOBP_REGULATION_OF_NUCLEOTIDE_EXCISION_REPAIR		22	0.7562988	1.4636225	0.040960453	0.5081835	1.0	1104	tags=32%, list=11%, signal=36%	
HP_OSTEOSARCOMA	HP_OSTEOSARCOMA		34	0.71886325	1.4634244	0.03159341	0.507096	1.0	455	tags=59%, list=4%, signal=61%	
GOBP_PRESYNAPTIC_ENDOCYTOSIS	GOBP_PRESYNAPTIC_ENDOCYTOSIS		50	0.6829204	1.4633824	0.036939315	0.50521725	1.0	1600	tags=34%, list=15%, signal=40%	
GOBP_ESTABLISHMENT_OF_PROTEIN_LOCALIZATION_TO_MITOCHONDRIAL_MEMBRANE	GOBP_ESTABLISHMENT_OF_PROTEIN_LOCALIZATION_TO_MITOCHONDRIAL_MEMBRANE		28	0.72602177	1.4632802	0.04070556	0.5036477	1.0	943	tags=29%, list=9%, signal=31%	
HP_ABNORMAL_RETINAL_NERVE_FIBER_LAYER_MORPHOLOGY	HP_ABNORMAL_RETINAL_NERVE_FIBER_LAYER_MORPHOLOGY		15	0.7853333	1.4629568	0.06638418	0.50332844	1.0	797	tags=47%, list=8%, signal=50%	
HP_OPTIC_DISC_COLOBOMA	HP_OPTIC_DISC_COLOBOMA		21	0.7566022	1.4628874	0.045205478	0.5016567	1.0	26	tags=5%, list=0%, signal=5%	
GOBP_REGULATION_OF_ANTIGEN_PROCESSING_AND_PRESENTATION	GOBP_REGULATION_OF_ANTIGEN_PROCESSING_AND_PRESENTATION		16	0.7744913	1.4627889	0.052112676	0.50015944	1.0	713	tags=38%, list=7%, signal=40%	
GOBP_ENTRAINMENT_OF_CIRCADIAN_CLOCK	GOBP_ENTRAINMENT_OF_CIRCADIAN_CLOCK		16	0.7788405	1.4624934	0.052704576	0.49969822	1.0	848	tags=25%, list=8%, signal=27%	
HP_OPTIC_NEUROPATHY	HP_OPTIC_NEUROPATHY		42	0.695925	1.4620088	0.033467203	0.5002503	1.0	1025	tags=33%, list=10%, signal=37%	
HP_RENAL_AGENESIS	HP_RENAL_AGENESIS		123	0.6163337	1.4616828	0.0154639175	0.49986738	1.0	794	tags=21%, list=8%, signal=23%	
GOBP_NEGATIVE_REGULATION_OF_DEVELOPMENTAL_PROCESS	GOBP_NEGATIVE_REGULATION_OF_DEVELOPMENTAL_PROCESS		453	0.55762064	1.4606014	0.0	0.50356245	1.0	1002	tags=21%, list=10%, signal=22%	
GOBP_PHENOL_CONTAINING_COMPOUND_BIOSYNTHETIC_PROCESS	GOBP_PHENOL_CONTAINING_COMPOUND_BIOSYNTHETIC_PROCESS		17	0.7826715	1.4605236	0.039660055	0.5020103	1.0	1377	tags=53%, list=13%, signal=61%	
GOBP_INTERLEUKIN_12_PRODUCTION	GOBP_INTERLEUKIN_12_PRODUCTION		34	0.7149791	1.4603112	0.025606468	0.5009635	1.0	360	tags=21%, list=3%, signal=21%	
GOMF_MHC_CLASS_II_PROTEIN_COMPLEX_BINDING	GOMF_MHC_CLASS_II_PROTEIN_COMPLEX_BINDING		22	0.74675643	1.4602643	0.03956344	0.49923536	1.0	1066	tags=45%, list=10%, signal=51%	
GOMF_AMINOPEPTIDASE_ACTIVITY	GOMF_AMINOPEPTIDASE_ACTIVITY		26	0.7306004	1.458868	0.03159341	0.5048334	1.0	659	tags=15%, list=6%, signal=16%	
HP_VENTRICULAR_FIBRILLATION	HP_VENTRICULAR_FIBRILLATION		19	0.76860404	1.4583083	0.039455783	0.5058585	1.0	884	tags=37%, list=8%, signal=40%	
GOBP_REGULATION_OF_WOUND_HEALING	GOBP_REGULATION_OF_WOUND_HEALING		52	0.66150236	1.4579508	0.028985508	0.5058293	1.0	991	tags=29%, list=9%, signal=32%	
GOBP_CELLULAR_RESPONSE_TO_XENOBIOTIC_STIMULUS	GOBP_CELLULAR_RESPONSE_TO_XENOBIOTIC_STIMULUS		65	0.65971166	1.4552693	0.022486772	0.5176923	1.0	845	tags=17%, list=8%, signal=18%	
GOBP_RESPONSE_TO_NERVE_GROWTH_FACTOR	GOBP_RESPONSE_TO_NERVE_GROWTH_FACTOR		29	0.7244039	1.4541229	0.04189189	0.5215483	1.0	1886	tags=41%, list=18%, signal=50%	
GOMF_RRNA_BINDING	GOMF_RRNA_BINDING		58	0.682333	1.4538488	0.025099074	0.5210985	1.0	1383	tags=33%, list=13%, signal=38%	
GOBP_REGULATION_OF_MACROPHAGE_ACTIVATION	GOBP_REGULATION_OF_MACROPHAGE_ACTIVATION		31	0.71009195	1.4527231	0.030054646	0.5252004	1.0	410	tags=26%, list=4%, signal=27%	
GOBP_RESPONSE_TO_MONOAMINE	GOBP_RESPONSE_TO_MONOAMINE		24	0.7403599	1.4526873	0.04109589	0.52337515	1.0	1786	tags=42%, list=17%, signal=50%	
GOBP_MITOCHONDRIAL_TRNA_PROCESSING	GOBP_MITOCHONDRIAL_TRNA_PROCESSING		15	0.77068657	1.4524362	0.048913043	0.52261084	1.0	221	tags=13%, list=2%, signal=14%	
GOMF_MHC_PROTEIN_COMPLEX_BINDING	GOMF_MHC_PROTEIN_COMPLEX_BINDING		27	0.73389655	1.4521216	0.03984064	0.5222309	1.0	1066	tags=41%, list=10%, signal=45%	
HP_ABNORMAL_RENAL_TUBULE_MORPHOLOGY	HP_ABNORMAL_RENAL_TUBULE_MORPHOLOGY		56	0.66091037	1.4518313	0.027925532	0.5218328	1.0	473	tags=13%, list=5%, signal=13%	
HP_ABNORMAL_MALE_URETHRAL_MEATUS_MORPHOLOGY	HP_ABNORMAL_MALE_URETHRAL_MEATUS_MORPHOLOGY		254	0.57881236	1.4517949	0.003508772	0.52006066	1.0	1112	tags=21%, list=11%, signal=23%	
GOBP_REGULATION_OF_TOLL_LIKE_RECEPTOR_SIGNALING_PATHWAY	GOBP_REGULATION_OF_TOLL_LIKE_RECEPTOR_SIGNALING_PATHWAY		26	0.7199534	1.4509381	0.05832148	0.5227639	1.0	616	tags=15%, list=6%, signal=16%	
GOBP_REGULATION_OF_TYROSINE_PHOSPHORYLATION_OF_STAT_PROTEIN	GOBP_REGULATION_OF_TYROSINE_PHOSPHORYLATION_OF_STAT_PROTEIN		18	0.7628583	1.450296	0.05874126	0.5241718	1.0	550	tags=28%, list=5%, signal=29%	
HP_ABNORMAL_NUMBER_OF_INCISORS	HP_ABNORMAL_NUMBER_OF_INCISORS		22	0.7419545	1.4492943	0.052910052	0.5273856	1.0	1064	tags=32%, list=10%, signal=35%	
GOBP_MACROMOLECULE_METHYLATION	GOBP_MACROMOLECULE_METHYLATION		101	0.6156958	1.4490492	0.016861219	0.5267019	1.0	1158	tags=17%, list=11%, signal=19%	
GOBP_CELLULAR_RESPONSE_TO_CORTICOSTEROID_STIMULUS	GOBP_CELLULAR_RESPONSE_TO_CORTICOSTEROID_STIMULUS		29	0.71026224	1.4488245	0.040221915	0.52600217	1.0	640	tags=21%, list=6%, signal=22%	
GOCC_PRESYNAPTIC_CYTOSOL	GOCC_PRESYNAPTIC_CYTOSOL		19	0.7653863	1.4471633	0.054869685	0.53309256	1.0	1063	tags=32%, list=10%, signal=35%	
GOBP_RESPONSE_TO_PROGESTERONE	GOBP_RESPONSE_TO_PROGESTERONE		16	0.7849514	1.4468975	0.044096727	0.5325174	1.0	6	tags=6%, list=0%, signal=6%	
GOBP_MAINTENANCE_OF_CELL_NUMBER	GOBP_MAINTENANCE_OF_CELL_NUMBER		119	0.61667603	1.446885	0.013732834	0.5306063	1.0	1637	tags=26%, list=16%, signal=31%	
HP_MEGALENCEPHALY	HP_MEGALENCEPHALY		23	0.74185896	1.4466637	0.047954865	0.5298868	1.0	277	tags=9%, list=3%, signal=9%	
GOBP_POSITIVE_REGULATION_OF_NUCLEOTIDE_METABOLIC_PROCESS	GOBP_POSITIVE_REGULATION_OF_NUCLEOTIDE_METABOLIC_PROCESS		19	0.75359595	1.4460491	0.06285714	0.5311897	1.0	705	tags=21%, list=7%, signal=23%	
HP_ABNORMAL_URINE_PH	HP_ABNORMAL_URINE_PH		103	0.6159003	1.4453338	0.020681266	0.5329398	1.0	1303	tags=17%, list=12%, signal=20%	
GOBP_REGULATION_OF_BLOOD_CIRCULATION	GOBP_REGULATION_OF_BLOOD_CIRCULATION		82	0.63634026	1.4450972	0.02284264	0.53229666	1.0	915	tags=22%, list=9%, signal=24%	
HP_NEOPLASM_OF_THE_SKELETAL_SYSTEM	HP_NEOPLASM_OF_THE_SKELETAL_SYSTEM		80	0.6367092	1.4437636	0.018205462	0.5377135	1.0	778	tags=33%, list=7%, signal=35%	
GOCC_SNO_S_RNA_CONTAINING_RIBONUCLEOPROTEIN_COMPLEX	GOCC_SNO_S_RNA_CONTAINING_RIBONUCLEOPROTEIN_COMPLEX		21	0.7504209	1.4437287	0.053719006	0.53599524	1.0	2009	tags=57%, list=19%, signal=71%	
GOBP_LONG_TERM_MEMORY	GOBP_LONG_TERM_MEMORY		17	0.76222587	1.4431831	0.06770099	0.53697956	1.0	685	tags=24%, list=7%, signal=25%	
GOBP_NEGATIVE_REGULATION_OF_ORGAN_GROWTH	GOBP_NEGATIVE_REGULATION_OF_ORGAN_GROWTH		17	0.76596147	1.4423552	0.042699724	0.53936905	1.0	1662	tags=35%, list=16%, signal=42%	
HP_ABNORMAL_SOFT_PALATE_MORPHOLOGY	HP_ABNORMAL_SOFT_PALATE_MORPHOLOGY		170	0.59616303	1.4422538	0.007308161	0.537936	1.0	648	tags=18%, list=6%, signal=19%	
HP_ABNORMAL_SCLERA_MORPHOLOGY	HP_ABNORMAL_SCLERA_MORPHOLOGY		88	0.6300571	1.4413614	0.022988506	0.5406974	1.0	815	tags=15%, list=8%, signal=16%	
GOMF_NUCLEOSOME_BINDING	GOMF_NUCLEOSOME_BINDING		44	0.6818929	1.4412836	0.045637585	0.53922546	1.0	934	tags=27%, list=9%, signal=30%	
GOBP_RNA_CAPPING	GOBP_RNA_CAPPING		16	0.7715947	1.4410101	0.051502146	0.5387319	1.0	1737	tags=56%, list=17%, signal=67%	
HP_HYPOHIDROSIS	HP_HYPOHIDROSIS		26	0.7220895	1.4404081	0.049798116	0.54002196	1.0	819	tags=27%, list=8%, signal=29%	
HP_ABNORMAL_HALLUX_PHALANX_MORPHOLOGY	HP_ABNORMAL_HALLUX_PHALANX_MORPHOLOGY		21	0.74445605	1.4402151	0.0604782	0.5392003	1.0	503	tags=10%, list=5%, signal=10%	
GOMF_GROWTH_FACTOR_BINDING	GOMF_GROWTH_FACTOR_BINDING		51	0.6752168	1.4400935	0.033722438	0.5380119	1.0	1455	tags=33%, list=14%, signal=39%	
GOBP_DEVELOPMENTAL_GROWTH_INVOLVED_IN_MORPHOGENESIS	GOBP_DEVELOPMENTAL_GROWTH_INVOLVED_IN_MORPHOGENESIS		88	0.63044053	1.4400549	0.02451613	0.5363396	1.0	726	tags=11%, list=7%, signal=12%	
HP_ATRESIA_OF_THE_EXTERNAL_AUDITORY_CANAL	HP_ATRESIA_OF_THE_EXTERNAL_AUDITORY_CANAL		35	0.69683343	1.4399436	0.042895444	0.5351172	1.0	1948	tags=40%, list=19%, signal=49%	
HP_HYPERAMMONEMIA	HP_HYPERAMMONEMIA		57	0.65752643	1.439508	0.035714287	0.5355151	1.0	333	tags=9%, list=3%, signal=9%	
GOCC_SPINDLE_MICROTUBULE	GOCC_SPINDLE_MICROTUBULE		64	0.64651304	1.4394315	0.033665836	0.5340677	1.0	1364	tags=19%, list=13%, signal=21%	
GOBP_NEGATIVE_REGULATION_OF_RESPONSE_TO_WOUNDING	GOBP_NEGATIVE_REGULATION_OF_RESPONSE_TO_WOUNDING		32	0.7066424	1.4392569	0.04155496	0.533247	1.0	874	tags=22%, list=8%, signal=24%	
HP_HEMIHYPERTROPHY	HP_HEMIHYPERTROPHY		18	0.76422375	1.438839	0.051460363	0.53371114	1.0	1439	tags=39%, list=14%, signal=45%	
HP_POSTURAL_TREMOR	HP_POSTURAL_TREMOR		42	0.67573464	1.4381821	0.052348994	0.5352242	1.0	749	tags=24%, list=7%, signal=26%	
GOBP_REGULATION_OF_RESPONSE_TO_TUMOR_CELL	GOBP_REGULATION_OF_RESPONSE_TO_TUMOR_CELL		17	0.7635397	1.4380721	0.056865465	0.5340479	1.0	1269	tags=35%, list=12%, signal=40%	
HP_CONGENITAL_ABNORMAL_HAIR_PATTERN	HP_CONGENITAL_ABNORMAL_HAIR_PATTERN		211	0.58044237	1.4379276	0.006016847	0.533043	1.0	848	tags=17%, list=8%, signal=18%	
GOBP_REGULATION_OF_PHOSPHORYLATION	GOBP_REGULATION_OF_PHOSPHORYLATION		247	0.5706736	1.4359696	0.0058479533	0.5417652	1.0	1117	tags=15%, list=11%, signal=17%	
GOCC_GLIAL_CELL_PROJECTION	GOCC_GLIAL_CELL_PROJECTION		15	0.77087873	1.4349556	0.07681365	0.54532045	1.0	277	tags=20%, list=3%, signal=21%	
GOCC_EXTRINSIC_COMPONENT_OF_CYTOPLASMIC_SIDE_OF_PLASMA_MEMBRANE	GOCC_EXTRINSIC_COMPONENT_OF_CYTOPLASMIC_SIDE_OF_PLASMA_MEMBRANE		19	0.7457576	1.4348555	0.061196107	0.5440706	1.0	1693	tags=53%, list=16%, signal=63%	
GOBP_NEGATIVE_REGULATION_OF_ENDOTHELIAL_CELL_PROLIFERATION	GOBP_NEGATIVE_REGULATION_OF_ENDOTHELIAL_CELL_PROLIFERATION		16	0.77822137	1.4347233	0.044222537	0.5429023	1.0	362	tags=19%, list=3%, signal=19%	
HP_ABNORMAL_MYELOID_LEUKOCYTE_MORPHOLOGY	HP_ABNORMAL_MYELOID_LEUKOCYTE_MORPHOLOGY		263	0.5662485	1.4343516	0.010146561	0.543009	1.0	1127	tags=21%, list=11%, signal=23%	
HP_ABNORMAL_BRAIN_LACTATE_LEVEL_BY_MRS	HP_ABNORMAL_BRAIN_LACTATE_LEVEL_BY_MRS		30	0.71846175	1.4343464	0.06048387	0.5412461	1.0	473	tags=17%, list=5%, signal=17%	
HP_ABNORMAL_CIRCULATING_GLUTAMINE_FAMILY_AMINO_ACID_CONCENTRATION	HP_ABNORMAL_CIRCULATING_GLUTAMINE_FAMILY_AMINO_ACID_CONCENTRATION		16	0.7623652	1.4340847	0.06815021	0.5408612	1.0	287	tags=19%, list=3%, signal=19%	
GOMF_MRNA_3_UTR_BINDING	GOMF_MRNA_3_UTR_BINDING		79	0.6341168	1.4333357	0.02387268	0.54314446	1.0	1774	tags=33%, list=17%, signal=39%	
GOBP_CARDIAC_MUSCLE_CELL_ACTION_POTENTIAL	GOBP_CARDIAC_MUSCLE_CELL_ACTION_POTENTIAL		28	0.70143557	1.4330804	0.053793103	0.5427219	1.0	1154	tags=39%, list=11%, signal=44%	
GOBP_NEGATIVE_REGULATION_OF_HORMONE_SECRETION	GOBP_NEGATIVE_REGULATION_OF_HORMONE_SECRETION		21	0.7307764	1.4326141	0.07103825	0.5433874	1.0	1592	tags=43%, list=15%, signal=50%	
GOMF_CYTOKINE_BINDING	GOMF_CYTOKINE_BINDING		64	0.6475474	1.4314665	0.0330251	0.5477612	1.0	1319	tags=28%, list=13%, signal=32%	
GOBP_RIBOSE_PHOSPHATE_METABOLIC_PROCESS	GOBP_RIBOSE_PHOSPHATE_METABOLIC_PROCESS		232	0.5718627	1.4308159	0.010344828	0.54938453	1.0	969	tags=18%, list=9%, signal=20%	
GOBP_REGULATION_OF_GENERATION_OF_PRECURSOR_METABOLITES_AND_ENERGY	GOBP_REGULATION_OF_GENERATION_OF_PRECURSOR_METABOLITES_AND_ENERGY		81	0.6292753	1.4299016	0.02457956	0.55234957	1.0	749	tags=12%, list=7%, signal=13%	
GOCC_SMN_SM_PROTEIN_COMPLEX	GOCC_SMN_SM_PROTEIN_COMPLEX		17	0.7571014	1.4296973	0.07015131	0.5515922	1.0	1158	tags=35%, list=11%, signal=40%	
GOBP_POSITIVE_REGULATION_OF_INTERLEUKIN_10_PRODUCTION	GOBP_POSITIVE_REGULATION_OF_INTERLEUKIN_10_PRODUCTION		22	0.7319931	1.4293728	0.067307696	0.55155814	1.0	1009	tags=27%, list=10%, signal=30%	
GOBP_ATP_METABOLIC_PROCESS	GOBP_ATP_METABOLIC_PROCESS		144	0.58849955	1.4284347	0.01236094	0.5546641	1.0	1025	tags=21%, list=10%, signal=23%	
GOBP_REGULATION_OF_NON_CANONICAL_NF_KAPPAB_SIGNAL_TRANSDUCTION	GOBP_REGULATION_OF_NON_CANONICAL_NF_KAPPAB_SIGNAL_TRANSDUCTION		56	0.6579671	1.4283351	0.040106952	0.5534062	1.0	801	tags=18%, list=8%, signal=19%	
GOBP_NEGATIVE_REGULATION_OF_MONOATOMIC_ION_TRANSMEMBRANE_TRANSPORT	GOBP_NEGATIVE_REGULATION_OF_MONOATOMIC_ION_TRANSMEMBRANE_TRANSPORT		31	0.7028141	1.4273765	0.044058744	0.55676097	1.0	1095	tags=29%, list=10%, signal=32%	
HP_ABNORMAL_URINE_CARBOXYLIC_ACID_LEVEL	HP_ABNORMAL_URINE_CARBOXYLIC_ACID_LEVEL		85	0.62887496	1.4271536	0.029525032	0.55612767	1.0	696	tags=11%, list=7%, signal=11%	
GOBP_INTERLEUKIN_10_PRODUCTION	GOBP_INTERLEUKIN_10_PRODUCTION		33	0.6891592	1.4270855	0.064	0.55474067	1.0	1009	tags=33%, list=10%, signal=37%	
GOBP_HEART_PROCESS	GOBP_HEART_PROCESS		82	0.6328632	1.4260873	0.029411765	0.55818766	1.0	915	tags=22%, list=9%, signal=24%	
GOMF_PROTEIN_TRANSPORTER_ACTIVITY	GOMF_PROTEIN_TRANSPORTER_ACTIVITY		34	0.69212204	1.4248047	0.055934515	0.5634003	1.0	935	tags=21%, list=9%, signal=23%	
GOBP_ACTIN_MEDIATED_CELL_CONTRACTION	GOBP_ACTIN_MEDIATED_CELL_CONTRACTION		41	0.6672729	1.4245867	0.061251663	0.5627644	1.0	915	tags=22%, list=9%, signal=24%	
GOBP_MATURATION_OF_LSU_RRNA	GOBP_MATURATION_OF_LSU_RRNA		24	0.72808766	1.423063	0.07103064	0.56892043	1.0	1247	tags=38%, list=12%, signal=42%	
GOBP_POSITIVE_REGULATION_OF_EXTRINSIC_APOPTOTIC_SIGNALING_PATHWAY	GOBP_POSITIVE_REGULATION_OF_EXTRINSIC_APOPTOTIC_SIGNALING_PATHWAY		32	0.6933692	1.4230521	0.05882353	0.567233	1.0	824	tags=16%, list=8%, signal=17%	
HP_PERIORBITAL_FULLNESS	HP_PERIORBITAL_FULLNESS		27	0.7283463	1.422646	0.047493402	0.5677057	1.0	912	tags=15%, list=9%, signal=16%	
GOBP_RNA_5_END_PROCESSING	GOBP_RNA_5_END_PROCESSING		33	0.68848497	1.4224609	0.061058346	0.56696326	1.0	1911	tags=42%, list=18%, signal=52%	
GOBP_REGULATION_OF_GLYCOLYTIC_PROCESS	GOBP_REGULATION_OF_GLYCOLYTIC_PROCESS		32	0.6972391	1.4220986	0.050531916	0.56722516	1.0	160	tags=9%, list=2%, signal=9%	
HP_ABNORMAL_NASOLACRIMAL_SYSTEM_MORPHOLOGY	HP_ABNORMAL_NASOLACRIMAL_SYSTEM_MORPHOLOGY		49	0.66978735	1.420945	0.03247632	0.57152987	1.0	912	tags=22%, list=9%, signal=24%	
GOBP_ORGANIC_CATION_TRANSPORT	GOBP_ORGANIC_CATION_TRANSPORT		50	0.6538928	1.4208243	0.043589745	0.5703787	1.0	434	tags=14%, list=4%, signal=15%	
GOCC_COPII_COATED_ER_TO_GOLGI_TRANSPORT_VESICLE	GOCC_COPII_COATED_ER_TO_GOLGI_TRANSPORT_VESICLE		73	0.6332541	1.4199514	0.03320562	0.5733295	1.0	797	tags=14%, list=8%, signal=15%	
GOCC_CALCIUM_CHANNEL_COMPLEX	GOCC_CALCIUM_CHANNEL_COMPLEX		23	0.73248327	1.4199299	0.063013695	0.5716913	1.0	446	tags=17%, list=4%, signal=18%	
GOCC_TRANSPORTER_COMPLEX	GOCC_TRANSPORTER_COMPLEX		186	0.57865816	1.4196588	0.008215962	0.5713493	1.0	1025	tags=23%, list=10%, signal=25%	
GOBP_NUCLEOSIDE_TRIPHOSPHATE_METABOLIC_PROCESS	GOBP_NUCLEOSIDE_TRIPHOSPHATE_METABOLIC_PROCESS		181	0.5841281	1.4183478	0.006119951	0.5765278	1.0	1095	tags=22%, list=10%, signal=24%	
GOBP_ENTRAINMENT_OF_CIRCADIAN_CLOCK_BY_PHOTOPERIOD	GOBP_ENTRAINMENT_OF_CIRCADIAN_CLOCK_BY_PHOTOPERIOD		15	0.75866616	1.4173563	0.061313868	0.5802325	1.0	848	tags=20%, list=8%, signal=22%	
HP_WIDENED_SUBARACHNOID_SPACE	HP_WIDENED_SUBARACHNOID_SPACE		31	0.70253587	1.416829	0.05006766	0.5813888	1.0	604	tags=23%, list=6%, signal=24%	
GOCC_GABA_ERGIC_SYNAPSE	GOCC_GABA_ERGIC_SYNAPSE		30	0.6919509	1.4167948	0.06382979	0.5798461	1.0	1445	tags=27%, list=14%, signal=31%	
HP_APLASIA_HYPOPLASIA_OF_THE_EAR	HP_APLASIA_HYPOPLASIA_OF_THE_EAR		134	0.5950979	1.4167341	0.026481714	0.5784339	1.0	1084	tags=27%, list=10%, signal=30%	
GOMF_SODIUM_CHANNEL_REGULATOR_ACTIVITY	GOMF_SODIUM_CHANNEL_REGULATOR_ACTIVITY		16	0.7559072	1.4165341	0.065902576	0.5778047	1.0	599	tags=31%, list=6%, signal=33%	
HP_ABNORMALITY_OF_THE_CERVICAL_SPINE	HP_ABNORMALITY_OF_THE_CERVICAL_SPINE		268	0.56038797	1.4160656	0.012514221	0.57847226	1.0	1036	tags=16%, list=10%, signal=18%	
HP_ABNORMALITY_OF_ACID_BASE_HOMEOSTASIS	HP_ABNORMALITY_OF_ACID_BASE_HOMEOSTASIS		286	0.55437124	1.4156637	0.0057142857	0.57889706	1.0	1664	tags=21%, list=16%, signal=24%	
GOCC_SIDE_OF_MEMBRANE	GOCC_SIDE_OF_MEMBRANE		342	0.55276436	1.4154029	0.004429679	0.57855856	1.0	1489	tags=24%, list=14%, signal=27%	
HP_ABNORMAL_CSF_METABOLITE_CONCENTRATION	HP_ABNORMAL_CSF_METABOLITE_CONCENTRATION		127	0.5923012	1.4151392	0.02122347	0.57821524	1.0	1025	tags=24%, list=10%, signal=26%	
GOMF_DNA_POLYMERASE_BINDING	GOMF_DNA_POLYMERASE_BINDING		19	0.72966295	1.415011	0.06153846	0.5771981	1.0	435	tags=16%, list=4%, signal=16%	
HP_NEUROFIBRILLARY_TANGLES	HP_NEUROFIBRILLARY_TANGLES		19	0.74945444	1.4144896	0.07022472	0.5780871	1.0	319	tags=16%, list=3%, signal=16%	
GOCC_U4_U6_SNRNP	GOCC_U4_U6_SNRNP		18	0.7592316	1.4140129	0.06043956	0.57892835	1.0	1158	tags=56%, list=11%, signal=62%	
GOCC_MONOATOMIC_ION_CHANNEL_COMPLEX	GOCC_MONOATOMIC_ION_CHANNEL_COMPLEX		77	0.63206017	1.4121804	0.04263566	0.58698505	1.0	545	tags=14%, list=5%, signal=15%	
GOBP_PROTEIN_DNA_COMPLEX_ORGANIZATION	GOBP_PROTEIN_DNA_COMPLEX_ORGANIZATION		125	0.6047321	1.4110628	0.01625	0.59103286	1.0	1446	tags=28%, list=14%, signal=32%	
GOBP_NUCLEOTIDE_EXCISION_REPAIR	GOBP_NUCLEOTIDE_EXCISION_REPAIR		67	0.64597815	1.4103333	0.04071247	0.5933675	1.0	1160	tags=21%, list=11%, signal=23%	
GOBP_RENAL_SYSTEM_PROCESS	GOBP_RENAL_SYSTEM_PROCESS		45	0.6661235	1.4094514	0.04953146	0.59642	1.0	2277	tags=42%, list=22%, signal=54%	
GOBP_NEGATIVE_REGULATION_OF_MRNA_PROCESSING	GOBP_NEGATIVE_REGULATION_OF_MRNA_PROCESSING		24	0.7200562	1.408644	0.06518724	0.59908813	1.0	1383	tags=42%, list=13%, signal=48%	
GOMF_KINESIN_BINDING	GOMF_KINESIN_BINDING		21	0.7246334	1.4086422	0.07681365	0.5973816	1.0	213	tags=10%, list=2%, signal=10%	
HP_PROLONGED_BLEEDING_FOLLOWING_PROCEDURE	HP_PROLONGED_BLEEDING_FOLLOWING_PROCEDURE		15	0.7729007	1.4084404	0.084406294	0.5967966	1.0	581	tags=13%, list=6%, signal=14%	
GOBP_CARDIAC_CONDUCTION	GOBP_CARDIAC_CONDUCTION		30	0.70557415	1.4076695	0.06207827	0.5992459	1.0	915	tags=33%, list=9%, signal=36%	
GOBP_MYELOID_DENDRITIC_CELL_ACTIVATION	GOBP_MYELOID_DENDRITIC_CELL_ACTIVATION		20	0.7317299	1.4072742	0.048714478	0.59977216	1.0	868	tags=20%, list=8%, signal=22%	
HP_ABNORMAL_FINGER_PHALANX_MORPHOLOGY	HP_ABNORMAL_FINGER_PHALANX_MORPHOLOGY		401	0.53879935	1.4066285	0.0011111111	0.6016428	1.0	819	tags=13%, list=8%, signal=14%	
GOBP_NUCLEOSIDE_PHOSPHATE_BIOSYNTHETIC_PROCESS	GOBP_NUCLEOSIDE_PHOSPHATE_BIOSYNTHETIC_PROCESS		210	0.5627366	1.4064945	0.01183432	0.60068554	1.0	1996	tags=29%, list=19%, signal=35%	
HP_POLYNEUROPATHY	HP_POLYNEUROPATHY		48	0.6554355	1.4062902	0.0585034	0.5999908	1.0	1143	tags=31%, list=11%, signal=35%	
HP_ABNORMAL_AUDITORY_CANAL_MORPHOLOGY	HP_ABNORMAL_AUDITORY_CANAL_MORPHOLOGY		55	0.64467245	1.4061705	0.05156038	0.59899145	1.0	1635	tags=33%, list=16%, signal=39%	
HP_ABNORMAL_THUMB_MORPHOLOGY	HP_ABNORMAL_THUMB_MORPHOLOGY		245	0.5606859	1.4056491	0.013079667	0.6002106	1.0	1084	tags=18%, list=10%, signal=20%	
HP_FATTY_REPLACEMENT_OF_SKELETAL_MUSCLE	HP_FATTY_REPLACEMENT_OF_SKELETAL_MUSCLE		25	0.6998965	1.4035631	0.07630522	0.6099495	1.0	128	tags=8%, list=1%, signal=8%	
HP_BULBAR_SIGNS	HP_BULBAR_SIGNS		30	0.69455105	1.4028991	0.06948229	0.61166894	1.0	473	tags=23%, list=5%, signal=24%	
GOBP_MEMBRANE_REPOLARIZATION	GOBP_MEMBRANE_REPOLARIZATION		15	0.7596782	1.4006695	0.084285714	0.622216	1.0	768	tags=40%, list=7%, signal=43%	
HP_ABNORMAL_HAIR_PATTERN	HP_ABNORMAL_HAIR_PATTERN		229	0.55807054	1.4006324	0.014251782	0.6206853	1.0	848	tags=16%, list=8%, signal=17%	
GOBP_LIVER_REGENERATION	GOBP_LIVER_REGENERATION		15	0.75271916	1.399593	0.076700434	0.6247491	1.0	1095	tags=40%, list=10%, signal=45%	
GOCC_FIBRILLAR_CENTER	GOCC_FIBRILLAR_CENTER		74	0.6175824	1.3993365	0.048114434	0.62448883	1.0	1949	tags=34%, list=19%, signal=41%	
HP_HEPATIC_FAILURE	HP_HEPATIC_FAILURE		112	0.5980202	1.39912	0.031446543	0.6240202	1.0	1068	tags=16%, list=10%, signal=18%	
GOMF_TRNA_METHYLTRANSFERASE_ACTIVITY	GOMF_TRNA_METHYLTRANSFERASE_ACTIVITY		29	0.70133275	1.3989965	0.06320225	0.62305975	1.0	221	tags=7%, list=2%, signal=7%	
HP_VENOUS_THROMBOSIS	HP_VENOUS_THROMBOSIS		45	0.6582599	1.3976573	0.06044678	0.6286945	1.0	683	tags=20%, list=7%, signal=21%	
HP_DEPRESSED_NASAL_BRIDGE	HP_DEPRESSED_NASAL_BRIDGE		372	0.5444249	1.397186	0.0033444816	0.6296027	1.0	840	tags=14%, list=8%, signal=15%	
HP_TRANSIENT_GLOBAL_AMNESIA	HP_TRANSIENT_GLOBAL_AMNESIA		15	0.75361395	1.3967919	0.08050848	0.630041	1.0	1024	tags=33%, list=10%, signal=37%	
HP_NASOLACRIMAL_DUCT_OBSTRUCTION	HP_NASOLACRIMAL_DUCT_OBSTRUCTION		30	0.6897642	1.3967072	0.065104164	0.62881225	1.0	912	tags=23%, list=9%, signal=25%	
GOMF_IMMUNE_RECEPTOR_ACTIVITY	GOMF_IMMUNE_RECEPTOR_ACTIVITY		76	0.62263864	1.3964938	0.032594524	0.62834847	1.0	1024	tags=28%, list=10%, signal=30%	
HP_HEMATOLOGICAL_NEOPLASM	HP_HEMATOLOGICAL_NEOPLASM		220	0.5571595	1.3962002	0.013017751	0.62828887	1.0	1089	tags=24%, list=10%, signal=26%	
GOBP_SYNAPTIC_VESICLE_RECYCLING	GOBP_SYNAPTIC_VESICLE_RECYCLING		53	0.6577698	1.3955138	0.056074765	0.6303033	1.0	1600	tags=30%, list=15%, signal=35%	
GOBP_PROTEIN_LOCALIZATION_TO_MITOCHONDRION	GOBP_PROTEIN_LOCALIZATION_TO_MITOCHONDRION		53	0.6405776	1.3954667	0.06994819	0.62887627	1.0	2053	tags=34%, list=20%, signal=42%	
GOBP_NEUROTROPHIN_SIGNALING_PATHWAY	GOBP_NEUROTROPHIN_SIGNALING_PATHWAY		19	0.74291325	1.394486	0.06824513	0.63259697	1.0	1886	tags=53%, list=18%, signal=64%	
HP_URETERAL_OBSTRUCTION	HP_URETERAL_OBSTRUCTION		18	0.73327094	1.3944415	0.097260274	0.63116163	1.0	350	tags=17%, list=3%, signal=17%	
HP_ABNORMAL_DIMINISHED_VOLITION	HP_ABNORMAL_DIMINISHED_VOLITION		372	0.5356729	1.39312	0.008908686	0.6369482	1.0	1142	tags=20%, list=11%, signal=22%	
GOBP_TRANSLATIONAL_ELONGATION	GOBP_TRANSLATIONAL_ELONGATION		57	0.63468593	1.3927109	0.056074765	0.63752127	1.0	1362	tags=21%, list=13%, signal=24%	
GOBP_REGULATION_OF_DNA_TEMPLATED_DNA_REPLICATION_INITIATION	GOBP_REGULATION_OF_DNA_TEMPLATED_DNA_REPLICATION_INITIATION		17	0.7490271	1.3923671	0.0743338	0.6378104	1.0	1089	tags=41%, list=10%, signal=46%	
GOBP_REGULATION_OF_MUSCLE_CELL_DIFFERENTIATION	GOBP_REGULATION_OF_MUSCLE_CELL_DIFFERENTIATION		63	0.63566774	1.3923	0.038659792	0.63653016	1.0	1108	tags=19%, list=11%, signal=21%	
HP_DELAYED_ERUPTION_OF_PERMANENT_TEETH	HP_DELAYED_ERUPTION_OF_PERMANENT_TEETH		16	0.741865	1.3922764	0.08510638	0.6349964	1.0	1251	tags=38%, list=12%, signal=43%	
GOBP_POSITIVE_REGULATION_OF_TYPE_II_INTERFERON_PRODUCTION	GOBP_POSITIVE_REGULATION_OF_TYPE_II_INTERFERON_PRODUCTION		59	0.6345701	1.3922544	0.05019815	0.63345695	1.0	1452	tags=32%, list=14%, signal=37%	
GOBP_NEGATIVE_REGULATION_OF_EPITHELIAL_CELL_PROLIFERATION	GOBP_NEGATIVE_REGULATION_OF_EPITHELIAL_CELL_PROLIFERATION		54	0.6452191	1.3921229	0.044474393	0.63252854	1.0	464	tags=13%, list=4%, signal=13%	
HP_PULMONARY_FIBROSIS	HP_PULMONARY_FIBROSIS		45	0.6459618	1.3920825	0.059392266	0.63107735	1.0	865	tags=24%, list=8%, signal=27%	
GOMF_TRANSLATION_ELONGATION_FACTOR_ACTIVITY	GOMF_TRANSLATION_ELONGATION_FACTOR_ACTIVITY		18	0.730074	1.3919016	0.10606061	0.63043797	1.0	1362	tags=33%, list=13%, signal=38%	
GOBP_BASE_EXCISION_REPAIR	GOBP_BASE_EXCISION_REPAIR		40	0.65678054	1.3918753	0.064295486	0.62896734	1.0	1148	tags=18%, list=11%, signal=20%	
GOCC_POSTSYNAPSE	GOCC_POSTSYNAPSE		316	0.54182965	1.3912452	0.007963595	0.6306997	1.0	1568	tags=20%, list=15%, signal=22%	
GOBP_RESPONSE_TO_INTERLEUKIN_7	GOBP_RESPONSE_TO_INTERLEUKIN_7		15	0.7718575	1.3910309	0.07260274	0.6303014	1.0	873	tags=40%, list=8%, signal=44%	
GOCC_TRANS_GOLGI_NETWORK_MEMBRANE	GOCC_TRANS_GOLGI_NETWORK_MEMBRANE		76	0.61033577	1.3907148	0.056921087	0.6305013	1.0	797	tags=14%, list=8%, signal=16%	
GOBP_RELAXATION_OF_MUSCLE	GOBP_RELAXATION_OF_MUSCLE		20	0.72726524	1.3904661	0.078125	0.6300691	1.0	1437	tags=45%, list=14%, signal=52%	
GOMF_SH2_DOMAIN_BINDING	GOMF_SH2_DOMAIN_BINDING		25	0.70593816	1.3904126	0.07692308	0.6287137	1.0	1832	tags=44%, list=18%, signal=53%	
GOMF_MOLECULAR_CARRIER_ACTIVITY	GOMF_MOLECULAR_CARRIER_ACTIVITY		88	0.60918766	1.3904046	0.035433073	0.62715286	1.0	1583	tags=26%, list=15%, signal=31%	
GOMF_PHOSPHATIDYLSERINE_BINDING	GOMF_PHOSPHATIDYLSERINE_BINDING		27	0.6960634	1.390294	0.08413793	0.6261429	1.0	619	tags=22%, list=6%, signal=24%	
HP_DECREASED_ACTIVITY_OF_MITOCHONDRIAL_COMPLEX_I	HP_DECREASED_ACTIVITY_OF_MITOCHONDRIAL_COMPLEX_I		81	0.60918474	1.3900672	0.036842104	0.6258567	1.0	1773	tags=26%, list=17%, signal=31%	
GOMF_CYTOKINE_RECEPTOR_ACTIVITY	GOMF_CYTOKINE_RECEPTOR_ACTIVITY		43	0.6614131	1.3896279	0.061007958	0.626656	1.0	967	tags=21%, list=9%, signal=23%	
HP_ABNORMALITY_OF_THE_INCISOR	HP_ABNORMALITY_OF_THE_INCISOR		47	0.6513507	1.3888292	0.055702917	0.6292338	1.0	1971	tags=36%, list=19%, signal=44%	
HP_PAROXYSMAL_INVOLUNTARY_EYE_MOVEMENTS	HP_PAROXYSMAL_INVOLUNTARY_EYE_MOVEMENTS		26	0.68272895	1.3877051	0.08528198	0.63376266	1.0	1996	tags=54%, list=19%, signal=66%	
HP_DEATH_IN_ADULTHOOD	HP_DEATH_IN_ADULTHOOD		28	0.69335145	1.3871171	0.07015131	0.63541996	1.0	26	tags=7%, list=0%, signal=7%	
HP_SARCOMA	HP_SARCOMA		111	0.5910185	1.386406	0.033128835	0.63771355	1.0	625	tags=23%, list=6%, signal=24%	
GOBP_BRANCHING_MORPHOGENESIS_OF_AN_EPITHELIAL_TUBE	GOBP_BRANCHING_MORPHOGENESIS_OF_AN_EPITHELIAL_TUBE		55	0.64144856	1.3863026	0.05345502	0.6366481	1.0	796	tags=9%, list=8%, signal=10%	
HP_DISTURBANCE_OF_FACIAL_EXPRESSION	HP_DISTURBANCE_OF_FACIAL_EXPRESSION		17	0.74059033	1.3860148	0.07862069	0.6367021	1.0	819	tags=29%, list=8%, signal=32%	
HP_ABNORMAL_T_WAVE	HP_ABNORMAL_T_WAVE		16	0.74232495	1.385599	0.075630255	0.63737047	1.0	884	tags=25%, list=8%, signal=27%	
HP_DECREASED_TOTAL_LEUKOCYTE_COUNT	HP_DECREASED_TOTAL_LEUKOCYTE_COUNT		129	0.58610636	1.3855543	0.024570024	0.6360329	1.0	455	tags=19%, list=4%, signal=19%	
GOBP_CARDIAC_MUSCLE_CELL_PROLIFERATION	GOBP_CARDIAC_MUSCLE_CELL_PROLIFERATION		20	0.7248931	1.3850282	0.07945205	0.6371692	1.0	1825	tags=50%, list=17%, signal=60%	
GOCC_SWI_SNF_COMPLEX	GOCC_SWI_SNF_COMPLEX		22	0.7137227	1.3845286	0.074074075	0.63811624	1.0	1104	tags=32%, list=11%, signal=36%	
GOBP_CELLULAR_COMPONENT_MAINTENANCE	GOBP_CELLULAR_COMPONENT_MAINTENANCE		33	0.6829043	1.3842198	0.087417215	0.6383396	1.0	349	tags=15%, list=3%, signal=16%	
GOBP_REGULATION_OF_ORGANIC_ACID_TRANSPORT	GOBP_REGULATION_OF_ORGANIC_ACID_TRANSPORT		31	0.6821459	1.3840978	0.07579787	0.63741505	1.0	410	tags=13%, list=4%, signal=13%	
GOBP_RECOMBINATIONAL_REPAIR	GOBP_RECOMBINATIONAL_REPAIR		143	0.57846904	1.3838837	0.03071253	0.6369225	1.0	1584	tags=27%, list=15%, signal=32%	
HP_POLYCYTHEMIA	HP_POLYCYTHEMIA		21	0.71833324	1.3835459	0.069767445	0.63719255	1.0	1112	tags=38%, list=11%, signal=43%	
GOBP_REGULATION_OF_DEFENSE_RESPONSE_TO_VIRUS_BY_HOST	GOBP_REGULATION_OF_DEFENSE_RESPONSE_TO_VIRUS_BY_HOST		24	0.71344423	1.3832538	0.080054276	0.6370541	1.0	1231	tags=25%, list=12%, signal=28%	
GOCC_POSTSYNAPTIC_SPECIALIZATION	GOCC_POSTSYNAPTIC_SPECIALIZATION		147	0.5761148	1.3830007	0.030788178	0.63689953	1.0	1385	tags=19%, list=13%, signal=22%	
HP_CENTRAL_SCOTOMA	HP_CENTRAL_SCOTOMA		33	0.6844662	1.3822647	0.07723577	0.639439	1.0	473	tags=18%, list=5%, signal=19%	
GOMF_PROTEIN_PHOSPHORYLATED_AMINO_ACID_BINDING	GOMF_PROTEIN_PHOSPHORYLATED_AMINO_ACID_BINDING		39	0.67191	1.3821208	0.07152318	0.6386669	1.0	778	tags=13%, list=7%, signal=14%	
GOCC_COATED_VESICLE_MEMBRANE	GOCC_COATED_VESICLE_MEMBRANE		128	0.58365995	1.3819999	0.038944725	0.6377359	1.0	797	tags=11%, list=8%, signal=12%	
GOBP_NEGATIVE_REGULATION_OF_CELLULAR_COMPONENT_ORGANIZATION	GOBP_NEGATIVE_REGULATION_OF_CELLULAR_COMPONENT_ORGANIZATION		457	0.5266507	1.3815651	0.0021881838	0.63848144	1.0	774	tags=17%, list=7%, signal=17%	
GOBP_REGULATION_OF_MEMBRANE_PROTEIN_ECTODOMAIN_PROTEOLYSIS	GOBP_REGULATION_OF_MEMBRANE_PROTEIN_ECTODOMAIN_PROTEOLYSIS		16	0.7265074	1.3814709	0.10396717	0.6374615	1.0	470	tags=13%, list=5%, signal=13%	
GOCC_CYTOCHROME_COMPLEX	GOCC_CYTOCHROME_COMPLEX		21	0.7147649	1.3804234	0.07808219	0.64135104	1.0	1218	tags=38%, list=12%, signal=43%	
GOMF_SINGLE_STRANDED_DNA_BINDING	GOMF_SINGLE_STRANDED_DNA_BINDING		96	0.6045989	1.3799187	0.04045512	0.642517	1.0	1801	tags=27%, list=17%, signal=32%	
GOBP_RRNA_MODIFICATION	GOBP_RRNA_MODIFICATION		32	0.674356	1.3795546	0.07912688	0.64303666	1.0	1046	tags=22%, list=10%, signal=24%	
GOBP_FATTY_ACID_TRANSMEMBRANE_TRANSPORT	GOBP_FATTY_ACID_TRANSMEMBRANE_TRANSPORT		16	0.74512315	1.3792759	0.09405256	0.6429532	1.0	317	tags=13%, list=3%, signal=13%	
GOBP_NUCLEOTIDE_METABOLIC_PROCESS	GOBP_NUCLEOTIDE_METABOLIC_PROCESS		300	0.5437409	1.3791615	0.010169491	0.6420232	1.0	1265	tags=19%, list=12%, signal=21%	
GOBP_ANIMAL_ORGAN_REGENERATION	GOBP_ANIMAL_ORGAN_REGENERATION		25	0.6883992	1.3786339	0.096	0.6432816	1.0	1095	tags=36%, list=10%, signal=40%	
GOBP_ENDOCRINE_PANCREAS_DEVELOPMENT	GOBP_ENDOCRINE_PANCREAS_DEVELOPMENT		15	0.7422472	1.3785375	0.09140518	0.6422567	1.0	688	tags=13%, list=7%, signal=14%	
GOBP_DNA_RECOMBINATION	GOBP_DNA_RECOMBINATION		240	0.5467773	1.3784211	0.020481927	0.641389	1.0	2414	tags=36%, list=23%, signal=46%	
GOBP_PANCREAS_DEVELOPMENT	GOBP_PANCREAS_DEVELOPMENT		31	0.6824413	1.3777883	0.08446866	0.6432095	1.0	1823	tags=29%, list=17%, signal=35%	
GOBP_NON_CANONICAL_NF_KAPPAB_SIGNAL_TRANSDUCTION	GOBP_NON_CANONICAL_NF_KAPPAB_SIGNAL_TRANSDUCTION		78	0.6075517	1.3773879	0.03622251	0.6438709	1.0	824	tags=15%, list=8%, signal=17%	
GOBP_G0_TO_G1_TRANSITION	GOBP_G0_TO_G1_TRANSITION		28	0.6798766	1.3773444	0.09691011	0.64259946	1.0	1104	tags=29%, list=11%, signal=32%	
GOMF_MODIFIED_AMINO_ACID_BINDING	GOMF_MODIFIED_AMINO_ACID_BINDING		41	0.6520732	1.3755813	0.0731383	0.6504148	1.0	619	tags=17%, list=6%, signal=18%	
GOMF_METHYL_CPG_BINDING	GOMF_METHYL_CPG_BINDING		17	0.7356844	1.3752857	0.11307902	0.6504401	1.0	1119	tags=29%, list=11%, signal=33%	
GOMF_DAMAGED_DNA_BINDING	GOMF_DAMAGED_DNA_BINDING		54	0.6420703	1.3745766	0.06735751	0.65285707	1.0	1573	tags=24%, list=15%, signal=28%	
GOBP_POSITIVE_REGULATION_OF_NON_CANONICAL_NF_KAPPAB_SIGNAL_TRANSDUCTION	GOBP_POSITIVE_REGULATION_OF_NON_CANONICAL_NF_KAPPAB_SIGNAL_TRANSDUCTION		35	0.6625628	1.371607	0.07880435	0.6678314	1.0	801	tags=14%, list=8%, signal=15%	
HP_APLASIA_HYPOPLASIA_INVOLVING_THE_SKELETAL_MUSCULATURE	HP_APLASIA_HYPOPLASIA_INVOLVING_THE_SKELETAL_MUSCULATURE		29	0.68945175	1.3714408	0.07776262	0.66733956	1.0	581	tags=14%, list=6%, signal=15%	
GOBP_REGULATION_OF_HEART_RATE	GOBP_REGULATION_OF_HEART_RATE		32	0.67518854	1.3708476	0.08632138	0.6689701	1.0	1333	tags=34%, list=13%, signal=39%	
GOCC_H4_H2A_HISTONE_ACETYLTRANSFERASE_COMPLEX	GOCC_H4_H2A_HISTONE_ACETYLTRANSFERASE_COMPLEX		21	0.7159367	1.370732	0.109266944	0.66806155	1.0	1735	tags=33%, list=17%, signal=40%	
GOBP_REGULATION_OF_POLYSACCHARIDE_METABOLIC_PROCESS	GOBP_REGULATION_OF_POLYSACCHARIDE_METABOLIC_PROCESS		19	0.7155205	1.370608	0.11048159	0.6672228	1.0	705	tags=16%, list=7%, signal=17%	
HP_NEOPLASM_BY_HISTOLOGY	HP_NEOPLASM_BY_HISTOLOGY		216	0.55282086	1.3701417	0.024590164	0.66823834	1.0	1148	tags=22%, list=11%, signal=24%	
GOBP_CELL_COMMUNICATION_INVOLVED_IN_CARDIAC_CONDUCTION	GOBP_CELL_COMMUNICATION_INVOLVED_IN_CARDIAC_CONDUCTION		21	0.7148645	1.3693663	0.092669435	0.6709901	1.0	1333	tags=43%, list=13%, signal=49%	
GOMF_FATTY_ACID_BINDING	GOMF_FATTY_ACID_BINDING		17	0.71878064	1.3682096	0.093706295	0.67574245	1.0	869	tags=29%, list=8%, signal=32%	
GOBP_REGULATION_OF_PEPTIDYL_SERINE_PHOSPHORYLATION	GOBP_REGULATION_OF_PEPTIDYL_SERINE_PHOSPHORYLATION		20	0.7262963	1.3678308	0.097841725	0.6762704	1.0	1335	tags=30%, list=13%, signal=34%	
GOBP_RIBOSOMAL_LARGE_SUBUNIT_ASSEMBLY	GOBP_RIBOSOMAL_LARGE_SUBUNIT_ASSEMBLY		22	0.70181775	1.3676451	0.09517241	0.6757594	1.0	1318	tags=32%, list=13%, signal=36%	
GOCC_CONDENSED_CHROMOSOME	GOCC_CONDENSED_CHROMOSOME		202	0.5509652	1.3675324	0.028335301	0.6747971	1.0	2607	tags=39%, list=25%, signal=51%	
HP_FOCAL_T2_HYPERINTENSE_BRAINSTEM_LESION	HP_FOCAL_T2_HYPERINTENSE_BRAINSTEM_LESION		28	0.676229	1.3673048	0.09040334	0.6744642	1.0	1025	tags=32%, list=10%, signal=36%	
GOMF_BETA_TUBULIN_BINDING	GOMF_BETA_TUBULIN_BINDING		27	0.6816594	1.3672391	0.098314606	0.67332464	1.0	891	tags=19%, list=9%, signal=20%	
GOBP_REGULATION_OF_NUCLEAR_TRANSCRIBED_MRNA_CATABOLIC_PROCESS_DEADENYLATION_DEPENDENT_DECAY	GOBP_REGULATION_OF_NUCLEAR_TRANSCRIBED_MRNA_CATABOLIC_PROCESS_DEADENYLATION_DEPENDENT_DECAY		19	0.709334	1.36597	0.108938545	0.6787919	1.0	1774	tags=58%, list=17%, signal=70%	
GOBP_PROTEIN_INSERTION_INTO_MITOCHONDRIAL_INNER_MEMBRANE	GOBP_PROTEIN_INSERTION_INTO_MITOCHONDRIAL_INNER_MEMBRANE		15	0.7523837	1.3656601	0.10310735	0.6790311	1.0	844	tags=20%, list=8%, signal=22%	
HP_APLASIA_HYPOPLASIA_OF_FINGERS	HP_APLASIA_HYPOPLASIA_OF_FINGERS		230	0.54553074	1.3653177	0.015531661	0.67934847	1.0	1104	tags=23%, list=11%, signal=25%	
HP_PROMINENT_DIGIT_PAD	HP_PROMINENT_DIGIT_PAD		34	0.6671625	1.365307	0.092016235	0.67789185	1.0	68	tags=6%, list=1%, signal=6%	
GOBP_PROTEIN_DNA_COMPLEX_DISASSEMBLY	GOBP_PROTEIN_DNA_COMPLEX_DISASSEMBLY		18	0.7171602	1.3652277	0.09695291	0.67680204	1.0	1104	tags=39%, list=11%, signal=43%	
HP_ANHIDROSIS	HP_ANHIDROSIS		18	0.71788144	1.3650327	0.10358566	0.67638296	1.0	819	tags=28%, list=8%, signal=30%	
GOBP_REGULATION_OF_ORGAN_GROWTH	GOBP_REGULATION_OF_ORGAN_GROWTH		38	0.66711235	1.364663	0.07038513	0.67693543	1.0	1825	tags=39%, list=17%, signal=48%	
GOBP_NEGATIVE_REGULATION_OF_EPITHELIAL_TO_MESENCHYMAL_TRANSITION	GOBP_NEGATIVE_REGULATION_OF_EPITHELIAL_TO_MESENCHYMAL_TRANSITION		17	0.7189398	1.3645815	0.12137931	0.67583907	1.0	1786	tags=47%, list=17%, signal=57%	
HP_LOWER_LIMB_ASYMMETRY	HP_LOWER_LIMB_ASYMMETRY		28	0.6847959	1.3644071	0.087866105	0.6752621	1.0	683	tags=14%, list=7%, signal=15%	
GOBP_REGULATION_OF_CHROMOSOME_SEGREGATION	GOBP_REGULATION_OF_CHROMOSOME_SEGREGATION		99	0.58633184	1.3643703	0.063275434	0.6739825	1.0	2709	tags=46%, list=26%, signal=62%	
GOCC_GTPASE_COMPLEX	GOCC_GTPASE_COMPLEX		20	0.70637995	1.364279	0.09318498	0.6729643	1.0	1693	tags=50%, list=16%, signal=60%	
GOBP_RRNA_METHYLATION	GOBP_RRNA_METHYLATION		22	0.69627273	1.3640884	0.086280055	0.6724993	1.0	1046	tags=18%, list=10%, signal=20%	
GOMF_TELOMERIC_DNA_BINDING	GOMF_TELOMERIC_DNA_BINDING		29	0.6813766	1.36309	0.09375	0.67655206	1.0	579	tags=14%, list=6%, signal=15%	
HP_URETERAL_STENOSIS	HP_URETERAL_STENOSIS		15	0.7458204	1.3626145	0.09903714	0.67746747	1.0	350	tags=20%, list=3%, signal=21%	
GOBP_DNA_SYNTHESIS_INVOLVED_IN_DNA_REPLICATION	GOBP_DNA_SYNTHESIS_INVOLVED_IN_DNA_REPLICATION		21	0.6859283	1.3615718	0.10320781	0.68163294	1.0	968	tags=19%, list=9%, signal=21%	
GOBP_HEART_GROWTH	GOBP_HEART_GROWTH		34	0.6573187	1.3608886	0.103355706	0.6838324	1.0	1825	tags=44%, list=17%, signal=53%	
GOBP_POSITIVE_REGULATION_OF_TELOMERE_MAINTENANCE_VIA_TELOMERE_LENGTHENING	GOBP_POSITIVE_REGULATION_OF_TELOMERE_MAINTENANCE_VIA_TELOMERE_LENGTHENING		23	0.7026849	1.3606691	0.097931035	0.68351746	1.0	1971	tags=43%, list=19%, signal=53%	
GOMF_CIS_TRANS_ISOMERASE_ACTIVITY	GOMF_CIS_TRANS_ISOMERASE_ACTIVITY		31	0.6662785	1.3602455	0.09511229	0.68436974	1.0	1273	tags=29%, list=12%, signal=33%	
HP_ABNORMALITY_OF_THE_URETHRA	HP_ABNORMALITY_OF_THE_URETHRA		287	0.54010457	1.3599309	0.012542759	0.68466634	1.0	1112	tags=19%, list=11%, signal=21%	
GOBP_NEGATIVE_REGULATION_OF_PROTEIN_POLYMERIZATION	GOBP_NEGATIVE_REGULATION_OF_PROTEIN_POLYMERIZATION		38	0.6513142	1.3590177	0.08618331	0.68814456	1.0	1103	tags=18%, list=11%, signal=21%	
HP_EPICANTHUS	HP_EPICANTHUS		407	0.5198802	1.3589636	0.008695652	0.6869931	1.0	1603	tags=21%, list=15%, signal=24%	
GOBP_POSITIVE_REGULATION_OF_MITOTIC_NUCLEAR_DIVISION	GOBP_POSITIVE_REGULATION_OF_MITOTIC_NUCLEAR_DIVISION		24	0.6985181	1.3582884	0.09078404	0.6891114	1.0	736	tags=17%, list=7%, signal=18%	
GOMF_CYSTEINE_TYPE_ENDOPEPTIDASE_REGULATOR_ACTIVITY_INVOLVED_IN_APOPTOTIC_PROCESS	GOMF_CYSTEINE_TYPE_ENDOPEPTIDASE_REGULATOR_ACTIVITY_INVOLVED_IN_APOPTOTIC_PROCESS		18	0.7147404	1.3581249	0.11004127	0.68853104	1.0	588	tags=22%, list=6%, signal=24%	
GOBP_REGULATION_OF_ACTIN_FILAMENT_BASED_MOVEMENT	GOBP_REGULATION_OF_ACTIN_FILAMENT_BASED_MOVEMENT		15	0.7347473	1.3574256	0.10957004	0.69079375	1.0	915	tags=33%, list=9%, signal=36%	
GOBP_ACTIN_FILAMENT_BASED_MOVEMENT	GOBP_ACTIN_FILAMENT_BASED_MOVEMENT		55	0.6310937	1.3571216	0.08454426	0.6910399	1.0	915	tags=18%, list=9%, signal=20%	
GOCC_CORTICAL_CYTOSKELETON	GOCC_CORTICAL_CYTOSKELETON		58	0.61735815	1.3568996	0.07542263	0.6907952	1.0	349	tags=10%, list=3%, signal=11%	
GOBP_POSITIVE_REGULATION_OF_LEUKOCYTE_CHEMOTAXIS	GOBP_POSITIVE_REGULATION_OF_LEUKOCYTE_CHEMOTAXIS		44	0.62545604	1.3566456	0.07862069	0.69065905	1.0	318	tags=16%, list=3%, signal=16%	
GOCC_U4ATAC_U6ATAC_X_U5_TRI_SNRNP_COMPLEX	GOCC_U4ATAC_U6ATAC_X_U5_TRI_SNRNP_COMPLEX		24	0.68317175	1.356537	0.10437235	0.6897886	1.0	1158	tags=42%, list=11%, signal=47%	
GOBP_MATURATION_OF_LSU_RRNA_FROM_TRICISTRONIC_RRNA_TRANSCRIPT_SSU_RRNA_5_8S_RRNA_LSU_RRNA	GOBP_MATURATION_OF_LSU_RRNA_FROM_TRICISTRONIC_RRNA_TRANSCRIPT_SSU_RRNA_5_8S_RRNA_LSU_RRNA		18	0.7136494	1.3562095	0.11412268	0.690084	1.0	1225	tags=33%, list=12%, signal=38%	
GOBP_NEGATIVE_REGULATION_OF_COAGULATION	GOBP_NEGATIVE_REGULATION_OF_COAGULATION		15	0.73884875	1.3561472	0.115549214	0.68894684	1.0	874	tags=33%, list=8%, signal=36%	
GOBP_NEGATIVE_REGULATION_OF_CELL_DIFFERENTIATION	GOBP_NEGATIVE_REGULATION_OF_CELL_DIFFERENTIATION		298	0.53451204	1.3561103	0.021566402	0.68769664	1.0	1480	tags=25%, list=14%, signal=28%	
GOMF_TRANSMEMBRANE_TRANSPORTER_BINDING	GOMF_TRANSMEMBRANE_TRANSPORTER_BINDING		75	0.6072263	1.3559035	0.057788946	0.68744004	1.0	1677	tags=28%, list=16%, signal=33%	
GOBP_TRNA_THREONYLCARBAMOYLADENOSINE_METABOLIC_PROCESS	GOBP_TRNA_THREONYLCARBAMOYLADENOSINE_METABOLIC_PROCESS		17	0.73257834	1.3557233	0.12820514	0.6869387	1.0	427	tags=18%, list=4%, signal=18%	
GOMF_MONOATOMIC_CATION_TRANSMEMBRANE_TRANSPORTER_ACTIVITY	GOMF_MONOATOMIC_CATION_TRANSMEMBRANE_TRANSPORTER_ACTIVITY		226	0.5436826	1.3557174	0.020166073	0.68554324	1.0	1781	tags=27%, list=17%, signal=32%	
GOBP_POSITIVE_REGULATION_OF_DOUBLE_STRAND_BREAK_REPAIR_VIA_HOMOLOGOUS_RECOMBINATION	GOBP_POSITIVE_REGULATION_OF_DOUBLE_STRAND_BREAK_REPAIR_VIA_HOMOLOGOUS_RECOMBINATION		35	0.6581635	1.3554605	0.095364235	0.6854052	1.0	1699	tags=26%, list=16%, signal=31%	
GOBP_REGULATION_OF_RESPONSE_TO_WOUNDING	GOBP_REGULATION_OF_RESPONSE_TO_WOUNDING		70	0.6070377	1.3548371	0.062005278	0.68739283	1.0	991	tags=23%, list=9%, signal=25%	
HP_GENERALIZED_DYSTONIA	HP_GENERALIZED_DYSTONIA		22	0.7020312	1.3546978	0.10638298	0.6867682	1.0	503	tags=9%, list=5%, signal=10%	
GOCC_ORGANELLE_INNER_MEMBRANE	GOCC_ORGANELLE_INNER_MEMBRANE		375	0.51872516	1.3540679	0.013377926	0.6887112	1.0	1778	tags=26%, list=17%, signal=30%	
GOBP_PHOTOPERIODISM	GOBP_PHOTOPERIODISM		17	0.72708553	1.353921	0.1084507	0.6880424	1.0	848	tags=18%, list=8%, signal=19%	
GOCC_ORGANELLE_ENVELOPE_LUMEN	GOCC_ORGANELLE_ENVELOPE_LUMEN		75	0.59780556	1.3538759	0.066841416	0.6868471	1.0	1358	tags=25%, list=13%, signal=29%	
HP_ABNORMAL_DENTAL_ROOT_MORPHOLOGY	HP_ABNORMAL_DENTAL_ROOT_MORPHOLOGY		35	0.65318006	1.35368	0.09536785	0.6865453	1.0	1602	tags=31%, list=15%, signal=37%	
GOBP_REGULATION_OF_NEURONAL_SYNAPTIC_PLASTICITY	GOBP_REGULATION_OF_NEURONAL_SYNAPTIC_PLASTICITY		26	0.67709357	1.3536752	0.12280702	0.6851536	1.0	401	tags=23%, list=4%, signal=24%	
GOBP_REGULATION_OF_PHOSPHORUS_METABOLIC_PROCESS	GOBP_REGULATION_OF_PHOSPHORUS_METABOLIC_PROCESS		328	0.52944684	1.3536732	0.008036739	0.683753	1.0	1117	tags=15%, list=11%, signal=16%	
GOBP_PROTEIN_INSERTION_INTO_MEMBRANE	GOBP_PROTEIN_INSERTION_INTO_MEMBRANE		47	0.6348204	1.3526335	0.07579787	0.6879105	1.0	2782	tags=47%, list=27%, signal=64%	
HP_INCREASED_CIRCULATING_PYRUVATE_CONCENTRATION	HP_INCREASED_CIRCULATING_PYRUVATE_CONCENTRATION		42	0.6500209	1.3522509	0.08981233	0.6886068	1.0	2036	tags=43%, list=19%, signal=53%	
GOMF_MONOATOMIC_ION_TRANSMEMBRANE_TRANSPORTER_ACTIVITY	GOMF_MONOATOMIC_ION_TRANSMEMBRANE_TRANSPORTER_ACTIVITY		269	0.5371907	1.3520569	0.01836969	0.6882648	1.0	1894	tags=27%, list=18%, signal=32%	
GOBP_DNA_TEMPLATED_DNA_REPLICATION_MAINTENANCE_OF_FIDELITY	GOBP_DNA_TEMPLATED_DNA_REPLICATION_MAINTENANCE_OF_FIDELITY		55	0.6182949	1.3517803	0.090066224	0.68831074	1.0	2474	tags=40%, list=24%, signal=52%	
GOBP_CELL_SURFACE_RECEPTOR_SIGNALING_PATHWAY_VIA_JAK_STAT	GOBP_CELL_SURFACE_RECEPTOR_SIGNALING_PATHWAY_VIA_JAK_STAT		76	0.6068447	1.3516711	0.058517557	0.68751127	1.0	1074	tags=20%, list=10%, signal=22%	
HP_CONICAL_INCISOR	HP_CONICAL_INCISOR		16	0.733152	1.3515174	0.11235955	0.6868334	1.0	724	tags=31%, list=7%, signal=34%	
GOBP_PEPTIDYL_TYROSINE_MODIFICATION	GOBP_PEPTIDYL_TYROSINE_MODIFICATION		56	0.6138018	1.3515024	0.08678237	0.6855246	1.0	1172	tags=18%, list=11%, signal=20%	
HP_ASYMMETRIC_GROWTH	HP_ASYMMETRIC_GROWTH		46	0.63304883	1.3513372	0.082432434	0.68500614	1.0	1507	tags=26%, list=14%, signal=30%	
GOBP_POSITIVE_REGULATION_OF_CARBOHYDRATE_METABOLIC_PROCESS	GOBP_POSITIVE_REGULATION_OF_CARBOHYDRATE_METABOLIC_PROCESS		38	0.6408073	1.350796	0.096	0.6865294	1.0	758	tags=13%, list=7%, signal=14%	
HP_FOCAL_SEGMENTAL_GLOMERULOSCLEROSIS	HP_FOCAL_SEGMENTAL_GLOMERULOSCLEROSIS		43	0.64246076	1.3504738	0.08465608	0.686837	1.0	865	tags=21%, list=8%, signal=23%	
GOBP_REGULATION_OF_DNA_REPAIR	GOBP_REGULATION_OF_DNA_REPAIR		171	0.55040413	1.3503575	0.052955665	0.6860589	1.0	2908	tags=36%, list=28%, signal=49%	
GOBP_PYRIMIDINE_CONTAINING_COMPOUND_CATABOLIC_PROCESS	GOBP_PYRIMIDINE_CONTAINING_COMPOUND_CATABOLIC_PROCESS		18	0.7103898	1.349963	0.11440678	0.6867031	1.0	710	tags=17%, list=7%, signal=18%	
HP_ABNORMAL_BLOOD_GAS_LEVEL	HP_ABNORMAL_BLOOD_GAS_LEVEL		29	0.6757526	1.3498605	0.09651475	0.6858179	1.0	808	tags=21%, list=8%, signal=22%	
HP_ABNORMAL_BRAINSTEM_MRI_SIGNAL_INTENSITY	HP_ABNORMAL_BRAINSTEM_MRI_SIGNAL_INTENSITY		32	0.66151536	1.3491421	0.09798658	0.6883385	1.0	1996	tags=47%, list=19%, signal=58%	
GOBP_TRNA_METHYLATION	GOBP_TRNA_METHYLATION		35	0.6451274	1.3487002	0.09004093	0.68951595	1.0	762	tags=9%, list=7%, signal=9%	
GOBP_POSITIVE_REGULATION_OF_TELOMERE_MAINTENANCE	GOBP_POSITIVE_REGULATION_OF_TELOMERE_MAINTENANCE		61	0.6246895	1.3485261	0.07486631	0.6890692	1.0	1971	tags=30%, list=19%, signal=36%	
GOBP_NUCLEAR_TRANSCRIBED_MRNA_POLY_A_TAIL_SHORTENING	GOBP_NUCLEAR_TRANSCRIBED_MRNA_POLY_A_TAIL_SHORTENING		25	0.6766968	1.3484697	0.1064389	0.68798906	1.0	1844	tags=40%, list=18%, signal=48%	
GOBP_POSITIVE_REGULATION_OF_NUCLEAR_DIVISION	GOBP_POSITIVE_REGULATION_OF_NUCLEAR_DIVISION		29	0.67351276	1.3484569	0.1205298	0.6866907	1.0	736	tags=17%, list=7%, signal=18%	
GOCC_CHROMOSOMAL_REGION	GOCC_CHROMOSOMAL_REGION		302	0.5275558	1.3480192	0.026755853	0.68764514	1.0	2681	tags=38%, list=26%, signal=50%	
HP_ABNORMAL_SCALP_MORPHOLOGY	HP_ABNORMAL_SCALP_MORPHOLOGY		286	0.5331412	1.3477981	0.0194508	0.6875117	1.0	924	tags=17%, list=9%, signal=19%	
GOBP_HEPARAN_SULFATE_PROTEOGLYCAN_BIOSYNTHETIC_PROCESS	GOBP_HEPARAN_SULFATE_PROTEOGLYCAN_BIOSYNTHETIC_PROCESS		22	0.6952318	1.3473994	0.114365414	0.6882661	1.0	30	tags=5%, list=0%, signal=5%	
HP_CHEST_PAIN	HP_CHEST_PAIN		63	0.60897017	1.3469415	0.07539683	0.68926245	1.0	521	tags=13%, list=5%, signal=13%	
HP_WIDE_NASAL_BRIDGE	HP_WIDE_NASAL_BRIDGE		315	0.5263383	1.3469077	0.026345933	0.68806815	1.0	806	tags=13%, list=8%, signal=14%	
GOBP_AMINO_ACID_BIOSYNTHETIC_PROCESS	GOBP_AMINO_ACID_BIOSYNTHETIC_PROCESS		45	0.62374794	1.346521	0.075619295	0.6887866	1.0	1963	tags=29%, list=19%, signal=35%	
GOBP_DNA_STRAND_ELONGATION	GOBP_DNA_STRAND_ELONGATION		30	0.66043586	1.3464713	0.1170068	0.6877122	1.0	1089	tags=27%, list=10%, signal=30%	
GOBP_REGULATION_OF_HEART_GROWTH	GOBP_REGULATION_OF_HEART_GROWTH		23	0.6845398	1.3461257	0.11111111	0.6881957	1.0	1825	tags=48%, list=17%, signal=58%	
HP_ABNORMAL_PLATELET_COUNT	HP_ABNORMAL_PLATELET_COUNT		323	0.52692086	1.3460019	0.017462166	0.687506	1.0	1036	tags=18%, list=10%, signal=19%	
HP_ABNORMAL_PULMONARY_VALVE_MORPHOLOGY	HP_ABNORMAL_PULMONARY_VALVE_MORPHOLOGY		36	0.6490941	1.3459779	0.10110804	0.6862788	1.0	1036	tags=11%, list=10%, signal=12%	
GOBP_REGULATION_OF_SISTER_CHROMATID_SEGREGATION	GOBP_REGULATION_OF_SISTER_CHROMATID_SEGREGATION		81	0.59040403	1.3455076	0.06563707	0.6874524	1.0	2567	tags=43%, list=25%, signal=57%	
GOMF_CHROMATIN_DNA_BINDING	GOMF_CHROMATIN_DNA_BINDING		70	0.5976898	1.3454189	0.09186352	0.68656987	1.0	1036	tags=23%, list=10%, signal=25%	
GOBP_MRNA_MODIFICATION	GOBP_MRNA_MODIFICATION		23	0.67903364	1.3453518	0.11927878	0.68556726	1.0	1046	tags=30%, list=10%, signal=34%	
GOBP_ADENYLATE_CYCLASE_MODULATING_G_PROTEIN_COUPLED_RECEPTOR_SIGNALING_PATHWAY	GOBP_ADENYLATE_CYCLASE_MODULATING_G_PROTEIN_COUPLED_RECEPTOR_SIGNALING_PATHWAY		74	0.5921709	1.345261	0.062901154	0.68474364	1.0	683	tags=20%, list=7%, signal=22%	
HP_APLASIA_HYPOPLASIA_OF_THE_SCAPULAE	HP_APLASIA_HYPOPLASIA_OF_THE_SCAPULAE		15	0.7186276	1.3442812	0.13475177	0.6884371	1.0	1920	tags=40%, list=18%, signal=49%	
GOBP_POSITIVE_REGULATION_OF_CHEMOKINE_PRODUCTION	GOBP_POSITIVE_REGULATION_OF_CHEMOKINE_PRODUCTION		39	0.6355074	1.344034	0.08957219	0.6883994	1.0	475	tags=21%, list=5%, signal=21%	
GOCC_SARCOPLASM	GOCC_SARCOPLASM		37	0.6495118	1.3435515	0.11621621	0.689598	1.0	1856	tags=41%, list=18%, signal=49%	
GOCC_MYELIN_SHEATH	GOCC_MYELIN_SHEATH		21	0.68618476	1.3433543	0.1337931	0.6892993	1.0	1191	tags=38%, list=11%, signal=43%	
GOMF_PROTEIN_SERINE_THREONINE_KINASE_ACTIVATOR_ACTIVITY	GOMF_PROTEIN_SERINE_THREONINE_KINASE_ACTIVATOR_ACTIVITY		50	0.6282004	1.3431118	0.087248325	0.68922716	1.0	1005	tags=20%, list=10%, signal=22%	
GOBP_NEGATIVE_REGULATION_OF_CAMP_PKA_SIGNAL_TRANSDUCTION	GOBP_NEGATIVE_REGULATION_OF_CAMP_PKA_SIGNAL_TRANSDUCTION		15	0.72449803	1.3422598	0.11675824	0.69241524	1.0	12	tags=7%, list=0%, signal=7%	
GOBP_REGULATION_OF_MUSCLE_ORGAN_DEVELOPMENT	GOBP_REGULATION_OF_MUSCLE_ORGAN_DEVELOPMENT		17	0.7032918	1.3417908	0.121985815	0.6936703	1.0	1437	tags=35%, list=14%, signal=41%	
HP_CHORIORETINAL_COLOBOMA	HP_CHORIORETINAL_COLOBOMA		25	0.6621908	1.3415265	0.13472222	0.69376194	1.0	228	tags=8%, list=2%, signal=8%	
GOBP_MUSCLE_CELL_DIFFERENTIATION	GOBP_MUSCLE_CELL_DIFFERENTIATION		193	0.5425938	1.3401321	0.026159335	0.7000324	1.0	925	tags=26%, list=9%, signal=28%	
GOBP_DNA_REPLICATION	GOBP_DNA_REPLICATION		248	0.5342864	1.3394865	0.028335301	0.70226884	1.0	1231	tags=20%, list=12%, signal=22%	
HP_INCREASED_MEAN_PLATELET_VOLUME	HP_INCREASED_MEAN_PLATELET_VOLUME		15	0.72005475	1.3382481	0.12981455	0.7075931	1.0	39	tags=13%, list=0%, signal=13%	
GOBP_REGULATION_OF_GLYCOGEN_METABOLIC_PROCESS	GOBP_REGULATION_OF_GLYCOGEN_METABOLIC_PROCESS		16	0.7347785	1.3381914	0.12802276	0.70654523	1.0	705	tags=19%, list=7%, signal=20%	
GOCC_NEURON_SPINE	GOCC_NEURON_SPINE		55	0.62139344	1.3372025	0.055269923	0.7105103	1.0	291	tags=5%, list=3%, signal=6%	
GOBP_POSITIVE_REGULATION_OF_CHROMOSOME_ORGANIZATION	GOBP_POSITIVE_REGULATION_OF_CHROMOSOME_ORGANIZATION		83	0.5851023	1.3369049	0.08645161	0.71068615	1.0	2701	tags=39%, list=26%, signal=52%	
HP_ABNORMAL_RETINAL_ARTERIAL_ARTERIOLAR_MORPHOLOGY	HP_ABNORMAL_RETINAL_ARTERIAL_ARTERIOLAR_MORPHOLOGY		39	0.64229053	1.3356758	0.123809524	0.71583766	1.0	473	tags=18%, list=5%, signal=19%	
HP_HYPERACTIVE_DEEP_TENDON_REFLEXES	HP_HYPERACTIVE_DEEP_TENDON_REFLEXES		20	0.6886929	1.3354553	0.12988827	0.7157188	1.0	388	tags=10%, list=4%, signal=10%	
HP_ABNORMAL_DENTAL_PULP_MORPHOLOGY	HP_ABNORMAL_DENTAL_PULP_MORPHOLOGY		33	0.6595906	1.3354236	0.11432507	0.7145713	1.0	1602	tags=33%, list=15%, signal=39%	
GOBP_RRNA_TRANSCRIPTION	GOBP_RRNA_TRANSCRIPTION		33	0.6641199	1.3351828	0.097826086	0.7144741	1.0	2050	tags=36%, list=20%, signal=45%	
HP_PSEUDOBULBAR_SIGNS	HP_PSEUDOBULBAR_SIGNS		19	0.70463353	1.3345599	0.111265644	0.71652687	1.0	1286	tags=26%, list=12%, signal=30%	
HP_ABNORMAL_LACRIMAL_DUCT_MORPHOLOGY	HP_ABNORMAL_LACRIMAL_DUCT_MORPHOLOGY		35	0.64827734	1.3344448	0.112162165	0.71581715	1.0	912	tags=20%, list=9%, signal=22%	
GOBP_CD4_POSITIVE_OR_CD8_POSITIVE_ALPHA_BETA_T_CELL_LINEAGE_COMMITMENT	GOBP_CD4_POSITIVE_OR_CD8_POSITIVE_ALPHA_BETA_T_CELL_LINEAGE_COMMITMENT		21	0.69294655	1.3344434	0.10878661	0.71449405	1.0	873	tags=33%, list=8%, signal=36%	
HP_AGAMMAGLOBULINEMIA	HP_AGAMMAGLOBULINEMIA		18	0.71363264	1.333565	0.1175657	0.7177632	1.0	1155	tags=28%, list=11%, signal=31%	
HP_NEOPLASM_OF_THE_GENITOURINARY_TRACT	HP_NEOPLASM_OF_THE_GENITOURINARY_TRACT		150	0.54819214	1.332724	0.041567694	0.7210763	1.0	970	tags=21%, list=9%, signal=22%	
HP_ABNORMAL_LIVER_PHYSIOLOGY	HP_ABNORMAL_LIVER_PHYSIOLOGY		18	0.70892453	1.332284	0.13305323	0.72216666	1.0	1532	tags=22%, list=15%, signal=26%	
HP_TYPIFIED_BY_INCOMPLETE_PENETRANCE	HP_TYPIFIED_BY_INCOMPLETE_PENETRANCE		73	0.6020091	1.3320189	0.07225806	0.7222639	1.0	660	tags=16%, list=6%, signal=17%	
HP_ABNORMAL_INTESTINE_MORPHOLOGY	HP_ABNORMAL_INTESTINE_MORPHOLOGY		433	0.5075285	1.3317536	0.009857613	0.7223596	1.0	1596	tags=21%, list=15%, signal=24%	
GOBP_OVARIAN_FOLLICLE_DEVELOPMENT	GOBP_OVARIAN_FOLLICLE_DEVELOPMENT		31	0.6491615	1.3311887	0.123809524	0.7241207	1.0	1282	tags=26%, list=12%, signal=29%	
GOCC_CONDENSED_CHROMOSOME_CENTROMERIC_REGION	GOCC_CONDENSED_CHROMOSOME_CENTROMERIC_REGION		144	0.55254185	1.3303957	0.055421688	0.7270449	1.0	2140	tags=33%, list=20%, signal=40%	
GOBP_T_CELL_LINEAGE_COMMITMENT	GOBP_T_CELL_LINEAGE_COMMITMENT		23	0.67306274	1.3303367	0.13207547	0.725992	1.0	873	tags=30%, list=8%, signal=33%	
GOBP_V_D_J_RECOMBINATION	GOBP_V_D_J_RECOMBINATION		16	0.71640253	1.330042	0.13351135	0.7262434	1.0	1440	tags=31%, list=14%, signal=36%	
GOBP_NUCLEOLAR_LARGE_RRNA_TRANSCRIPTION_BY_RNA_POLYMERASE_I	GOBP_NUCLEOLAR_LARGE_RRNA_TRANSCRIPTION_BY_RNA_POLYMERASE_I		22	0.6825231	1.3296843	0.12043302	0.7267859	1.0	1117	tags=23%, list=11%, signal=25%	
GOBP_PLATELET_MORPHOGENESIS	GOBP_PLATELET_MORPHOGENESIS		21	0.6887862	1.3294865	0.11528497	0.72644395	1.0	778	tags=14%, list=7%, signal=15%	
GOBP_NEGATIVE_REGULATION_OF_MONOATOMIC_ION_TRANSPORT	GOBP_NEGATIVE_REGULATION_OF_MONOATOMIC_ION_TRANSPORT		36	0.6532732	1.3280138	0.09269663	0.7330208	1.0	1095	tags=28%, list=10%, signal=31%	
GOBP_GLIOGENESIS	GOBP_GLIOGENESIS		155	0.54932374	1.3274008	0.056029234	0.7349082	1.0	1325	tags=17%, list=13%, signal=19%	
GOBP_POSITIVE_REGULATION_OF_OSTEOBLAST_DIFFERENTIATION	GOBP_POSITIVE_REGULATION_OF_OSTEOBLAST_DIFFERENTIATION		30	0.6524344	1.3272283	0.123978205	0.7345058	1.0	701	tags=23%, list=7%, signal=25%	
GOBP_NEGATIVE_REGULATION_OF_NON_CANONICAL_NF_KAPPAB_SIGNAL_TRANSDUCTION	GOBP_NEGATIVE_REGULATION_OF_NON_CANONICAL_NF_KAPPAB_SIGNAL_TRANSDUCTION		18	0.7039379	1.3260946	0.13098592	0.73939246	1.0	766	tags=28%, list=7%, signal=30%	
GOBP_REGULATION_OF_CIRCADIAN_RHYTHM	GOBP_REGULATION_OF_CIRCADIAN_RHYTHM		63	0.6129419	1.3259888	0.069736846	0.73861355	1.0	1850	tags=30%, list=18%, signal=36%	
GOCC_CAJAL_BODY	GOCC_CAJAL_BODY		55	0.6056808	1.3258077	0.100550964	0.738274	1.0	2696	tags=53%, list=26%, signal=71%	
HP_RIDGED_NAIL	HP_RIDGED_NAIL		17	0.7027674	1.3257319	0.13940255	0.737371	1.0	924	tags=35%, list=9%, signal=39%	
GOBP_POSITIVE_REGULATION_OF_NEURON_DIFFERENTIATION	GOBP_POSITIVE_REGULATION_OF_NEURON_DIFFERENTIATION		27	0.65055424	1.3251973	0.14603616	0.73882365	1.0	791	tags=22%, list=8%, signal=24%	
HP_RENAL_HYPOPLASIA_APLASIA	HP_RENAL_HYPOPLASIA_APLASIA		206	0.539696	1.3250779	0.038372092	0.73812735	1.0	804	tags=17%, list=8%, signal=18%	
GOBP_ADENYLATE_CYCLASE_ACTIVATING_G_PROTEIN_COUPLED_RECEPTOR_SIGNALING_PATHWAY	GOBP_ADENYLATE_CYCLASE_ACTIVATING_G_PROTEIN_COUPLED_RECEPTOR_SIGNALING_PATHWAY		54	0.6084581	1.3249043	0.07863696	0.7377357	1.0	683	tags=17%, list=7%, signal=18%	
HP_VENTRICULAR_ARRHYTHMIA	HP_VENTRICULAR_ARRHYTHMIA		59	0.6079395	1.3244452	0.09947644	0.73886764	1.0	473	tags=20%, list=5%, signal=21%	
HP_LOW_SET_EARS	HP_LOW_SET_EARS		499	0.5046333	1.3240862	0.019736841	0.73940706	1.0	1163	tags=17%, list=11%, signal=18%	
GOBP_NEGATIVE_REGULATION_OF_CELLULAR_RESPONSE_TO_INSULIN_STIMULUS	GOBP_NEGATIVE_REGULATION_OF_CELLULAR_RESPONSE_TO_INSULIN_STIMULUS		32	0.64683044	1.3239787	0.12048193	0.7386439	1.0	1252	tags=22%, list=12%, signal=25%	
HP_BLURRED_VISION	HP_BLURRED_VISION		24	0.6681858	1.3233937	0.13055182	0.7404869	1.0	819	tags=42%, list=8%, signal=45%	
GOBP_MEMORY	GOBP_MEMORY		55	0.6139995	1.3230114	0.09597925	0.7412226	1.0	1121	tags=18%, list=11%, signal=20%	
GOBP_REGULATION_OF_DNA_DAMAGE_CHECKPOINT	GOBP_REGULATION_OF_DNA_DAMAGE_CHECKPOINT		23	0.67672086	1.3227518	0.113667116	0.74128866	1.0	639	tags=17%, list=6%, signal=18%	
GOCC_NEURON_PROJECTION_TERMINUS	GOCC_NEURON_PROJECTION_TERMINUS		42	0.62671924	1.3224075	0.1090175	0.74180084	1.0	1208	tags=21%, list=12%, signal=24%	
GOMF_LIPOPOLYSACCHARIDE_BINDING	GOMF_LIPOPOLYSACCHARIDE_BINDING		19	0.6871504	1.321464	0.13369714	0.7455807	1.0	1268	tags=47%, list=12%, signal=54%	
HP_FLAT_OCCIPUT	HP_FLAT_OCCIPUT		41	0.62873286	1.3213145	0.117962465	0.74506474	1.0	946	tags=15%, list=9%, signal=16%	
HP_APHASIA	HP_APHASIA		60	0.59627795	1.3207289	0.0875817	0.74687093	1.0	802	tags=20%, list=8%, signal=22%	
HP_UNUSUAL_INFECTION_BY_ANATOMICAL_SITE	HP_UNUSUAL_INFECTION_BY_ANATOMICAL_SITE		68	0.60090613	1.3206931	0.0860077	0.74576277	1.0	1052	tags=21%, list=10%, signal=23%	
GOCC_PRESYNAPSE	GOCC_PRESYNAPSE		287	0.51902175	1.3202094	0.03448276	0.74705803	1.0	1525	tags=20%, list=15%, signal=22%	
HP_INAPPROPRIATE_LAUGHTER	HP_INAPPROPRIATE_LAUGHTER		16	0.70528656	1.3198334	0.13139696	0.7477627	1.0	1568	tags=31%, list=15%, signal=37%	
GOMF_GROWTH_FACTOR_ACTIVITY	GOMF_GROWTH_FACTOR_ACTIVITY		40	0.6302374	1.3197992	0.13112582	0.7466438	1.0	458	tags=18%, list=4%, signal=18%	
GOBP_TOLL_LIKE_RECEPTOR_SIGNALING_PATHWAY	GOBP_TOLL_LIKE_RECEPTOR_SIGNALING_PATHWAY		54	0.60559434	1.3196603	0.093959734	0.7460562	1.0	824	tags=17%, list=8%, signal=18%	
HP_CEREBRAL_CALCIFICATION	HP_CEREBRAL_CALCIFICATION		97	0.5757899	1.3195941	0.062025316	0.74511284	1.0	1068	tags=19%, list=10%, signal=20%	
HP_DELAYED_CLOSURE_OF_THE_ANTERIOR_FONTANELLE	HP_DELAYED_CLOSURE_OF_THE_ANTERIOR_FONTANELLE		22	0.6782219	1.3193387	0.14685315	0.745129	1.0	724	tags=14%, list=7%, signal=15%	
HP_ABNORMAL_LABIA_MINORA_MORPHOLOGY	HP_ABNORMAL_LABIA_MINORA_MORPHOLOGY		22	0.6732772	1.3186402	0.1529745	0.7476341	1.0	1612	tags=23%, list=15%, signal=27%	
HP_EXERCISE_INTOLERANCE	HP_EXERCISE_INTOLERANCE		75	0.58300096	1.318503	0.086513996	0.7470796	1.0	994	tags=21%, list=10%, signal=23%	
GOBP_BLOOD_VESSEL_ENDOTHELIAL_CELL_MIGRATION	GOBP_BLOOD_VESSEL_ENDOTHELIAL_CELL_MIGRATION		67	0.5941065	1.3183626	0.07095926	0.7464997	1.0	560	tags=10%, list=5%, signal=11%	
GOBP_REGULATION_OF_SMOOTH_MUSCLE_CELL_DIFFERENTIATION	GOBP_REGULATION_OF_SMOOTH_MUSCLE_CELL_DIFFERENTIATION		18	0.70049024	1.3181329	0.14749661	0.74636704	1.0	1260	tags=28%, list=12%, signal=32%	
HP_POSTURAL_INSTABILITY	HP_POSTURAL_INSTABILITY		47	0.62345904	1.317992	0.10788382	0.74587417	1.0	1443	tags=26%, list=14%, signal=29%	
HP_ABNORMALITY_OF_SKIN_ADNEXA_PHYSIOLOGY	HP_ABNORMALITY_OF_SKIN_ADNEXA_PHYSIOLOGY		118	0.55460733	1.3179067	0.06900878	0.745035	1.0	1101	tags=20%, list=11%, signal=22%	
HP_ABNORMALITY_OF_CARDIOVASCULAR_SYSTEM_ELECTROPHYSIOLOGY	HP_ABNORMALITY_OF_CARDIOVASCULAR_SYSTEM_ELECTROPHYSIOLOGY		294	0.5178315	1.3165779	0.035469107	0.7510531	1.0	1095	tags=17%, list=10%, signal=18%	
GOBP_RESPONSE_TO_X_RAY	GOBP_RESPONSE_TO_X_RAY		17	0.68964326	1.3163369	0.1624161	0.7510662	1.0	896	tags=18%, list=9%, signal=19%	
HP_PROFOUND_GLOBAL_DEVELOPMENTAL_DELAY	HP_PROFOUND_GLOBAL_DEVELOPMENTAL_DELAY		48	0.62494963	1.3162363	0.08378378	0.7503074	1.0	1036	tags=13%, list=10%, signal=14%	
HP_ABNORMAL_VENTRICULAR_SEPTUM_MORPHOLOGY	HP_ABNORMAL_VENTRICULAR_SEPTUM_MORPHOLOGY		336	0.5117166	1.3162049	0.027303753	0.74919456	1.0	1104	tags=17%, list=11%, signal=19%	
HP_ABNORMAL_INCISOR_MORPHOLOGY	HP_ABNORMAL_INCISOR_MORPHOLOGY		28	0.65993357	1.3154166	0.13580246	0.7522699	1.0	1971	tags=36%, list=19%, signal=44%	
GOBP_OSTEOBLAST_DIFFERENTIATION	GOBP_OSTEOBLAST_DIFFERENTIATION		103	0.56225866	1.3149375	0.07964602	0.75362444	1.0	702	tags=17%, list=7%, signal=18%	
HP_ABNORMAL_FINGERTIP_MORPHOLOGY	HP_ABNORMAL_FINGERTIP_MORPHOLOGY		55	0.60147125	1.3145474	0.1126943	0.7544915	1.0	791	tags=13%, list=8%, signal=14%	
HP_ABNORMAL_ENZYME_CONCENTRATION_OR_ACTIVITY	HP_ABNORMAL_ENZYME_CONCENTRATION_OR_ACTIVITY		487	0.49721605	1.3144518	0.012931035	0.7537338	1.0	1036	tags=15%, list=10%, signal=16%	
GOBP_ALPHA_BETA_T_CELL_DIFFERENTIATION	GOBP_ALPHA_BETA_T_CELL_DIFFERENTIATION		101	0.5663119	1.3137592	0.076524	0.7560913	1.0	1461	tags=33%, list=14%, signal=38%	
HP_NEONATAL_DEATH	HP_NEONATAL_DEATH		47	0.61674494	1.3137386	0.11984536	0.75491196	1.0	901	tags=21%, list=9%, signal=23%	
GOBP_PROTEIN_AUTOPHOSPHORYLATION	GOBP_PROTEIN_AUTOPHOSPHORYLATION		65	0.5927843	1.3137352	0.09908735	0.75364995	1.0	1057	tags=22%, list=10%, signal=24%	
HP_DIASTEMA	HP_DIASTEMA		16	0.7129945	1.3136355	0.13194445	0.7528972	1.0	2613	tags=63%, list=25%, signal=83%	
HP_CYTOCHROME_C_OXIDASE_NEGATIVE_MUSCLE_FIBERS	HP_CYTOCHROME_C_OXIDASE_NEGATIVE_MUSCLE_FIBERS		27	0.6634267	1.3134109	0.11740891	0.75280815	1.0	780	tags=15%, list=7%, signal=16%	
HP_NEOPLASM_OF_THE_GASTROINTESTINAL_TRACT	HP_NEOPLASM_OF_THE_GASTROINTESTINAL_TRACT		182	0.5321056	1.313208	0.057177614	0.7527148	1.0	1112	tags=21%, list=11%, signal=24%	
GOBP_NEUROEPITHELIAL_CELL_DIFFERENTIATION	GOBP_NEUROEPITHELIAL_CELL_DIFFERENTIATION		15	0.7169448	1.3124771	0.16576819	0.75542027	1.0	1800	tags=53%, list=17%, signal=64%	
GOBP_REGULATION_OF_PEPTIDYL_TYROSINE_PHOSPHORYLATION	GOBP_REGULATION_OF_PEPTIDYL_TYROSINE_PHOSPHORYLATION		41	0.63405955	1.3113513	0.105473965	0.7602351	1.0	550	tags=15%, list=5%, signal=15%	
GOBP_POSITIVE_REGULATION_OF_DNA_METABOLIC_PROCESS	GOBP_POSITIVE_REGULATION_OF_DNA_METABOLIC_PROCESS		209	0.53061527	1.3093024	0.040141676	0.76989615	1.0	2386	tags=30%, list=23%, signal=38%	
GOBP_NEGATIVE_REGULATION_OF_STEM_CELL_POPULATION_MAINTENANCE	GOBP_NEGATIVE_REGULATION_OF_STEM_CELL_POPULATION_MAINTENANCE		15	0.7079508	1.3086529	0.15229885	0.7721815	1.0	1372	tags=33%, list=13%, signal=38%	
HP_EXANTHEM	HP_EXANTHEM		16	0.70641273	1.3086323	0.13719943	0.77098435	1.0	1707	tags=50%, list=16%, signal=60%	
HP_INTRINSIC_HAND_MUSCLE_ATROPHY	HP_INTRINSIC_HAND_MUSCLE_ATROPHY		21	0.6747003	1.3082856	0.13884993	0.7715519	1.0	474	tags=14%, list=5%, signal=15%	
GOBP_REGULATION_OF_ENDOTHELIAL_CELL_MIGRATION	GOBP_REGULATION_OF_ENDOTHELIAL_CELL_MIGRATION		81	0.5716982	1.3081756	0.10191083	0.770866	1.0	362	tags=10%, list=3%, signal=10%	
GOCC_NEURON_TO_NEURON_SYNAPSE	GOCC_NEURON_TO_NEURON_SYNAPSE		161	0.54234177	1.307638	0.055819478	0.77256763	1.0	1385	tags=20%, list=13%, signal=23%	
GOCC_CONTRACTILE_MUSCLE_FIBER	GOCC_CONTRACTILE_MUSCLE_FIBER		91	0.56936264	1.3073665	0.090066224	0.7727253	1.0	482	tags=8%, list=5%, signal=8%	
HP_DEMYELINATING_PERIPHERAL_NEUROPATHY	HP_DEMYELINATING_PERIPHERAL_NEUROPATHY		50	0.6067053	1.3073568	0.11578947	0.771506	1.0	639	tags=20%, list=6%, signal=21%	
GOCC_U2_TYPE_CATALYTIC_STEP_2_SPLICEOSOME	GOCC_U2_TYPE_CATALYTIC_STEP_2_SPLICEOSOME		32	0.6392256	1.3072909	0.1131579	0.7706073	1.0	1158	tags=38%, list=11%, signal=42%	
GOBP_REGULATION_OF_CALCIUM_ION_TRANSMEMBRANE_TRANSPORT	GOBP_REGULATION_OF_CALCIUM_ION_TRANSMEMBRANE_TRANSPORT		61	0.60431933	1.3070902	0.09242619	0.77047026	1.0	884	tags=20%, list=8%, signal=21%	
GOBP_REGULATION_OF_TRANSMEMBRANE_TRANSPORT	GOBP_REGULATION_OF_TRANSMEMBRANE_TRANSPORT		192	0.53346765	1.306965	0.046674445	0.76988715	1.0	922	tags=18%, list=9%, signal=19%	
GOBP_NEGATIVE_REGULATION_OF_INTRINSIC_APOPTOTIC_SIGNALING_PATHWAY_BY_P53_CLASS_MEDIATOR	GOBP_NEGATIVE_REGULATION_OF_INTRINSIC_APOPTOTIC_SIGNALING_PATHWAY_BY_P53_CLASS_MEDIATOR		17	0.689488	1.3067902	0.15504979	0.769538	1.0	709	tags=24%, list=7%, signal=25%	
GOBP_NEGATIVE_REGULATION_OF_PROTEIN_METABOLIC_PROCESS	GOBP_NEGATIVE_REGULATION_OF_PROTEIN_METABOLIC_PROCESS		336	0.50602114	1.3066769	0.025842696	0.7688643	1.0	1452	tags=24%, list=14%, signal=26%	
GOBP_REGULATION_OF_BONE_REMODELING	GOBP_REGULATION_OF_BONE_REMODELING		21	0.6808548	1.3066378	0.14479026	0.76783514	1.0	1651	tags=24%, list=16%, signal=28%	
HP_INHERITANCE_QUALIFIER	HP_INHERITANCE_QUALIFIER		190	0.526387	1.3065023	0.04761905	0.76730937	1.0	1776	tags=24%, list=17%, signal=29%	
GOBP_REGULATION_OF_DOUBLE_STRAND_BREAK_REPAIR_VIA_HOMOLOGOUS_RECOMBINATION	GOBP_REGULATION_OF_DOUBLE_STRAND_BREAK_REPAIR_VIA_HOMOLOGOUS_RECOMBINATION		60	0.604774	1.3057479	0.102122016	0.7701725	1.0	1699	tags=28%, list=16%, signal=34%	
GOBP_TELOMERASE_RNA_LOCALIZATION	GOBP_TELOMERASE_RNA_LOCALIZATION		15	0.68639094	1.3047785	0.17069702	0.77403164	1.0	1906	tags=47%, list=18%, signal=57%	
GOBP_POSITIVE_T_CELL_SELECTION	GOBP_POSITIVE_T_CELL_SELECTION		33	0.62655497	1.3042973	0.14142857	0.775417	1.0	873	tags=27%, list=8%, signal=30%	
GOBP_NEGATIVE_REGULATION_OF_CILIUM_ASSEMBLY	GOBP_NEGATIVE_REGULATION_OF_CILIUM_ASSEMBLY		17	0.6871479	1.3041593	0.15921788	0.77487546	1.0	383	tags=12%, list=4%, signal=12%	
GOBP_POSITIVE_REGULATION_OF_COAGULATION	GOBP_POSITIVE_REGULATION_OF_COAGULATION		17	0.6972243	1.3041408	0.15768194	0.77371955	1.0	569	tags=18%, list=5%, signal=19%	
GOBP_MEMBRANELESS_ORGANELLE_ASSEMBLY	GOBP_MEMBRANELESS_ORGANELLE_ASSEMBLY		309	0.5066568	1.303461	0.024581006	0.7761043	1.0	1880	tags=23%, list=18%, signal=27%	
GOBP_NEGATIVE_REGULATION_OF_CELL_MATRIX_ADHESION	GOBP_NEGATIVE_REGULATION_OF_CELL_MATRIX_ADHESION		20	0.68282086	1.3033872	0.13521127	0.7752967	1.0	689	tags=30%, list=7%, signal=32%	
GOBP_RNA_MODIFICATION	GOBP_RNA_MODIFICATION		148	0.53516227	1.3029015	0.06332139	0.77666724	1.0	1207	tags=16%, list=12%, signal=18%	
GOBP_OSTEOCLAST_DIFFERENTIATION	GOBP_OSTEOCLAST_DIFFERENTIATION		66	0.58963937	1.3028824	0.09831824	0.7755102	1.0	1214	tags=23%, list=12%, signal=26%	
GOBP_COPPER_ION_HOMEOSTASIS	GOBP_COPPER_ION_HOMEOSTASIS		16	0.7036437	1.3028514	0.15277778	0.7744264	1.0	370	tags=13%, list=4%, signal=13%	
GOBP_RNA_POLYMERASE_II_PREINITIATION_COMPLEX_ASSEMBLY	GOBP_RNA_POLYMERASE_II_PREINITIATION_COMPLEX_ASSEMBLY		46	0.6166859	1.3022652	0.11227154	0.77609634	1.0	2578	tags=35%, list=25%, signal=46%	
HP_ABNORMAL_PULMONARY_THORACIC_IMAGING_FINDING	HP_ABNORMAL_PULMONARY_THORACIC_IMAGING_FINDING		81	0.5788127	1.3022404	0.091836736	0.7749838	1.0	967	tags=16%, list=9%, signal=18%	
GOCC_SIN3_TYPE_COMPLEX	GOCC_SIN3_TYPE_COMPLEX		16	0.7002473	1.30209	0.14905934	0.774535	1.0	1432	tags=31%, list=14%, signal=36%	
GOBP_NEGATIVE_REGULATION_OF_MICROTUBULE_POLYMERIZATION_OR_DEPOLYMERIZATION	GOBP_NEGATIVE_REGULATION_OF_MICROTUBULE_POLYMERIZATION_OR_DEPOLYMERIZATION		21	0.66659075	1.3020883	0.14518318	0.77331007	1.0	303	tags=14%, list=3%, signal=15%	
GOMF_MAP_KINASE_KINASE_KINASE_ACTIVITY	GOMF_MAP_KINASE_KINASE_KINASE_ACTIVITY		20	0.6811371	1.3017716	0.14673913	0.77388054	1.0	416	tags=15%, list=4%, signal=16%	
GOMF_SOLUTE_PROTON_SYMPORTER_ACTIVITY	GOMF_SOLUTE_PROTON_SYMPORTER_ACTIVITY		15	0.69045836	1.3016263	0.16178522	0.77338403	1.0	662	tags=20%, list=6%, signal=21%	
HP_ABNORMALITY_OF_THE_MUSCULATURE_OF_THE_LIMBS	HP_ABNORMALITY_OF_THE_MUSCULATURE_OF_THE_LIMBS		400	0.50395435	1.30129	0.027352298	0.7739625	1.0	841	tags=12%, list=8%, signal=13%	
GOMF_BASAL_TRANSCRIPTION_MACHINERY_BINDING	GOMF_BASAL_TRANSCRIPTION_MACHINERY_BINDING		43	0.6228972	1.3010794	0.118983954	0.77387124	1.0	1774	tags=30%, list=17%, signal=36%	
HP_KETONURIA	HP_KETONURIA		17	0.69252676	1.3008951	0.16530055	0.7736306	1.0	449	tags=18%, list=4%, signal=18%	
GOBP_RESPONSE_TO_EPIDERMAL_GROWTH_FACTOR	GOBP_RESPONSE_TO_EPIDERMAL_GROWTH_FACTOR		30	0.6416129	1.3008593	0.13900135	0.7726028	1.0	1103	tags=23%, list=11%, signal=26%	
GOMF_MACROMOLECULE_TRANSMEMBRANE_TRANSPORTER_ACTIVITY	GOMF_MACROMOLECULE_TRANSMEMBRANE_TRANSPORTER_ACTIVITY		22	0.662736	1.3008494	0.15062761	0.77144045	1.0	935	tags=23%, list=9%, signal=25%	
HP_IMPAIRED_VIBRATION_SENSATION_IN_THE_LOWER_LIMBS	HP_IMPAIRED_VIBRATION_SENSATION_IN_THE_LOWER_LIMBS		32	0.63299745	1.300374	0.14839572	0.7726617	1.0	1506	tags=25%, list=14%, signal=29%	
GOMF_SPHINGOLIPID_BINDING	GOMF_SPHINGOLIPID_BINDING		19	0.68058157	1.3001304	0.16804408	0.7727145	1.0	385	tags=11%, list=4%, signal=11%	
GOBP_POSITIVE_REGULATION_OF_INTERLEUKIN_6_PRODUCTION	GOBP_POSITIVE_REGULATION_OF_INTERLEUKIN_6_PRODUCTION		61	0.5932147	1.2999946	0.12765957	0.7722316	1.0	1231	tags=26%, list=12%, signal=30%	
HP_ABNORMAL_URINE_ALPHA_KETOGLUTARATE_CONCENTRATION	HP_ABNORMAL_URINE_ALPHA_KETOGLUTARATE_CONCENTRATION		15	0.70293325	1.2999749	0.15462428	0.7711188	1.0	1644	tags=33%, list=16%, signal=40%	
GOCC_MICROTUBULE	GOCC_MICROTUBULE		255	0.51539254	1.2996569	0.039488968	0.77170473	1.0	2028	tags=23%, list=19%, signal=28%	
GOBP_POSITIVE_REGULATION_OF_ENDOTHELIAL_CELL_MIGRATION	GOBP_POSITIVE_REGULATION_OF_ENDOTHELIAL_CELL_MIGRATION		52	0.5983312	1.2996218	0.114583336	0.7706805	1.0	560	tags=13%, list=5%, signal=14%	
HP_HEMOPTYSIS	HP_HEMOPTYSIS		39	0.62158865	1.299446	0.116621986	0.77046615	1.0	797	tags=26%, list=8%, signal=28%	
GOBP_POSITIVE_REGULATION_OF_CYTOKINE_PRODUCTION	GOBP_POSITIVE_REGULATION_OF_CYTOKINE_PRODUCTION		301	0.5092098	1.2990665	0.04247991	0.77126014	1.0	1291	tags=23%, list=12%, signal=25%	
GOBP_ENDOTHELIAL_CELL_MIGRATION	GOBP_ENDOTHELIAL_CELL_MIGRATION		111	0.5490716	1.2989699	0.07008761	0.77059066	1.0	560	tags=12%, list=5%, signal=12%	
HP_EPIPHORA	HP_EPIPHORA		17	0.6869044	1.2986506	0.159618	0.77101517	1.0	1478	tags=47%, list=14%, signal=55%	
HP_ENCEPHALOPATHY	HP_ENCEPHALOPATHY		209	0.52556276	1.298364	0.049261082	0.7713244	1.0	639	tags=12%, list=6%, signal=12%	
GOMF_POTASSIUM_CHANNEL_ACTIVITY	GOMF_POTASSIUM_CHANNEL_ACTIVITY		19	0.6835986	1.2979807	0.15607736	0.7722455	1.0	291	tags=16%, list=3%, signal=16%	
HP_TRIGONOCEPHALY	HP_TRIGONOCEPHALY		30	0.6318581	1.2979634	0.1495957	0.77113557	1.0	1916	tags=30%, list=18%, signal=37%	
HP_COGWHEEL_RIGIDITY	HP_COGWHEEL_RIGIDITY		16	0.69464666	1.2978178	0.15543328	0.7707303	1.0	1883	tags=44%, list=18%, signal=53%	
GOBP_TELOMERE_MAINTENANCE_VIA_TELOMERE_LENGTHENING	GOBP_TELOMERE_MAINTENANCE_VIA_TELOMERE_LENGTHENING		54	0.5900782	1.2977563	0.11214953	0.76985365	1.0	1971	tags=30%, list=19%, signal=36%	
HP_ABNORMAL_NAIL_SURFACE	HP_ABNORMAL_NAIL_SURFACE		20	0.67572075	1.2973738	0.16643742	0.77066875	1.0	924	tags=30%, list=9%, signal=33%	
GOBP_NEGATIVE_REGULATION_OF_STEM_CELL_DIFFERENTIATION	GOBP_NEGATIVE_REGULATION_OF_STEM_CELL_DIFFERENTIATION		16	0.6955222	1.2972735	0.16997167	0.7700268	1.0	338	tags=19%, list=3%, signal=19%	
HP_LONG_EYELASHES	HP_LONG_EYELASHES		90	0.5723042	1.2971362	0.0948718	0.7695484	1.0	928	tags=13%, list=9%, signal=15%	
GOBP_MYELOID_CELL_HOMEOSTASIS	GOBP_MYELOID_CELL_HOMEOSTASIS		127	0.5534755	1.2969815	0.06675063	0.76912	1.0	417	tags=11%, list=4%, signal=11%	
GOBP_CELL_SURFACE_RECEPTOR_PROTEIN_TYROSINE_KINASE_SIGNALING_PATHWAY	GOBP_CELL_SURFACE_RECEPTOR_PROTEIN_TYROSINE_KINASE_SIGNALING_PATHWAY		304	0.5094944	1.2969418	0.04575893	0.7681379	1.0	980	tags=13%, list=9%, signal=14%	
GOBP_PURINE_CONTAINING_COMPOUND_BIOSYNTHETIC_PROCESS	GOBP_PURINE_CONTAINING_COMPOUND_BIOSYNTHETIC_PROCESS		165	0.5342475	1.2968603	0.06427688	0.7674111	1.0	1025	tags=19%, list=10%, signal=21%	
GOBP_POSITIVE_REGULATION_OF_CALCIUM_MEDIATED_SIGNALING	GOBP_POSITIVE_REGULATION_OF_CALCIUM_MEDIATED_SIGNALING		23	0.6583676	1.2959977	0.12965517	0.77078456	1.0	511	tags=17%, list=5%, signal=18%	
HP_BROAD_EYEBROW	HP_BROAD_EYEBROW		24	0.6523501	1.2957535	0.13696612	0.7708985	1.0	1026	tags=17%, list=10%, signal=18%	
GOBP_EXPORT_ACROSS_PLASMA_MEMBRANE	GOBP_EXPORT_ACROSS_PLASMA_MEMBRANE		30	0.6365236	1.2950157	0.16320886	0.77360827	1.0	1294	tags=27%, list=12%, signal=30%	
GOBP_REGULATION_OF_COAGULATION	GOBP_REGULATION_OF_COAGULATION		28	0.64855695	1.2944125	0.14362416	0.7754713	1.0	874	tags=25%, list=8%, signal=27%	
GOBP_POSITIVE_REGULATION_OF_D_GLUCOSE_TRANSMEMBRANE_TRANSPORT	GOBP_POSITIVE_REGULATION_OF_D_GLUCOSE_TRANSMEMBRANE_TRANSPORT		23	0.6698063	1.2944033	0.13333334	0.7743555	1.0	1886	tags=52%, list=18%, signal=64%	
GOCC_CHROMOSOME_TELOMERIC_REGION	GOCC_CHROMOSOME_TELOMERIC_REGION		116	0.55960506	1.2933956	0.08801021	0.7784848	1.0	2607	tags=39%, list=25%, signal=51%	
HP_ABNORMAL_CIRCULATING_PROTEINOGENIC_AMINO_ACID_CONCENTRATION	HP_ABNORMAL_CIRCULATING_PROTEINOGENIC_AMINO_ACID_CONCENTRATION		70	0.5769429	1.2931753	0.11840412	0.77845037	1.0	2217	tags=30%, list=21%, signal=38%	
GOBP_POSITIVE_REGULATION_OF_DNA_BIOSYNTHETIC_PROCESS	GOBP_POSITIVE_REGULATION_OF_DNA_BIOSYNTHETIC_PROCESS		34	0.6271599	1.2931539	0.13826816	0.77738076	1.0	1971	tags=35%, list=19%, signal=43%	
GOBP_PYRIMIDINE_CONTAINING_COMPOUND_METABOLIC_PROCESS	GOBP_PYRIMIDINE_CONTAINING_COMPOUND_METABOLIC_PROCESS		51	0.59894735	1.2923976	0.13502674	0.78021586	1.0	1882	tags=27%, list=18%, signal=33%	
GOBP_RESPONSE_TO_REACTIVE_OXYGEN_SPECIES	GOBP_RESPONSE_TO_REACTIVE_OXYGEN_SPECIES		110	0.5504108	1.2921027	0.08596713	0.780501	1.0	435	tags=10%, list=4%, signal=10%	
GOBP_SYNAPTIC_VESICLE_LOCALIZATION	GOBP_SYNAPTIC_VESICLE_LOCALIZATION		34	0.6409579	1.2917265	0.14594595	0.78136146	1.0	1358	tags=21%, list=13%, signal=24%	
GOBP_TYPE_II_INTERFERON_PRODUCTION	GOBP_TYPE_II_INTERFERON_PRODUCTION		82	0.5685686	1.2909758	0.103492886	0.7841153	1.0	1452	tags=33%, list=14%, signal=38%	
GOBP_RESPIRATORY_CHAIN_COMPLEX_IV_ASSEMBLY	GOBP_RESPIRATORY_CHAIN_COMPLEX_IV_ASSEMBLY		24	0.66173077	1.2899338	0.18055555	0.78844	1.0	2223	tags=42%, list=21%, signal=53%	
GOCC_DISTAL_AXON	GOCC_DISTAL_AXON		121	0.54667896	1.2896105	0.08207071	0.7889395	1.0	1208	tags=15%, list=12%, signal=17%	
GOMF_CYTOKINE_ACTIVITY	GOMF_CYTOKINE_ACTIVITY		43	0.61272293	1.2895477	0.13253012	0.7880944	1.0	410	tags=12%, list=4%, signal=12%	
GOBP_REGULATION_OF_RECEPTOR_SIGNALING_PATHWAY_VIA_JAK_STAT	GOBP_REGULATION_OF_RECEPTOR_SIGNALING_PATHWAY_VIA_JAK_STAT		42	0.61056775	1.2895211	0.12550066	0.7870693	1.0	2177	tags=38%, list=21%, signal=48%	
GOBP_SYNAPTIC_VESICLE_TRANSPORT	GOBP_SYNAPTIC_VESICLE_TRANSPORT		32	0.6276638	1.2895099	0.15279673	0.785959	1.0	1358	tags=19%, list=13%, signal=21%	
HP_CLEFT_PALATE	HP_CLEFT_PALATE		349	0.49618623	1.2893162	0.020247469	0.78582436	1.0	983	tags=16%, list=9%, signal=17%	
GOMF_ACTIVE_TRANSMEMBRANE_TRANSPORTER_ACTIVITY	GOMF_ACTIVE_TRANSMEMBRANE_TRANSPORTER_ACTIVITY		216	0.5191346	1.2890178	0.058207218	0.7862141	1.0	1816	tags=24%, list=17%, signal=28%	
HP_HIGHLY_ARCHED_EYEBROW	HP_HIGHLY_ARCHED_EYEBROW		135	0.54074794	1.2885076	0.08805031	0.7877907	1.0	1474	tags=19%, list=14%, signal=22%	
GOCC_EXCITATORY_SYNAPSE	GOCC_EXCITATORY_SYNAPSE		21	0.6490261	1.2882645	0.15700142	0.7879434	1.0	553	tags=19%, list=5%, signal=20%	
GOBP_CYTOCHROME_COMPLEX_ASSEMBLY	GOBP_CYTOCHROME_COMPLEX_ASSEMBLY		34	0.63395315	1.2880151	0.125	0.7881237	1.0	2246	tags=38%, list=22%, signal=49%	
GOBP_NEGATIVE_REGULATION_OF_MRNA_METABOLIC_PROCESS	GOBP_NEGATIVE_REGULATION_OF_MRNA_METABOLIC_PROCESS		73	0.5735042	1.2879705	0.11154856	0.78715473	1.0	1560	tags=33%, list=15%, signal=38%	
GOBP_PHOSPHORYLATION	GOBP_PHOSPHORYLATION		442	0.4926607	1.2875942	0.02860286	0.7879531	1.0	1121	tags=14%, list=11%, signal=15%	
GOBP_MITOCHONDRIAL_RNA_PROCESSING	GOBP_MITOCHONDRIAL_RNA_PROCESSING		26	0.6479439	1.2871199	0.14896552	0.789331	1.0	444	tags=12%, list=4%, signal=12%	
GOCC_CHROMOSOME_CENTROMERIC_REGION	GOCC_CHROMOSOME_CENTROMERIC_REGION		195	0.5225967	1.2868923	0.062126644	0.78932464	1.0	2140	tags=32%, list=20%, signal=39%	
HP_RADIAL_DEVIATION_OF_THE_HAND_OR_OF_FINGERS_OF_THE_HAND	HP_RADIAL_DEVIATION_OF_THE_HAND_OR_OF_FINGERS_OF_THE_HAND		37	0.62850577	1.2868079	0.1337931	0.7886762	1.0	1062	tags=27%, list=10%, signal=30%	
GOCC_COATED_VESICLE	GOCC_COATED_VESICLE		209	0.51904845	1.2865596	0.063020214	0.78880465	1.0	1251	tags=13%, list=12%, signal=15%	
GOBP_T_CELL_DIFFERENTIATION	GOBP_T_CELL_DIFFERENTIATION		228	0.51361346	1.2865137	0.052386496	0.7878871	1.0	1461	tags=25%, list=14%, signal=28%	
HP_RIB_FUSION	HP_RIB_FUSION		20	0.67583346	1.2864984	0.17198336	0.7868239	1.0	1507	tags=35%, list=14%, signal=41%	
HP_THICK_EYEBROW	HP_THICK_EYEBROW		101	0.5503022	1.2863635	0.09339975	0.7863895	1.0	1642	tags=23%, list=16%, signal=27%	
GOBP_CELLULAR_RESPONSE_TO_ALCOHOL	GOBP_CELLULAR_RESPONSE_TO_ALCOHOL		65	0.58789855	1.2862588	0.10638298	0.78574866	1.0	1918	tags=35%, list=18%, signal=43%	
GOBP_VENTRICULAR_SYSTEM_DEVELOPMENT	GOBP_VENTRICULAR_SYSTEM_DEVELOPMENT		20	0.6720798	1.2861882	0.17422096	0.78500354	1.0	1006	tags=20%, list=10%, signal=22%	
GOBP_REGULATION_OF_SMAD_PROTEIN_SIGNAL_TRANSDUCTION	GOBP_REGULATION_OF_SMAD_PROTEIN_SIGNAL_TRANSDUCTION		28	0.64430606	1.2860637	0.16115703	0.78447443	1.0	2103	tags=46%, list=20%, signal=58%	
GOBP_REGULATION_OF_ERAD_PATHWAY	GOBP_REGULATION_OF_ERAD_PATHWAY		20	0.66702056	1.2860074	0.15925394	0.7836307	1.0	2108	tags=35%, list=20%, signal=44%	
GOBP_HOMEOSTASIS_OF_NUMBER_OF_CELLS	GOBP_HOMEOSTASIS_OF_NUMBER_OF_CELLS		238	0.51112455	1.2856289	0.055555556	0.7844468	1.0	1484	tags=21%, list=14%, signal=24%	
GOBP_T_CELL_DIFFERENTIATION_INVOLVED_IN_IMMUNE_RESPONSE	GOBP_T_CELL_DIFFERENTIATION_INVOLVED_IN_IMMUNE_RESPONSE		77	0.5753101	1.2846762	0.10869565	0.78825957	1.0	1528	tags=34%, list=15%, signal=39%	
HP_ABNORMAL_GRANULOCYTE_COUNT	HP_ABNORMAL_GRANULOCYTE_COUNT		205	0.5205455	1.2846674	0.052568696	0.78716975	1.0	1052	tags=19%, list=10%, signal=21%	
HP_APLASIA_HYPOPLASIA_OF_THE_EXTREMITIES	HP_APLASIA_HYPOPLASIA_OF_THE_EXTREMITIES		439	0.48807886	1.2846515	0.018538713	0.78614146	1.0	1642	tags=22%, list=16%, signal=25%	
GOBP_POSITIVE_REGULATION_OF_RESPONSE_TO_WOUNDING	GOBP_POSITIVE_REGULATION_OF_RESPONSE_TO_WOUNDING		36	0.62253916	1.2844839	0.12820514	0.78590745	1.0	569	tags=19%, list=5%, signal=20%	
HP_KERATITIS	HP_KERATITIS		56	0.58280903	1.284246	0.13660477	0.78595006	1.0	1559	tags=27%, list=15%, signal=31%	
HP_ABNORMAL_HEPATOBILIARY_SYSTEM_PHYSIOLOGY	HP_ABNORMAL_HEPATOBILIARY_SYSTEM_PHYSIOLOGY		158	0.5283586	1.2842116	0.06351183	0.78502154	1.0	1068	tags=15%, list=10%, signal=16%	
GOBP_NEGATIVE_REGULATION_OF_MIRNA_METABOLIC_PROCESS	GOBP_NEGATIVE_REGULATION_OF_MIRNA_METABOLIC_PROCESS		15	0.68302333	1.2839793	0.16762178	0.7851468	1.0	1112	tags=33%, list=11%, signal=37%	
GOBP_PROTEIN_COMPLEX_OLIGOMERIZATION	GOBP_PROTEIN_COMPLEX_OLIGOMERIZATION		151	0.5270359	1.2837993	0.08251231	0.7849393	1.0	1535	tags=19%, list=15%, signal=21%	
HP_HEMANGIOMATOSIS	HP_HEMANGIOMATOSIS		15	0.69446963	1.2835189	0.15760112	0.7852265	1.0	815	tags=27%, list=8%, signal=29%	
GOBP_POSITIVE_REGULATION_OF_DNA_REPAIR	GOBP_POSITIVE_REGULATION_OF_DNA_REPAIR		99	0.5645798	1.2833668	0.09947644	0.78484523	1.0	2908	tags=39%, list=28%, signal=54%	
GOBP_POSITIVE_REGULATION_OF_D_GLUCOSE_IMPORT	GOBP_POSITIVE_REGULATION_OF_D_GLUCOSE_IMPORT		20	0.6639518	1.2832828	0.16597511	0.78417325	1.0	1886	tags=55%, list=18%, signal=67%	
GOMF_UBIQUITIN_PROTEIN_TRANSFERASE_REGULATOR_ACTIVITY	GOMF_UBIQUITIN_PROTEIN_TRANSFERASE_REGULATOR_ACTIVITY		28	0.64177775	1.2830491	0.17107093	0.7842833	1.0	761	tags=32%, list=7%, signal=35%	
GOBP_MICROTUBULE_ORGANIZING_CENTER_LOCALIZATION	GOBP_MICROTUBULE_ORGANIZING_CENTER_LOCALIZATION		24	0.6502452	1.281634	0.14634146	0.79053813	1.0	1843	tags=38%, list=18%, signal=45%	
GOBP_NUCLEOBASE_CONTAINING_SMALL_MOLECULE_METABOLIC_PROCESS	GOBP_NUCLEOBASE_CONTAINING_SMALL_MOLECULE_METABOLIC_PROCESS		420	0.490868	1.2816132	0.028824834	0.78953266	1.0	1271	tags=16%, list=12%, signal=18%	
GOBP_REGULATION_OF_CHEMOTAXIS	GOBP_REGULATION_OF_CHEMOTAXIS		93	0.5562314	1.2811983	0.10755442	0.7905474	1.0	580	tags=13%, list=6%, signal=14%	
GOBP_NEGATIVE_REGULATION_OF_CANONICAL_NF_KAPPAB_SIGNAL_TRANSDUCTION	GOBP_NEGATIVE_REGULATION_OF_CANONICAL_NF_KAPPAB_SIGNAL_TRANSDUCTION		55	0.5995557	1.280917	0.12335958	0.7909414	1.0	947	tags=13%, list=9%, signal=14%	
GOBP_DNA_REPAIR	GOBP_DNA_REPAIR		473	0.4885293	1.2808474	0.022435898	0.7901719	1.0	2607	tags=33%, list=25%, signal=42%	
GOBP_DEOXYRIBONUCLEOTIDE_BIOSYNTHETIC_PROCESS	GOBP_DEOXYRIBONUCLEOTIDE_BIOSYNTHETIC_PROCESS		15	0.6919426	1.2788788	0.14106146	0.7992729	1.0	1882	tags=47%, list=18%, signal=57%	
GOBP_REGULATION_OF_FIBROBLAST_MIGRATION	GOBP_REGULATION_OF_FIBROBLAST_MIGRATION		26	0.6468268	1.2786478	0.16231087	0.7993441	1.0	689	tags=15%, list=7%, signal=16%	
GOBP_DNA_REPLICATION_INITIATION	GOBP_DNA_REPLICATION_INITIATION		35	0.6270143	1.2778695	0.12916112	0.8021926	1.0	1936	tags=34%, list=19%, signal=42%	
GOCC_SWI_SNF_SUPERFAMILY_TYPE_COMPLEX	GOCC_SWI_SNF_SUPERFAMILY_TYPE_COMPLEX		70	0.57162243	1.2774347	0.11381074	0.8033651	1.0	2567	tags=44%, list=25%, signal=58%	
GOCC_PRECATALYTIC_SPLICEOSOME	GOCC_PRECATALYTIC_SPLICEOSOME		57	0.57968324	1.2774141	0.13261163	0.802328	1.0	2585	tags=49%, list=25%, signal=65%	
HP_ABNORMALITY_OF_PAIN_SENSATION	HP_ABNORMALITY_OF_PAIN_SENSATION		62	0.57749623	1.2773279	0.11597938	0.8016576	1.0	1642	tags=26%, list=16%, signal=30%	
GOBP_POSITIVE_REGULATION_OF_CHEMOTAXIS	GOBP_POSITIVE_REGULATION_OF_CHEMOTAXIS		65	0.5808886	1.2773017	0.12353706	0.8006652	1.0	318	tags=12%, list=3%, signal=13%	
HP_MIDLINE_HAND_MOVEMENTS	HP_MIDLINE_HAND_MOVEMENTS		19	0.6596209	1.2772098	0.15448275	0.8000494	1.0	960	tags=32%, list=9%, signal=35%	
GOCC_INTERCALATED_DISC	GOCC_INTERCALATED_DISC		24	0.64713293	1.2770823	0.16620499	0.7996014	1.0	1154	tags=33%, list=11%, signal=37%	
HP_FLUSHING	HP_FLUSHING		38	0.6042669	1.2767048	0.12985274	0.8004175	1.0	2148	tags=26%, list=21%, signal=33%	
HP_DEPRESSED_NASAL_TIP	HP_DEPRESSED_NASAL_TIP		16	0.6847805	1.2764837	0.19632769	0.8004158	1.0	26	tags=6%, list=0%, signal=6%	
HP_ABNORMAL_CARDIAC_VENTRICLE_MORPHOLOGY	HP_ABNORMAL_CARDIAC_VENTRICLE_MORPHOLOGY		456	0.48824158	1.2761015	0.027777778	0.80133724	1.0	1104	tags=16%, list=11%, signal=17%	
GOCC_PROTEIN_FOLDING_CHAPERONE_COMPLEX	GOCC_PROTEIN_FOLDING_CHAPERONE_COMPLEX		36	0.61072665	1.2759825	0.16212533	0.8008696	1.0	1596	tags=33%, list=15%, signal=39%	
HP_CENTRALLY_NUCLEATED_SKELETAL_MUSCLE_FIBERS	HP_CENTRALLY_NUCLEATED_SKELETAL_MUSCLE_FIBERS		30	0.61740273	1.275618	0.17021276	0.80159813	1.0	1858	tags=27%, list=18%, signal=32%	
GOBP_SECONDARY_METABOLIC_PROCESS	GOBP_SECONDARY_METABOLIC_PROCESS		21	0.6564367	1.2751671	0.17189632	0.8028146	1.0	1632	tags=38%, list=16%, signal=45%	
GOBP_REGULATION_OF_LEUKOCYTE_CHEMOTAXIS	GOBP_REGULATION_OF_LEUKOCYTE_CHEMOTAXIS		61	0.5842379	1.2750945	0.11578947	0.8020638	1.0	889	tags=21%, list=9%, signal=23%	
GOCC_OUTER_KINETOCHORE	GOCC_OUTER_KINETOCHORE		20	0.66708827	1.2747792	0.17728531	0.8025664	1.0	2415	tags=55%, list=23%, signal=71%	
GOMF_PEPTIDASE_ACTIVATOR_ACTIVITY	GOMF_PEPTIDASE_ACTIVATOR_ACTIVITY		44	0.60009557	1.2744272	0.14839572	0.80329823	1.0	800	tags=16%, list=8%, signal=17%	
GOBP_CELL_CELL_SIGNALING	GOBP_CELL_CELL_SIGNALING		461	0.48539132	1.2741511	0.03736264	0.80364907	1.0	1121	tags=15%, list=11%, signal=16%	
HP_HYPERTRICHOSIS	HP_HYPERTRICHOSIS		191	0.51688325	1.2741468	0.07160194	0.8025684	1.0	1610	tags=22%, list=15%, signal=26%	
HP_ADRENAL_INSUFFICIENCY	HP_ADRENAL_INSUFFICIENCY		46	0.60092163	1.2739265	0.12466488	0.8025838	1.0	2031	tags=24%, list=19%, signal=30%	
HP_ABNORMAL_FETAL_MORPHOLOGY	HP_ABNORMAL_FETAL_MORPHOLOGY		211	0.5158441	1.2734951	0.07442977	0.8037644	1.0	978	tags=17%, list=9%, signal=18%	
GOMF_STEROL_BINDING	GOMF_STEROL_BINDING		42	0.60638475	1.2732265	0.15789473	0.80403703	1.0	991	tags=14%, list=9%, signal=16%	
GOBP_VASODILATION	GOBP_VASODILATION		20	0.6579227	1.2728759	0.16759777	0.80470836	1.0	1701	tags=25%, list=16%, signal=30%	
GOBP_STRIATED_MUSCLE_CELL_PROLIFERATION	GOBP_STRIATED_MUSCLE_CELL_PROLIFERATION		30	0.6161877	1.2728354	0.15188172	0.8038137	1.0	2099	tags=40%, list=20%, signal=50%	
HP_PTOSIS	HP_PTOSIS		466	0.48296434	1.2714471	0.042918455	0.80995136	1.0	1104	tags=15%, list=11%, signal=17%	
GOBP_MAMMARY_GLAND_DEVELOPMENT	GOBP_MAMMARY_GLAND_DEVELOPMENT		55	0.59289825	1.2713879	0.12307692	0.80915695	1.0	753	tags=15%, list=7%, signal=16%	
GOBP_NEGATIVE_REGULATION_OF_CELL_PROJECTION_ORGANIZATION	GOBP_NEGATIVE_REGULATION_OF_CELL_PROJECTION_ORGANIZATION		80	0.5553462	1.271337	0.12179487	0.80835074	1.0	1648	tags=21%, list=16%, signal=25%	
GOBP_DNA_TEMPLATED_DNA_REPLICATION	GOBP_DNA_TEMPLATED_DNA_REPLICATION		143	0.52864796	1.271179	0.10571081	0.8080477	1.0	2607	tags=34%, list=25%, signal=45%	
HP_INFANTILE_SPASMS	HP_INFANTILE_SPASMS		96	0.5527732	1.2709318	0.112623766	0.8082567	1.0	983	tags=20%, list=9%, signal=22%	
GOBP_OVULATION_CYCLE_PROCESS	GOBP_OVULATION_CYCLE_PROCESS		18	0.6688855	1.2708426	0.1724138	0.80766773	1.0	1282	tags=28%, list=12%, signal=32%	
GOMF_GLYCOLIPID_BINDING	GOMF_GLYCOLIPID_BINDING		16	0.68068194	1.270615	0.19425444	0.8077213	1.0	1	tags=6%, list=0%, signal=6%	
GOMF_NUCLEAR_ESTROGEN_RECEPTOR_BINDING	GOMF_NUCLEAR_ESTROGEN_RECEPTOR_BINDING		31	0.62212867	1.2705727	0.15951742	0.80685335	1.0	1324	tags=26%, list=13%, signal=29%	
HP_MODERATE_GLOBAL_DEVELOPMENTAL_DELAY	HP_MODERATE_GLOBAL_DEVELOPMENTAL_DELAY		19	0.6678432	1.2694811	0.194051	0.8114436	1.0	240	tags=11%, list=2%, signal=11%	
HP_ACTION_TREMOR	HP_ACTION_TREMOR		132	0.5288775	1.2690483	0.11389237	0.81260985	1.0	819	tags=14%, list=8%, signal=15%	
HP_ABNORMALITY_OF_FLUID_REGULATION	HP_ABNORMALITY_OF_FLUID_REGULATION		417	0.4835354	1.2686324	0.045454547	0.81365025	1.0	1072	tags=17%, list=10%, signal=18%	
GOBP_CHONDROITIN_SULFATE_PROTEOGLYCAN_METABOLIC_PROCESS	GOBP_CHONDROITIN_SULFATE_PROTEOGLYCAN_METABOLIC_PROCESS		20	0.6563231	1.2679806	0.16483517	0.81594414	1.0	1990	tags=35%, list=19%, signal=43%	
GOBP_DEVELOPMENTAL_GROWTH	GOBP_DEVELOPMENTAL_GROWTH		303	0.49548185	1.2679425	0.06358381	0.815031	1.0	1701	tags=23%, list=16%, signal=26%	
GOBP_MUSCLE_STRUCTURE_DEVELOPMENT	GOBP_MUSCLE_STRUCTURE_DEVELOPMENT		327	0.4942584	1.2679387	0.056753688	0.81395805	1.0	1159	tags=24%, list=11%, signal=27%	
HP_INTESTINAL_PSEUDO_OBSTRUCTION	HP_INTESTINAL_PSEUDO_OBSTRUCTION		21	0.6587765	1.2676202	0.1793842	0.8145368	1.0	473	tags=19%, list=5%, signal=20%	
GOMF_KINASE_REGULATOR_ACTIVITY	GOMF_KINASE_REGULATOR_ACTIVITY		189	0.50834286	1.2669939	0.06085919	0.81666535	1.0	1066	tags=16%, list=10%, signal=17%	
GOMF_SNORNA_BINDING	GOMF_SNORNA_BINDING		24	0.6464282	1.2669654	0.1823282	0.8157193	1.0	1850	tags=50%, list=18%, signal=61%	
HP_ABNORMAL_LEFT_VENTRICLE_MORPHOLOGY	HP_ABNORMAL_LEFT_VENTRICLE_MORPHOLOGY		75	0.5663513	1.2663864	0.13618676	0.8176252	1.0	1075	tags=16%, list=10%, signal=18%	
HP_DIGESTIVE_SYSTEM_NEOPLASM	HP_DIGESTIVE_SYSTEM_NEOPLASM		223	0.50519663	1.2662108	0.07854631	0.8174849	1.0	1112	tags=20%, list=11%, signal=22%	
GOBP_CELL_CELL_JUNCTION_ORGANIZATION	GOBP_CELL_CELL_JUNCTION_ORGANIZATION		84	0.5553049	1.2659333	0.11681643	0.8178283	1.0	541	tags=8%, list=5%, signal=9%	
GOBP_REGULATION_OF_MITOCHONDRIAL_OUTER_MEMBRANE_PERMEABILIZATION_INVOLVED_IN_APOPTOTIC_SIGNALING_PATHWAY	GOBP_REGULATION_OF_MITOCHONDRIAL_OUTER_MEMBRANE_PERMEABILIZATION_INVOLVED_IN_APOPTOTIC_SIGNALING_PATHWAY		15	0.6842751	1.2659194	0.19332406	0.8168071	1.0	1786	tags=60%, list=17%, signal=72%	
HP_ABNORMAL_IMMUNE_SYSTEM_MORPHOLOGY	HP_ABNORMAL_IMMUNE_SYSTEM_MORPHOLOGY		492	0.48313075	1.2657027	0.028784648	0.8168365	1.0	982	tags=15%, list=9%, signal=16%	
HP_PERICARDITIS	HP_PERICARDITIS		26	0.6408767	1.2655627	0.17066291	0.8164711	1.0	1127	tags=31%, list=11%, signal=34%	
GOMF_PROTEIN_CARRIER_CHAPERONE	GOMF_PROTEIN_CARRIER_CHAPERONE		31	0.6206051	1.2653197	0.17260274	0.81663316	1.0	870	tags=19%, list=8%, signal=21%	
GOBP_POSITIVE_REGULATION_OF_DEFENSE_RESPONSE_TO_VIRUS_BY_HOST	GOBP_POSITIVE_REGULATION_OF_DEFENSE_RESPONSE_TO_VIRUS_BY_HOST		17	0.67427033	1.2651436	0.17323944	0.816394	1.0	1170	tags=24%, list=11%, signal=26%	
GOCC_ACETYLTRANSFERASE_COMPLEX	GOCC_ACETYLTRANSFERASE_COMPLEX		93	0.55715543	1.2651143	0.122897804	0.8154862	1.0	1735	tags=20%, list=17%, signal=24%	
HP_PLEURITIS	HP_PLEURITIS		16	0.68229675	1.265032	0.19571428	0.8148463	1.0	583	tags=25%, list=6%, signal=26%	
HP_INFECTIOUS_ENCEPHALITIS	HP_INFECTIOUS_ENCEPHALITIS		27	0.63218695	1.2646352	0.18106996	0.8158182	1.0	1559	tags=26%, list=15%, signal=30%	
GOBP_SRP_DEPENDENT_COTRANSLATIONAL_PROTEIN_TARGETING_TO_MEMBRANE	GOBP_SRP_DEPENDENT_COTRANSLATIONAL_PROTEIN_TARGETING_TO_MEMBRANE		18	0.6668425	1.2645243	0.18039773	0.8152866	1.0	1490	tags=44%, list=14%, signal=52%	
GOCC_ENDOPLASMIC_RETICULUM_GOLGI_INTERMEDIATE_COMPARTMENT_MEMBRANE	GOCC_ENDOPLASMIC_RETICULUM_GOLGI_INTERMEDIATE_COMPARTMENT_MEMBRANE		56	0.5850885	1.264463	0.13968669	0.81454736	1.0	568	tags=7%, list=5%, signal=8%	
HP_LEFT_VENTRICULAR_HYPERTROPHY	HP_LEFT_VENTRICULAR_HYPERTROPHY		61	0.57906365	1.2642996	0.15059446	0.8143593	1.0	1030	tags=15%, list=10%, signal=16%	
GOBP_CELLULAR_RESPONSE_TO_KETONE	GOBP_CELLULAR_RESPONSE_TO_KETONE		60	0.5770461	1.2635747	0.14075068	0.8170834	1.0	1918	tags=37%, list=18%, signal=45%	
HP_DECREASED_ACTIVITY_OF_MITOCHONDRIAL_COMPLEX_III	HP_DECREASED_ACTIVITY_OF_MITOCHONDRIAL_COMPLEX_III		39	0.6018573	1.2634912	0.16176471	0.8164263	1.0	1659	tags=23%, list=16%, signal=27%	
GOCC_CYTOPLASMIC_SIDE_OF_PLASMA_MEMBRANE	GOCC_CYTOPLASMIC_SIDE_OF_PLASMA_MEMBRANE		91	0.5466525	1.2634594	0.11984021	0.8155111	1.0	1693	tags=26%, list=16%, signal=31%	
GOBP_POSITIVE_REGULATION_OF_SMALL_MOLECULE_METABOLIC_PROCESS	GOBP_POSITIVE_REGULATION_OF_SMALL_MOLECULE_METABOLIC_PROCESS		82	0.5638357	1.262702	0.10941476	0.81836975	1.0	758	tags=12%, list=7%, signal=13%	
HP_ABNORMAL_LEUKOCYTE_COUNT	HP_ABNORMAL_LEUKOCYTE_COUNT		361	0.48454317	1.2623118	0.050561797	0.8193517	1.0	982	tags=15%, list=9%, signal=16%	
GOBP_CHEMICAL_SYNAPTIC_TRANSMISSION_POSTSYNAPTIC	GOBP_CHEMICAL_SYNAPTIC_TRANSMISSION_POSTSYNAPTIC		35	0.61016095	1.2621644	0.16438356	0.8190352	1.0	648	tags=14%, list=6%, signal=15%	
HP_SANDAL_GAP	HP_SANDAL_GAP		71	0.5652505	1.2618182	0.13881747	0.8196997	1.0	2495	tags=35%, list=24%, signal=46%	
GOBP_FIBROBLAST_GROWTH_FACTOR_RECEPTOR_SIGNALING_PATHWAY	GOBP_FIBROBLAST_GROWTH_FACTOR_RECEPTOR_SIGNALING_PATHWAY		31	0.6292245	1.261813	0.16419919	0.81866676	1.0	835	tags=19%, list=8%, signal=21%	
GOCC_U2_TYPE_PRECATALYTIC_SPLICEOSOME	GOCC_U2_TYPE_PRECATALYTIC_SPLICEOSOME		42	0.6012378	1.2617017	0.13994566	0.81820357	1.0	1158	tags=31%, list=11%, signal=35%	
HP_OPEN_MOUTH	HP_OPEN_MOUTH		80	0.55877185	1.2614125	0.13459119	0.8186145	1.0	1251	tags=19%, list=12%, signal=21%	
GOMF_RECEPTOR_TYROSINE_KINASE_BINDING	GOMF_RECEPTOR_TYROSINE_KINASE_BINDING		38	0.6018818	1.2613679	0.1625683	0.81778675	1.0	1346	tags=24%, list=13%, signal=27%	
HP_PROGRESSIVE_VISUAL_LOSS	HP_PROGRESSIVE_VISUAL_LOSS		72	0.5666243	1.2612946	0.148	0.81710404	1.0	558	tags=10%, list=5%, signal=10%	
GOBP_REGULATION_OF_BEHAVIOR	GOBP_REGULATION_OF_BEHAVIOR		29	0.6280052	1.2612722	0.19518717	0.816163	1.0	919	tags=28%, list=9%, signal=30%	
GOBP_COTRANSLATIONAL_PROTEIN_TARGETING_TO_MEMBRANE	GOBP_COTRANSLATIONAL_PROTEIN_TARGETING_TO_MEMBRANE		22	0.64401084	1.2612036	0.17721519	0.81546307	1.0	1575	tags=41%, list=15%, signal=48%	
GOBP_CHROMOSOME_ORGANIZATION	GOBP_CHROMOSOME_ORGANIZATION		404	0.4851785	1.2608562	0.041484717	0.8161934	1.0	2140	tags=29%, list=20%, signal=35%	
GOMF_DYNEIN_COMPLEX_BINDING	GOMF_DYNEIN_COMPLEX_BINDING		16	0.66757774	1.2606972	0.18373072	0.8159467	1.0	1843	tags=50%, list=18%, signal=61%	
GOMF_TUBULIN_BINDING	GOMF_TUBULIN_BINDING		240	0.5070044	1.260256	0.07827103	0.8170597	1.0	1866	tags=23%, list=18%, signal=27%	
GOBP_REGULATION_OF_DNA_REPLICATION	GOBP_REGULATION_OF_DNA_REPLICATION		102	0.5470094	1.2598853	0.12655087	0.8179203	1.0	1089	tags=20%, list=10%, signal=22%	
HP_ABNORMAL_PLATELET_AGGREGATION	HP_ABNORMAL_PLATELET_AGGREGATION		23	0.6472588	1.25986	0.17226891	0.8169909	1.0	2106	tags=39%, list=20%, signal=49%	
GOBP_FEAR_RESPONSE	GOBP_FEAR_RESPONSE		16	0.6714755	1.2592616	0.18621701	0.81890714	1.0	709	tags=31%, list=7%, signal=33%	
GOBP_REGULATION_OF_DEFENSE_RESPONSE_TO_VIRUS	GOBP_REGULATION_OF_DEFENSE_RESPONSE_TO_VIRUS		42	0.5977598	1.259237	0.15353805	0.8180072	1.0	1231	tags=21%, list=12%, signal=24%	
HP_IRON_DEFICIENCY_ANEMIA	HP_IRON_DEFICIENCY_ANEMIA		21	0.65180016	1.2589883	0.1874145	0.818275	1.0	2058	tags=43%, list=20%, signal=53%	
GOBP_RESPONSE_TO_DEXAMETHASONE	GOBP_RESPONSE_TO_DEXAMETHASONE		17	0.67624897	1.2586685	0.20630373	0.81882167	1.0	1095	tags=18%, list=10%, signal=20%	
HP_GLOMERULAR_SCLEROSIS	HP_GLOMERULAR_SCLEROSIS		67	0.57115316	1.2585288	0.13653603	0.81846136	1.0	983	tags=15%, list=9%, signal=16%	
HP_FRONTOTEMPORAL_DEMENTIA	HP_FRONTOTEMPORAL_DEMENTIA		35	0.6184177	1.2579806	0.15179761	0.82024497	1.0	319	tags=11%, list=3%, signal=12%	
HP_ABNORMALITY_OF_VISUAL_EVOKED_POTENTIALS	HP_ABNORMALITY_OF_VISUAL_EVOKED_POTENTIALS		46	0.59308654	1.2573504	0.14882506	0.82244223	1.0	473	tags=13%, list=5%, signal=14%	
GOCC_MAIN_AXON	GOCC_MAIN_AXON		19	0.6524608	1.2572155	0.20169252	0.82208914	1.0	1450	tags=21%, list=14%, signal=24%	
GOBP_DOUBLE_STRAND_BREAK_REPAIR	GOBP_DOUBLE_STRAND_BREAK_REPAIR		236	0.498992	1.2571297	0.08294931	0.82151383	1.0	1594	tags=23%, list=15%, signal=26%	
GOCC_METHYLTRANSFERASE_COMPLEX	GOCC_METHYLTRANSFERASE_COMPLEX		87	0.54679346	1.2567499	0.13409962	0.82243115	1.0	2555	tags=32%, list=24%, signal=42%	
HP_DECREASED_ACTIVITY_OF_MITOCHONDRIAL_COMPLEX_IV	HP_DECREASED_ACTIVITY_OF_MITOCHONDRIAL_COMPLEX_IV		56	0.57694453	1.2565107	0.1513158	0.82261926	1.0	1763	tags=20%, list=17%, signal=24%	
GOBP_INTERLEUKIN_6_PRODUCTION	GOBP_INTERLEUKIN_6_PRODUCTION		93	0.55998325	1.2564279	0.12436548	0.82202494	1.0	1276	tags=25%, list=12%, signal=28%	
HP_BLUE_SCLERAE	HP_BLUE_SCLERAE		69	0.5683531	1.2560148	0.12746386	0.823103	1.0	955	tags=14%, list=9%, signal=16%	
GOBP_POSITIVE_REGULATION_OF_CELL_POPULATION_PROLIFERATION	GOBP_POSITIVE_REGULATION_OF_CELL_POPULATION_PROLIFERATION		427	0.483422	1.2553343	0.05263158	0.8254704	1.0	803	tags=15%, list=8%, signal=16%	
GOBP_CELLULAR_RESPONSE_TO_ALDEHYDE	GOBP_CELLULAR_RESPONSE_TO_ALDEHYDE		15	0.691491	1.2552596	0.19970632	0.8248362	1.0	749	tags=20%, list=7%, signal=22%	
HP_PERIPHERAL_DEMYELINATION	HP_PERIPHERAL_DEMYELINATION		33	0.61476606	1.2547331	0.18028535	0.8264644	1.0	841	tags=33%, list=8%, signal=36%	
HP_SHORT_NOSE	HP_SHORT_NOSE		194	0.5048955	1.2544675	0.083737865	0.8268294	1.0	848	tags=12%, list=8%, signal=13%	
GOBP_REGULATION_OF_SYSTEM_PROCESS	GOBP_REGULATION_OF_SYSTEM_PROCESS		193	0.50691885	1.2540257	0.08896797	0.82803875	1.0	919	tags=18%, list=9%, signal=20%	
HP_CHRONIC_CONSTIPATION	HP_CHRONIC_CONSTIPATION		63	0.5656936	1.2532661	0.14362416	0.8309798	1.0	1456	tags=25%, list=14%, signal=29%	
GOMF_CALCIUM_DEPENDENT_PROTEIN_BINDING	GOMF_CALCIUM_DEPENDENT_PROTEIN_BINDING		40	0.5993132	1.253125	0.16912752	0.8306875	1.0	619	tags=20%, list=6%, signal=21%	
HP_BIPOLAR_AFFECTIVE_DISORDER	HP_BIPOLAR_AFFECTIVE_DISORDER		23	0.64023674	1.2530316	0.1826087	0.8301414	1.0	915	tags=26%, list=9%, signal=29%	
GOBP_MONOATOMIC_ION_TRANSMEMBRANE_TRANSPORT	GOBP_MONOATOMIC_ION_TRANSMEMBRANE_TRANSPORT		378	0.48363033	1.2529372	0.050884955	0.8296081	1.0	1894	tags=28%, list=18%, signal=33%	
GOCC_TELOMERASE_HOLOENZYME_COMPLEX	GOCC_TELOMERASE_HOLOENZYME_COMPLEX		18	0.6608397	1.2522813	0.20110957	0.8319921	1.0	1470	tags=33%, list=14%, signal=39%	
GOBP_NEURON_MIGRATION	GOBP_NEURON_MIGRATION		74	0.5610181	1.2521453	0.13906448	0.8316818	1.0	1325	tags=20%, list=13%, signal=23%	
GOBP_POSITIVE_REGULATION_OF_GROWTH	GOBP_POSITIVE_REGULATION_OF_GROWTH		108	0.538112	1.2521131	0.12548016	0.8308056	1.0	2212	tags=32%, list=21%, signal=41%	
GOBP_REGULATION_OF_DOUBLE_STRAND_BREAK_REPAIR	GOBP_REGULATION_OF_DOUBLE_STRAND_BREAK_REPAIR		104	0.5406655	1.2516887	0.09846547	0.8318816	1.0	2397	tags=31%, list=23%, signal=40%	
HP_ABNORMAL_LARGE_INTESTINE_MORPHOLOGY	HP_ABNORMAL_LARGE_INTESTINE_MORPHOLOGY		279	0.49235836	1.251547	0.065142855	0.8316003	1.0	970	tags=16%, list=9%, signal=17%	
HP_PARESTHESIA	HP_PARESTHESIA		82	0.5484889	1.2502606	0.14177215	0.8371214	1.0	1826	tags=32%, list=17%, signal=38%	
GOCC_MICROTUBULE_PLUS_END	GOCC_MICROTUBULE_PLUS_END		15	0.67271805	1.2498877	0.2005772	0.83796847	1.0	1790	tags=40%, list=17%, signal=48%	
GOBP_RESPONSE_TO_HYDROGEN_PEROXIDE	GOBP_RESPONSE_TO_HYDROGEN_PEROXIDE		63	0.56006706	1.2497236	0.16161616	0.8378166	1.0	435	tags=10%, list=4%, signal=10%	
GOBP_OVULATION_CYCLE	GOBP_OVULATION_CYCLE		24	0.63879377	1.2494891	0.17150761	0.8379877	1.0	1282	tags=25%, list=12%, signal=28%	
GOBP_POSITIVE_REGULATION_OF_MITOTIC_SISTER_CHROMATID_SEPARATION	GOBP_POSITIVE_REGULATION_OF_MITOTIC_SISTER_CHROMATID_SEPARATION		17	0.6607967	1.2492598	0.22097902	0.83814126	1.0	736	tags=18%, list=7%, signal=19%	
GOMF_MRNA_REGULATORY_ELEMENT_BINDING_TRANSLATION_REPRESSOR_ACTIVITY	GOMF_MRNA_REGULATORY_ELEMENT_BINDING_TRANSLATION_REPRESSOR_ACTIVITY		18	0.6592551	1.249172	0.20355192	0.83758074	1.0	1599	tags=28%, list=15%, signal=33%	
GOMF_RNA_METHYLTRANSFERASE_ACTIVITY	GOMF_RNA_METHYLTRANSFERASE_ACTIVITY		56	0.5799349	1.2491126	0.14580645	0.8368629	1.0	559	tags=7%, list=5%, signal=8%	
GOCC_POSTSYNAPTIC_CYTOSOL	GOCC_POSTSYNAPTIC_CYTOSOL		20	0.6452233	1.2487026	0.20498616	0.83803844	1.0	2305	tags=40%, list=22%, signal=51%	
GOBP_POSITIVE_REGULATION_OF_SPINDLE_CHECKPOINT	GOBP_POSITIVE_REGULATION_OF_SPINDLE_CHECKPOINT		16	0.66685337	1.2480146	0.2036011	0.8404509	1.0	1312	tags=19%, list=13%, signal=21%	
GOBP_POSITIVE_REGULATION_OF_INTERLEUKIN_12_PRODUCTION	GOBP_POSITIVE_REGULATION_OF_INTERLEUKIN_12_PRODUCTION		22	0.63343567	1.2479815	0.21169916	0.8396167	1.0	360	tags=18%, list=3%, signal=19%	
GOCC_REPLISOME	GOCC_REPLISOME		21	0.64386946	1.2477397	0.18965517	0.8398353	1.0	1460	tags=29%, list=14%, signal=33%	
HP_CUTANEOUS_ABSCESS	HP_CUTANEOUS_ABSCESS		24	0.64003366	1.2476013	0.17927171	0.83952695	1.0	550	tags=13%, list=5%, signal=13%	
GOMF_GAMMA_TUBULIN_BINDING	GOMF_GAMMA_TUBULIN_BINDING		23	0.6407847	1.2474942	0.20467032	0.8390438	1.0	12	tags=4%, list=0%, signal=4%	
GOBP_MITOCHONDRIAL_MEMBRANE_ORGANIZATION	GOBP_MITOCHONDRIAL_MEMBRANE_ORGANIZATION		86	0.5430879	1.2473353	0.14473684	0.83883286	1.0	1192	tags=21%, list=11%, signal=23%	
GOMF_ALPHA_TUBULIN_BINDING	GOMF_ALPHA_TUBULIN_BINDING		24	0.625145	1.2472619	0.20788044	0.83819216	1.0	213	tags=8%, list=2%, signal=8%	
GOBP_POSITIVE_REGULATION_OF_INTERFERON_BETA_PRODUCTION	GOBP_POSITIVE_REGULATION_OF_INTERFERON_BETA_PRODUCTION		36	0.60521686	1.2469586	0.17670682	0.83870554	1.0	1291	tags=19%, list=12%, signal=22%	
GOMF_POTASSIUM_CHANNEL_REGULATOR_ACTIVITY	GOMF_POTASSIUM_CHANNEL_REGULATOR_ACTIVITY		25	0.6249399	1.2469113	0.17828418	0.83792746	1.0	922	tags=24%, list=9%, signal=26%	
GOBP_CELLULAR_RESPONSE_TO_INTERFERON_BETA	GOBP_CELLULAR_RESPONSE_TO_INTERFERON_BETA		20	0.6617318	1.2463213	0.17432432	0.8398548	1.0	961	tags=20%, list=9%, signal=22%	
GOBP_DEVELOPMENTAL_PROCESS_INVOLVED_IN_REPRODUCTION	GOBP_DEVELOPMENTAL_PROCESS_INVOLVED_IN_REPRODUCTION		480	0.47106808	1.2462038	0.040130153	0.83941656	1.0	1176	tags=19%, list=11%, signal=20%	
GOCC_H4_HISTONE_ACETYLTRANSFERASE_COMPLEX	GOCC_H4_HISTONE_ACETYLTRANSFERASE_COMPLEX		32	0.6049943	1.2461091	0.18834688	0.83888286	1.0	1735	tags=22%, list=17%, signal=26%	
HP_FETAL_ANOMALY	HP_FETAL_ANOMALY		355	0.48608455	1.2460809	0.064659975	0.83801025	1.0	1160	tags=17%, list=11%, signal=19%	
GOBP_REGULATION_OF_SYNAPTIC_PLASTICITY	GOBP_REGULATION_OF_SYNAPTIC_PLASTICITY		88	0.5437554	1.2459741	0.14048532	0.8375518	1.0	1121	tags=23%, list=11%, signal=25%	
HP_POLYARTICULAR_ARTHROPATHY	HP_POLYARTICULAR_ARTHROPATHY		33	0.6116899	1.2457707	0.19466667	0.8375963	1.0	350	tags=15%, list=3%, signal=16%	
HP_ABNORMAL_RENAL_CORPUSCLE_MORPHOLOGY	HP_ABNORMAL_RENAL_CORPUSCLE_MORPHOLOGY		129	0.5255714	1.2456874	0.10460772	0.8369938	1.0	983	tags=19%, list=9%, signal=20%	
GOBP_GLUTAMINE_FAMILY_AMINO_ACID_METABOLIC_PROCESS	GOBP_GLUTAMINE_FAMILY_AMINO_ACID_METABOLIC_PROCESS		33	0.6036913	1.2452778	0.16573817	0.8380949	1.0	1095	tags=18%, list=10%, signal=20%	
GOBP_KINETOCHORE_ORGANIZATION	GOBP_KINETOCHORE_ORGANIZATION		26	0.6299349	1.2451445	0.19862069	0.837764	1.0	2130	tags=46%, list=20%, signal=58%	
GOCC_NUCLEAR_DNA_DIRECTED_RNA_POLYMERASE_COMPLEX	GOCC_NUCLEAR_DNA_DIRECTED_RNA_POLYMERASE_COMPLEX		62	0.57403916	1.2451112	0.16358839	0.8369305	1.0	3096	tags=40%, list=30%, signal=57%	
GOBP_PURINE_CONTAINING_COMPOUND_METABOLIC_PROCESS	GOBP_PURINE_CONTAINING_COMPOUND_METABOLIC_PROCESS		337	0.4903732	1.2447788	0.06101695	0.8376879	1.0	1271	tags=16%, list=12%, signal=18%	
GOBP_MONOAMINE_TRANSPORT	GOBP_MONOAMINE_TRANSPORT		21	0.64836	1.2447182	0.20833333	0.8370163	1.0	1099	tags=24%, list=11%, signal=27%	
GOBP_REGULATION_OF_B_CELL_ACTIVATION	GOBP_REGULATION_OF_B_CELL_ACTIVATION		85	0.5424081	1.2447071	0.12597403	0.83609664	1.0	429	tags=14%, list=4%, signal=15%	
GOBP_POSITIVE_REGULATION_OF_KINASE_ACTIVITY	GOBP_POSITIVE_REGULATION_OF_KINASE_ACTIVITY		80	0.55122536	1.2445486	0.12627551	0.83593833	1.0	590	tags=15%, list=6%, signal=16%	
HP_MIGRAINE	HP_MIGRAINE		76	0.5560996	1.2443821	0.15104167	0.8357194	1.0	1056	tags=20%, list=10%, signal=22%	
GOBP_NEGATIVE_REGULATION_OF_CELLULAR_RESPONSE_TO_GROWTH_FACTOR_STIMULUS	GOBP_NEGATIVE_REGULATION_OF_CELLULAR_RESPONSE_TO_GROWTH_FACTOR_STIMULUS		45	0.59040594	1.244358	0.16666667	0.8348308	1.0	1566	tags=29%, list=15%, signal=34%	
GOBP_NEGATIVE_REGULATION_OF_TRANSPORT	GOBP_NEGATIVE_REGULATION_OF_TRANSPORT		204	0.4957086	1.2438333	0.09112426	0.8365743	1.0	1112	tags=20%, list=11%, signal=22%	
HP_ABNORMAL_NONVERBAL_COMMUNICATIVE_BEHAVIOR	HP_ABNORMAL_NONVERBAL_COMMUNICATIVE_BEHAVIOR		71	0.55262375	1.2436131	0.14095744	0.83667374	1.0	2299	tags=37%, list=22%, signal=47%	
GOBP_TUMOR_NECROSIS_FACTOR_SUPERFAMILY_CYTOKINE_PRODUCTION	GOBP_TUMOR_NECROSIS_FACTOR_SUPERFAMILY_CYTOKINE_PRODUCTION		120	0.528255	1.2432078	0.12760736	0.8376709	1.0	1276	tags=30%, list=12%, signal=34%	
HP_ABNORMAL_SPUTUM	HP_ABNORMAL_SPUTUM		55	0.56639534	1.2431935	0.16431323	0.8367552	1.0	797	tags=18%, list=8%, signal=20%	
GOBP_REGULATION_OF_LYMPHOCYTE_DIFFERENTIATION	GOBP_REGULATION_OF_LYMPHOCYTE_DIFFERENTIATION		146	0.515644	1.243068	0.1182266	0.83640057	1.0	1452	tags=29%, list=14%, signal=33%	
GOBP_RESPONSE_TO_STEROID_HORMONE	GOBP_RESPONSE_TO_STEROID_HORMONE		174	0.5162522	1.2429527	0.10571081	0.836048	1.0	1314	tags=20%, list=13%, signal=23%	
GOCC_NUCLEOSOME	GOCC_NUCLEOSOME		24	0.64190054	1.2422881	0.21023513	0.8385316	1.0	465	tags=8%, list=4%, signal=9%	
GOBP_CELLULAR_RESPONSE_TO_CAMP	GOBP_CELLULAR_RESPONSE_TO_CAMP		20	0.64985645	1.2422789	0.20592384	0.83758986	1.0	1101	tags=20%, list=11%, signal=22%	
GOBP_CELLULAR_RESPIRATION	GOBP_CELLULAR_RESPIRATION		216	0.50123745	1.2412964	0.09869203	0.84151167	1.0	1117	tags=20%, list=11%, signal=22%	
HP_INCREASED_ENDOMYSIAL_CONNECTIVE_TISSUE	HP_INCREASED_ENDOMYSIAL_CONNECTIVE_TISSUE		17	0.6646728	1.2411237	0.21216217	0.841375	1.0	91	tags=6%, list=1%, signal=6%	
GOCC_OUTER_MITOCHONDRIAL_MEMBRANE_PROTEIN_COMPLEX	GOCC_OUTER_MITOCHONDRIAL_MEMBRANE_PROTEIN_COMPLEX		20	0.640512	1.2410778	0.21132597	0.8406257	1.0	2053	tags=35%, list=20%, signal=43%	
HP_STEREOTYPIC_UPPER_EXTREMITY_MOVEMENTS	HP_STEREOTYPIC_UPPER_EXTREMITY_MOVEMENTS		35	0.5970079	1.2408864	0.17928287	0.8406217	1.0	1568	tags=31%, list=15%, signal=37%	
GOBP_NEGATIVE_REGULATION_OF_PHAGOCYTOSIS	GOBP_NEGATIVE_REGULATION_OF_PHAGOCYTOSIS		16	0.6825583	1.2408775	0.19376694	0.839682	1.0	308	tags=19%, list=3%, signal=19%	
GOCC_SITE_OF_POLARIZED_GROWTH	GOCC_SITE_OF_POLARIZED_GROWTH		94	0.54141396	1.2408637	0.14285715	0.838767	1.0	1163	tags=15%, list=11%, signal=17%	
GOCC_MICROTUBULE_ASSOCIATED_COMPLEX	GOCC_MICROTUBULE_ASSOCIATED_COMPLEX		88	0.53668344	1.2405351	0.1483376	0.8394525	1.0	1297	tags=14%, list=12%, signal=15%	
HP_ABNORMALLY_FOLDED_HELIX	HP_ABNORMALLY_FOLDED_HELIX		57	0.5588695	1.2404249	0.1733167	0.8390335	1.0	848	tags=18%, list=8%, signal=19%	
GOBP_ANTIGEN_PROCESSING_AND_PRESENTATION_OF_PEPTIDE_OR_POLYSACCHARIDE_ANTIGEN_VIA_MHC_CLASS_II	GOBP_ANTIGEN_PROCESSING_AND_PRESENTATION_OF_PEPTIDE_OR_POLYSACCHARIDE_ANTIGEN_VIA_MHC_CLASS_II		25	0.6297969	1.2398677	0.19134079	0.8408854	1.0	797	tags=32%, list=8%, signal=35%	
GOMF_PHOSPHOPROTEIN_BINDING	GOMF_PHOSPHOPROTEIN_BINDING		58	0.57303226	1.239782	0.17965654	0.84035105	1.0	778	tags=10%, list=7%, signal=11%	
HP_FLAT_FACE	HP_FLAT_FACE		63	0.56537074	1.2392935	0.16981132	0.84183085	1.0	1036	tags=14%, list=10%, signal=16%	
HP_INCREASED_TOTAL_NEUTROPHIL_COUNT	HP_INCREASED_TOTAL_NEUTROPHIL_COUNT		19	0.65111876	1.2388316	0.21745153	0.84317774	1.0	982	tags=16%, list=9%, signal=17%	
GOBP_NUCLEOSIDE_MONOPHOSPHATE_BIOSYNTHETIC_PROCESS	GOBP_NUCLEOSIDE_MONOPHOSPHATE_BIOSYNTHETIC_PROCESS		34	0.6042937	1.2387294	0.19724138	0.8426739	1.0	2253	tags=41%, list=22%, signal=52%	
HP_DISPROPORTIONATE_TALL_STATURE	HP_DISPROPORTIONATE_TALL_STATURE		25	0.6250287	1.2378246	0.18497914	0.84625494	1.0	1612	tags=28%, list=15%, signal=33%	
GOCC_PERIKARYON	GOCC_PERIKARYON		42	0.5925259	1.2377934	0.17205693	0.8454383	1.0	777	tags=14%, list=7%, signal=15%	
GOMF_SIGNALING_RECEPTOR_COMPLEX_ADAPTOR_ACTIVITY	GOMF_SIGNALING_RECEPTOR_COMPLEX_ADAPTOR_ACTIVITY		32	0.6076839	1.2377663	0.1883871	0.84458375	1.0	1635	tags=28%, list=16%, signal=33%	
GOBP_INTERFERON_ALPHA_PRODUCTION	GOBP_INTERFERON_ALPHA_PRODUCTION		21	0.62696695	1.2371974	0.19318181	0.8464973	1.0	1231	tags=24%, list=12%, signal=27%	
GOMF_PROTEIN_CYSTEINE_S_ACYLTRANSFERASE_ACTIVITY	GOMF_PROTEIN_CYSTEINE_S_ACYLTRANSFERASE_ACTIVITY		15	0.67374927	1.2371197	0.209564	0.84590554	1.0	126	tags=7%, list=1%, signal=7%	
GOBP_PROTEIN_HOMOOLIGOMERIZATION	GOBP_PROTEIN_HOMOOLIGOMERIZATION		103	0.52751416	1.2370701	0.1517067	0.8451962	1.0	824	tags=10%, list=8%, signal=10%	
HP_PATHOLOGICAL_INCLUSION_BODY	HP_PATHOLOGICAL_INCLUSION_BODY		19	0.6406912	1.2368213	0.23430963	0.8455107	1.0	922	tags=21%, list=9%, signal=23%	
GOCC_PROTEASOME_ACCESSORY_COMPLEX	GOCC_PROTEASOME_ACCESSORY_COMPLEX		23	0.64333713	1.2364765	0.20712401	0.84623885	1.0	2812	tags=48%, list=27%, signal=65%	
HP_ABNORMAL_ERYTHROCYTE_MORPHOLOGY	HP_ABNORMAL_ERYTHROCYTE_MORPHOLOGY		466	0.4716673	1.2364302	0.05464481	0.8455125	1.0	1036	tags=16%, list=10%, signal=17%	
GOBP_PROSTANOID_BIOSYNTHETIC_PROCESS	GOBP_PROSTANOID_BIOSYNTHETIC_PROCESS		17	0.65737283	1.2363796	0.23055555	0.84481436	1.0	410	tags=18%, list=4%, signal=18%	
HP_ABNORMALITY_OF_THE_PARATHYROID_GLAND	HP_ABNORMALITY_OF_THE_PARATHYROID_GLAND		49	0.5743785	1.2363093	0.16990921	0.8441925	1.0	614	tags=16%, list=6%, signal=17%	
GOBP_MATURE_B_CELL_DIFFERENTIATION	GOBP_MATURE_B_CELL_DIFFERENTIATION		20	0.63411975	1.2362115	0.22406639	0.84370404	1.0	673	tags=20%, list=6%, signal=21%	
HP_ABNORMAL_PROSODY	HP_ABNORMAL_PROSODY		58	0.57269293	1.2359642	0.1703511	0.8439887	1.0	760	tags=26%, list=7%, signal=28%	
GOBP_NEGATIVE_REGULATION_OF_INFLAMMATORY_RESPONSE	GOBP_NEGATIVE_REGULATION_OF_INFLAMMATORY_RESPONSE		102	0.52789927	1.2355608	0.13219896	0.8449927	1.0	1023	tags=22%, list=10%, signal=24%	
GOCC_POLYMERIC_CYTOSKELETAL_FIBER	GOCC_POLYMERIC_CYTOSKELETAL_FIBER		340	0.47825646	1.235546	0.08	0.8440988	1.0	1380	tags=18%, list=13%, signal=20%	
HP_MANDIBULAR_PROGNATHIA	HP_MANDIBULAR_PROGNATHIA		133	0.5192133	1.2352816	0.12972292	0.8444827	1.0	1253	tags=15%, list=12%, signal=17%	
GOBP_NEGATIVE_REGULATION_OF_EXTRINSIC_APOPTOTIC_SIGNALING_PATHWAY_VIA_DEATH_DOMAIN_RECEPTORS	GOBP_NEGATIVE_REGULATION_OF_EXTRINSIC_APOPTOTIC_SIGNALING_PATHWAY_VIA_DEATH_DOMAIN_RECEPTORS		18	0.6436327	1.2346132	0.21199442	0.84694403	1.0	749	tags=22%, list=7%, signal=24%	
GOBP_RESPONSE_TO_PROTOZOAN	GOBP_RESPONSE_TO_PROTOZOAN		18	0.6551129	1.2345493	0.19565217	0.84632146	1.0	432	tags=28%, list=4%, signal=29%	
HP_ABNORMAL_PENIS_MORPHOLOGY	HP_ABNORMAL_PENIS_MORPHOLOGY		405	0.47427148	1.2340071	0.062091503	0.84798765	1.0	1112	tags=16%, list=11%, signal=17%	
HP_STENOSIS_OF_THE_EXTERNAL_AUDITORY_CANAL	HP_STENOSIS_OF_THE_EXTERNAL_AUDITORY_CANAL		19	0.64831424	1.2339952	0.24596775	0.84709513	1.0	1612	tags=42%, list=15%, signal=50%	
HP_BASAL_GANGLIA_CALCIFICATION	HP_BASAL_GANGLIA_CALCIFICATION		32	0.6077311	1.2336575	0.18119891	0.84777564	1.0	639	tags=22%, list=6%, signal=23%	
GOBP_REGULATION_OF_JNK_CASCADE	GOBP_REGULATION_OF_JNK_CASCADE		79	0.54893845	1.233498	0.15135835	0.8476076	1.0	590	tags=9%, list=6%, signal=9%	
HP_PROGRESSIVE_HEARING_IMPAIRMENT	HP_PROGRESSIVE_HEARING_IMPAIRMENT		27	0.61681753	1.233214	0.20028208	0.8480422	1.0	329	tags=15%, list=3%, signal=15%	
GOBP_MODIFIED_AMINO_ACID_BIOSYNTHETIC_PROCESS	GOBP_MODIFIED_AMINO_ACID_BIOSYNTHETIC_PROCESS		27	0.61970013	1.2329111	0.22884881	0.8486097	1.0	756	tags=22%, list=7%, signal=24%	
GOBP_SUPEROXIDE_METABOLIC_PROCESS	GOBP_SUPEROXIDE_METABOLIC_PROCESS		39	0.59171826	1.2328969	0.18242344	0.84773856	1.0	749	tags=21%, list=7%, signal=22%	
GOBP_GLOMERULUS_DEVELOPMENT	GOBP_GLOMERULUS_DEVELOPMENT		31	0.60445243	1.2326888	0.19642857	0.8477913	1.0	832	tags=19%, list=8%, signal=21%	
GOBP_ASTROCYTE_DEVELOPMENT	GOBP_ASTROCYTE_DEVELOPMENT		23	0.6241538	1.2321138	0.20194986	0.849723	1.0	583	tags=22%, list=6%, signal=23%	
GOBP_CHEMOKINE_PRODUCTION	GOBP_CHEMOKINE_PRODUCTION		53	0.5691798	1.2320923	0.17420213	0.8488764	1.0	475	tags=17%, list=5%, signal=18%	
GOBP_MOLTING_CYCLE_PROCESS	GOBP_MOLTING_CYCLE_PROCESS		35	0.602029	1.2319611	0.19251336	0.84854823	1.0	1693	tags=31%, list=16%, signal=37%	
HP_APLASIA_HYPOPLASIA_INVOLVING_BONES_OF_THE_UPPER_LIMBS	HP_APLASIA_HYPOPLASIA_INVOLVING_BONES_OF_THE_UPPER_LIMBS		348	0.47413597	1.231956	0.06214039	0.84762394	1.0	1719	tags=24%, list=16%, signal=28%	
GOCC_EXTERNAL_SIDE_OF_PLASMA_MEMBRANE	GOCC_EXTERNAL_SIDE_OF_PLASMA_MEMBRANE		163	0.5142837	1.2314025	0.12212817	0.8493708	1.0	995	tags=18%, list=10%, signal=20%	
GOBP_MITOCHONDRIAL_CALCIUM_ION_TRANSMEMBRANE_TRANSPORT	GOBP_MITOCHONDRIAL_CALCIUM_ION_TRANSMEMBRANE_TRANSPORT		18	0.6613214	1.231386	0.2217262	0.84849983	1.0	1961	tags=28%, list=19%, signal=34%	
GOBP_MATURATION_OF_5_8S_RRNA	GOBP_MATURATION_OF_5_8S_RRNA		35	0.60834813	1.2313477	0.20741758	0.8477474	1.0	1911	tags=29%, list=18%, signal=35%	
GOMF_MRNA_3_UTR_AU_RICH_REGION_BINDING	GOMF_MRNA_3_UTR_AU_RICH_REGION_BINDING		22	0.62956816	1.2307699	0.22651933	0.84964967	1.0	2687	tags=50%, list=26%, signal=67%	
GOMF_TRANSMEMBRANE_SIGNALING_RECEPTOR_ACTIVITY	GOMF_TRANSMEMBRANE_SIGNALING_RECEPTOR_ACTIVITY		247	0.49346027	1.2304661	0.094515756	0.85024774	1.0	1062	tags=19%, list=10%, signal=21%	
GOBP_NEUTRAL_AMINO_ACID_TRANSPORT	GOBP_NEUTRAL_AMINO_ACID_TRANSPORT		27	0.6157182	1.2299923	0.19835842	0.8516995	1.0	189	tags=7%, list=2%, signal=8%	
HP_ABNORMAL_METAPHYSEAL_TRABECULATION	HP_ABNORMAL_METAPHYSEAL_TRABECULATION		18	0.6525099	1.2296398	0.23152022	0.8524261	1.0	1383	tags=28%, list=13%, signal=32%	
HP_HEMORRHAGE_OF_THE_EYE	HP_HEMORRHAGE_OF_THE_EYE		24	0.6196272	1.2295313	0.21807748	0.8520514	1.0	683	tags=13%, list=7%, signal=13%	
GOBP_POSITIVE_REGULATION_OF_WNT_SIGNALING_PATHWAY	GOBP_POSITIVE_REGULATION_OF_WNT_SIGNALING_PATHWAY		78	0.5520568	1.2292787	0.16240409	0.85234845	1.0	1582	tags=27%, list=15%, signal=31%	
HP_ABNORMAL_ATRIAL_SEPTUM_MORPHOLOGY	HP_ABNORMAL_ATRIAL_SEPTUM_MORPHOLOGY		363	0.4744601	1.2289639	0.0692395	0.8529305	1.0	1626	tags=21%, list=16%, signal=24%	
GOBP_CELLULAR_RESPONSE_TO_FLUID_SHEAR_STRESS	GOBP_CELLULAR_RESPONSE_TO_FLUID_SHEAR_STRESS		29	0.6119265	1.2289159	0.22070844	0.8522215	1.0	1935	tags=31%, list=19%, signal=38%	
GOBP_SPROUTING_ANGIOGENESIS	GOBP_SPROUTING_ANGIOGENESIS		59	0.55324686	1.2288713	0.17685306	0.8515113	1.0	560	tags=8%, list=5%, signal=9%	
HP_ABNORMAL_CELL_MORPHOLOGY	HP_ABNORMAL_CELL_MORPHOLOGY		41	0.5815367	1.22778	0.17169069	0.8559761	1.0	1068	tags=20%, list=10%, signal=22%	
HP_HYPOPLASTIC_FINGERNAIL	HP_HYPOPLASTIC_FINGERNAIL		32	0.59722394	1.2270385	0.21359223	0.8588209	1.0	1598	tags=31%, list=15%, signal=37%	
GOBP_REGULATION_OF_MITOTIC_NUCLEAR_DIVISION	GOBP_REGULATION_OF_MITOTIC_NUCLEAR_DIVISION		83	0.53747207	1.2268921	0.14993481	0.8585629	1.0	1789	tags=27%, list=17%, signal=32%	
GOBP_CELL_JUNCTION_MAINTENANCE	GOBP_CELL_JUNCTION_MAINTENANCE		19	0.6430001	1.2268783	0.20345744	0.85770124	1.0	349	tags=16%, list=3%, signal=16%	
HP_PITUITARY_HYPOTHYROIDISM	HP_PITUITARY_HYPOTHYROIDISM		16	0.6509622	1.2264413	0.22189781	0.85888654	1.0	1128	tags=19%, list=11%, signal=21%	
GOCC_CELL_BODY	GOCC_CELL_BODY		219	0.4924971	1.2263823	0.11191336	0.85823613	1.0	2164	tags=28%, list=21%, signal=35%	
GOBP_MALE_GAMETE_GENERATION	GOBP_MALE_GAMETE_GENERATION		325	0.48126337	1.2259808	0.085057475	0.85940254	1.0	1159	tags=22%, list=11%, signal=23%	
GOBP_ADAPTIVE_IMMUNE_RESPONSE	GOBP_ADAPTIVE_IMMUNE_RESPONSE		286	0.48075506	1.2254835	0.08740068	0.86098105	1.0	1461	tags=23%, list=14%, signal=26%	
GOBP_EPITHELIAL_TUBE_MORPHOGENESIS	GOBP_EPITHELIAL_TUBE_MORPHOGENESIS		148	0.5060353	1.2251102	0.12951432	0.86190623	1.0	824	tags=9%, list=8%, signal=9%	
GOBP_REGULATION_OF_CELL_JUNCTION_ASSEMBLY	GOBP_REGULATION_OF_CELL_JUNCTION_ASSEMBLY		110	0.51901275	1.2249771	0.14661655	0.86161166	1.0	725	tags=12%, list=7%, signal=13%	
GOMF_CALCIUM_ION_BINDING	GOMF_CALCIUM_ION_BINDING		240	0.48753357	1.2249386	0.107602336	0.8608496	1.0	747	tags=12%, list=7%, signal=13%	
GOBP_NEGATIVE_REGULATION_OF_PROTEIN_SECRETION	GOBP_NEGATIVE_REGULATION_OF_PROTEIN_SECRETION		24	0.62724984	1.2246829	0.21914008	0.8612274	1.0	1871	tags=33%, list=18%, signal=41%	
GOBP_POSITIVE_REGULATION_OF_INTERFERON_ALPHA_PRODUCTION	GOBP_POSITIVE_REGULATION_OF_INTERFERON_ALPHA_PRODUCTION		19	0.65637	1.2242129	0.21997301	0.8626383	1.0	1231	tags=26%, list=12%, signal=30%	
HP_MICRORETROGNATHIA	HP_MICRORETROGNATHIA		52	0.5636188	1.2239854	0.18547341	0.8628519	1.0	648	tags=12%, list=6%, signal=12%	
GOBP_PYRIMIDINE_CONTAINING_COMPOUND_BIOSYNTHETIC_PROCESS	GOBP_PYRIMIDINE_CONTAINING_COMPOUND_BIOSYNTHETIC_PROCESS		33	0.59725785	1.2238561	0.21780822	0.86255574	1.0	1882	tags=36%, list=18%, signal=44%	
GOBP_NEGATIVE_REGULATION_OF_SECRETION	GOBP_NEGATIVE_REGULATION_OF_SECRETION		69	0.5569646	1.22382	0.17562254	0.8618195	1.0	1886	tags=33%, list=18%, signal=40%	
GOBP_OOCYTE_MATURATION	GOBP_OOCYTE_MATURATION		18	0.6435409	1.2236109	0.21629213	0.8619301	1.0	25	tags=6%, list=0%, signal=6%	
GOMF_INTEGRIN_BINDING	GOMF_INTEGRIN_BINDING		62	0.55619043	1.2232649	0.19235669	0.86275566	1.0	587	tags=11%, list=6%, signal=12%	
GOBP_REGULATION_OF_TRANSLATION	GOBP_REGULATION_OF_TRANSLATION		267	0.48332044	1.2231507	0.105790645	0.8624185	1.0	1439	tags=20%, list=14%, signal=22%	
GOBP_REGULATION_OF_PROTEIN_MATURATION	GOBP_REGULATION_OF_PROTEIN_MATURATION		32	0.59159416	1.2230457	0.20491803	0.86200887	1.0	878	tags=16%, list=8%, signal=17%	
GOBP_U2_TYPE_PRESPLICEOSOME_ASSEMBLY	GOBP_U2_TYPE_PRESPLICEOSOME_ASSEMBLY		20	0.62745637	1.2230448	0.21832883	0.86108565	1.0	1158	tags=40%, list=11%, signal=45%	
GOBP_FOLIC_ACID_CONTAINING_COMPOUND_METABOLIC_PROCESS	GOBP_FOLIC_ACID_CONTAINING_COMPOUND_METABOLIC_PROCESS		21	0.62966025	1.2229527	0.22267206	0.8606128	1.0	1963	tags=29%, list=19%, signal=35%	
HP_GENERALIZED_HYPOTONIA	HP_GENERALIZED_HYPOTONIA		403	0.46882826	1.2228857	0.0661435	0.8600349	1.0	1642	tags=16%, list=16%, signal=19%	
GOBP_RIBONUCLEOSIDE_MONOPHOSPHATE_BIOSYNTHETIC_PROCESS	GOBP_RIBONUCLEOSIDE_MONOPHOSPHATE_BIOSYNTHETIC_PROCESS		27	0.6097306	1.2228205	0.21331522	0.8594056	1.0	2253	tags=44%, list=22%, signal=57%	
HP_CORPUS_CALLOSUM_ATROPHY	HP_CORPUS_CALLOSUM_ATROPHY		19	0.64260906	1.2223155	0.2364395	0.86098063	1.0	900	tags=16%, list=9%, signal=17%	
GOBP_NUCLEOBASE_METABOLIC_PROCESS	GOBP_NUCLEOBASE_METABOLIC_PROCESS		23	0.6267034	1.2216235	0.23705722	0.86346525	1.0	1588	tags=30%, list=15%, signal=36%	
HP_HYPOPLASIA_OF_THE_RADIUS	HP_HYPOPLASIA_OF_THE_RADIUS		27	0.62597805	1.2211864	0.22177419	0.86475676	1.0	2039	tags=33%, list=20%, signal=41%	
GOBP_DEVELOPMENTAL_CELL_GROWTH	GOBP_DEVELOPMENTAL_CELL_GROWTH		87	0.53749114	1.2209806	0.15374841	0.8648787	1.0	2212	tags=36%, list=21%, signal=45%	
HP_NEUROINFLAMMATION	HP_NEUROINFLAMMATION		17	0.64556277	1.2203826	0.22865413	0.8668251	1.0	797	tags=29%, list=8%, signal=32%	
GOMF_HISTONE_H3_READER_ACTIVITY	GOMF_HISTONE_H3_READER_ACTIVITY		50	0.56664085	1.2199862	0.17918314	0.86782366	1.0	1809	tags=34%, list=17%, signal=41%	
GOBP_SOMATIC_STEM_CELL_POPULATION_MAINTENANCE	GOBP_SOMATIC_STEM_CELL_POPULATION_MAINTENANCE		21	0.62678736	1.219931	0.23347399	0.8671744	1.0	1507	tags=29%, list=14%, signal=33%	
GOBP_REGULATION_OF_DNA_METABOLIC_PROCESS	GOBP_REGULATION_OF_DNA_METABOLIC_PROCESS		358	0.47183365	1.2197796	0.09219089	0.8670029	1.0	1584	tags=19%, list=15%, signal=21%	
HP_ERYTHEMA	HP_ERYTHEMA		73	0.5462496	1.2193824	0.16753247	0.8679802	1.0	819	tags=19%, list=8%, signal=21%	
GOBP_BRANCHED_CHAIN_AMINO_ACID_METABOLIC_PROCESS	GOBP_BRANCHED_CHAIN_AMINO_ACID_METABOLIC_PROCESS		18	0.6374338	1.218475	0.21931034	0.87148386	1.0	140	tags=6%, list=1%, signal=6%	
HP_PALPEBRAL_EDEMA	HP_PALPEBRAL_EDEMA		23	0.6161207	1.2178811	0.22911051	0.87358576	1.0	26	tags=4%, list=0%, signal=4%	
GOBP_POSITIVE_REGULATION_OF_CELL_CYCLE_CHECKPOINT	GOBP_POSITIVE_REGULATION_OF_CELL_CYCLE_CHECKPOINT		21	0.62682223	1.217624	0.23763736	0.87401736	1.0	1312	tags=14%, list=13%, signal=16%	
HP_JUVENILE_ASEPTIC_NECROSIS	HP_JUVENILE_ASEPTIC_NECROSIS		25	0.6175329	1.2173356	0.22013423	0.87454826	1.0	928	tags=12%, list=9%, signal=13%	
GOBP_RNA_TEMPLATED_DNA_BIOSYNTHETIC_PROCESS	GOBP_RNA_TEMPLATED_DNA_BIOSYNTHETIC_PROCESS		46	0.57121503	1.2171736	0.20789474	0.87442374	1.0	1971	tags=28%, list=19%, signal=35%	
GOBP_MONOATOMIC_CATION_TRANSPORT	GOBP_MONOATOMIC_CATION_TRANSPORT		397	0.46600553	1.2165679	0.084632516	0.8764993	1.0	1894	tags=29%, list=18%, signal=34%	
HP_PERSONALITY_CHANGES	HP_PERSONALITY_CHANGES		31	0.6008515	1.2164387	0.22312926	0.87626207	1.0	503	tags=23%, list=5%, signal=24%	
HP_PERSISTENT_HEAD_LAG	HP_PERSISTENT_HEAD_LAG		26	0.6149673	1.2161994	0.22933333	0.87644875	1.0	992	tags=23%, list=9%, signal=25%	
HP_RETICULOCYTOSIS	HP_RETICULOCYTOSIS		28	0.6104754	1.2161425	0.21768707	0.87577003	1.0	1478	tags=29%, list=14%, signal=33%	
GOCC_SUPRAMOLECULAR_POLYMER	GOCC_SUPRAMOLECULAR_POLYMER		420	0.46521595	1.2161185	0.08690869	0.874958	1.0	1977	tags=22%, list=19%, signal=26%	
GOBP_CELL_CYCLE_G2_M_PHASE_TRANSITION	GOBP_CELL_CYCLE_G2_M_PHASE_TRANSITION		117	0.5178873	1.2157087	0.15809768	0.87602735	1.0	1971	tags=27%, list=19%, signal=33%	
GOMF_ENDOPEPTIDASE_ACTIVATOR_ACTIVITY	GOMF_ENDOPEPTIDASE_ACTIVATOR_ACTIVITY		25	0.6121467	1.2157017	0.2394958	0.87514716	1.0	800	tags=16%, list=8%, signal=17%	
GOBP_CD4_POSITIVE_ALPHA_BETA_T_CELL_ACTIVATION	GOBP_CD4_POSITIVE_ALPHA_BETA_T_CELL_ACTIVATION		96	0.53010625	1.2156417	0.16370559	0.8745351	1.0	1461	tags=28%, list=14%, signal=32%	
GOBP_POSITIVE_REGULATION_OF_CHROMOSOME_SEPARATION	GOBP_POSITIVE_REGULATION_OF_CHROMOSOME_SEPARATION		24	0.6137395	1.2155794	0.24180327	0.8739381	1.0	2698	tags=46%, list=26%, signal=62%	
HP_ABNORMALITY_OF_THE_POSTERIOR_HAIRLINE	HP_ABNORMALITY_OF_THE_POSTERIOR_HAIRLINE		69	0.5482628	1.2153548	0.18766405	0.87415874	1.0	1468	tags=17%, list=14%, signal=20%	
GOBP_REGULATION_OF_NUCLEAR_DIVISION	GOBP_REGULATION_OF_NUCLEAR_DIVISION		90	0.53369075	1.2151593	0.17670158	0.87422127	1.0	1789	tags=27%, list=17%, signal=32%	
GOBP_T_CELL_SELECTION	GOBP_T_CELL_SELECTION		49	0.5808822	1.2151512	0.20703125	0.8733456	1.0	1440	tags=35%, list=14%, signal=40%	
GOCC_ENDOCYTIC_VESICLE	GOCC_ENDOCYTIC_VESICLE		221	0.48817974	1.2149719	0.11098266	0.87327975	1.0	852	tags=12%, list=8%, signal=13%	
GOCC_ACTIN_FILAMENT	GOCC_ACTIN_FILAMENT		59	0.54660636	1.2149662	0.1964512	0.8723967	1.0	541	tags=14%, list=5%, signal=14%	
HP_SPINAL_CORD_COMPRESSION	HP_SPINAL_CORD_COMPRESSION		23	0.6243416	1.2148926	0.21923621	0.8718096	1.0	24	tags=4%, list=0%, signal=4%	
GOMF_HISTONE_BINDING	GOMF_HISTONE_BINDING		128	0.52048385	1.2148254	0.14572865	0.8712566	1.0	1644	tags=30%, list=16%, signal=35%	
GOBP_ADULT_LOCOMOTORY_BEHAVIOR	GOBP_ADULT_LOCOMOTORY_BEHAVIOR		40	0.5832743	1.2147204	0.22192514	0.8708926	1.0	956	tags=23%, list=9%, signal=25%	
GOBP_TETRAHYDROFOLATE_METABOLIC_PROCESS	GOBP_TETRAHYDROFOLATE_METABOLIC_PROCESS		15	0.6523798	1.2146403	0.25251076	0.8703886	1.0	1963	tags=33%, list=19%, signal=41%	
GOBP_POSITIVE_REGULATION_OF_B_CELL_PROLIFERATION	GOBP_POSITIVE_REGULATION_OF_B_CELL_PROLIFERATION		28	0.592056	1.2141454	0.21853389	0.87189734	1.0	709	tags=21%, list=7%, signal=23%	
GOBP_GLUTAMATE_METABOLIC_PROCESS	GOBP_GLUTAMATE_METABOLIC_PROCESS		18	0.63452756	1.2140572	0.2503477	0.8713816	1.0	1611	tags=22%, list=15%, signal=26%	
GOBP_REGULATION_OF_CELL_MIGRATION_INVOLVED_IN_SPROUTING_ANGIOGENESIS	GOBP_REGULATION_OF_CELL_MIGRATION_INVOLVED_IN_SPROUTING_ANGIOGENESIS		19	0.6335003	1.2139499	0.23661971	0.8710056	1.0	560	tags=11%, list=5%, signal=11%	
HP_FACIAL_EDEMA	HP_FACIAL_EDEMA		68	0.5418215	1.2136941	0.1891892	0.8713432	1.0	541	tags=7%, list=5%, signal=8%	
GOBP_CIRCADIAN_RHYTHM	GOBP_CIRCADIAN_RHYTHM		105	0.52674156	1.2136673	0.15953307	0.8705751	1.0	1178	tags=22%, list=11%, signal=24%	
HP_CALVARIAL_SKULL_DEFECT	HP_CALVARIAL_SKULL_DEFECT		16	0.6459251	1.2135907	0.25421348	0.8700515	1.0	1635	tags=38%, list=16%, signal=44%	
HP_DIABETES_INSIPIDUS	HP_DIABETES_INSIPIDUS		29	0.60447544	1.2127838	0.19839142	0.8730829	1.0	1064	tags=28%, list=10%, signal=31%	
GOBP_SISTER_CHROMATID_SEGREGATION	GOBP_SISTER_CHROMATID_SEGREGATION		187	0.488081	1.2126781	0.121103115	0.8726817	1.0	2569	tags=36%, list=25%, signal=47%	
GOMF_PALMITOYLTRANSFERASE_ACTIVITY	GOMF_PALMITOYLTRANSFERASE_ACTIVITY		21	0.63085645	1.2124074	0.24504249	0.8731034	1.0	1419	tags=19%, list=14%, signal=22%	
HP_SUPERNUMERARY_NIPPLE	HP_SUPERNUMERARY_NIPPLE		30	0.59890616	1.2123824	0.24189189	0.8723307	1.0	1153	tags=17%, list=11%, signal=19%	
GOMF_POTASSIUM_ION_TRANSMEMBRANE_TRANSPORTER_ACTIVITY	GOMF_POTASSIUM_ION_TRANSMEMBRANE_TRANSPORTER_ACTIVITY		33	0.58654827	1.2122664	0.22676057	0.8719827	1.0	805	tags=15%, list=8%, signal=16%	
HP_ABNORMAL_MUSCLE_FIBER_MORPHOLOGY	HP_ABNORMAL_MUSCLE_FIBER_MORPHOLOGY		173	0.50025934	1.2121978	0.13680388	0.87141246	1.0	992	tags=13%, list=9%, signal=14%	
GOBP_METHYLATION	GOBP_METHYLATION		161	0.49540067	1.2121395	0.14355828	0.870781	1.0	1795	tags=17%, list=17%, signal=20%	
GOBP_POSITIVE_REGULATION_OF_CHROMOSOME_SEGREGATION	GOBP_POSITIVE_REGULATION_OF_CHROMOSOME_SEGREGATION		24	0.614322	1.2116653	0.24050634	0.87219685	1.0	2323	tags=42%, list=22%, signal=53%	
GOBP_REGULATION_OF_DOUBLE_STRAND_BREAK_REPAIR_VIA_NONHOMOLOGOUS_END_JOINING	GOBP_REGULATION_OF_DOUBLE_STRAND_BREAK_REPAIR_VIA_NONHOMOLOGOUS_END_JOINING		21	0.62145585	1.2114564	0.23219374	0.8723663	1.0	1850	tags=29%, list=18%, signal=35%	
GOBP_POSITIVE_REGULATION_OF_DOUBLE_STRAND_BREAK_REPAIR	GOBP_POSITIVE_REGULATION_OF_DOUBLE_STRAND_BREAK_REPAIR		70	0.5325511	1.2111403	0.18741809	0.8730418	1.0	2359	tags=29%, list=23%, signal=37%	
HP_PAPILLEDEMA	HP_PAPILLEDEMA		18	0.6415041	1.2109407	0.23613086	0.8731423	1.0	558	tags=11%, list=5%, signal=12%	
GOCC_U2_SNRNP	GOCC_U2_SNRNP		20	0.62745637	1.2109095	0.24759285	0.8724048	1.0	1158	tags=40%, list=11%, signal=45%	
GOBP_REGULATION_OF_MACROPHAGE_MIGRATION	GOBP_REGULATION_OF_MACROPHAGE_MIGRATION		18	0.6257307	1.21062	0.23109843	0.8729585	1.0	410	tags=17%, list=4%, signal=17%	
GOBP_PYRIMIDINE_NUCLEOSIDE_MONOPHOSPHATE_METABOLIC_PROCESS	GOBP_PYRIMIDINE_NUCLEOSIDE_MONOPHOSPHATE_METABOLIC_PROCESS		16	0.6425849	1.2104275	0.2431694	0.8729986	1.0	1588	tags=38%, list=15%, signal=44%	
GOBP_ACTIVATION_OF_PROTEIN_KINASE_ACTIVITY	GOBP_ACTIVATION_OF_PROTEIN_KINASE_ACTIVITY		26	0.61189574	1.209703	0.22752044	0.87560475	1.0	560	tags=19%, list=5%, signal=20%	
GOBP_SNARE_COMPLEX_ASSEMBLY	GOBP_SNARE_COMPLEX_ASSEMBLY		17	0.645566	1.2096062	0.23281908	0.8751876	1.0	371	tags=12%, list=4%, signal=12%	
GOMF_LYSOPHOSPHOLIPID_ACYLTRANSFERASE_ACTIVITY	GOMF_LYSOPHOSPHOLIPID_ACYLTRANSFERASE_ACTIVITY		19	0.63210714	1.2095752	0.24084507	0.8744489	1.0	2341	tags=37%, list=22%, signal=47%	
GOBP_NEGATIVE_REGULATION_OF_CELL_SUBSTRATE_ADHESION	GOBP_NEGATIVE_REGULATION_OF_CELL_SUBSTRATE_ADHESION		32	0.60401636	1.2091655	0.22672065	0.87566763	1.0	689	tags=19%, list=7%, signal=20%	
HP_AKINESIA	HP_AKINESIA		17	0.6371316	1.208785	0.24682651	0.87667996	1.0	1377	tags=29%, list=13%, signal=34%	
HP_SELECTIVE_TOOTH_AGENESIS	HP_SELECTIVE_TOOTH_AGENESIS		18	0.6389343	1.2082838	0.24383561	0.878231	1.0	1251	tags=28%, list=12%, signal=32%	
GOBP_DNA_DAMAGE_TOLERANCE	GOBP_DNA_DAMAGE_TOLERANCE		26	0.6230251	1.2082496	0.22375691	0.8774776	1.0	968	tags=15%, list=9%, signal=17%	
GOBP_ORGAN_GROWTH	GOBP_ORGAN_GROWTH		76	0.53630644	1.2080045	0.18263091	0.8778023	1.0	1700	tags=34%, list=16%, signal=41%	
HP_SEVERE_GLOBAL_DEVELOPMENTAL_DELAY	HP_SEVERE_GLOBAL_DEVELOPMENTAL_DELAY		157	0.50360894	1.2078711	0.1521197	0.8775284	1.0	1579	tags=20%, list=15%, signal=24%	
GOBP_NEGATIVE_REGULATION_OF_PROTEASOMAL_PROTEIN_CATABOLIC_PROCESS	GOBP_NEGATIVE_REGULATION_OF_PROTEASOMAL_PROTEIN_CATABOLIC_PROCESS		36	0.5799256	1.207719	0.22159888	0.8773854	1.0	1432	tags=31%, list=14%, signal=35%	
GOBP_CELLULAR_RESPONSE_TO_STEROID_HORMONE_STIMULUS	GOBP_CELLULAR_RESPONSE_TO_STEROID_HORMONE_STIMULUS		119	0.5155578	1.2075379	0.155527	0.8773526	1.0	1314	tags=20%, list=13%, signal=23%	
HP_ABNORMAL_CSF_CARBOXYLIC_ACID_CONCENTRATION	HP_ABNORMAL_CSF_CARBOXYLIC_ACID_CONCENTRATION		28	0.599875	1.2074938	0.23868313	0.87669414	1.0	1644	tags=32%, list=16%, signal=38%	
GOMF_CORE_PROMOTER_SEQUENCE_SPECIFIC_DNA_BINDING	GOMF_CORE_PROMOTER_SEQUENCE_SPECIFIC_DNA_BINDING		26	0.6132074	1.2073386	0.2270195	0.8765435	1.0	1383	tags=27%, list=13%, signal=31%	
HP_SHORT_DIGIT	HP_SHORT_DIGIT		368	0.4642439	1.2072523	0.09566185	0.87607515	1.0	1642	tags=22%, list=16%, signal=25%	
GOBP_NEURON_PROJECTION_ARBORIZATION	GOBP_NEURON_PROJECTION_ARBORIZATION		19	0.6385554	1.2072188	0.24045262	0.87537724	1.0	956	tags=26%, list=9%, signal=29%	
HP_PERIORBITAL_EDEMA	HP_PERIORBITAL_EDEMA		63	0.55150735	1.2071338	0.1884058	0.87490237	1.0	541	tags=8%, list=5%, signal=8%	
GOBP_RESPONSE_TO_TYPE_I_INTERFERON	GOBP_RESPONSE_TO_TYPE_I_INTERFERON		87	0.5316886	1.2061533	0.18337731	0.8786799	1.0	2237	tags=29%, list=21%, signal=36%	
GOBP_RHYTHMIC_PROCESS	GOBP_RHYTHMIC_PROCESS		142	0.50863254	1.2058166	0.14268142	0.8795134	1.0	1664	tags=27%, list=16%, signal=31%	
GOBP_POSTSYNAPSE_ORGANIZATION	GOBP_POSTSYNAPSE_ORGANIZATION		107	0.52079844	1.2053424	0.16141236	0.88091254	1.0	1807	tags=23%, list=17%, signal=28%	
HP_FLOPPY_INFANT	HP_FLOPPY_INFANT		106	0.51336807	1.2047269	0.16818774	0.88295174	1.0	1644	tags=25%, list=16%, signal=29%	
GOBP_REGULATION_OF_POSTSYNAPTIC_MEMBRANE_POTENTIAL	GOBP_REGULATION_OF_POSTSYNAPTIC_MEMBRANE_POTENTIAL		37	0.59270734	1.2042027	0.21666667	0.88457507	1.0	648	tags=14%, list=6%, signal=14%	
GOBP_DIOL_METABOLIC_PROCESS	GOBP_DIOL_METABOLIC_PROCESS		16	0.6538703	1.20397	0.25447044	0.88486737	1.0	1419	tags=31%, list=14%, signal=36%	
GOCC_MICROTUBULE_END	GOCC_MICROTUBULE_END		21	0.619818	1.2038984	0.2506812	0.8843077	1.0	1790	tags=38%, list=17%, signal=46%	
GOBP_CHROMOSOME_SEGREGATION	GOBP_CHROMOSOME_SEGREGATION		318	0.46997735	1.2036325	0.110491075	0.8847411	1.0	2374	tags=31%, list=23%, signal=39%	
GOCC_HISTONE_ACETYLTRANSFERASE_COMPLEX	GOCC_HISTONE_ACETYLTRANSFERASE_COMPLEX		79	0.5294189	1.2034731	0.19146183	0.88465196	1.0	3024	tags=34%, list=29%, signal=48%	
HP_ARTHROPATHY	HP_ARTHROPATHY		42	0.5786967	1.2031626	0.19170985	0.8852845	1.0	797	tags=17%, list=8%, signal=18%	
GOCC_MITOCHONDRIAL_PROTEIN_CONTAINING_COMPLEX	GOCC_MITOCHONDRIAL_PROTEIN_CONTAINING_COMPLEX		145	0.50160146	1.2031397	0.16992664	0.8845077	1.0	2053	tags=29%, list=20%, signal=36%	
HP_ABNORMAL_CSF_AMINO_ACID_CONCENTRATION	HP_ABNORMAL_CSF_AMINO_ACID_CONCENTRATION		23	0.6175254	1.2025859	0.2255846	0.8863767	1.0	1644	tags=35%, list=16%, signal=41%	
HP_ABNORMAL_RENAL_CORTEX_MORPHOLOGY	HP_ABNORMAL_RENAL_CORTEX_MORPHOLOGY		151	0.50415117	1.2025055	0.14619164	0.8858895	1.0	983	tags=16%, list=9%, signal=17%	
GOBP_BRAIN_MORPHOGENESIS	GOBP_BRAIN_MORPHOGENESIS		16	0.64745754	1.2021521	0.25852272	0.88669735	1.0	1807	tags=38%, list=17%, signal=45%	
GOBP_REGULATION_OF_REACTIVE_OXYGEN_SPECIES_METABOLIC_PROCESS	GOBP_REGULATION_OF_REACTIVE_OXYGEN_SPECIES_METABOLIC_PROCESS		87	0.52876353	1.2021394	0.18020305	0.88587546	1.0	1263	tags=22%, list=12%, signal=25%	
GOBP_NEGATIVE_REGULATION_OF_CHEMOTAXIS	GOBP_NEGATIVE_REGULATION_OF_CHEMOTAXIS		19	0.6308035	1.2020246	0.25854993	0.8855331	1.0	889	tags=26%, list=9%, signal=29%	
GOCC_RNA_POLYMERASE_COMPLEX	GOCC_RNA_POLYMERASE_COMPLEX		80	0.53297204	1.2013141	0.19720101	0.8880447	1.0	3096	tags=35%, list=30%, signal=49%	
HP_HYPOKALEMIA	HP_HYPOKALEMIA		32	0.5919939	1.2010572	0.23994452	0.88842696	1.0	884	tags=22%, list=8%, signal=24%	
GOCC_NUCLEAR_REPLICATION_FORK	GOCC_NUCLEAR_REPLICATION_FORK		35	0.57624084	1.2008263	0.22394367	0.888678	1.0	3070	tags=49%, list=29%, signal=69%	
GOBP_REGULATION_OF_TELOMERE_MAINTENANCE_VIA_TELOMERE_LENGTHENING	GOBP_REGULATION_OF_TELOMERE_MAINTENANCE_VIA_TELOMERE_LENGTHENING		44	0.57478607	1.2002496	0.20767196	0.89065945	1.0	1971	tags=27%, list=19%, signal=33%	
GOCC_PLASMA_MEMBRANE_PROTEIN_COMPLEX	GOCC_PLASMA_MEMBRANE_PROTEIN_COMPLEX		231	0.47669163	1.1995022	0.11915888	0.89347506	1.0	1489	tags=23%, list=14%, signal=26%	
GOBP_CELL_CELL_JUNCTION_ASSEMBLY	GOBP_CELL_CELL_JUNCTION_ASSEMBLY		60	0.5428464	1.199294	0.1884058	0.893554	1.0	109	tags=5%, list=1%, signal=5%	
GOBP_REGULATION_OF_MITOTIC_CYTOKINESIS	GOBP_REGULATION_OF_MITOTIC_CYTOKINESIS		16	0.6443851	1.1992702	0.24714285	0.89278066	1.0	2028	tags=38%, list=19%, signal=46%	
GOBP_NEGATIVE_REGULATION_OF_LIPID_TRANSPORT	GOBP_NEGATIVE_REGULATION_OF_LIPID_TRANSPORT		17	0.6287301	1.1987028	0.25070822	0.89462477	1.0	6	tags=6%, list=0%, signal=6%	
HP_ABNORMALITY_OF_PROTHROMBIN	HP_ABNORMALITY_OF_PROTHROMBIN		33	0.58945537	1.1986563	0.22770919	0.89399254	1.0	1127	tags=18%, list=11%, signal=20%	
GOBP_REGULATION_OF_D_GLUCOSE_TRANSMEMBRANE_TRANSPORT	GOBP_REGULATION_OF_D_GLUCOSE_TRANSMEMBRANE_TRANSPORT		42	0.577014	1.1981646	0.22673656	0.8955144	1.0	1439	tags=29%, list=14%, signal=33%	
GOMF_RNA_POLYMERASE_II_CTD_HEPTAPEPTIDE_REPEAT_MODIFYING_ACTIVITY	GOMF_RNA_POLYMERASE_II_CTD_HEPTAPEPTIDE_REPEAT_MODIFYING_ACTIVITY		16	0.6610911	1.1981027	0.2345679	0.8949314	1.0	2495	tags=50%, list=24%, signal=66%	
GOBP_REGULATION_OF_INTRINSIC_APOPTOTIC_SIGNALING_PATHWAY_IN_RESPONSE_TO_DNA_DAMAGE	GOBP_REGULATION_OF_INTRINSIC_APOPTOTIC_SIGNALING_PATHWAY_IN_RESPONSE_TO_DNA_DAMAGE		24	0.6136776	1.1980044	0.24932614	0.8945305	1.0	785	tags=25%, list=8%, signal=27%	
HP_ABNORMAL_SALIVARY_GLAND_MORPHOLOGY	HP_ABNORMAL_SALIVARY_GLAND_MORPHOLOGY		19	0.62562025	1.1979706	0.26482758	0.8938013	1.0	3099	tags=53%, list=30%, signal=75%	
GOBP_RESPONSE_TO_FUNGUS	GOBP_RESPONSE_TO_FUNGUS		40	0.58264613	1.197653	0.22816166	0.89444286	1.0	460	tags=23%, list=4%, signal=23%	
GOBP_REGULATION_OF_AMPA_RECEPTOR_ACTIVITY	GOBP_REGULATION_OF_AMPA_RECEPTOR_ACTIVITY		18	0.6251622	1.1976411	0.25314686	0.8936329	1.0	2578	tags=39%, list=25%, signal=52%	
GOBP_REGULATION_OF_DNA_RECOMBINATION	GOBP_REGULATION_OF_DNA_RECOMBINATION		95	0.5190171	1.1973357	0.19828641	0.89426565	1.0	1751	tags=25%, list=17%, signal=30%	
GOBP_NUCLEOBASE_BIOSYNTHETIC_PROCESS	GOBP_NUCLEOBASE_BIOSYNTHETIC_PROCESS		16	0.63324183	1.1972431	0.27793297	0.89385	1.0	2316	tags=44%, list=22%, signal=56%	
GOBP_POSITIVE_REGULATION_OF_NITRIC_OXIDE_BIOSYNTHETIC_PROCESS	GOBP_POSITIVE_REGULATION_OF_NITRIC_OXIDE_BIOSYNTHETIC_PROCESS		25	0.6019375	1.1971455	0.24182077	0.89344597	1.0	149	tags=12%, list=1%, signal=12%	
GOBP_PTERIDINE_CONTAINING_COMPOUND_METABOLIC_PROCESS	GOBP_PTERIDINE_CONTAINING_COMPOUND_METABOLIC_PROCESS		25	0.6025865	1.1971332	0.248	0.8926389	1.0	1963	tags=28%, list=19%, signal=34%	
HP_APLASIA_HYPOPLASIA_OF_THE_SPLEEN	HP_APLASIA_HYPOPLASIA_OF_THE_SPLEEN		42	0.565848	1.1967802	0.2265943	0.893517	1.0	529	tags=10%, list=5%, signal=10%	
GOBP_NUCLEOSIDE_PHOSPHATE_CATABOLIC_PROCESS	GOBP_NUCLEOSIDE_PHOSPHATE_CATABOLIC_PROCESS		117	0.5107016	1.1967542	0.16212872	0.892769	1.0	955	tags=11%, list=9%, signal=12%	
HP_ABNORMAL_METABOLIC_BRAIN_IMAGING_BY_MRS	HP_ABNORMAL_METABOLIC_BRAIN_IMAGING_BY_MRS		48	0.5544164	1.1965532	0.22709164	0.89282995	1.0	1202	tags=19%, list=12%, signal=21%	
HP_ABNORMAL_PROXIMAL_PHALANX_MORPHOLOGY_OF_THE_HAND	HP_ABNORMAL_PROXIMAL_PHALANX_MORPHOLOGY_OF_THE_HAND		18	0.6381087	1.1964726	0.25946704	0.8923475	1.0	2081	tags=50%, list=20%, signal=62%	
GOMF_PROTEIN_SERINE_THREONINE_KINASE_BINDING	GOMF_PROTEIN_SERINE_THREONINE_KINASE_BINDING		19	0.6286972	1.1961104	0.26449788	0.89323914	1.0	21	tags=5%, list=0%, signal=5%	
GOCC_PRC1_COMPLEX	GOCC_PRC1_COMPLEX		21	0.6284467	1.1957996	0.2601969	0.8938027	1.0	1981	tags=33%, list=19%, signal=41%	
GOBP_REGULATION_OF_NEURON_DIFFERENTIATION	GOBP_REGULATION_OF_NEURON_DIFFERENTIATION		64	0.5386564	1.1954615	0.21324503	0.89458054	1.0	2344	tags=45%, list=22%, signal=58%	
HP_AMYLOID_DEPOSITION_BY_ANATOMICAL_SITE	HP_AMYLOID_DEPOSITION_BY_ANATOMICAL_SITE		16	0.63804364	1.1950219	0.2394775	0.8958269	1.0	196	tags=13%, list=2%, signal=13%	
GOBP_NEGATIVE_REGULATION_OF_TRANSLATION	GOBP_NEGATIVE_REGULATION_OF_TRANSLATION		95	0.52279115	1.1948811	0.19620253	0.89564514	1.0	1774	tags=24%, list=17%, signal=29%	
GOBP_MITOTIC_SISTER_CHROMATID_COHESION	GOBP_MITOTIC_SISTER_CHROMATID_COHESION		25	0.60980046	1.1948206	0.2369863	0.8950744	1.0	2249	tags=40%, list=22%, signal=51%	
GOBP_POSITIVE_REGULATION_OF_TRANSCRIPTION_BY_RNA_POLYMERASE_I	GOBP_POSITIVE_REGULATION_OF_TRANSCRIPTION_BY_RNA_POLYMERASE_I		24	0.6161592	1.1945544	0.24217688	0.89553237	1.0	779	tags=17%, list=7%, signal=18%	
GOCC_CATALYTIC_STEP_2_SPLICEOSOME	GOCC_CATALYTIC_STEP_2_SPLICEOSOME		81	0.5310851	1.1944981	0.2214854	0.89496607	1.0	1601	tags=31%, list=15%, signal=36%	
GOBP_RESPONSE_TO_HEAT	GOBP_RESPONSE_TO_HEAT		62	0.54164547	1.1943564	0.20439845	0.8947855	1.0	2017	tags=29%, list=19%, signal=36%	
GOBP_EPITHELIAL_CELL_MORPHOGENESIS	GOBP_EPITHELIAL_CELL_MORPHOGENESIS		20	0.6183755	1.1942726	0.24898511	0.89429927	1.0	1836	tags=30%, list=18%, signal=36%	
GOBP_REACTIVE_OXYGEN_SPECIES_BIOSYNTHETIC_PROCESS	GOBP_REACTIVE_OXYGEN_SPECIES_BIOSYNTHETIC_PROCESS		38	0.57115906	1.1940557	0.23777173	0.8944547	1.0	1478	tags=26%, list=14%, signal=31%	
HP_APLASIA_HYPOPLASIA_OF_THE_PHALANGES_OF_THE_5TH_FINGER	HP_APLASIA_HYPOPLASIA_OF_THE_PHALANGES_OF_THE_5TH_FINGER		17	0.63851136	1.193957	0.25852272	0.89405006	1.0	1251	tags=29%, list=12%, signal=33%	
GOBP_REGULATION_OF_MUSCLE_CONTRACTION	GOBP_REGULATION_OF_MUSCLE_CONTRACTION		56	0.55605805	1.1939261	0.22593068	0.8933567	1.0	1023	tags=25%, list=10%, signal=28%	
HP_BRONCHOMALACIA	HP_BRONCHOMALACIA		15	0.6390912	1.1938679	0.25824177	0.89278805	1.0	1612	tags=33%, list=15%, signal=39%	
GOCC_I_BAND	GOCC_I_BAND		51	0.55386287	1.1933631	0.21947874	0.89437115	1.0	1974	tags=22%, list=19%, signal=26%	
GOBP_STRESS_GRANULE_ASSEMBLY	GOBP_STRESS_GRANULE_ASSEMBLY		25	0.6044069	1.1930672	0.24861878	0.89493257	1.0	988	tags=12%, list=9%, signal=13%	
HP_LEUKOENCEPHALOPATHY	HP_LEUKOENCEPHALOPATHY		162	0.48954153	1.1930113	0.1521197	0.894347	1.0	1160	tags=17%, list=11%, signal=19%	
GOBP_PROTEASOMAL_UBIQUITIN_INDEPENDENT_PROTEIN_CATABOLIC_PROCESS	GOBP_PROTEASOMAL_UBIQUITIN_INDEPENDENT_PROTEIN_CATABOLIC_PROCESS		16	0.6376904	1.1930053	0.2601626	0.8935295	1.0	2237	tags=50%, list=21%, signal=64%	
HP_HEADACHE	HP_HEADACHE		200	0.4831125	1.1927751	0.14845605	0.8937261	1.0	1056	tags=15%, list=10%, signal=16%	
GOMF_TAU_PROTEIN_BINDING	GOMF_TAU_PROTEIN_BINDING		27	0.60156816	1.1925372	0.25698325	0.8939783	1.0	213	tags=7%, list=2%, signal=8%	
GOBP_INTERFERON_BETA_PRODUCTION	GOBP_INTERFERON_BETA_PRODUCTION		51	0.55805147	1.1923428	0.23333333	0.8941083	1.0	1291	tags=18%, list=12%, signal=20%	
GOBP_POSITIVE_REGULATION_OF_PROTEIN_IMPORT_INTO_NUCLEUS	GOBP_POSITIVE_REGULATION_OF_PROTEIN_IMPORT_INTO_NUCLEUS		24	0.5987154	1.1921023	0.27310345	0.89441144	1.0	961	tags=25%, list=9%, signal=27%	
GOMF_COPPER_ION_BINDING	GOMF_COPPER_ION_BINDING		24	0.6123925	1.1920823	0.2539007	0.89367014	1.0	2212	tags=42%, list=21%, signal=53%	
GOCC_CATALYTIC_STEP_1_SPLICEOSOME	GOCC_CATALYTIC_STEP_1_SPLICEOSOME		51	0.5469368	1.1918312	0.22540984	0.8940427	1.0	1570	tags=31%, list=15%, signal=37%	
HP_APLASIA_HYPOPLASIA_OF_THE_PHALANGES_OF_THE_THUMB	HP_APLASIA_HYPOPLASIA_OF_THE_PHALANGES_OF_THE_THUMB		25	0.60418946	1.1916789	0.25	0.89391494	1.0	1693	tags=40%, list=16%, signal=48%	
GOBP_INTRINSIC_APOPTOTIC_SIGNALING_PATHWAY_IN_RESPONSE_TO_DNA_DAMAGE_BY_P53_CLASS_MEDIATOR	GOBP_INTRINSIC_APOPTOTIC_SIGNALING_PATHWAY_IN_RESPONSE_TO_DNA_DAMAGE_BY_P53_CLASS_MEDIATOR		36	0.57068586	1.1916779	0.24797843	0.89307976	1.0	709	tags=19%, list=7%, signal=21%	
GOBP_POSITIVE_REGULATION_OF_CELL_GROWTH	GOBP_POSITIVE_REGULATION_OF_CELL_GROWTH		73	0.53227115	1.1913602	0.2068528	0.89372784	1.0	2212	tags=33%, list=21%, signal=41%	
HP_GONADAL_DYSGENESIS	HP_GONADAL_DYSGENESIS		19	0.6241606	1.1909528	0.26105565	0.89488834	1.0	2967	tags=47%, list=28%, signal=66%	
GOBP_REGULATION_OF_DNA_TEMPLATED_DNA_REPLICATION	GOBP_REGULATION_OF_DNA_TEMPLATED_DNA_REPLICATION		43	0.5593138	1.1907957	0.23128343	0.8947747	1.0	1089	tags=23%, list=10%, signal=26%	
HP_CARDIAC_CONDUCTION_ABNORMALITY	HP_CARDIAC_CONDUCTION_ABNORMALITY		81	0.5172441	1.1905318	0.19041614	0.8952235	1.0	922	tags=22%, list=9%, signal=24%	
GOBP_POSITIVE_REGULATION_OF_OSSIFICATION	GOBP_POSITIVE_REGULATION_OF_OSSIFICATION		25	0.5987586	1.1903343	0.25706595	0.8952931	1.0	1989	tags=40%, list=19%, signal=49%	
HP_SPEECH_APRAXIA	HP_SPEECH_APRAXIA		21	0.61001086	1.1901714	0.26206896	0.8952262	1.0	68	tags=5%, list=1%, signal=5%	
GOCC_TRANSPORT_VESICLE	GOCC_TRANSPORT_VESICLE		257	0.47177073	1.1900094	0.14269006	0.8951927	1.0	1566	tags=17%, list=15%, signal=20%	
GOBP_POSITIVE_REGULATION_OF_CELL_ACTIVATION	GOBP_POSITIVE_REGULATION_OF_CELL_ACTIVATION		233	0.47258797	1.1899109	0.15758294	0.8948324	1.0	1324	tags=24%, list=13%, signal=27%	
GOBP_POSITIVE_REGULATION_OF_ERAD_PATHWAY	GOBP_POSITIVE_REGULATION_OF_ERAD_PATHWAY		15	0.6461872	1.1898354	0.27134988	0.894337	1.0	874	tags=20%, list=8%, signal=22%	
GOBP_HISTONE_MRNA_METABOLIC_PROCESS	GOBP_HISTONE_MRNA_METABOLIC_PROCESS		25	0.6061116	1.189828	0.26264045	0.89353555	1.0	1158	tags=28%, list=11%, signal=31%	
HP_FRONTAL_UPSWEEP_OF_HAIR	HP_FRONTAL_UPSWEEP_OF_HAIR		16	0.64948046	1.1897453	0.26551226	0.89309794	1.0	912	tags=31%, list=9%, signal=34%	
HP_HYPERHIDROSIS	HP_HYPERHIDROSIS		85	0.5269369	1.1895167	0.20492867	0.893307	1.0	1095	tags=20%, list=10%, signal=22%	
GOBP_REGULATION_OF_NITRIC_OXIDE_METABOLIC_PROCESS	GOBP_REGULATION_OF_NITRIC_OXIDE_METABOLIC_PROCESS		40	0.56289476	1.1893994	0.25699067	0.89304227	1.0	308	tags=10%, list=3%, signal=10%	
GOBP_UNSATURATED_FATTY_ACID_BIOSYNTHETIC_PROCESS	GOBP_UNSATURATED_FATTY_ACID_BIOSYNTHETIC_PROCESS		29	0.587272	1.1893368	0.25672042	0.8925086	1.0	475	tags=14%, list=5%, signal=14%	
GOCC_MULTIVESICULAR_BODY	GOCC_MULTIVESICULAR_BODY		32	0.58844876	1.1887817	0.24689655	0.8943018	1.0	575	tags=19%, list=6%, signal=20%	
GOBP_CELL_CHEMOTAXIS	GOBP_CELL_CHEMOTAXIS		147	0.49937087	1.1886307	0.17597087	0.8942068	1.0	587	tags=18%, list=6%, signal=19%	
GOBP_NEGATIVE_REGULATION_OF_PROTEASOMAL_UBIQUITIN_DEPENDENT_PROTEIN_CATABOLIC_PROCESS	GOBP_NEGATIVE_REGULATION_OF_PROTEASOMAL_UBIQUITIN_DEPENDENT_PROTEIN_CATABOLIC_PROCESS		27	0.59337044	1.1884854	0.24369748	0.8940455	1.0	1432	tags=33%, list=14%, signal=39%	
GOBP_GLUTAMATE_RECEPTOR_SIGNALING_PATHWAY	GOBP_GLUTAMATE_RECEPTOR_SIGNALING_PATHWAY		21	0.60666835	1.1874158	0.2503536	0.89838326	1.0	777	tags=19%, list=7%, signal=21%	
GOBP_REGULATION_OF_DEVELOPMENTAL_GROWTH	GOBP_REGULATION_OF_DEVELOPMENTAL_GROWTH		129	0.49790522	1.1872492	0.18004866	0.8983707	1.0	1833	tags=28%, list=18%, signal=33%	
GOBP_RESPONSE_TO_INTERLEUKIN_6	GOBP_RESPONSE_TO_INTERLEUKIN_6		22	0.61471564	1.1871744	0.25662482	0.8978936	1.0	1103	tags=32%, list=11%, signal=36%	
HP_ABNORMAL_AORTIC_MORPHOLOGY	HP_ABNORMAL_AORTIC_MORPHOLOGY		241	0.47274637	1.187146	0.14648212	0.89719796	1.0	970	tags=16%, list=9%, signal=17%	
GOCC_TRANSPORT_VESICLE_MEMBRANE	GOCC_TRANSPORT_VESICLE_MEMBRANE		128	0.49970952	1.1870952	0.18905473	0.8965983	1.0	1566	tags=21%, list=15%, signal=25%	
GOBP_NUCLEAR_TRANSCRIBED_MRNA_CATABOLIC_PROCESS_DEADENYLATION_DEPENDENT_DECAY	GOBP_NUCLEAR_TRANSCRIBED_MRNA_CATABOLIC_PROCESS_DEADENYLATION_DEPENDENT_DECAY		50	0.555745	1.1866547	0.23740053	0.89776284	1.0	1844	tags=36%, list=18%, signal=44%	
HP_CLEFT_UPPER_LIP	HP_CLEFT_UPPER_LIP		83	0.5287093	1.1865914	0.21568628	0.8972449	1.0	1456	tags=16%, list=14%, signal=18%	
HP_ABNORMAL_CIRCULATING_MONOCARBOXYLIC_ACID_CONCENTRATION	HP_ABNORMAL_CIRCULATING_MONOCARBOXYLIC_ACID_CONCENTRATION		87	0.51568264	1.186226	0.20659062	0.8982038	1.0	2055	tags=29%, list=20%, signal=35%	
GOCC_PROTEASOME_STORAGE_GRANULE	GOCC_PROTEASOME_STORAGE_GRANULE		17	0.6438714	1.1853149	0.28368795	0.9016833	1.0	2237	tags=59%, list=21%, signal=75%	
GOBP_POSITIVE_REGULATION_OF_DNA_RECOMBINATION	GOBP_POSITIVE_REGULATION_OF_DNA_RECOMBINATION		56	0.541298	1.1850595	0.22883599	0.9020801	1.0	1456	tags=20%, list=14%, signal=23%	
GOBP_RIBONUCLEOTIDE_CATABOLIC_PROCESS	GOBP_RIBONUCLEOTIDE_CATABOLIC_PROCESS		86	0.52165383	1.1849345	0.18619792	0.90183127	1.0	753	tags=9%, list=7%, signal=10%	
HP_SPARSE_LATERAL_EYEBROW	HP_SPARSE_LATERAL_EYEBROW		19	0.6121776	1.1848612	0.27197802	0.90133286	1.0	1326	tags=32%, list=13%, signal=36%	
GOBP_AMYLOID_PRECURSOR_PROTEIN_METABOLIC_PROCESS	GOBP_AMYLOID_PRECURSOR_PROTEIN_METABOLIC_PROCESS		49	0.5539646	1.1847892	0.22266667	0.9008421	1.0	747	tags=14%, list=7%, signal=15%	
HP_EMBRYONAL_NEOPLASM	HP_EMBRYONAL_NEOPLASM		45	0.564331	1.184719	0.22520107	0.90035474	1.0	2295	tags=38%, list=22%, signal=48%	
GOBP_MITOCHONDRIAL_CALCIUM_ION_HOMEOSTASIS	GOBP_MITOCHONDRIAL_CALCIUM_ION_HOMEOSTASIS		16	0.6347079	1.1844803	0.27698863	0.9006101	1.0	839	tags=19%, list=8%, signal=20%	
HP_CONGESTIVE_HEART_FAILURE	HP_CONGESTIVE_HEART_FAILURE		141	0.49438098	1.184362	0.16730523	0.9003716	1.0	797	tags=13%, list=8%, signal=14%	
GOBP_LEARNING	GOBP_LEARNING		67	0.5330297	1.1842211	0.25097024	0.9002212	1.0	1666	tags=24%, list=16%, signal=28%	
GOCC_EXTRINSIC_COMPONENT_OF_PLASMA_MEMBRANE	GOCC_EXTRINSIC_COMPONENT_OF_PLASMA_MEMBRANE		35	0.5829468	1.1841892	0.25033113	0.8995622	1.0	1693	tags=29%, list=16%, signal=34%	
GOBP_PROTEIN_LOCALIZATION_TO_CHROMOSOME_CENTROMERIC_REGION	GOBP_PROTEIN_LOCALIZATION_TO_CHROMOSOME_CENTROMERIC_REGION		20	0.6315001	1.1838164	0.26122448	0.90049654	1.0	3076	tags=55%, list=29%, signal=78%	
GOBP_REGULATION_OF_MYELINATION	GOBP_REGULATION_OF_MYELINATION		22	0.6171632	1.1837972	0.260631	0.8997701	1.0	840	tags=18%, list=8%, signal=20%	
HP_RETROGNATHIA	HP_RETROGNATHIA		238	0.47570118	1.1837734	0.15839243	0.8990661	1.0	1559	tags=19%, list=15%, signal=22%	
GOCC_CYTOPLASMIC_MICROTUBULE	GOCC_CYTOPLASMIC_MICROTUBULE		45	0.5663446	1.1832628	0.23968042	0.9006322	1.0	2028	tags=27%, list=19%, signal=33%	
GOBP_MITOCHONDRIAL_OUTER_MEMBRANE_PERMEABILIZATION	GOBP_MITOCHONDRIAL_OUTER_MEMBRANE_PERMEABILIZATION		21	0.60852057	1.1827142	0.27272728	0.90239054	1.0	1786	tags=43%, list=17%, signal=52%	
GOCC_NUCLEAR_UBIQUITIN_LIGASE_COMPLEX	GOCC_NUCLEAR_UBIQUITIN_LIGASE_COMPLEX		45	0.56106883	1.1820849	0.2388664	0.90451777	1.0	2698	tags=42%, list=26%, signal=57%	
GOBP_REGULATION_OF_MITOTIC_CELL_CYCLE	GOBP_REGULATION_OF_MITOTIC_CELL_CYCLE		360	0.45657292	1.182052	0.10852713	0.9038457	1.0	1342	tags=17%, list=13%, signal=19%	
GOCC_INNER_MITOCHONDRIAL_MEMBRANE_PROTEIN_COMPLEX	GOCC_INNER_MITOCHONDRIAL_MEMBRANE_PROTEIN_COMPLEX		47	0.5650149	1.1816801	0.23759791	0.90477496	1.0	3332	tags=45%, list=32%, signal=65%	
GOBP_HOMOLOGOUS_RECOMBINATION	GOBP_HOMOLOGOUS_RECOMBINATION		44	0.5643986	1.181566	0.22849463	0.90452826	1.0	2956	tags=45%, list=28%, signal=63%	
HP_HYPOPLASTIC_FEMALE_EXTERNAL_GENITALIA	HP_HYPOPLASTIC_FEMALE_EXTERNAL_GENITALIA		37	0.57060087	1.1814476	0.24932614	0.9042891	1.0	1612	tags=24%, list=15%, signal=29%	
GOBP_REGULATION_OF_EPITHELIAL_CELL_PROLIFERATION	GOBP_REGULATION_OF_EPITHELIAL_CELL_PROLIFERATION		144	0.49372727	1.1812168	0.1990232	0.90455663	1.0	675	tags=15%, list=6%, signal=15%	
GOBP_ACTION_POTENTIAL	GOBP_ACTION_POTENTIAL		46	0.55657667	1.1809622	0.25500667	0.9049205	1.0	1154	tags=30%, list=11%, signal=34%	
HP_ABNORMAL_PULMONARY_INTERSTITIAL_MORPHOLOGY	HP_ABNORMAL_PULMONARY_INTERSTITIAL_MORPHOLOGY		87	0.51499707	1.1807792	0.22451612	0.90496755	1.0	865	tags=14%, list=8%, signal=15%	
GOBP_NUCLEAR_CHROMOSOME_SEGREGATION	GOBP_NUCLEAR_CHROMOSOME_SEGREGATION		239	0.47265264	1.1805779	0.1590106	0.90511024	1.0	2162	tags=31%, list=21%, signal=38%	
GOBP_REGULATION_OF_NERVOUS_SYSTEM_PROCESS	GOBP_REGULATION_OF_NERVOUS_SYSTEM_PROCESS		35	0.5830983	1.1804345	0.25338754	0.90497255	1.0	840	tags=20%, list=8%, signal=22%	
HP_DEMENTIA	HP_DEMENTIA		140	0.49535325	1.1804295	0.19506173	0.90418136	1.0	503	tags=12%, list=5%, signal=13%	
GOMF_ENZYME_ACTIVATOR_ACTIVITY	GOMF_ENZYME_ACTIVATOR_ACTIVITY		411	0.452941	1.1801065	0.12173913	0.9048861	1.0	888	tags=11%, list=9%, signal=12%	
GOBP_LEARNING_OR_MEMORY	GOBP_LEARNING_OR_MEMORY		128	0.49656865	1.1798344	0.20024876	0.90530026	1.0	1121	tags=15%, list=11%, signal=16%	
HP_HYPOPLASIA_OF_THE_IRIS	HP_HYPOPLASIA_OF_THE_IRIS		16	0.63486224	1.1796303	0.2825175	0.90542084	1.0	1856	tags=31%, list=18%, signal=38%	
HP_BILATERAL_SENSORINEURAL_HEARING_IMPAIRMENT	HP_BILATERAL_SENSORINEURAL_HEARING_IMPAIRMENT		40	0.555399	1.1795827	0.2451613	0.90483373	1.0	635	tags=18%, list=6%, signal=19%	
GOBP_POSITIVE_REGULATION_OF_MAPK_CASCADE	GOBP_POSITIVE_REGULATION_OF_MAPK_CASCADE		211	0.48099008	1.1795814	0.15232559	0.9040345	1.0	889	tags=13%, list=9%, signal=14%	
HP_HYPERTROPHIC_CARDIOMYOPATHY	HP_HYPERTROPHIC_CARDIOMYOPATHY		186	0.48333725	1.1793479	0.16847172	0.9043364	1.0	1773	tags=25%, list=17%, signal=29%	
GOBP_REACTIVE_OXYGEN_SPECIES_METABOLIC_PROCESS	GOBP_REACTIVE_OXYGEN_SPECIES_METABOLIC_PROCESS		139	0.49892431	1.1786966	0.18711276	0.9065606	1.0	1346	tags=24%, list=13%, signal=28%	
GOBP_POSITIVE_REGULATION_OF_SMAD_PROTEIN_SIGNAL_TRANSDUCTION	GOBP_POSITIVE_REGULATION_OF_SMAD_PROTEIN_SIGNAL_TRANSDUCTION		17	0.62971246	1.1781317	0.26344085	0.9084146	1.0	2547	tags=47%, list=24%, signal=62%	
GOBP_HISTONE_MRNA_CATABOLIC_PROCESS	GOBP_HISTONE_MRNA_CATABOLIC_PROCESS		21	0.60605496	1.1779923	0.28085107	0.9082482	1.0	1158	tags=29%, list=11%, signal=32%	
GOBP_NEGATIVE_REGULATION_OF_RESPONSE_TO_EXTERNAL_STIMULUS	GOBP_NEGATIVE_REGULATION_OF_RESPONSE_TO_EXTERNAL_STIMULUS		219	0.47012395	1.1778272	0.15795724	0.9082004	1.0	1023	tags=18%, list=10%, signal=19%	
HP_ABNORMALITY_OF_THE_PERIORBITAL_REGION	HP_ABNORMALITY_OF_THE_PERIORBITAL_REGION		154	0.48979637	1.1776772	0.18081181	0.9080686	1.0	1719	tags=19%, list=16%, signal=22%	
HP_FACIAL_HYPERTRICHOSIS	HP_FACIAL_HYPERTRICHOSIS		137	0.49644986	1.1771609	0.19472362	0.90969306	1.0	1610	tags=21%, list=15%, signal=25%	
GOBP_PROTEIN_LOCALIZATION_TO_CELL_JUNCTION	GOBP_PROTEIN_LOCALIZATION_TO_CELL_JUNCTION		55	0.5430589	1.1770695	0.23828648	0.9093286	1.0	225	tags=5%, list=2%, signal=6%	
GOBP_EAR_DEVELOPMENT	GOBP_EAR_DEVELOPMENT		78	0.5172625	1.1769258	0.21212122	0.90921164	1.0	1865	tags=32%, list=18%, signal=39%	
HP_ELEVATED_LACTATE_PYRUVATE_RATIO	HP_ELEVATED_LACTATE_PYRUVATE_RATIO		15	0.63501126	1.1764997	0.27198917	0.9103845	1.0	3136	tags=60%, list=30%, signal=86%	
GOCC_MICROVILLUS	GOCC_MICROVILLUS		38	0.5695103	1.1764646	0.2537112	0.90975	1.0	1622	tags=26%, list=16%, signal=31%	
GOBP_GENERATION_OF_PRECURSOR_METABOLITES_AND_ENERGY	GOBP_GENERATION_OF_PRECURSOR_METABOLITES_AND_ENERGY		296	0.46088967	1.1761903	0.14802259	0.91023684	1.0	1143	tags=18%, list=11%, signal=19%	
GOBP_ENDOLYSOSOMAL_TOLL_LIKE_RECEPTOR_SIGNALING_PATHWAY	GOBP_ENDOLYSOSOMAL_TOLL_LIKE_RECEPTOR_SIGNALING_PATHWAY		31	0.5880638	1.1760886	0.26344085	0.9099315	1.0	612	tags=13%, list=6%, signal=14%	
GOBP_IMPORT_ACROSS_PLASMA_MEMBRANE	GOBP_IMPORT_ACROSS_PLASMA_MEMBRANE		87	0.5121617	1.1759623	0.19607843	0.90971667	1.0	1439	tags=17%, list=14%, signal=20%	
HP_IMPAIRED_MASTICATION	HP_IMPAIRED_MASTICATION		24	0.59811646	1.1758235	0.2554054	0.90953106	1.0	797	tags=29%, list=8%, signal=32%	
GOBP_MATURATION_OF_5_8S_RRNA_FROM_TRICISTRONIC_RRNA_TRANSCRIPT_SSU_RRNA_5_8S_RRNA_LSU_RRNA	GOBP_MATURATION_OF_5_8S_RRNA_FROM_TRICISTRONIC_RRNA_TRANSCRIPT_SSU_RRNA_5_8S_RRNA_LSU_RRNA		27	0.58625406	1.1757219	0.25616437	0.9092132	1.0	3846	tags=70%, list=37%, signal=111%	
GOBP_NUCLEAR_TRANSCRIBED_MRNA_CATABOLIC_PROCESS	GOBP_NUCLEAR_TRANSCRIBED_MRNA_CATABOLIC_PROCESS		112	0.50537777	1.1755618	0.1969697	0.90912825	1.0	1388	tags=27%, list=13%, signal=31%	
GOBP_MAPK_CASCADE	GOBP_MAPK_CASCADE		379	0.4508664	1.1755507	0.13925439	0.9083933	1.0	1346	tags=16%, list=13%, signal=18%	
GOBP_PROTEOGLYCAN_BIOSYNTHETIC_PROCESS	GOBP_PROTEOGLYCAN_BIOSYNTHETIC_PROCESS		45	0.5592498	1.175427	0.24671917	0.9081609	1.0	2167	tags=24%, list=21%, signal=31%	
GOBP_AMYLOID_PRECURSOR_PROTEIN_CATABOLIC_PROCESS	GOBP_AMYLOID_PRECURSOR_PROTEIN_CATABOLIC_PROCESS		39	0.5564256	1.1753427	0.23866667	0.9077603	1.0	583	tags=10%, list=6%, signal=11%	
HP_ABSENT_EARLOBE	HP_ABSENT_EARLOBE		19	0.6199293	1.1752598	0.27486187	0.907339	1.0	2367	tags=26%, list=23%, signal=34%	
HP_OLIGODONTIA	HP_OLIGODONTIA		34	0.56965464	1.1751497	0.25637585	0.90705305	1.0	1474	tags=29%, list=14%, signal=34%	
GOBP_PROTEIN_O_LINKED_GLYCOSYLATION_VIA_XYLOSE	GOBP_PROTEIN_O_LINKED_GLYCOSYLATION_VIA_XYLOSE		34	0.5798868	1.1750801	0.25679347	0.9066036	1.0	1990	tags=21%, list=19%, signal=25%	
GOMF_STEROID_BINDING	GOMF_STEROID_BINDING		54	0.5425897	1.1750759	0.2356021	0.90582734	1.0	991	tags=11%, list=9%, signal=12%	
GOMF_RNA_POLYMERASE_BINDING	GOMF_RNA_POLYMERASE_BINDING		44	0.55300355	1.1750299	0.2699468	0.9052371	1.0	1236	tags=20%, list=12%, signal=23%	
GOBP_POSITIVE_REGULATION_OF_JNK_CASCADE	GOBP_POSITIVE_REGULATION_OF_JNK_CASCADE		55	0.5455515	1.1750244	0.2423841	0.9044719	1.0	44	tags=4%, list=0%, signal=4%	
HP_MENINGITIS	HP_MENINGITIS		44	0.55212986	1.1747901	0.25396827	0.9047191	1.0	1052	tags=25%, list=10%, signal=28%	
HP_ABNORMALITY_OF_THE_DIAPHRAGM	HP_ABNORMALITY_OF_THE_DIAPHRAGM		63	0.5276074	1.1740052	0.2393617	0.90748835	1.0	1456	tags=21%, list=14%, signal=24%	
GOBP_MORPHOGENESIS_OF_AN_EPITHELIUM	GOBP_MORPHOGENESIS_OF_AN_EPITHELIUM		213	0.4720226	1.1739129	0.18941176	0.9071328	1.0	832	tags=9%, list=8%, signal=10%	
HP_AGENESIS_OF_CORPUS_CALLOSUM	HP_AGENESIS_OF_CORPUS_CALLOSUM		214	0.47396687	1.1738515	0.17577197	0.90661246	1.0	2411	tags=28%, list=23%, signal=36%	
HP_UVEITIS	HP_UVEITIS		37	0.5711674	1.17346	0.24598931	0.90762734	1.0	824	tags=22%, list=8%, signal=23%	
GOBP_RESPONSE_TO_ALCOHOL	GOBP_RESPONSE_TO_ALCOHOL		137	0.49372232	1.172743	0.19378883	0.9101438	1.0	1319	tags=22%, list=13%, signal=25%	
GOBP_CELL_SUBSTRATE_JUNCTION_ORGANIZATION	GOBP_CELL_SUBSTRATE_JUNCTION_ORGANIZATION		59	0.5375113	1.1726736	0.24066924	0.90966296	1.0	1918	tags=36%, list=18%, signal=43%	
HP_URINARY_URGENCY	HP_URINARY_URGENCY		33	0.57255703	1.172613	0.26287264	0.90914476	1.0	503	tags=15%, list=5%, signal=16%	
GOBP_POSITIVE_REGULATION_OF_DEVELOPMENTAL_GROWTH	GOBP_POSITIVE_REGULATION_OF_DEVELOPMENTAL_GROWTH		66	0.53126514	1.1720654	0.22879177	0.9108903	1.0	709	tags=18%, list=7%, signal=19%	
GOBP_REGULATION_OF_HEMATOPOIETIC_PROGENITOR_CELL_DIFFERENTIATION	GOBP_REGULATION_OF_HEMATOPOIETIC_PROGENITOR_CELL_DIFFERENTIATION		29	0.5758114	1.171933	0.27123287	0.9107134	1.0	338	tags=10%, list=3%, signal=11%	
GOBP_REGULATION_OF_NEUROTRANSMITTER_RECEPTOR_ACTIVITY	GOBP_REGULATION_OF_NEUROTRANSMITTER_RECEPTOR_ACTIVITY		19	0.6033795	1.1716536	0.27642277	0.91127443	1.0	2851	tags=42%, list=27%, signal=58%	
HP_ERYTHROID_HYPERPLASIA	HP_ERYTHROID_HYPERPLASIA		15	0.63769215	1.1711754	0.28592375	0.9127663	1.0	24	tags=7%, list=0%, signal=7%	
GOCC_REPLICATION_FORK	GOCC_REPLICATION_FORK		59	0.53625524	1.1710813	0.22679046	0.9123993	1.0	2598	tags=41%, list=25%, signal=54%	
GOBP_REGULATION_OF_TRANSCRIPTION_BY_RNA_POLYMERASE_I	GOBP_REGULATION_OF_TRANSCRIPTION_BY_RNA_POLYMERASE_I		31	0.5821761	1.1710335	0.25699067	0.9118463	1.0	1357	tags=26%, list=13%, signal=30%	
GOBP_PROSTANOID_METABOLIC_PROCESS	GOBP_PROSTANOID_METABOLIC_PROCESS		25	0.6001789	1.1709555	0.27208975	0.9114229	1.0	1834	tags=32%, list=18%, signal=39%	
GOBP_MULTICELLULAR_ORGANISMAL_REPRODUCTIVE_PROCESS	GOBP_MULTICELLULAR_ORGANISMAL_REPRODUCTIVE_PROCESS		466	0.44711992	1.1707209	0.14193548	0.9117257	1.0	1159	tags=18%, list=11%, signal=19%	
GOBP_CELLULAR_RESPONSE_TO_HEAT	GOBP_CELLULAR_RESPONSE_TO_HEAT		44	0.55774915	1.1706285	0.26412615	0.911342	1.0	1974	tags=32%, list=19%, signal=39%	
GOMF_TRANSITION_METAL_ION_TRANSMEMBRANE_TRANSPORTER_ACTIVITY	GOMF_TRANSITION_METAL_ION_TRANSMEMBRANE_TRANSPORTER_ACTIVITY		29	0.58806825	1.1703533	0.28240108	0.9118403	1.0	2365	tags=38%, list=23%, signal=49%	
GOCC_CUL4B_RING_E3_UBIQUITIN_LIGASE_COMPLEX	GOCC_CUL4B_RING_E3_UBIQUITIN_LIGASE_COMPLEX		19	0.6166985	1.170305	0.28374657	0.9112842	1.0	905	tags=21%, list=9%, signal=23%	
GOBP_CELL_SURFACE_RECEPTOR_SIGNALING_PATHWAY_VIA_STAT	GOBP_CELL_SURFACE_RECEPTOR_SIGNALING_PATHWAY_VIA_STAT		87	0.5195203	1.1702039	0.22946545	0.91097903	1.0	1074	tags=17%, list=10%, signal=19%	
HP_ABNORMALITY_OF_UPPER_LIP_VERMILLION	HP_ABNORMALITY_OF_UPPER_LIP_VERMILLION		286	0.46014404	1.1695116	0.14334086	0.91329896	1.0	2307	tags=30%, list=22%, signal=38%	
HP_ABNORMAL_CARDIAC_ATRIUM_MORPHOLOGY	HP_ABNORMAL_CARDIAC_ATRIUM_MORPHOLOGY		345	0.45436653	1.1694595	0.14333333	0.91275626	1.0	1626	tags=21%, list=16%, signal=24%	
GOMF_TRANSCRIPTION_COACTIVATOR_BINDING	GOMF_TRANSCRIPTION_COACTIVATOR_BINDING		33	0.5721216	1.1693231	0.2606952	0.9126485	1.0	1121	tags=24%, list=11%, signal=27%	
GOBP_CHONDROCYTE_DIFFERENTIATION	GOBP_CHONDROCYTE_DIFFERENTIATION		49	0.54209006	1.1690527	0.24473684	0.91312844	1.0	2146	tags=43%, list=21%, signal=54%	
GOCC_CELL_SUBSTRATE_JUNCTION	GOCC_CELL_SUBSTRATE_JUNCTION		266	0.46191224	1.1686281	0.1700118	0.9143053	1.0	873	tags=20%, list=8%, signal=21%	
GOBP_REGULATION_OF_TYPE_2_IMMUNE_RESPONSE	GOBP_REGULATION_OF_TYPE_2_IMMUNE_RESPONSE		20	0.61337525	1.1682895	0.29760227	0.9149923	1.0	1115	tags=30%, list=11%, signal=34%	
HP_ABNORMAL_NEPHRON_MORPHOLOGY	HP_ABNORMAL_NEPHRON_MORPHOLOGY		163	0.4820727	1.1680075	0.19221698	0.91548914	1.0	983	tags=15%, list=9%, signal=16%	
GOMF_VOLTAGE_GATED_CHANNEL_ACTIVITY	GOMF_VOLTAGE_GATED_CHANNEL_ACTIVITY		32	0.5746172	1.1678926	0.2580645	0.91522086	1.0	512	tags=16%, list=5%, signal=16%	
GOBP_PSEUDOURIDINE_SYNTHESIS	GOBP_PSEUDOURIDINE_SYNTHESIS		17	0.6256174	1.1678016	0.28531468	0.9148872	1.0	1470	tags=24%, list=14%, signal=27%	
GOBP_APOPTOTIC_CELL_CLEARANCE	GOBP_APOPTOTIC_CELL_CLEARANCE		24	0.5920145	1.1674885	0.28867403	0.9155552	1.0	421	tags=17%, list=4%, signal=17%	
GOCC_ENDOCYTIC_VESICLE_MEMBRANE	GOCC_ENDOCYTIC_VESICLE_MEMBRANE		125	0.5005111	1.1673913	0.22446406	0.9152109	1.0	852	tags=15%, list=8%, signal=16%	
GOBP_NEGATIVE_REGULATION_OF_TELOMERE_MAINTENANCE_VIA_TELOMERASE	GOBP_NEGATIVE_REGULATION_OF_TELOMERE_MAINTENANCE_VIA_TELOMERASE		18	0.6160297	1.1672256	0.27824858	0.9151728	1.0	91	tags=6%, list=1%, signal=6%	
HP_NEONATAL_HYPOTONIA	HP_NEONATAL_HYPOTONIA		122	0.48586905	1.166571	0.2039312	0.9174822	1.0	2904	tags=34%, list=28%, signal=47%	
GOBP_DENDRITIC_CELL_MIGRATION	GOBP_DENDRITIC_CELL_MIGRATION		21	0.5882965	1.1661919	0.29258242	0.9184581	1.0	318	tags=14%, list=3%, signal=15%	
GOBP_POSITIVE_REGULATION_OF_MYELOID_LEUKOCYTE_CYTOKINE_PRODUCTION_INVOLVED_IN_IMMUNE_RESPONSE	GOBP_POSITIVE_REGULATION_OF_MYELOID_LEUKOCYTE_CYTOKINE_PRODUCTION_INVOLVED_IN_IMMUNE_RESPONSE		17	0.6298932	1.1660218	0.28435373	0.91845065	1.0	995	tags=47%, list=10%, signal=52%	
GOBP_PROTEIN_K48_LINKED_UBIQUITINATION	GOBP_PROTEIN_K48_LINKED_UBIQUITINATION		79	0.51515657	1.1658607	0.23896104	0.91841316	1.0	1284	tags=14%, list=12%, signal=16%	
GOBP_CIRCADIAN_REGULATION_OF_GENE_EXPRESSION	GOBP_CIRCADIAN_REGULATION_OF_GENE_EXPRESSION		37	0.5569707	1.1644204	0.28783783	0.9241497	1.0	848	tags=19%, list=8%, signal=21%	
GOCC_PLASMA_MEMBRANE_RAFT	GOCC_PLASMA_MEMBRANE_RAFT		53	0.5454008	1.1643317	0.24664879	0.9237693	1.0	768	tags=19%, list=7%, signal=20%	
GOCC_ADHERENS_JUNCTION	GOCC_ADHERENS_JUNCTION		87	0.5070456	1.164214	0.23930481	0.923521	1.0	1217	tags=15%, list=12%, signal=17%	
GOBP_POSITIVE_REGULATION_OF_MITOTIC_CELL_CYCLE	GOBP_POSITIVE_REGULATION_OF_MITOTIC_CELL_CYCLE		87	0.509679	1.1640861	0.23929471	0.92337114	1.0	804	tags=13%, list=8%, signal=14%	
GOBP_ADULT_BEHAVIOR	GOBP_ADULT_BEHAVIOR		61	0.52820647	1.1640239	0.23697917	0.92289263	1.0	956	tags=16%, list=9%, signal=18%	
GOBP_PROTEIN_K48_LINKED_DEUBIQUITINATION	GOBP_PROTEIN_K48_LINKED_DEUBIQUITINATION		16	0.63135165	1.1635777	0.30273974	0.92409456	1.0	749	tags=13%, list=7%, signal=13%	
HP_ABNORMAL_SUBARACHNOID_SPACE_MORPHOLOGY	HP_ABNORMAL_SUBARACHNOID_SPACE_MORPHOLOGY		51	0.535951	1.1633579	0.24438573	0.9243303	1.0	604	tags=18%, list=6%, signal=19%	
GOBP_CELL_CELL_ADHESION_MEDIATED_BY_CADHERIN	GOBP_CELL_CELL_ADHESION_MEDIATED_BY_CADHERIN		20	0.6123364	1.1632382	0.29579377	0.924114	1.0	2590	tags=40%, list=25%, signal=53%	
GOBP_LYMPHOCYTE_DIFFERENTIATION	GOBP_LYMPHOCYTE_DIFFERENTIATION		287	0.4552313	1.1630229	0.16400911	0.92430466	1.0	1461	tags=23%, list=14%, signal=26%	
GOBP_POSITIVE_REGULATION_OF_G_PROTEIN_COUPLED_RECEPTOR_SIGNALING_PATHWAY	GOBP_POSITIVE_REGULATION_OF_G_PROTEIN_COUPLED_RECEPTOR_SIGNALING_PATHWAY		15	0.6318934	1.162833	0.2896936	0.9243797	1.0	460	tags=27%, list=4%, signal=28%	
GOCC_ENDONUCLEASE_COMPLEX	GOCC_ENDONUCLEASE_COMPLEX		32	0.5828564	1.1626492	0.28822732	0.92447025	1.0	3550	tags=63%, list=34%, signal=94%	
HP_REDUCED_SOCIAL_RESPONSIVENESS	HP_REDUCED_SOCIAL_RESPONSIVENESS		36	0.5607153	1.162419	0.28201634	0.9247386	1.0	749	tags=14%, list=7%, signal=15%	
GOBP_REGULATION_OF_CELL_CYCLE_PHASE_TRANSITION	GOBP_REGULATION_OF_CELL_CYCLE_PHASE_TRANSITION		322	0.4501674	1.1622559	0.15642458	0.9246887	1.0	2415	tags=30%, list=23%, signal=38%	
GOMF_AMIDE_BINDING	GOMF_AMIDE_BINDING		130	0.49025247	1.1621971	0.2044335	0.92416	1.0	708	tags=15%, list=7%, signal=16%	
GOBP_REGULATION_OF_BMP_SIGNALING_PATHWAY	GOBP_REGULATION_OF_BMP_SIGNALING_PATHWAY		42	0.55182314	1.1618882	0.2486702	0.92476803	1.0	1507	tags=26%, list=14%, signal=30%	
GOCC_ANCHORING_JUNCTION	GOCC_ANCHORING_JUNCTION		441	0.4443548	1.1617367	0.14349277	0.9247411	1.0	1172	tags=20%, list=11%, signal=22%	
GOBP_REGULATION_OF_MULTICELLULAR_ORGANISM_GROWTH	GOBP_REGULATION_OF_MULTICELLULAR_ORGANISM_GROWTH		36	0.55867046	1.1615075	0.275441	0.925053	1.0	1121	tags=22%, list=11%, signal=25%	
GOBP_MULTICELLULAR_ORGANISMAL_LEVEL_HOMEOSTASIS	GOBP_MULTICELLULAR_ORGANISMAL_LEVEL_HOMEOSTASIS		466	0.4441923	1.1614882	0.13903743	0.92436886	1.0	1711	tags=21%, list=16%, signal=24%	
GOCC_ATPASE_COMPLEX	GOCC_ATPASE_COMPLEX		105	0.49712434	1.1614118	0.2158809	0.92395	1.0	2681	tags=38%, list=26%, signal=51%	
HP_ABNORMAL_AUTONOMIC_NERVOUS_SYSTEM_PHYSIOLOGY	HP_ABNORMAL_AUTONOMIC_NERVOUS_SYSTEM_PHYSIOLOGY		61	0.5242853	1.1613234	0.25382653	0.9235424	1.0	884	tags=16%, list=8%, signal=18%	
HP_NEPHROPATHY	HP_NEPHROPATHY		48	0.5388609	1.1612989	0.25357607	0.9228922	1.0	473	tags=15%, list=5%, signal=15%	
GOBP_REGULATION_OF_AMYLOID_PRECURSOR_PROTEIN_CATABOLIC_PROCESS	GOBP_REGULATION_OF_AMYLOID_PRECURSOR_PROTEIN_CATABOLIC_PROCESS		28	0.5800309	1.161125	0.28511822	0.92288965	1.0	583	tags=14%, list=6%, signal=15%	
GOMF_SINGLE_STRANDED_DNA_HELICASE_ACTIVITY	GOMF_SINGLE_STRANDED_DNA_HELICASE_ACTIVITY		21	0.5931911	1.1609669	0.29138166	0.92283845	1.0	2598	tags=48%, list=25%, signal=63%	
GOBP_NEGATIVE_REGULATION_OF_PROTEIN_LOCALIZATION	GOBP_NEGATIVE_REGULATION_OF_PROTEIN_LOCALIZATION		120	0.48993868	1.1608701	0.20024876	0.9225092	1.0	1935	tags=27%, list=19%, signal=32%	
GOMF_POLY_PURINE_TRACT_BINDING	GOMF_POLY_PURINE_TRACT_BINDING		20	0.6029003	1.1607779	0.29577464	0.9221422	1.0	2555	tags=45%, list=24%, signal=59%	
GOBP_THYMIC_T_CELL_SELECTION	GOBP_THYMIC_T_CELL_SELECTION		26	0.58011323	1.1606759	0.2982456	0.92185223	1.0	1680	tags=42%, list=16%, signal=50%	
HP_GENERALIZED_ONSET_MOTOR_SEIZURE	HP_GENERALIZED_ONSET_MOTOR_SEIZURE		119	0.49648207	1.160576	0.21092758	0.92154413	1.0	1072	tags=18%, list=10%, signal=19%	
GOBP_B_CELL_APOPTOTIC_PROCESS	GOBP_B_CELL_APOPTOTIC_PROCESS		18	0.6122438	1.1602848	0.29711142	0.9221235	1.0	824	tags=22%, list=8%, signal=24%	
GOCC_SPINDLE_POLE	GOCC_SPINDLE_POLE		134	0.48680642	1.1599743	0.22835633	0.9227632	1.0	2888	tags=38%, list=28%, signal=52%	
GOBP_POSITIVE_REGULATION_OF_CELL_CYCLE_G2_M_PHASE_TRANSITION	GOBP_POSITIVE_REGULATION_OF_CELL_CYCLE_G2_M_PHASE_TRANSITION		21	0.59634215	1.1598737	0.29624477	0.92247456	1.0	1825	tags=33%, list=17%, signal=40%	
GOBP_REGULATION_OF_CELLULAR_RESPIRATION	GOBP_REGULATION_OF_CELLULAR_RESPIRATION		30	0.5824215	1.1598296	0.29526463	0.92191625	1.0	1187	tags=17%, list=11%, signal=19%	
GOBP_CD8_POSITIVE_ALPHA_BETA_T_CELL_DIFFERENTIATION	GOBP_CD8_POSITIVE_ALPHA_BETA_T_CELL_DIFFERENTIATION		23	0.58657086	1.1598146	0.28591353	0.92122906	1.0	1785	tags=48%, list=17%, signal=58%	
GOCC_POST_MRNA_RELEASE_SPLICEOSOMAL_COMPLEX	GOCC_POST_MRNA_RELEASE_SPLICEOSOMAL_COMPLEX		29	0.5702302	1.1596321	0.292	0.9212803	1.0	2493	tags=48%, list=24%, signal=63%	
HP_INFECTION_FOLLOWING_LIVE_VACCINATION	HP_INFECTION_FOLLOWING_LIVE_VACCINATION		18	0.61008173	1.159609	0.28230336	0.9206327	1.0	90	tags=6%, list=1%, signal=6%	
GOCC_PROTEASOME_CORE_COMPLEX	GOCC_PROTEASOME_CORE_COMPLEX		15	0.62338823	1.1595999	0.30567083	0.9199122	1.0	3524	tags=80%, list=34%, signal=121%	
GOBP_POSITIVE_REGULATION_OF_CYTOKINE_PRODUCTION_INVOLVED_IN_INFLAMMATORY_RESPONSE	GOBP_POSITIVE_REGULATION_OF_CYTOKINE_PRODUCTION_INVOLVED_IN_INFLAMMATORY_RESPONSE		18	0.6038475	1.1595595	0.3109589	0.9193457	1.0	533	tags=17%, list=5%, signal=18%	
GOBP_REGULATION_OF_WNT_SIGNALING_PATHWAY	GOBP_REGULATION_OF_WNT_SIGNALING_PATHWAY		160	0.48237035	1.1593903	0.21305418	0.9193495	1.0	1680	tags=23%, list=16%, signal=27%	
HP_ABNORMAL_PLATELET_VOLUME	HP_ABNORMAL_PLATELET_VOLUME		20	0.60433	1.1593215	0.28296703	0.9189151	1.0	39	tags=10%, list=0%, signal=10%	
GOMF_PROTEIN_KINASE_A_BINDING	GOMF_PROTEIN_KINASE_A_BINDING		24	0.59045386	1.1590197	0.29506007	0.91952926	1.0	2204	tags=38%, list=21%, signal=47%	
HP_SCOTOMA	HP_SCOTOMA		47	0.5424778	1.1589402	0.25233644	0.91910845	1.0	473	tags=13%, list=5%, signal=13%	
GOBP_RESPONSE_TO_MOLECULE_OF_BACTERIAL_ORIGIN	GOBP_RESPONSE_TO_MOLECULE_OF_BACTERIAL_ORIGIN		199	0.46874276	1.1589346	0.21258907	0.91838366	1.0	877	tags=16%, list=8%, signal=17%	
GOMF_DYNEIN_INTERMEDIATE_CHAIN_BINDING	GOMF_DYNEIN_INTERMEDIATE_CHAIN_BINDING		15	0.62214875	1.1581898	0.30520394	0.9210103	1.0	640	tags=13%, list=6%, signal=14%	
GOBP_HEMATOPOIETIC_STEM_CELL_DIFFERENTIATION	GOBP_HEMATOPOIETIC_STEM_CELL_DIFFERENTIATION		24	0.5892642	1.1581135	0.2859097	0.9206017	1.0	384	tags=17%, list=4%, signal=17%	
GOBP_T_HELPER_17_TYPE_IMMUNE_RESPONSE	GOBP_T_HELPER_17_TYPE_IMMUNE_RESPONSE		46	0.54340583	1.1580864	0.2664042	0.9199648	1.0	1449	tags=28%, list=14%, signal=33%	
GOBP_TELOMERE_MAINTENANCE_IN_RESPONSE_TO_DNA_DAMAGE	GOBP_TELOMERE_MAINTENANCE_IN_RESPONSE_TO_DNA_DAMAGE		23	0.5827091	1.1578002	0.29036826	0.9204688	1.0	1006	tags=22%, list=10%, signal=24%	
GOBP_EPIGENETIC_PROGRAMMING_OF_GENE_EXPRESSION	GOBP_EPIGENETIC_PROGRAMMING_OF_GENE_EXPRESSION		21	0.5979255	1.157762	0.31690142	0.91989803	1.0	1863	tags=33%, list=18%, signal=40%	
HP_SLENDER_LONG_BONE	HP_SLENDER_LONG_BONE		37	0.55953693	1.1575141	0.265252	0.92026514	1.0	2063	tags=30%, list=20%, signal=37%	
HP_EPILEPTIC_SPASM	HP_EPILEPTIC_SPASM		125	0.4957019	1.1571343	0.21375	0.9212204	1.0	983	tags=18%, list=9%, signal=19%	
GOBP_CELLULAR_RESPONSE_TO_VITAMIN	GOBP_CELLULAR_RESPONSE_TO_VITAMIN		15	0.6154594	1.156763	0.3119777	0.9221907	1.0	650	tags=20%, list=6%, signal=21%	
GOBP_CELL_ACTIVATION_INVOLVED_IN_IMMUNE_RESPONSE	GOBP_CELL_ACTIVATION_INVOLVED_IN_IMMUNE_RESPONSE		207	0.46041182	1.1567452	0.1952381	0.9215292	1.0	995	tags=18%, list=10%, signal=20%	
HP_RETINOPATHY	HP_RETINOPATHY		81	0.51304847	1.1565342	0.22721598	0.92171985	1.0	797	tags=15%, list=8%, signal=16%	
HP_ABNORMAL_EYELASH_MORPHOLOGY	HP_ABNORMAL_EYELASH_MORPHOLOGY		174	0.47267833	1.1565315	0.21179302	0.9209865	1.0	1104	tags=19%, list=11%, signal=21%	
HP_CHRONIC_PULMONARY_OBSTRUCTION	HP_CHRONIC_PULMONARY_OBSTRUCTION		20	0.60069364	1.1563998	0.30123797	0.9208352	1.0	350	tags=20%, list=3%, signal=21%	
GOBP_DNA_BIOSYNTHETIC_PROCESS	GOBP_DNA_BIOSYNTHETIC_PROCESS		114	0.48208195	1.1560489	0.22653316	0.92166543	1.0	1102	tags=17%, list=11%, signal=18%	
GOBP_POSITIVE_REGULATION_OF_LYMPHOCYTE_DIFFERENTIATION	GOBP_POSITIVE_REGULATION_OF_LYMPHOCYTE_DIFFERENTIATION		88	0.51104504	1.1560175	0.2342932	0.92106146	1.0	1208	tags=25%, list=12%, signal=28%	
GOBP_WNT_SIGNALING_PATHWAY	GOBP_WNT_SIGNALING_PATHWAY		224	0.4617105	1.155729	0.20092915	0.921646	1.0	1680	tags=21%, list=16%, signal=24%	
HP_HEMIPLEGIA_HEMIPARESIS	HP_HEMIPLEGIA_HEMIPARESIS		125	0.49030283	1.1557183	0.22481573	0.92094785	1.0	741	tags=14%, list=7%, signal=15%	
HP_ABNORMAL_SYSTEMIC_ARTERIAL_MORPHOLOGY	HP_ABNORMAL_SYSTEMIC_ARTERIAL_MORPHOLOGY		331	0.45014247	1.1556662	0.1837655	0.92042273	1.0	970	tags=15%, list=9%, signal=15%	
GOBP_NEGATIVE_REGULATION_OF_NERVOUS_SYSTEM_DEVELOPMENT	GOBP_NEGATIVE_REGULATION_OF_NERVOUS_SYSTEM_DEVELOPMENT		46	0.5486391	1.1556311	0.27044854	0.9198267	1.0	1507	tags=24%, list=14%, signal=28%	
HP_ABNORMAL_VASCULAR_PHYSIOLOGY	HP_ABNORMAL_VASCULAR_PHYSIOLOGY		177	0.46544462	1.155603	0.21942446	0.91921633	1.0	797	tags=13%, list=8%, signal=14%	
GOMF_LIPID_BINDING	GOMF_LIPID_BINDING		433	0.44123033	1.1554676	0.14923747	0.919103	1.0	1268	tags=14%, list=12%, signal=15%	
HP_WIDE_NOSE	HP_WIDE_NOSE		90	0.50257057	1.1554017	0.26041666	0.9186682	1.0	1807	tags=26%, list=17%, signal=31%	
GOBP_ONE_CARBON_METABOLIC_PROCESS	GOBP_ONE_CARBON_METABOLIC_PROCESS		19	0.602794	1.1551325	0.2754821	0.91914076	1.0	2217	tags=42%, list=21%, signal=53%	
HP_HYPOCHROMIC_ANEMIA	HP_HYPOCHROMIC_ANEMIA		39	0.5426494	1.1550914	0.27040815	0.91859096	1.0	2074	tags=33%, list=20%, signal=41%	
GOBP_D_GLUCOSE_IMPORT	GOBP_D_GLUCOSE_IMPORT		46	0.5442002	1.1541549	0.2797858	0.92197925	1.0	1886	tags=30%, list=18%, signal=37%	
GOCC_HISTONE_DEACETYLASE_COMPLEX	GOCC_HISTONE_DEACETYLASE_COMPLEX		58	0.5300892	1.1537766	0.25848565	0.9229354	1.0	1687	tags=22%, list=16%, signal=27%	
HP_WIDE_MOUTH	HP_WIDE_MOUTH		150	0.48148665	1.1531274	0.21463415	0.92509854	1.0	1380	tags=17%, list=13%, signal=20%	
GOBP_ERYTHROCYTE_HOMEOSTASIS	GOBP_ERYTHROCYTE_HOMEOSTASIS		105	0.49458477	1.1529132	0.2553459	0.92531174	1.0	417	tags=10%, list=4%, signal=10%	
GOBP_CHONDROITIN_SULFATE_PROTEOGLYCAN_BIOSYNTHETIC_PROCESS	GOBP_CHONDROITIN_SULFATE_PROTEOGLYCAN_BIOSYNTHETIC_PROCESS		16	0.61496055	1.1529126	0.29902643	0.9245748	1.0	2504	tags=44%, list=24%, signal=57%	
GOMF_TRANSMEMBRANE_RECEPTOR_PROTEIN_KINASE_ACTIVITY	GOMF_TRANSMEMBRANE_RECEPTOR_PROTEIN_KINASE_ACTIVITY		22	0.5938489	1.152742	0.29274964	0.92464095	1.0	2232	tags=45%, list=21%, signal=58%	
GOBP_ALPHA_AMINO_ACID_BIOSYNTHETIC_PROCESS	GOBP_ALPHA_AMINO_ACID_BIOSYNTHETIC_PROCESS		37	0.5468522	1.1527046	0.29226735	0.9240858	1.0	1963	tags=24%, list=19%, signal=30%	
GOBP_POSITIVE_REGULATION_OF_APOPTOTIC_SIGNALING_PATHWAY	GOBP_POSITIVE_REGULATION_OF_APOPTOTIC_SIGNALING_PATHWAY		87	0.50608623	1.1523584	0.26023778	0.92489076	1.0	824	tags=15%, list=8%, signal=16%	
GOBP_CARBOHYDRATE_DERIVATIVE_BIOSYNTHETIC_PROCESS	GOBP_CARBOHYDRATE_DERIVATIVE_BIOSYNTHETIC_PROCESS		394	0.44354033	1.1522048	0.15453528	0.92487156	1.0	1774	tags=21%, list=17%, signal=25%	
GOBP_MITOCHONDRIAL_RNA_METABOLIC_PROCESS	GOBP_MITOCHONDRIAL_RNA_METABOLIC_PROCESS		51	0.5397249	1.1521525	0.25132978	0.9243725	1.0	696	tags=8%, list=7%, signal=8%	
HP_MESOMELIA	HP_MESOMELIA		21	0.59839314	1.1518377	0.29691878	0.9250118	1.0	1559	tags=29%, list=15%, signal=34%	
GOBP_POSITIVE_REGULATION_OF_B_CELL_ACTIVATION	GOBP_POSITIVE_REGULATION_OF_B_CELL_ACTIVATION		53	0.5324114	1.1516198	0.2857143	0.92528415	1.0	410	tags=11%, list=4%, signal=12%	
GOBP_REGULATION_OF_D_GLUCOSE_IMPORT	GOBP_REGULATION_OF_D_GLUCOSE_IMPORT		32	0.5721321	1.151469	0.2897196	0.9251932	1.0	1886	tags=38%, list=18%, signal=46%	
HP_HYPOPLASTIC_LABIA_MAJORA	HP_HYPOPLASTIC_LABIA_MAJORA		22	0.5996535	1.1513723	0.30204082	0.92486894	1.0	1936	tags=32%, list=19%, signal=39%	
GOMF_MOLECULAR_TRANSDUCER_ACTIVITY	GOMF_MOLECULAR_TRANSDUCER_ACTIVITY		374	0.44950992	1.1513501	0.17809735	0.92424506	1.0	1328	tags=19%, list=13%, signal=21%	
HP_ABNORMAL_BRAIN_EVOKED_POTENTIALS	HP_ABNORMAL_BRAIN_EVOKED_POTENTIALS		68	0.5195885	1.1511774	0.26196808	0.92428654	1.0	473	tags=10%, list=5%, signal=11%	
GOBP_SPLICEOSOMAL_CONFORMATIONAL_CHANGES_TO_GENERATE_CATALYTIC_CONFORMATION	GOBP_SPLICEOSOMAL_CONFORMATIONAL_CHANGES_TO_GENERATE_CATALYTIC_CONFORMATION		33	0.5577928	1.1509242	0.2798354	0.9246568	1.0	2585	tags=58%, list=25%, signal=76%	
GOBP_LONG_TERM_SYNAPTIC_POTENTIATION	GOBP_LONG_TERM_SYNAPTIC_POTENTIATION		39	0.5488218	1.1503987	0.29178083	0.92629755	1.0	884	tags=15%, list=8%, signal=17%	
HP_ABNORMAL_TRABECULAR_BONE_MORPHOLOGY	HP_ABNORMAL_TRABECULAR_BONE_MORPHOLOGY		23	0.5992982	1.1501684	0.29257643	0.92655015	1.0	1383	tags=22%, list=13%, signal=25%	
GOBP_REGULATION_OF_INTRINSIC_APOPTOTIC_SIGNALING_PATHWAY_BY_P53_CLASS_MEDIATOR	GOBP_REGULATION_OF_INTRINSIC_APOPTOTIC_SIGNALING_PATHWAY_BY_P53_CLASS_MEDIATOR		25	0.57472575	1.149803	0.26849315	0.9274904	1.0	718	tags=32%, list=7%, signal=34%	
GOBP_SPINDLE_ORGANIZATION	GOBP_SPINDLE_ORGANIZATION		160	0.46831432	1.1492319	0.21824908	0.9292326	1.0	1800	tags=23%, list=17%, signal=28%	
HP_GENERALIZED_MYOCLONIC_SEIZURE	HP_GENERALIZED_MYOCLONIC_SEIZURE		88	0.50680834	1.1492283	0.25291827	0.92851806	1.0	1072	tags=22%, list=10%, signal=24%	
HP_INTESTINAL_MALROTATION	HP_INTESTINAL_MALROTATION		72	0.5052729	1.1490719	0.2515883	0.9284796	1.0	1596	tags=17%, list=15%, signal=20%	
GOBP_GROWTH	GOBP_GROWTH		453	0.43924713	1.1488253	0.16593887	0.9288981	1.0	1701	tags=22%, list=16%, signal=25%	
GOCC_U11_U12_SNRNP	GOCC_U11_U12_SNRNP		20	0.5995835	1.1485192	0.2990127	0.9294441	1.0	1158	tags=35%, list=11%, signal=39%	
GOBP_PROTEINOGENIC_AMINO_ACID_BIOSYNTHETIC_PROCESS	GOBP_PROTEINOGENIC_AMINO_ACID_BIOSYNTHETIC_PROCESS		30	0.57597065	1.1483952	0.30040595	0.92927176	1.0	1963	tags=23%, list=19%, signal=29%	
GOCC_CELL_SURFACE	GOCC_CELL_SURFACE		342	0.44623116	1.1482437	0.17713004	0.92920965	1.0	1009	tags=18%, list=10%, signal=19%	
GOBP_SOMATIC_DIVERSIFICATION_OF_IMMUNE_RECEPTORS	GOBP_SOMATIC_DIVERSIFICATION_OF_IMMUNE_RECEPTORS		58	0.51915705	1.148081	0.27784732	0.9292444	1.0	1456	tags=22%, list=14%, signal=26%	
HP_TRUNCAL_OBESITY	HP_TRUNCAL_OBESITY		53	0.5345451	1.1478403	0.27770534	0.92959017	1.0	2521	tags=32%, list=24%, signal=42%	
GOBP_DETECTION_OF_STIMULUS	GOBP_DETECTION_OF_STIMULUS		78	0.5129512	1.1475891	0.26496816	0.92996013	1.0	1260	tags=19%, list=12%, signal=22%	
GOCC_U12_TYPE_PRECATALYTIC_SPLICEOSOME	GOCC_U12_TYPE_PRECATALYTIC_SPLICEOSOME		31	0.5658919	1.1473643	0.29268292	0.93025035	1.0	2585	tags=58%, list=25%, signal=77%	
GOBP_NEGATIVE_REGULATION_OF_INTERLEUKIN_1_PRODUCTION	GOBP_NEGATIVE_REGULATION_OF_INTERLEUKIN_1_PRODUCTION		21	0.5942977	1.1473517	0.31428573	0.92958415	1.0	907	tags=29%, list=9%, signal=31%	
GOBP_REGULATION_OF_TISSUE_REMODELING	GOBP_REGULATION_OF_TISSUE_REMODELING		32	0.5590383	1.147092	0.3148148	0.9300023	1.0	1865	tags=22%, list=18%, signal=27%	
GOBP_POSITIVE_REGULATION_OF_GENE_EXPRESSION_EPIGENETIC	GOBP_POSITIVE_REGULATION_OF_GENE_EXPRESSION_EPIGENETIC		44	0.54070497	1.1465472	0.28383705	0.9316414	1.0	743	tags=7%, list=7%, signal=7%	
HP_OVERLAPPING_TOE	HP_OVERLAPPING_TOE		46	0.5479154	1.1463323	0.29303548	0.9318923	1.0	1026	tags=15%, list=10%, signal=17%	
GOBP_ENDONUCLEOLYTIC_CLEAVAGE_OF_TRICISTRONIC_RRNA_TRANSCRIPT_SSU_RRNA_5_8S_RRNA_LSU_RRNA	GOBP_ENDONUCLEOLYTIC_CLEAVAGE_OF_TRICISTRONIC_RRNA_TRANSCRIPT_SSU_RRNA_5_8S_RRNA_LSU_RRNA		21	0.6031864	1.1462977	0.30405405	0.93130827	1.0	1911	tags=33%, list=18%, signal=41%	
GOBP_REACTIVE_NITROGEN_SPECIES_METABOLIC_PROCESS	GOBP_REACTIVE_NITROGEN_SPECIES_METABOLIC_PROCESS		51	0.5390862	1.1453656	0.28933334	0.9346604	1.0	308	tags=8%, list=3%, signal=8%	
GOBP_POSITIVE_REGULATION_OF_CELL_CYCLE_PROCESS	GOBP_POSITIVE_REGULATION_OF_CELL_CYCLE_PROCESS		159	0.4707972	1.1451323	0.2379778	0.93493783	1.0	2374	tags=31%, list=23%, signal=39%	
GOBP_CHROMATIN_REMODELING	GOBP_CHROMATIN_REMODELING		434	0.43964496	1.1449412	0.16522679	0.93503493	1.0	1477	tags=18%, list=14%, signal=21%	
GOMF_MICROTUBULE_BINDING	GOMF_MICROTUBULE_BINDING		174	0.47116992	1.1447417	0.21118012	0.93520015	1.0	1866	tags=24%, list=18%, signal=29%	
HP_2_3_TOE_SYNDACTYLY	HP_2_3_TOE_SYNDACTYLY		57	0.52635705	1.1446098	0.28532976	0.93506944	1.0	1062	tags=14%, list=10%, signal=16%	
GOMF_TRANSLATION_REPRESSOR_ACTIVITY	GOMF_TRANSLATION_REPRESSOR_ACTIVITY		28	0.5610816	1.144337	0.31105047	0.93557924	1.0	1068	tags=18%, list=10%, signal=20%	
HP_APLASIA_HYPOPLASIA_OF_THE_FIBULA	HP_APLASIA_HYPOPLASIA_OF_THE_FIBULA		19	0.5909856	1.1440747	0.31721196	0.936001	1.0	1971	tags=37%, list=19%, signal=45%	
GOBP_RESPONSE_TO_ARSENIC_CONTAINING_SUBSTANCE	GOBP_RESPONSE_TO_ARSENIC_CONTAINING_SUBSTANCE		16	0.6081779	1.143906	0.33569404	0.93601906	1.0	1971	tags=44%, list=19%, signal=54%	
GOCC_RECEPTOR_COMPLEX	GOCC_RECEPTOR_COMPLEX		160	0.4776892	1.1438967	0.23218673	0.9353429	1.0	1101	tags=16%, list=11%, signal=18%	
GOBP_REGULATION_OF_SUBSTRATE_ADHESION_DEPENDENT_CELL_SPREADING	GOBP_REGULATION_OF_SUBSTRATE_ADHESION_DEPENDENT_CELL_SPREADING		39	0.5377499	1.1438637	0.2771739	0.93475735	1.0	1977	tags=44%, list=19%, signal=54%	
GOCC_INTERCELLULAR_BRIDGE	GOCC_INTERCELLULAR_BRIDGE		21	0.5883152	1.143752	0.31039137	0.9345278	1.0	1458	tags=29%, list=14%, signal=33%	
GOBP_REGULATION_OF_DNA_BINDING_TRANSCRIPTION_FACTOR_ACTIVITY	GOBP_REGULATION_OF_DNA_BINDING_TRANSCRIPTION_FACTOR_ACTIVITY		101	0.49206895	1.1434145	0.24164525	0.93531245	1.0	1231	tags=19%, list=12%, signal=21%	
HP_ABNORMAL_PLEURA_MORPHOLOGY	HP_ABNORMAL_PLEURA_MORPHOLOGY		99	0.49773368	1.142949	0.24710424	0.9366609	1.0	951	tags=20%, list=9%, signal=22%	
GOBP_NEGATIVE_REGULATION_OF_CATABOLIC_PROCESS	GOBP_NEGATIVE_REGULATION_OF_CATABOLIC_PROCESS		222	0.45392737	1.1428528	0.22313084	0.93634576	1.0	1438	tags=21%, list=14%, signal=24%	
HP_APLASIA_HYPOPLASIA_OF_THE_5TH_FINGER	HP_APLASIA_HYPOPLASIA_OF_THE_5TH_FINGER		39	0.5477635	1.1426225	0.27559054	0.9366617	1.0	1251	tags=26%, list=12%, signal=29%	
GOBP_REGULATION_OF_MORPHOGENESIS_OF_AN_EPITHELIUM	GOBP_REGULATION_OF_MORPHOGENESIS_OF_AN_EPITHELIUM		21	0.5918602	1.1425034	0.3227513	0.93644285	1.0	1701	tags=33%, list=16%, signal=40%	
GOBP_RNA_3_END_PROCESSING	GOBP_RNA_3_END_PROCESSING		70	0.5101043	1.1422786	0.29139924	0.93669313	1.0	1754	tags=20%, list=17%, signal=24%	
GOBP_VESICLE_MEDIATED_TRANSPORT_IN_SYNAPSE	GOBP_VESICLE_MEDIATED_TRANSPORT_IN_SYNAPSE		121	0.48749712	1.1422782	0.26329115	0.935974	1.0	1600	tags=21%, list=15%, signal=25%	
GOBP_DEOXYRIBONUCLEOTIDE_METABOLIC_PROCESS	GOBP_DEOXYRIBONUCLEOTIDE_METABOLIC_PROCESS		34	0.5531248	1.1422642	0.29812834	0.9353205	1.0	1882	tags=29%, list=18%, signal=36%	
GOBP_RESPONSE_TO_ESTRADIOL	GOBP_RESPONSE_TO_ESTRADIOL		46	0.5331861	1.1422622	0.30474934	0.93461084	1.0	468	tags=11%, list=4%, signal=11%	
HP_HYPOGLYCEMIA	HP_HYPOGLYCEMIA		175	0.47155485	1.1419877	0.24447174	0.935131	1.0	2055	tags=27%, list=20%, signal=34%	
GOBP_B_CELL_HOMEOSTASIS	GOBP_B_CELL_HOMEOSTASIS		27	0.5713492	1.141984	0.29659864	0.93444395	1.0	1100	tags=26%, list=11%, signal=29%	
GOCC_PEPTIDASE_COMPLEX	GOCC_PEPTIDASE_COMPLEX		119	0.48799273	1.1418849	0.24436091	0.93419874	1.0	2895	tags=34%, list=28%, signal=47%	
GOBP_POSITIVE_REGULATION_OF_PROTEIN_LOCALIZATION_TO_NUCLEUS	GOBP_POSITIVE_REGULATION_OF_PROTEIN_LOCALIZATION_TO_NUCLEUS		60	0.5276437	1.1418	0.28067884	0.933869	1.0	1906	tags=37%, list=18%, signal=45%	
GOBP_CIRCULATORY_SYSTEM_PROCESS	GOBP_CIRCULATORY_SYSTEM_PROCESS		243	0.44975293	1.1414676	0.20446533	0.93462723	1.0	819	tags=14%, list=8%, signal=15%	
HP_ORAL_LEUKOPLAKIA	HP_ORAL_LEUKOPLAKIA		15	0.6105309	1.1413028	0.3181818	0.9346393	1.0	1383	tags=33%, list=13%, signal=38%	
HP_ABNORMALITY_OF_THE_NECK	HP_ABNORMALITY_OF_THE_NECK		436	0.4340838	1.1412058	0.18094218	0.9343447	1.0	1920	tags=22%, list=18%, signal=26%	
GOBP_PURINE_NUCLEOSIDE_MONOPHOSPHATE_BIOSYNTHETIC_PROCESS	GOBP_PURINE_NUCLEOSIDE_MONOPHOSPHATE_BIOSYNTHETIC_PROCESS		17	0.6188767	1.141158	0.32770744	0.9338485	1.0	2253	tags=47%, list=22%, signal=60%	
GOMF_POLY_PYRIMIDINE_TRACT_BINDING	GOMF_POLY_PYRIMIDINE_TRACT_BINDING		17	0.608322	1.1411195	0.31849793	0.93330145	1.0	2555	tags=47%, list=24%, signal=62%	
GOCC_MEDIATOR_COMPLEX	GOCC_MEDIATOR_COMPLEX		32	0.56623644	1.141052	0.30971128	0.93290484	1.0	2044	tags=28%, list=20%, signal=35%	
HP_NAUSEA_AND_VOMITING	HP_NAUSEA_AND_VOMITING		304	0.4443513	1.1410159	0.19252548	0.93235165	1.0	1064	tags=13%, list=10%, signal=14%	
GOBP_REGULATION_OF_CELL_SUBSTRATE_JUNCTION_ORGANIZATION	GOBP_REGULATION_OF_CELL_SUBSTRATE_JUNCTION_ORGANIZATION		42	0.5422533	1.140615	0.28074867	0.93341225	1.0	1510	tags=31%, list=14%, signal=36%	
GOMF_MANGANESE_ION_BINDING	GOMF_MANGANESE_ION_BINDING		46	0.54133976	1.1406105	0.29027778	0.9327308	1.0	2121	tags=30%, list=20%, signal=38%	
GOBP_POSITIVE_REGULATION_OF_CATALYTIC_ACTIVITY	GOBP_POSITIVE_REGULATION_OF_CATALYTIC_ACTIVITY		169	0.4743338	1.1405238	0.26129428	0.9324073	1.0	590	tags=11%, list=6%, signal=11%	
GOBP_BEHAVIOR	GOBP_BEHAVIOR		286	0.4469021	1.1401931	0.20068808	0.9331088	1.0	1061	tags=14%, list=10%, signal=15%	
GOMF_DNA_HELICASE_ACTIVITY	GOMF_DNA_HELICASE_ACTIVITY		52	0.52912843	1.1401463	0.2877984	0.9325887	1.0	3234	tags=48%, list=31%, signal=69%	
GOBP_NEGATIVE_REGULATION_OF_PROTEOLYSIS_INVOLVED_IN_PROTEIN_CATABOLIC_PROCESS	GOBP_NEGATIVE_REGULATION_OF_PROTEOLYSIS_INVOLVED_IN_PROTEIN_CATABOLIC_PROCESS		46	0.53414696	1.1400008	0.287013	0.93253464	1.0	1432	tags=30%, list=14%, signal=35%	
GOMF_PURINE_NUCLEOTIDE_TRANSMEMBRANE_TRANSPORTER_ACTIVITY	GOMF_PURINE_NUCLEOTIDE_TRANSMEMBRANE_TRANSPORTER_ACTIVITY		16	0.6121942	1.1398561	0.33519554	0.9324631	1.0	1690	tags=31%, list=16%, signal=37%	
GOBP_STEM_CELL_PROLIFERATION	GOBP_STEM_CELL_PROLIFERATION		30	0.562471	1.1398383	0.31690142	0.93182904	1.0	2016	tags=37%, list=19%, signal=45%	
GOCC_ANAPHASE_PROMOTING_COMPLEX	GOCC_ANAPHASE_PROMOTING_COMPLEX		18	0.60770226	1.1396632	0.32212886	0.93188244	1.0	2698	tags=50%, list=26%, signal=67%	
GOBP_CELLULAR_RESPONSE_TO_TOXIC_SUBSTANCE	GOBP_CELLULAR_RESPONSE_TO_TOXIC_SUBSTANCE		72	0.5174585	1.1394429	0.2972973	0.9321403	1.0	593	tags=18%, list=6%, signal=19%	
GOBP_PROTEIN_INSERTION_INTO_ER_MEMBRANE	GOBP_PROTEIN_INSERTION_INTO_ER_MEMBRANE		18	0.6136891	1.1392006	0.32142857	0.9324937	1.0	2780	tags=50%, list=27%, signal=68%	
GOBP_ACUTE_PHASE_RESPONSE	GOBP_ACUTE_PHASE_RESPONSE		16	0.60913044	1.1391728	0.31428573	0.93191993	1.0	818	tags=25%, list=8%, signal=27%	
HP_ABNORMAL_COLUMELLA_MORPHOLOGY	HP_ABNORMAL_COLUMELLA_MORPHOLOGY		68	0.51601446	1.1388581	0.28772378	0.93255424	1.0	1074	tags=15%, list=10%, signal=16%	
GOBP_REGULATION_OF_KERATINOCYTE_DIFFERENTIATION	GOBP_REGULATION_OF_KERATINOCYTE_DIFFERENTIATION		15	0.60914266	1.1383466	0.33146852	0.93406755	1.0	475	tags=13%, list=5%, signal=14%	
GOBP_CELL_CYCLE_DNA_REPLICATION	GOBP_CELL_CYCLE_DNA_REPLICATION		39	0.5350867	1.1380013	0.2937337	0.934851	1.0	2397	tags=38%, list=23%, signal=50%	
GOBP_PROTEIN_ACYLATION	GOBP_PROTEIN_ACYLATION		42	0.5411933	1.1374897	0.3043478	0.9364722	1.0	1412	tags=17%, list=14%, signal=19%	
GOCC_CELL_CELL_CONTACT_ZONE	GOCC_CELL_CELL_CONTACT_ZONE		39	0.54387575	1.1373638	0.30533335	0.9362755	1.0	1154	tags=21%, list=11%, signal=23%	
GOBP_POSITIVE_REGULATION_OF_REACTIVE_OXYGEN_SPECIES_METABOLIC_PROCESS	GOBP_POSITIVE_REGULATION_OF_REACTIVE_OXYGEN_SPECIES_METABOLIC_PROCESS		38	0.55433404	1.1372595	0.2971506	0.9360136	1.0	749	tags=18%, list=7%, signal=20%	
HP_MUSCLE_FIBER_CYTOPLASMATIC_INCLUSION_BODIES	HP_MUSCLE_FIBER_CYTOPLASMATIC_INCLUSION_BODIES		15	0.60377246	1.1370126	0.33918127	0.9364409	1.0	1856	tags=33%, list=18%, signal=40%	
GOBP_FOCAL_ADHESION_ASSEMBLY	GOBP_FOCAL_ADHESION_ASSEMBLY		46	0.52862996	1.1369406	0.30278885	0.936052	1.0	1918	tags=35%, list=18%, signal=42%	
GOBP_NEGATIVE_REGULATION_OF_NUCLEAR_DIVISION	GOBP_NEGATIVE_REGULATION_OF_NUCLEAR_DIVISION		51	0.52842623	1.1368608	0.28903225	0.9357295	1.0	1789	tags=31%, list=17%, signal=38%	
GOCC_SERINE_TYPE_PEPTIDASE_COMPLEX	GOCC_SERINE_TYPE_PEPTIDASE_COMPLEX		15	0.61703026	1.1364939	0.33733132	0.9365599	1.0	2740	tags=53%, list=26%, signal=72%	
GOBP_NEGATIVE_REGULATION_OF_PROTEOLYSIS	GOBP_NEGATIVE_REGULATION_OF_PROTEOLYSIS		75	0.50681394	1.1363994	0.27144685	0.9362689	1.0	1219	tags=24%, list=12%, signal=27%	
GOBP_POSITIVE_REGULATION_OF_MONONUCLEAR_CELL_MIGRATION	GOBP_POSITIVE_REGULATION_OF_MONONUCLEAR_CELL_MIGRATION		50	0.5206383	1.1360061	0.29840848	0.937215	1.0	328	tags=14%, list=3%, signal=14%	
HP_RECURRENT_SKIN_INFECTIONS	HP_RECURRENT_SKIN_INFECTIONS		90	0.49897745	1.1359277	0.26522842	0.93684995	1.0	714	tags=12%, list=7%, signal=13%	
GOBP_POSITIVE_REGULATION_OF_TYPE_I_INTERFERON_PRODUCTION	GOBP_POSITIVE_REGULATION_OF_TYPE_I_INTERFERON_PRODUCTION		60	0.5193032	1.1357378	0.27702704	0.93699664	1.0	1291	tags=17%, list=12%, signal=19%	
HP_DYSPLASTIC_CORPUS_CALLOSUM	HP_DYSPLASTIC_CORPUS_CALLOSUM		27	0.5704689	1.135634	0.3130904	0.93674046	1.0	1375	tags=30%, list=13%, signal=34%	
GOBP_ASTROCYTE_DIFFERENTIATION	GOBP_ASTROCYTE_DIFFERENTIATION		39	0.5435285	1.1350458	0.30901858	0.93853796	1.0	778	tags=15%, list=7%, signal=17%	
HP_ABNORMAL_MAXILLA_MORPHOLOGY	HP_ABNORMAL_MAXILLA_MORPHOLOGY		86	0.49785903	1.1349962	0.28900257	0.9380374	1.0	1559	tags=21%, list=15%, signal=24%	
GOBP_NEGATIVE_REGULATION_OF_RNA_CATABOLIC_PROCESS	GOBP_NEGATIVE_REGULATION_OF_RNA_CATABOLIC_PROCESS		59	0.52146924	1.1349074	0.28184283	0.93771714	1.0	1774	tags=32%, list=17%, signal=39%	
GOMF_CHROMATIN_BINDING	GOMF_CHROMATIN_BINDING		394	0.43508124	1.1345966	0.18082789	0.9383707	1.0	1477	tags=21%, list=14%, signal=24%	
GOMF_METALLOAMINOPEPTIDASE_ACTIVITY	GOMF_METALLOAMINOPEPTIDASE_ACTIVITY		16	0.6067497	1.1344204	0.32737276	0.93843454	1.0	659	tags=13%, list=6%, signal=13%	
GOBP_ANGIOGENESIS_INVOLVED_IN_WOUND_HEALING	GOBP_ANGIOGENESIS_INVOLVED_IN_WOUND_HEALING		16	0.60158014	1.1343967	0.31449276	0.93783504	1.0	2150	tags=31%, list=21%, signal=39%	
GOBP_NEGATIVE_REGULATION_OF_ESTABLISHMENT_OF_PROTEIN_LOCALIZATION	GOBP_NEGATIVE_REGULATION_OF_ESTABLISHMENT_OF_PROTEIN_LOCALIZATION		68	0.5084858	1.1343778	0.27958387	0.93722516	1.0	1871	tags=26%, list=18%, signal=32%	
HP_ABNORMAL_PALMAR_DERMATOGLYPHICS	HP_ABNORMAL_PALMAR_DERMATOGLYPHICS		175	0.46802875	1.1342931	0.24267292	0.9369183	1.0	1626	tags=20%, list=16%, signal=23%	
HP_HERNIA	HP_HERNIA		356	0.43795168	1.1339061	0.19707207	0.9378979	1.0	1594	tags=19%, list=15%, signal=21%	
HP_ABNORMAL_HEAD_BLOOD_VESSEL_MORPHOLOGY	HP_ABNORMAL_HEAD_BLOOD_VESSEL_MORPHOLOGY		47	0.53338313	1.1337084	0.29427084	0.9380366	1.0	473	tags=15%, list=5%, signal=16%	
GOBP_COGNITION	GOBP_COGNITION		154	0.46683154	1.1332707	0.24311377	0.9392298	1.0	1816	tags=21%, list=17%, signal=25%	
GOBP_RESPONSE_TO_ISCHEMIA	GOBP_RESPONSE_TO_ISCHEMIA		34	0.553937	1.1330019	0.32147563	0.9396991	1.0	1112	tags=21%, list=11%, signal=23%	
GOBP_MONOSACCHARIDE_TRANSMEMBRANE_TRANSPORT	GOBP_MONOSACCHARIDE_TRANSMEMBRANE_TRANSPORT		65	0.5102215	1.1327271	0.28666666	0.9402177	1.0	1886	tags=25%, list=18%, signal=30%	
GOBP_REGULATION_OF_STEM_CELL_PROLIFERATION	GOBP_REGULATION_OF_STEM_CELL_PROLIFERATION		18	0.60629845	1.1323973	0.33931035	0.9409582	1.0	1826	tags=39%, list=17%, signal=47%	
HP_XEROSTOMIA	HP_XEROSTOMIA		33	0.5516567	1.1323961	0.29722223	0.9402703	1.0	1559	tags=27%, list=15%, signal=32%	
GOBP_ASSOCIATIVE_LEARNING	GOBP_ASSOCIATIVE_LEARNING		43	0.52571213	1.1323489	0.3145917	0.9397737	1.0	1666	tags=26%, list=16%, signal=30%	
GOBP_MICROTUBULE_POLYMERIZATION	GOBP_MICROTUBULE_POLYMERIZATION		70	0.5115335	1.1320567	0.30577427	0.94036525	1.0	1120	tags=14%, list=11%, signal=16%	
GOCC_IRON_SULFUR_CLUSTER_ASSEMBLY_COMPLEX	GOCC_IRON_SULFUR_CLUSTER_ASSEMBLY_COMPLEX		19	0.5968283	1.132037	0.32294616	0.93975306	1.0	3282	tags=58%, list=31%, signal=84%	
HP_EPISODIC_HYPERHIDROSIS	HP_EPISODIC_HYPERHIDROSIS		18	0.6016777	1.1319894	0.33741498	0.93927395	1.0	1532	tags=22%, list=15%, signal=26%	
HP_ABNORMAL_MYOCARDIUM_MORPHOLOGY	HP_ABNORMAL_MYOCARDIUM_MORPHOLOGY		375	0.43814632	1.131869	0.20750552	0.9391324	1.0	1030	tags=13%, list=10%, signal=13%	
GOCC_TRANSCRIPTION_FACTOR_TFIID_COMPLEX	GOCC_TRANSCRIPTION_FACTOR_TFIID_COMPLEX		24	0.57557434	1.1315172	0.32916668	0.93998355	1.0	3096	tags=42%, list=30%, signal=59%	
GOBP_REGULATION_OF_CHROMOSOME_ORGANIZATION	GOBP_REGULATION_OF_CHROMOSOME_ORGANIZATION		186	0.46190324	1.1313775	0.25	0.9398998	1.0	2701	tags=38%, list=26%, signal=51%	
GOBP_REGULATION_OF_GLYCOPROTEIN_METABOLIC_PROCESS	GOBP_REGULATION_OF_GLYCOPROTEIN_METABOLIC_PROCESS		28	0.5696114	1.1312048	0.3207547	0.93994474	1.0	948	tags=25%, list=9%, signal=27%	
GOBP_POSITIVE_REGULATION_OF_BIOMINERAL_TISSUE_DEVELOPMENT	GOBP_POSITIVE_REGULATION_OF_BIOMINERAL_TISSUE_DEVELOPMENT		25	0.57357055	1.1311201	0.320442	0.93960273	1.0	2581	tags=44%, list=25%, signal=58%	
GOBP_MEIOTIC_SPINDLE_ORGANIZATION	GOBP_MEIOTIC_SPINDLE_ORGANIZATION		19	0.5926634	1.1309898	0.33518004	0.9394586	1.0	2955	tags=47%, list=28%, signal=66%	
GOBP_NUCLEAR_TRANSCRIBED_MRNA_CATABOLIC_PROCESS_NONSENSE_MEDIATED_DECAY	GOBP_NUCLEAR_TRANSCRIBED_MRNA_CATABOLIC_PROCESS_NONSENSE_MEDIATED_DECAY		31	0.55439883	1.1307683	0.33508542	0.9397423	1.0	1607	tags=29%, list=15%, signal=34%	
GOBP_PROTEIN_LIPID_COMPLEX_ORGANIZATION	GOBP_PROTEIN_LIPID_COMPLEX_ORGANIZATION		25	0.5694927	1.1305796	0.32689655	0.93988305	1.0	2	tags=4%, list=0%, signal=4%	
GOCC_U12_TYPE_SPLICEOSOMAL_COMPLEX	GOCC_U12_TYPE_SPLICEOSOMAL_COMPLEX		52	0.52014166	1.1302539	0.2958115	0.94063455	1.0	2585	tags=44%, list=25%, signal=58%	
GOBP_PHOSPHATIDYLCHOLINE_METABOLIC_PROCESS	GOBP_PHOSPHATIDYLCHOLINE_METABOLIC_PROCESS		34	0.55230266	1.1301299	0.3257677	0.94048923	1.0	1197	tags=21%, list=11%, signal=23%	
GOMF_CYSTEINE_TYPE_ENDOPEPTIDASE_INHIBITOR_ACTIVITY	GOMF_CYSTEINE_TYPE_ENDOPEPTIDASE_INHIBITOR_ACTIVITY		15	0.6239133	1.129492	0.32137734	0.94253975	1.0	666	tags=33%, list=6%, signal=36%	
GOBP_POSITIVE_REGULATION_OF_PEPTIDYL_TYROSINE_PHOSPHORYLATION	GOBP_POSITIVE_REGULATION_OF_PEPTIDYL_TYROSINE_PHOSPHORYLATION		26	0.57094926	1.1294755	0.3243243	0.9419194	1.0	1009	tags=19%, list=10%, signal=21%	
GOBP_DETOXIFICATION	GOBP_DETOXIFICATION		80	0.50829077	1.1294148	0.2721519	0.9414943	1.0	593	tags=16%, list=6%, signal=17%	
GOMF_PROTEIN_HETERODIMERIZATION_ACTIVITY	GOMF_PROTEIN_HETERODIMERIZATION_ACTIVITY		151	0.46897614	1.1292754	0.26650366	0.94136816	1.0	845	tags=17%, list=8%, signal=18%	
HP_ABNORMALITY_OF_IRON_HOMEOSTASIS	HP_ABNORMALITY_OF_IRON_HOMEOSTASIS		15	0.60780126	1.129118	0.31730768	0.94136316	1.0	68	tags=13%, list=1%, signal=13%	
HP_PAIN_INSENSITIVITY	HP_PAIN_INSENSITIVITY		16	0.61900806	1.1286821	0.33002833	0.9425121	1.0	1506	tags=31%, list=14%, signal=36%	
GOMF_S_ACYLTRANSFERASE_ACTIVITY	GOMF_S_ACYLTRANSFERASE_ACTIVITY		20	0.5907001	1.1285086	0.3170391	0.9425665	1.0	126	tags=5%, list=1%, signal=5%	
HP_THIRD_TRIMESTER_ONSET	HP_THIRD_TRIMESTER_ONSET		33	0.5485551	1.1283038	0.32464147	0.94275755	1.0	3315	tags=45%, list=32%, signal=66%	
GOBP_RNA_LOCALIZATION	GOBP_RNA_LOCALIZATION		160	0.4678711	1.128257	0.25609756	0.94226074	1.0	1916	tags=32%, list=18%, signal=38%	
HP_MYOPATHY	HP_MYOPATHY		176	0.45994267	1.128182	0.23602484	0.94190806	1.0	1030	tags=13%, list=10%, signal=14%	
GOCC_SPINDLE	GOCC_SPINDLE		295	0.44346398	1.1277387	0.21239954	0.9431503	1.0	2204	tags=24%, list=21%, signal=29%	
GOBP_NEGATIVE_REGULATION_OF_CELL_CYCLE_PROCESS	GOBP_NEGATIVE_REGULATION_OF_CELL_CYCLE_PROCESS		226	0.4536521	1.1274318	0.24056605	0.9437269	1.0	2607	tags=34%, list=25%, signal=44%	
GOBP_NEGATIVE_REGULATION_OF_PROTEIN_UBIQUITINATION	GOBP_NEGATIVE_REGULATION_OF_PROTEIN_UBIQUITINATION		53	0.5092144	1.1274292	0.30882353	0.9430592	1.0	1452	tags=28%, list=14%, signal=33%	
GOBP_NEGATIVE_REGULATION_OF_INTRACELLULAR_STEROID_HORMONE_RECEPTOR_SIGNALING_PATHWAY	GOBP_NEGATIVE_REGULATION_OF_INTRACELLULAR_STEROID_HORMONE_RECEPTOR_SIGNALING_PATHWAY		25	0.5632849	1.127362	0.33563536	0.94267666	1.0	1176	tags=20%, list=11%, signal=22%	
GOBP_CORPUS_CALLOSUM_DEVELOPMENT	GOBP_CORPUS_CALLOSUM_DEVELOPMENT		16	0.60218775	1.1272644	0.35714287	0.9424412	1.0	482	tags=13%, list=5%, signal=13%	
GOCC_CORE_MEDIATOR_COMPLEX	GOCC_CORE_MEDIATOR_COMPLEX		21	0.5699521	1.1267793	0.34153005	0.943801	1.0	2489	tags=33%, list=24%, signal=44%	
HP_CAPILLARY_HEMANGIOMA	HP_CAPILLARY_HEMANGIOMA		27	0.5677276	1.1265086	0.33110815	0.9442673	1.0	1612	tags=22%, list=15%, signal=26%	
HP_PNEUMOTHORAX	HP_PNEUMOTHORAX		38	0.54258394	1.1263673	0.30144167	0.9442	1.0	951	tags=18%, list=9%, signal=20%	
GOBP_REGULATION_OF_MONOATOMIC_ION_TRANSMEMBRANE_TRANSPORT	GOBP_REGULATION_OF_MONOATOMIC_ION_TRANSMEMBRANE_TRANSPORT		112	0.47437817	1.1258515	0.27182046	0.9457369	1.0	922	tags=16%, list=9%, signal=17%	
HP_HYPEREXTENSIBLE_SKIN	HP_HYPEREXTENSIBLE_SKIN		39	0.5380856	1.125813	0.31926122	0.94522566	1.0	912	tags=15%, list=9%, signal=17%	
GOCC_U2_TYPE_SPLICEOSOMAL_COMPLEX	GOCC_U2_TYPE_SPLICEOSOMAL_COMPLEX		83	0.499659	1.125164	0.31572166	0.9474233	1.0	2585	tags=46%, list=25%, signal=60%	
HP_ABNORMAL_MORPHOLOGY_OF_THE_GREAT_VESSELS	HP_ABNORMAL_MORPHOLOGY_OF_THE_GREAT_VESSELS		444	0.4308562	1.1248268	0.18558952	0.9481628	1.0	1598	tags=20%, list=15%, signal=23%	
GOMF_3_5_DNA_HELICASE_ACTIVITY	GOMF_3_5_DNA_HELICASE_ACTIVITY		15	0.60293967	1.1243805	0.33983287	0.94941735	1.0	2375	tags=47%, list=23%, signal=60%	
GOBP_LEUKOCYTE_MIGRATION	GOBP_LEUKOCYTE_MIGRATION		207	0.45019072	1.1243172	0.23887588	0.9490072	1.0	587	tags=12%, list=6%, signal=13%	
GOBP_OOCYTE_DIFFERENTIATION	GOBP_OOCYTE_DIFFERENTIATION		28	0.5698015	1.1243069	0.33518004	0.94837403	1.0	2016	tags=29%, list=19%, signal=35%	
GOBP_GTP_METABOLIC_PROCESS	GOBP_GTP_METABOLIC_PROCESS		20	0.58569837	1.1240125	0.33426967	0.94896585	1.0	2169	tags=40%, list=21%, signal=50%	
GOBP_CELLULAR_COMPONENT_DISASSEMBLY_INVOLVED_IN_EXECUTION_PHASE_OF_APOPTOSIS	GOBP_CELLULAR_COMPONENT_DISASSEMBLY_INVOLVED_IN_EXECUTION_PHASE_OF_APOPTOSIS		17	0.5991359	1.1237699	0.37106016	0.9492908	1.0	1336	tags=24%, list=13%, signal=27%	
GOBP_CHROMOSOME_SEPARATION	GOBP_CHROMOSOME_SEPARATION		67	0.5072968	1.1232612	0.28401586	0.95083296	1.0	2131	tags=34%, list=20%, signal=43%	
GOBP_MICROTUBULE_CYTOSKELETON_ORGANIZATION_INVOLVED_IN_MITOSIS	GOBP_MICROTUBULE_CYTOSKELETON_ORGANIZATION_INVOLVED_IN_MITOSIS		135	0.47165868	1.1232463	0.28182942	0.9502139	1.0	1825	tags=27%, list=17%, signal=32%	
GOCC_NUCLEAR_INNER_MEMBRANE	GOCC_NUCLEAR_INNER_MEMBRANE		34	0.54492867	1.1231501	0.33870968	0.9499692	1.0	2425	tags=35%, list=23%, signal=46%	
GOBP_MITOTIC_SISTER_CHROMATID_SEPARATION	GOBP_MITOTIC_SISTER_CHROMATID_SEPARATION		55	0.5201131	1.1230632	0.32005313	0.94965595	1.0	1876	tags=31%, list=18%, signal=37%	
GOBP_REGULATION_OF_MUSCLE_SYSTEM_PROCESS	GOBP_REGULATION_OF_MUSCLE_SYSTEM_PROCESS		93	0.4891245	1.1230434	0.274359	0.94906884	1.0	919	tags=20%, list=9%, signal=22%	
GOBP_NEGATIVE_REGULATION_OF_UBIQUITIN_DEPENDENT_PROTEIN_CATABOLIC_PROCESS	GOBP_NEGATIVE_REGULATION_OF_UBIQUITIN_DEPENDENT_PROTEIN_CATABOLIC_PROCESS		37	0.5411495	1.122899	0.31614655	0.9490127	1.0	1160	tags=30%, list=11%, signal=33%	
GOBP_REGULATION_OF_ACTIN_FILAMENT_BASED_PROCESS	GOBP_REGULATION_OF_ACTIN_FILAMENT_BASED_PROCESS		206	0.45092577	1.1221288	0.25886524	0.9515655	1.0	1541	tags=22%, list=15%, signal=25%	
GOBP_B_CELL_ACTIVATION_INVOLVED_IN_IMMUNE_RESPONSE	GOBP_B_CELL_ACTIVATION_INVOLVED_IN_IMMUNE_RESPONSE		56	0.5164944	1.1218785	0.31034482	0.9519708	1.0	1456	tags=23%, list=14%, signal=27%	
GOBP_CELL_JUNCTION_ORGANIZATION	GOBP_CELL_JUNCTION_ORGANIZATION		326	0.434196	1.1216215	0.22654462	0.9523991	1.0	1536	tags=19%, list=15%, signal=22%	
HP_LONG_FINGERS	HP_LONG_FINGERS		182	0.454815	1.1215512	0.24308063	0.9520156	1.0	1784	tags=24%, list=17%, signal=29%	
GOBP_REGULATION_OF_EMBRYONIC_DEVELOPMENT	GOBP_REGULATION_OF_EMBRYONIC_DEVELOPMENT		59	0.51661944	1.1213287	0.29754204	0.9523182	1.0	2105	tags=29%, list=20%, signal=36%	
GOCC_INO80_TYPE_COMPLEX	GOCC_INO80_TYPE_COMPLEX		21	0.587936	1.1213139	0.34662998	0.95170546	1.0	2555	tags=43%, list=24%, signal=57%	
HP_GASTROINTESTINAL_HEMORRHAGE	HP_GASTROINTESTINAL_HEMORRHAGE		100	0.4814736	1.1213112	0.28850856	0.95104	1.0	1873	tags=22%, list=18%, signal=27%	
HP_ABNORMALITY_OF_THYROID_PHYSIOLOGY	HP_ABNORMALITY_OF_THYROID_PHYSIOLOGY		220	0.4477232	1.121139	0.24940334	0.951092	1.0	1913	tags=24%, list=18%, signal=29%	
GOBP_G_PROTEIN_COUPLED_RECEPTOR_SIGNALING_PATHWAY	GOBP_G_PROTEIN_COUPLED_RECEPTOR_SIGNALING_PATHWAY		268	0.44366568	1.1205736	0.23394495	0.9527972	1.0	705	tags=13%, list=7%, signal=14%	
GOBP_TISSUE_MORPHOGENESIS	GOBP_TISSUE_MORPHOGENESIS		255	0.44137725	1.1205133	0.23542857	0.9523934	1.0	1000	tags=10%, list=10%, signal=11%	
GOMF_CATALYTIC_ACTIVITY_ACTING_ON_A_RRNA	GOMF_CATALYTIC_ACTIVITY_ACTING_ON_A_RRNA		18	0.5983214	1.1201271	0.35367545	0.9533621	1.0	165	tags=6%, list=2%, signal=6%	
HP_ABNORMAL_CIRCULATING_ORGANIC_COMPOUND_CONCENTRATION	HP_ABNORMAL_CIRCULATING_ORGANIC_COMPOUND_CONCENTRATION		474	0.42747745	1.1199846	0.19978517	0.9533118	1.0	1779	tags=18%, list=17%, signal=21%	
HP_LATE_ONSET	HP_LATE_ONSET		65	0.50867677	1.1196492	0.2911726	0.95402116	1.0	503	tags=11%, list=5%, signal=11%	
GOMF_POLY_A_BINDING	GOMF_POLY_A_BINDING		15	0.597612	1.1194732	0.3441467	0.95409113	1.0	2498	tags=47%, list=24%, signal=61%	
GOBP_REGULATION_OF_RELEASE_OF_SEQUESTERED_CALCIUM_ION_INTO_CYTOSOL	GOBP_REGULATION_OF_RELEASE_OF_SEQUESTERED_CALCIUM_ION_INTO_CYTOSOL		29	0.5583404	1.1191431	0.32599726	0.9548273	1.0	2039	tags=45%, list=20%, signal=56%	
HP_DYSKINESIA	HP_DYSKINESIA		114	0.4784552	1.1190163	0.28894472	0.95466644	1.0	1056	tags=17%, list=10%, signal=18%	
GOBP_REGULATION_OF_GLIAL_CELL_PROLIFERATION	GOBP_REGULATION_OF_GLIAL_CELL_PROLIFERATION		20	0.58279264	1.1189504	0.34958217	0.954266	1.0	1507	tags=30%, list=14%, signal=35%	
GOBP_REGULATION_OF_CELL_ACTIVATION	GOBP_REGULATION_OF_CELL_ACTIVATION		391	0.43275473	1.1188217	0.22916667	0.95412546	1.0	1461	tags=25%, list=14%, signal=28%	
HP_PLEURAL_EFFUSION	HP_PLEURAL_EFFUSION		49	0.52613235	1.118136	0.33119383	0.95626175	1.0	797	tags=27%, list=8%, signal=29%	
GOBP_DIGESTIVE_SYSTEM_PROCESS	GOBP_DIGESTIVE_SYSTEM_PROCESS		40	0.5398649	1.1179564	0.32666665	0.95638394	1.0	647	tags=13%, list=6%, signal=13%	
GOBP_TRANSCRIPTION_INITIATION_AT_RNA_POLYMERASE_II_PROMOTER	GOBP_TRANSCRIPTION_INITIATION_AT_RNA_POLYMERASE_II_PROMOTER		145	0.46147776	1.1177893	0.27083334	0.95642775	1.0	2588	tags=27%, list=25%, signal=35%	
GOBP_REGULATION_OF_MITOTIC_SISTER_CHROMATID_SEGREGATION	GOBP_REGULATION_OF_MITOTIC_SISTER_CHROMATID_SEGREGATION		49	0.52116	1.1177285	0.3112314	0.956023	1.0	1825	tags=31%, list=17%, signal=37%	
HP_ABNORMAL_FIBULA_MORPHOLOGY	HP_ABNORMAL_FIBULA_MORPHOLOGY		33	0.5422157	1.1173694	0.3342071	0.9568906	1.0	1971	tags=30%, list=19%, signal=37%	
GOBP_POTASSIUM_ION_HOMEOSTASIS	GOBP_POTASSIUM_ION_HOMEOSTASIS		15	0.6083184	1.1173613	0.35285914	0.9562624	1.0	2333	tags=53%, list=22%, signal=69%	
GOCC_AXONEME	GOCC_AXONEME		78	0.49732888	1.1173235	0.27512562	0.95574194	1.0	956	tags=10%, list=9%, signal=11%	
GOBP_SISTER_CHROMATID_COHESION	GOBP_SISTER_CHROMATID_COHESION		47	0.52960294	1.1172177	0.33333334	0.9555195	1.0	2850	tags=38%, list=27%, signal=52%	
HP_DECREASED_MUSCLE_MASS	HP_DECREASED_MUSCLE_MASS		36	0.5423411	1.1171614	0.3230148	0.95507747	1.0	362	tags=6%, list=3%, signal=6%	
GOMF_G_PROTEIN_COUPLED_RECEPTOR_ACTIVITY	GOMF_G_PROTEIN_COUPLED_RECEPTOR_ACTIVITY		80	0.4993686	1.116965	0.2991014	0.955224	1.0	985	tags=16%, list=9%, signal=18%	
GOBP_POSITIVE_REGULATION_OF_MITOCHONDRIAL_MEMBRANE_PERMEABILITY	GOBP_POSITIVE_REGULATION_OF_MITOCHONDRIAL_MEMBRANE_PERMEABILITY		27	0.55949944	1.1169428	0.36530325	0.9546523	1.0	1786	tags=33%, list=17%, signal=40%	
GOBP_ALDEHYDE_METABOLIC_PROCESS	GOBP_ALDEHYDE_METABOLIC_PROCESS		42	0.5192261	1.1169413	0.3233288	0.95399135	1.0	1558	tags=26%, list=15%, signal=31%	
HP_MICROSCOPIC_HEMATURIA	HP_MICROSCOPIC_HEMATURIA		18	0.588447	1.1162854	0.37037036	0.9560992	1.0	1112	tags=28%, list=11%, signal=31%	
HP_CONGENITAL_DIAPHRAGMATIC_HERNIA	HP_CONGENITAL_DIAPHRAGMATIC_HERNIA		49	0.52656543	1.1161823	0.32722512	0.9558631	1.0	1456	tags=22%, list=14%, signal=26%	
GOCC_PCG_PROTEIN_COMPLEX	GOCC_PCG_PROTEIN_COMPLEX		41	0.5426853	1.1161013	0.32244897	0.9555563	1.0	3072	tags=37%, list=29%, signal=52%	
GOBP_NEGATIVE_REGULATION_OF_INTRINSIC_APOPTOTIC_SIGNALING_PATHWAY_IN_RESPONSE_TO_DNA_DAMAGE	GOBP_NEGATIVE_REGULATION_OF_INTRINSIC_APOPTOTIC_SIGNALING_PATHWAY_IN_RESPONSE_TO_DNA_DAMAGE		17	0.58726484	1.1159972	0.33933517	0.95533085	1.0	709	tags=24%, list=7%, signal=25%	
GOBP_CARBOHYDRATE_TRANSPORT	GOBP_CARBOHYDRATE_TRANSPORT		71	0.50062627	1.115777	0.31056702	0.9556288	1.0	1886	tags=23%, list=18%, signal=27%	
GOBP_AXO_DENDRITIC_TRANSPORT	GOBP_AXO_DENDRITIC_TRANSPORT		59	0.50426644	1.1157417	0.301423	0.95510316	1.0	1358	tags=17%, list=13%, signal=19%	
GOBP_CELL_MIGRATION_INVOLVED_IN_SPROUTING_ANGIOGENESIS	GOBP_CELL_MIGRATION_INVOLVED_IN_SPROUTING_ANGIOGENESIS		31	0.54605114	1.1154803	0.3375	0.9555572	1.0	560	tags=10%, list=5%, signal=10%	
GOBP_FIBROBLAST_MIGRATION	GOBP_FIBROBLAST_MIGRATION		37	0.53921	1.1149824	0.35405406	0.9570127	1.0	1422	tags=22%, list=14%, signal=25%	
GOBP_NEGATIVE_REGULATION_OF_ADAPTIVE_IMMUNE_RESPONSE	GOBP_NEGATIVE_REGULATION_OF_ADAPTIVE_IMMUNE_RESPONSE		36	0.5460053	1.1149107	0.34972677	0.95664483	1.0	1004	tags=22%, list=10%, signal=25%	
GOBP_NEGATIVE_REGULATION_OF_PLASMA_MEMBRANE_BOUNDED_CELL_PROJECTION_ASSEMBLY	GOBP_NEGATIVE_REGULATION_OF_PLASMA_MEMBRANE_BOUNDED_CELL_PROJECTION_ASSEMBLY		25	0.5648987	1.114841	0.353562	0.95628506	1.0	1103	tags=16%, list=11%, signal=18%	
GOBP_CALCIUM_ION_TRANSMEMBRANE_TRANSPORT	GOBP_CALCIUM_ION_TRANSMEMBRANE_TRANSPORT		123	0.4728091	1.1146085	0.28807107	0.9566354	1.0	1961	tags=30%, list=19%, signal=37%	
GOBP_MAINTENANCE_OF_BLOOD_BRAIN_BARRIER	GOBP_MAINTENANCE_OF_BLOOD_BRAIN_BARRIER		16	0.5937224	1.1143355	0.34593838	0.957149	1.0	541	tags=13%, list=5%, signal=13%	
GOBP_SNRNA_PROCESSING	GOBP_SNRNA_PROCESSING		28	0.5555477	1.1138467	0.34864864	0.9584557	1.0	2566	tags=32%, list=25%, signal=42%	
HP_PREMATURE_BIRTH	HP_PREMATURE_BIRTH		98	0.4902266	1.1136333	0.30451128	0.9587014	1.0	808	tags=12%, list=8%, signal=13%	
HP_GLOMERULONEPHRITIS	HP_GLOMERULONEPHRITIS		69	0.49993515	1.1136007	0.32390746	0.95816797	1.0	983	tags=16%, list=9%, signal=17%	
GOBP_MYELOID_LEUKOCYTE_CYTOKINE_PRODUCTION	GOBP_MYELOID_LEUKOCYTE_CYTOKINE_PRODUCTION		20	0.5738605	1.1135769	0.36075035	0.957617	1.0	995	tags=40%, list=10%, signal=44%	
HP_ABNORMAL_RENAL_PHYSIOLOGY	HP_ABNORMAL_RENAL_PHYSIOLOGY		421	0.42421547	1.1135583	0.22039473	0.95703286	1.0	1717	tags=19%, list=16%, signal=22%	
GOBP_NEGATIVE_REGULATION_OF_LIPID_LOCALIZATION	GOBP_NEGATIVE_REGULATION_OF_LIPID_LOCALIZATION		25	0.56198394	1.113461	0.36740333	0.95678204	1.0	6	tags=4%, list=0%, signal=4%	
HP_LONG_PHILTRUM	HP_LONG_PHILTRUM		268	0.44063732	1.1132617	0.23166473	0.9569257	1.0	1626	tags=15%, list=16%, signal=17%	
GOBP_MITOTIC_SPINDLE_ORGANIZATION	GOBP_MITOTIC_SPINDLE_ORGANIZATION		108	0.4782281	1.1131768	0.29923275	0.95662457	1.0	1700	tags=24%, list=16%, signal=28%	
HP_APLASTIC_HYPOPLASTIC_TOENAIL	HP_APLASTIC_HYPOPLASTIC_TOENAIL		73	0.4962583	1.1130829	0.31056702	0.95635116	1.0	2031	tags=33%, list=19%, signal=41%	
GOBP_REGULATION_OF_G_PROTEIN_COUPLED_RECEPTOR_SIGNALING_PATHWAY	GOBP_REGULATION_OF_G_PROTEIN_COUPLED_RECEPTOR_SIGNALING_PATHWAY		72	0.4970711	1.1129055	0.31880447	0.95645875	1.0	486	tags=15%, list=5%, signal=16%	
GOCC_U12_TYPE_CATALYTIC_STEP_2_SPLICEOSOME	GOCC_U12_TYPE_CATALYTIC_STEP_2_SPLICEOSOME		32	0.5397284	1.1127403	0.33837688	0.9564517	1.0	2585	tags=47%, list=25%, signal=62%	
HP_ABNORMAL_CIRCULATING_NITROGEN_COMPOUND_CONCENTRATION	HP_ABNORMAL_CIRCULATING_NITROGEN_COMPOUND_CONCENTRATION		119	0.47099695	1.1125901	0.28407642	0.95643157	1.0	338	tags=6%, list=3%, signal=6%	
HP_HEPATITIS	HP_HEPATITIS		56	0.5080605	1.1123283	0.31201044	0.9568614	1.0	1155	tags=14%, list=11%, signal=16%	
HP_ABNORMAL_HALLUX_MORPHOLOGY	HP_ABNORMAL_HALLUX_MORPHOLOGY		120	0.47556806	1.1122966	0.2869353	0.9563378	1.0	2361	tags=27%, list=23%, signal=34%	
GOBP_EPITHELIAL_CELL_PROLIFERATION	GOBP_EPITHELIAL_CELL_PROLIFERATION		174	0.4549362	1.1117913	0.2881563	0.9577716	1.0	701	tags=14%, list=7%, signal=15%	
HP_ABNORMALITY_OF_TEMPERATURE_REGULATION	HP_ABNORMALITY_OF_TEMPERATURE_REGULATION		336	0.43186054	1.1117688	0.23895809	0.9572016	1.0	1148	tags=17%, list=11%, signal=19%	
HP_POIKILOCYTOSIS	HP_POIKILOCYTOSIS		34	0.53927296	1.1117651	0.3442623	0.95655966	1.0	1779	tags=26%, list=17%, signal=32%	
GOBP_LYMPHOCYTE_ACTIVATION_INVOLVED_IN_IMMUNE_RESPONSE	GOBP_LYMPHOCYTE_ACTIVATION_INVOLVED_IN_IMMUNE_RESPONSE		149	0.4626488	1.111575	0.2715895	0.95670766	1.0	1461	tags=28%, list=14%, signal=32%	
GOBP_POSITIVE_REGULATION_OF_TUMOR_NECROSIS_FACTOR_SUPERFAMILY_CYTOKINE_PRODUCTION	GOBP_POSITIVE_REGULATION_OF_TUMOR_NECROSIS_FACTOR_SUPERFAMILY_CYTOKINE_PRODUCTION		85	0.48691568	1.1114382	0.29746836	0.95663196	1.0	1342	tags=31%, list=13%, signal=35%	
HP_CEREBRAL_WHITE_MATTER_ATROPHY	HP_CEREBRAL_WHITE_MATTER_ATROPHY		40	0.5311458	1.110964	0.35222673	0.9579799	1.0	1160	tags=15%, list=11%, signal=17%	
GOBP_CANONICAL_WNT_SIGNALING_PATHWAY	GOBP_CANONICAL_WNT_SIGNALING_PATHWAY		146	0.46078315	1.1107562	0.27784732	0.9581948	1.0	1680	tags=21%, list=16%, signal=25%	
GOCC_CAVEOLA	GOCC_CAVEOLA		36	0.53919995	1.1106354	0.35033557	0.95804405	1.0	2103	tags=36%, list=20%, signal=45%	
GOBP_ADENYLATE_CYCLASE_INHIBITING_G_PROTEIN_COUPLED_RECEPTOR_SIGNALING_PATHWAY	GOBP_ADENYLATE_CYCLASE_INHIBITING_G_PROTEIN_COUPLED_RECEPTOR_SIGNALING_PATHWAY		23	0.57184327	1.1103997	0.35622317	0.9583004	1.0	585	tags=26%, list=6%, signal=28%	
GOMF_O_METHYLTRANSFERASE_ACTIVITY	GOMF_O_METHYLTRANSFERASE_ACTIVITY		20	0.56523	1.1102225	0.3564626	0.9583827	1.0	1795	tags=25%, list=17%, signal=30%	
GOBP_NEGATIVE_REGULATION_OF_CHROMOSOME_ORGANIZATION	GOBP_NEGATIVE_REGULATION_OF_CHROMOSOME_ORGANIZATION		84	0.48623568	1.1096121	0.30160692	0.9602305	1.0	1801	tags=23%, list=17%, signal=27%	
GOCC_DENDRITIC_TREE	GOCC_DENDRITIC_TREE		237	0.44060186	1.1096071	0.26954493	0.9596012	1.0	1903	tags=22%, list=18%, signal=27%	
GOBP_RESPONSE_TO_PEPTIDE_HORMONE	GOBP_RESPONSE_TO_PEPTIDE_HORMONE		244	0.4410671	1.1092625	0.2485482	0.9603573	1.0	1121	tags=16%, list=11%, signal=17%	
GOBP_VITAMIN_METABOLIC_PROCESS	GOBP_VITAMIN_METABOLIC_PROCESS		22	0.5625161	1.1091284	0.36	0.9602702	1.0	1263	tags=23%, list=12%, signal=26%	
GOBP_PEPTIDYL_AMINO_ACID_MODIFICATION	GOBP_PEPTIDYL_AMINO_ACID_MODIFICATION		243	0.43932086	1.1088355	0.2547619	0.9608534	1.0	1987	tags=21%, list=19%, signal=26%	
GOBP_ORGANOPHOSPHATE_BIOSYNTHETIC_PROCESS	GOBP_ORGANOPHOSPHATE_BIOSYNTHETIC_PROCESS		398	0.42873454	1.1085999	0.23841059	0.9611694	1.0	1969	tags=23%, list=19%, signal=27%	
HP_FIBULAR_HYPOPLASIA	HP_FIBULAR_HYPOPLASIA		16	0.59044194	1.1073592	0.36512262	0.96557873	1.0	1971	tags=38%, list=19%, signal=46%	
GOBP_CELL_CYCLE_PHASE_TRANSITION	GOBP_CELL_CYCLE_PHASE_TRANSITION		397	0.42714638	1.1071957	0.2420242	0.96559674	1.0	1791	tags=22%, list=17%, signal=25%	
GOBP_NEGATIVE_REGULATION_OF_ACTIN_FILAMENT_POLYMERIZATION	GOBP_NEGATIVE_REGULATION_OF_ACTIN_FILAMENT_POLYMERIZATION		32	0.5485947	1.1068462	0.35941646	0.96642804	1.0	1103	tags=16%, list=11%, signal=17%	
HP_HEMIVERTEBRAE	HP_HEMIVERTEBRAE		33	0.5446749	1.1062856	0.36241612	0.9680597	1.0	1251	tags=24%, list=12%, signal=27%	
GOBP_REGULATION_OF_MORPHOGENESIS_OF_A_BRANCHING_STRUCTURE	GOBP_REGULATION_OF_MORPHOGENESIS_OF_A_BRANCHING_STRUCTURE		18	0.5880115	1.1061206	0.3455344	0.96806496	1.0	1701	tags=39%, list=16%, signal=46%	
HP_APLASIA_HYPOPLASIA_OF_THE_HALLUX	HP_APLASIA_HYPOPLASIA_OF_THE_HALLUX		20	0.5752545	1.1060511	0.37114847	0.9677005	1.0	1491	tags=30%, list=14%, signal=35%	
GOCC_NUCLEOTIDE_EXCISION_REPAIR_COMPLEX	GOCC_NUCLEOTIDE_EXCISION_REPAIR_COMPLEX		16	0.59268045	1.1059284	0.3627586	0.9675804	1.0	2841	tags=44%, list=27%, signal=60%	
HP_ABNORMAL_CEREBRAL_CORTEX_MORPHOLOGY	HP_ABNORMAL_CEREBRAL_CORTEX_MORPHOLOGY		451	0.42062762	1.1058815	0.23644252	0.9671048	1.0	1579	tags=17%, list=15%, signal=19%	
HP_PROLONGED_PARTIAL_THROMBOPLASTIN_TIME	HP_PROLONGED_PARTIAL_THROMBOPLASTIN_TIME		24	0.568275	1.1053874	0.3574352	0.9685672	1.0	1763	tags=25%, list=17%, signal=30%	
HP_APLASIA_HYPOPLASIA_OF_METATARSAL_BONES	HP_APLASIA_HYPOPLASIA_OF_METATARSAL_BONES		42	0.52437615	1.1044962	0.3414305	0.97166634	1.0	1693	tags=24%, list=16%, signal=28%	
GOBP_REGULATION_OF_MEMBRANE_POTENTIAL	GOBP_REGULATION_OF_MEMBRANE_POTENTIAL		145	0.46136132	1.1044319	0.30012453	0.97128165	1.0	1187	tags=21%, list=11%, signal=24%	
GOBP_NEGATIVE_REGULATION_OF_SIGNAL_TRANSDUCTION_BY_P53_CLASS_MEDIATOR	GOBP_NEGATIVE_REGULATION_OF_SIGNAL_TRANSDUCTION_BY_P53_CLASS_MEDIATOR		24	0.5673553	1.1042367	0.3708791	0.9714237	1.0	1432	tags=25%, list=14%, signal=29%	
GOBP_REGULATION_OF_AUTOPHAGY_OF_MITOCHONDRION	GOBP_REGULATION_OF_AUTOPHAGY_OF_MITOCHONDRION		34	0.5314083	1.1040325	0.36	0.9715968	1.0	2051	tags=29%, list=20%, signal=36%	
GOMF_GTPASE_ACTIVITY	GOMF_GTPASE_ACTIVITY		182	0.4506438	1.1036016	0.28817734	0.97275996	1.0	2066	tags=27%, list=20%, signal=34%	
GOMF_CULLIN_FAMILY_PROTEIN_BINDING	GOMF_CULLIN_FAMILY_PROTEIN_BINDING		17	0.5763173	1.1034356	0.37026647	0.9727976	1.0	2746	tags=29%, list=26%, signal=40%	
GOBP_LYMPHOCYTE_HOMEOSTASIS	GOBP_LYMPHOCYTE_HOMEOSTASIS		64	0.49986017	1.1030942	0.33288947	0.9735303	1.0	1478	tags=27%, list=14%, signal=31%	
GOBP_RESPONSE_TO_ZINC_ION	GOBP_RESPONSE_TO_ZINC_ION		22	0.5659259	1.1030748	0.36239782	0.9729555	1.0	1406	tags=23%, list=13%, signal=26%	
GOBP_PURINE_CONTAINING_COMPOUND_TRANSMEMBRANE_TRANSPORT	GOBP_PURINE_CONTAINING_COMPOUND_TRANSMEMBRANE_TRANSPORT		21	0.57268476	1.10256	0.36740333	0.97441554	1.0	2032	tags=38%, list=19%, signal=47%	
GOBP_MONOATOMIC_ION_TRANSPORT	GOBP_MONOATOMIC_ION_TRANSPORT		464	0.4208197	1.1024945	0.24728851	0.9740265	1.0	1894	tags=27%, list=18%, signal=31%	
GOBP_PYRIMIDINE_NUCLEOTIDE_BIOSYNTHETIC_PROCESS	GOBP_PYRIMIDINE_NUCLEOTIDE_BIOSYNTHETIC_PROCESS		24	0.5617245	1.1023524	0.3625337	0.9739641	1.0	1882	tags=38%, list=18%, signal=46%	
GOCC_OXIDOREDUCTASE_COMPLEX	GOCC_OXIDOREDUCTASE_COMPLEX		81	0.48658222	1.1019496	0.3312102	0.97495824	1.0	1074	tags=30%, list=10%, signal=33%	
GOMF_EXTRACELLULAR_MATRIX_STRUCTURAL_CONSTITUENT	GOMF_EXTRACELLULAR_MATRIX_STRUCTURAL_CONSTITUENT		30	0.5488745	1.1018273	0.34320322	0.97479504	1.0	713	tags=10%, list=7%, signal=11%	
HP_OPHTHALMOPARESIS	HP_OPHTHALMOPARESIS		159	0.4542785	1.1017647	0.3017964	0.97439104	1.0	1025	tags=12%, list=10%, signal=13%	
GOMF_VOLTAGE_GATED_MONOATOMIC_CATION_CHANNEL_ACTIVITY	GOMF_VOLTAGE_GATED_MONOATOMIC_CATION_CHANNEL_ACTIVITY		22	0.5718631	1.101755	0.36690646	0.9737821	1.0	291	tags=14%, list=3%, signal=14%	
GOBP_PROTEIN_LOCALIZATION_TO_POSTSYNAPSE	GOBP_PROTEIN_LOCALIZATION_TO_POSTSYNAPSE		25	0.55214924	1.1016952	0.36827958	0.97337925	1.0	1886	tags=24%, list=18%, signal=29%	
HP_ABNORMAL_LABIA_MAJORA_MORPHOLOGY	HP_ABNORMAL_LABIA_MAJORA_MORPHOLOGY		25	0.54897535	1.1016438	0.3550532	0.9729534	1.0	1936	tags=32%, list=19%, signal=39%	
GOMF_TRANSPORTER_INHIBITOR_ACTIVITY	GOMF_TRANSPORTER_INHIBITOR_ACTIVITY		26	0.55411917	1.1014677	0.36149585	0.97303116	1.0	884	tags=27%, list=8%, signal=29%	
GOBP_P_BODY_ASSEMBLY	GOBP_P_BODY_ASSEMBLY		21	0.5757019	1.1014408	0.36216217	0.9724872	1.0	1774	tags=33%, list=17%, signal=40%	
GOBP_POSITIVE_REGULATION_OF_TRANSLATION	GOBP_POSITIVE_REGULATION_OF_TRANSLATION		106	0.47252268	1.1014259	0.3042328	0.9719015	1.0	1102	tags=17%, list=11%, signal=19%	
HP_MICROCORNEA	HP_MICROCORNEA		77	0.49353716	1.100984	0.34117648	0.9730743	1.0	660	tags=12%, list=6%, signal=12%	
HP_ABNORMAL_BLOOD_TRANSITION_ELEMENT_CATION_CONCENTRATION	HP_ABNORMAL_BLOOD_TRANSITION_ELEMENT_CATION_CONCENTRATION		26	0.5552042	1.1005837	0.3471646	0.97410107	1.0	68	tags=8%, list=1%, signal=8%	
GOBP_REGULATION_OF_ACTION_POTENTIAL	GOBP_REGULATION_OF_ACTION_POTENTIAL		19	0.57323164	1.1005055	0.37107778	0.9737848	1.0	915	tags=32%, list=9%, signal=35%	
HP_ABNORMALITY_OF_THE_INTRINSIC_PATHWAY	HP_ABNORMALITY_OF_THE_INTRINSIC_PATHWAY		26	0.55758077	1.1004322	0.37246963	0.973465	1.0	3152	tags=42%, list=30%, signal=60%	
GOBP_POSITIVE_REGULATION_OF_SYNAPTIC_TRANSMISSION	GOBP_POSITIVE_REGULATION_OF_SYNAPTIC_TRANSMISSION		61	0.49732342	1.1003944	0.33628318	0.9729771	1.0	884	tags=11%, list=8%, signal=12%	
HP_PTERYGIUM	HP_PTERYGIUM		21	0.5700041	1.1001896	0.39423078	0.973193	1.0	1436	tags=33%, list=14%, signal=39%	
HP_INFLAMMATORY_ABNORMALITY_OF_THE_EYE	HP_INFLAMMATORY_ABNORMALITY_OF_THE_EYE		139	0.46373665	1.1000594	0.31272727	0.97306794	1.0	1869	tags=30%, list=18%, signal=36%	
HP_PRENATAL_DEATH	HP_PRENATAL_DEATH		32	0.5428004	1.1000212	0.3585927	0.9725786	1.0	1920	tags=47%, list=18%, signal=57%	
HP_ABNORMALITY_OF_THE_AUTONOMIC_NERVOUS_SYSTEM	HP_ABNORMALITY_OF_THE_AUTONOMIC_NERVOUS_SYSTEM		159	0.45548356	1.0999398	0.30361447	0.9722724	1.0	1594	tags=18%, list=15%, signal=20%	
GOBP_VASCULAR_ENDOTHELIAL_GROWTH_FACTOR_PRODUCTION	GOBP_VASCULAR_ENDOTHELIAL_GROWTH_FACTOR_PRODUCTION		19	0.58611065	1.0998596	0.3649222	0.9719546	1.0	777	tags=16%, list=7%, signal=17%	
GOCC_DENDRITE_CYTOPLASM	GOCC_DENDRITE_CYTOPLASM		18	0.5790717	1.09981	0.34548104	0.9715327	1.0	2560	tags=39%, list=25%, signal=51%	
GOBP_REGULATION_OF_VIRAL_TRANSCRIPTION	GOBP_REGULATION_OF_VIRAL_TRANSCRIPTION		16	0.59245783	1.0994395	0.40311173	0.9723755	1.0	1231	tags=31%, list=12%, signal=35%	
GOBP_LEUKOCYTE_CHEMOTAXIS	GOBP_LEUKOCYTE_CHEMOTAXIS		114	0.46971175	1.099404	0.32222223	0.97187364	1.0	820	tags=22%, list=8%, signal=24%	
GOBP_POSITIVE_REGULATION_OF_STRESS_FIBER_ASSEMBLY	GOBP_POSITIVE_REGULATION_OF_STRESS_FIBER_ASSEMBLY		28	0.54385215	1.0992047	0.34449095	0.9720182	1.0	1455	tags=32%, list=14%, signal=37%	
GOBP_REGULATION_OF_MITOCHONDRIAL_TRANSLATION	GOBP_REGULATION_OF_MITOCHONDRIAL_TRANSLATION		16	0.5946829	1.0991341	0.38008416	0.9716767	1.0	2742	tags=25%, list=26%, signal=34%	
GOBP_NEGATIVE_REGULATION_OF_CYTOSKELETON_ORGANIZATION	GOBP_NEGATIVE_REGULATION_OF_CYTOSKELETON_ORGANIZATION		81	0.48409238	1.0991093	0.3298292	0.97115093	1.0	1103	tags=12%, list=11%, signal=14%	
HP_CEREBRAL_CORTICAL_ATROPHY	HP_CEREBRAL_CORTICAL_ATROPHY		221	0.4371901	1.0985907	0.28773585	0.9726019	1.0	724	tags=10%, list=7%, signal=10%	
GOBP_AMINO_ACID_IMPORT_ACROSS_PLASMA_MEMBRANE	GOBP_AMINO_ACID_IMPORT_ACROSS_PLASMA_MEMBRANE		25	0.5511607	1.098321	0.36754507	0.97304463	1.0	189	tags=8%, list=2%, signal=8%	
GOMF_ADP_BINDING	GOMF_ADP_BINDING		27	0.5397802	1.0980507	0.36914602	0.9734891	1.0	2056	tags=26%, list=20%, signal=32%	
GOBP_TRANSCRIPTION_BY_RNA_POLYMERASE_I	GOBP_TRANSCRIPTION_BY_RNA_POLYMERASE_I		48	0.51561266	1.0974228	0.36505866	0.9753946	1.0	1357	tags=19%, list=13%, signal=21%	
GOBP_MORPHOGENESIS_OF_A_POLARIZED_EPITHELIUM	GOBP_MORPHOGENESIS_OF_A_POLARIZED_EPITHELIUM		26	0.542984	1.0974056	0.37733334	0.97483075	1.0	1807	tags=27%, list=17%, signal=32%	
GOBP_RESPONSE_TO_GROWTH_HORMONE	GOBP_RESPONSE_TO_GROWTH_HORMONE		22	0.5717788	1.0963421	0.36666667	0.97847766	1.0	1924	tags=41%, list=18%, signal=50%	
GOBP_RESPONSE_TO_AMINE	GOBP_RESPONSE_TO_AMINE		18	0.58290356	1.0961282	0.35753426	0.97870415	1.0	1825	tags=39%, list=17%, signal=47%	
GOBP_NEGATIVE_REGULATION_OF_POST_TRANSLATIONAL_PROTEIN_MODIFICATION	GOBP_NEGATIVE_REGULATION_OF_POST_TRANSLATIONAL_PROTEIN_MODIFICATION		64	0.4972011	1.0961121	0.339895	0.9781351	1.0	1825	tags=30%, list=17%, signal=36%	
GOBP_RESPONSE_TO_HORMONE	GOBP_RESPONSE_TO_HORMONE		475	0.4166249	1.0960617	0.2571116	0.9776916	1.0	1265	tags=17%, list=12%, signal=18%	
GOMF_TRANSCRIPTION_FACTOR_BINDING	GOMF_TRANSCRIPTION_FACTOR_BINDING		386	0.42235065	1.0959207	0.25275937	0.9776329	1.0	1397	tags=20%, list=13%, signal=22%	
GOBP_POSITIVE_REGULATION_OF_CELL_CYCLE	GOBP_POSITIVE_REGULATION_OF_CELL_CYCLE		195	0.44170135	1.0956581	0.30658683	0.9780427	1.0	2374	tags=31%, list=23%, signal=40%	
HP_HEMIPARESIS	HP_HEMIPARESIS		56	0.49831173	1.0955862	0.35856575	0.9777016	1.0	683	tags=14%, list=7%, signal=15%	
HP_ABNORMAL_CEREBROSPINAL_FLUID_MORPHOLOGY	HP_ABNORMAL_CEREBROSPINAL_FLUID_MORPHOLOGY		425	0.4207044	1.0954875	0.26673985	0.9774748	1.0	1644	tags=21%, list=16%, signal=24%	
GOBP_INTERLEUKIN_1_PRODUCTION	GOBP_INTERLEUKIN_1_PRODUCTION		70	0.49642652	1.0952864	0.34220532	0.9776615	1.0	1012	tags=21%, list=10%, signal=24%	
HP_RESPIRATORY_DISTRESS	HP_RESPIRATORY_DISTRESS		136	0.46064463	1.0951573	0.31618568	0.97754276	1.0	1316	tags=16%, list=13%, signal=18%	
GOMF_TRANSPORTER_ACTIVITY	GOMF_TRANSPORTER_ACTIVITY		500	0.41795066	1.0949227	0.2494577	0.97786254	1.0	2032	tags=24%, list=19%, signal=29%	
GOBP_POSITIVE_REGULATION_OF_INTERLEUKIN_2_PRODUCTION	GOBP_POSITIVE_REGULATION_OF_INTERLEUKIN_2_PRODUCTION		37	0.5239092	1.0946401	0.3643617	0.9783738	1.0	1452	tags=30%, list=14%, signal=34%	
GOBP_PURINE_NUCLEOTIDE_TRANSPORT	GOBP_PURINE_NUCLEOTIDE_TRANSPORT		23	0.54764897	1.0945667	0.3633952	0.9780255	1.0	2018	tags=43%, list=19%, signal=54%	
HP_ABNORMAL_CIRCULATING_ASPARTATE_FAMILY_AMINO_ACID_CONCENTRATION	HP_ABNORMAL_CIRCULATING_ASPARTATE_FAMILY_AMINO_ACID_CONCENTRATION		17	0.5847172	1.0945094	0.38030097	0.97762865	1.0	3088	tags=47%, list=30%, signal=67%	
HP_CONSTIPATION	HP_CONSTIPATION		254	0.4363068	1.094197	0.2853855	0.97823185	1.0	1160	tags=14%, list=11%, signal=15%	
GOBP_RESPONSE_TO_OXIDATIVE_STRESS	GOBP_RESPONSE_TO_OXIDATIVE_STRESS		283	0.43329352	1.0941328	0.29232505	0.9778588	1.0	1342	tags=18%, list=13%, signal=20%	
HP_DYSPHAGIA	HP_DYSPHAGIA		341	0.4242188	1.0940315	0.27455357	0.9776434	1.0	1086	tags=15%, list=10%, signal=16%	
GOBP_POSITIVE_REGULATION_OF_BINDING	GOBP_POSITIVE_REGULATION_OF_BINDING		23	0.5634933	1.0939931	0.36350974	0.97715944	1.0	1877	tags=35%, list=18%, signal=42%	
GOBP_NEGATIVE_REGULATION_OF_LEUKOCYTE_APOPTOTIC_PROCESS	GOBP_NEGATIVE_REGULATION_OF_LEUKOCYTE_APOPTOTIC_PROCESS		28	0.5462785	1.0938894	0.36971352	0.97693676	1.0	1054	tags=29%, list=10%, signal=32%	
GOBP_PROTEIN_RNA_COMPLEX_ORGANIZATION	GOBP_PROTEIN_RNA_COMPLEX_ORGANIZATION		206	0.43917665	1.0938504	0.29569265	0.97644615	1.0	1318	tags=22%, list=13%, signal=25%	
GOBP_EXOCRINE_SYSTEM_DEVELOPMENT	GOBP_EXOCRINE_SYSTEM_DEVELOPMENT		19	0.57071465	1.093839	0.3808219	0.975864	1.0	1326	tags=26%, list=13%, signal=30%	
HP_BLINDNESS	HP_BLINDNESS		176	0.444523	1.0936058	0.29927886	0.9761355	1.0	1036	tags=13%, list=10%, signal=14%	
GOBP_CELLULAR_RESPONSE_TO_LIPID	GOBP_CELLULAR_RESPONSE_TO_LIPID		328	0.42780825	1.0933263	0.2883978	0.97662914	1.0	1319	tags=19%, list=13%, signal=21%	
GOBP_PHENOL_CONTAINING_COMPOUND_METABOLIC_PROCESS	GOBP_PHENOL_CONTAINING_COMPOUND_METABOLIC_PROCESS		32	0.53835976	1.0932876	0.37466308	0.9761504	1.0	889	tags=28%, list=9%, signal=31%	
GOBP_MITOTIC_CHROMOSOME_CONDENSATION	GOBP_MITOTIC_CHROMOSOME_CONDENSATION		15	0.58766353	1.0928326	0.39772728	0.97739685	1.0	2323	tags=47%, list=22%, signal=60%	
HP_CHROMOSOME_BREAKAGE	HP_CHROMOSOME_BREAKAGE		29	0.54177475	1.0927614	0.371669	0.9770534	1.0	3571	tags=59%, list=34%, signal=89%	
HP_DECREASED_CIRCULATING_CORTISOL_LEVEL	HP_DECREASED_CIRCULATING_CORTISOL_LEVEL		21	0.566655	1.0925401	0.38980716	0.977322	1.0	3378	tags=43%, list=32%, signal=63%	
GOBP_MICROTUBULE_DEPOLYMERIZATION	GOBP_MICROTUBULE_DEPOLYMERIZATION		28	0.551242	1.0924716	0.365722	0.97696495	1.0	1022	tags=14%, list=10%, signal=16%	
GOBP_REGULATION_OF_INFLAMMATORY_RESPONSE	GOBP_REGULATION_OF_INFLAMMATORY_RESPONSE		228	0.4381159	1.0923325	0.2997658	0.9768883	1.0	1023	tags=18%, list=10%, signal=20%	
GOBP_NEUROMUSCULAR_JUNCTION_DEVELOPMENT	GOBP_NEUROMUSCULAR_JUNCTION_DEVELOPMENT		29	0.5475228	1.0922586	0.36520585	0.9765754	1.0	1082	tags=17%, list=10%, signal=19%	
GOBP_REGULATION_OF_CYTOKINESIS	GOBP_REGULATION_OF_CYTOKINESIS		60	0.49763837	1.0921584	0.33467743	0.97633064	1.0	2376	tags=30%, list=23%, signal=39%	
GOCC_SOMATODENDRITIC_COMPARTMENT	GOCC_SOMATODENDRITIC_COMPARTMENT		322	0.4280937	1.0919858	0.2905028	0.9763781	1.0	2164	tags=24%, list=21%, signal=30%	
HP_TINNITUS	HP_TINNITUS		38	0.525175	1.0918019	0.3587684	0.97645265	1.0	1642	tags=24%, list=16%, signal=28%	
GOBP_RESPONSE_TO_TYPE_II_INTERFERON	GOBP_RESPONSE_TO_TYPE_II_INTERFERON		89	0.4726698	1.0917387	0.33290815	0.97606564	1.0	1430	tags=25%, list=14%, signal=28%	
GOBP_NEGATIVE_REGULATION_OF_PROTEIN_LOCALIZATION_TO_NUCLEUS	GOBP_NEGATIVE_REGULATION_OF_PROTEIN_LOCALIZATION_TO_NUCLEUS		29	0.54948056	1.0917124	0.37142858	0.9755479	1.0	1786	tags=28%, list=17%, signal=33%	
HP_ATOPIC_DERMATITIS	HP_ATOPIC_DERMATITIS		21	0.56622773	1.0915705	0.36877525	0.9754806	1.0	37	tags=5%, list=0%, signal=5%	
GOBP_DIGESTION	GOBP_DIGESTION		42	0.5101694	1.0914098	0.35694444	0.9754878	1.0	647	tags=12%, list=6%, signal=13%	
GOCC_RNA_POLYMERASE_II_TRANSCRIPTION_REPRESSOR_COMPLEX	GOCC_RNA_POLYMERASE_II_TRANSCRIPTION_REPRESSOR_COMPLEX		21	0.5692978	1.0912948	0.3951613	0.9753095	1.0	1732	tags=24%, list=17%, signal=28%	
GOBP_REGULATION_OF_MITOTIC_CELL_CYCLE_PHASE_TRANSITION	GOBP_REGULATION_OF_MITOTIC_CELL_CYCLE_PHASE_TRANSITION		255	0.43397436	1.0909374	0.30126002	0.9761647	1.0	1342	tags=19%, list=13%, signal=21%	
HP_ABNORMALITY_OF_SECONDARY_SEXUAL_HAIR	HP_ABNORMALITY_OF_SECONDARY_SEXUAL_HAIR		22	0.5707487	1.0908407	0.37190083	0.97592705	1.0	924	tags=23%, list=9%, signal=25%	
GOBP_RESPONSE_TO_INTERFERON_BETA	GOBP_RESPONSE_TO_INTERFERON_BETA		26	0.5453248	1.090776	0.35983264	0.9755901	1.0	961	tags=19%, list=9%, signal=21%	
HP_ABNORMAL_RENAL_PELVIS_MORPHOLOGY	HP_ABNORMAL_RENAL_PELVIS_MORPHOLOGY		187	0.4421396	1.0907112	0.2990196	0.97524405	1.0	1532	tags=16%, list=15%, signal=18%	
HP_URTICARIA	HP_URTICARIA		37	0.5277805	1.0906044	0.37313432	0.9750686	1.0	1639	tags=24%, list=16%, signal=29%	
GOBP_POSITIVE_REGULATION_OF_FAT_CELL_DIFFERENTIATION	GOBP_POSITIVE_REGULATION_OF_FAT_CELL_DIFFERENTIATION		32	0.5398388	1.0901151	0.3760218	0.97641575	1.0	1123	tags=25%, list=11%, signal=28%	
GOBP_MACROPHAGE_DIFFERENTIATION	GOBP_MACROPHAGE_DIFFERENTIATION		38	0.5252024	1.0900968	0.36772487	0.9758785	1.0	1383	tags=29%, list=13%, signal=33%	
GOMF_DNA_ENDONUCLEASE_ACTIVITY	GOMF_DNA_ENDONUCLEASE_ACTIVITY		42	0.5075103	1.0900915	0.35607094	0.9752842	1.0	972	tags=14%, list=9%, signal=16%	
GOBP_NEGATIVE_REGULATION_OF_INTERLEUKIN_1_BETA_PRODUCTION	GOBP_NEGATIVE_REGULATION_OF_INTERLEUKIN_1_BETA_PRODUCTION		18	0.56636596	1.0899918	0.38586158	0.97509044	1.0	907	tags=28%, list=9%, signal=30%	
HP_POLYGENIC_INHERITANCE	HP_POLYGENIC_INHERITANCE		19	0.57414454	1.0898191	0.38955224	0.9751587	1.0	1489	tags=21%, list=14%, signal=25%	
GOCC_ENDOPEPTIDASE_COMPLEX	GOCC_ENDOPEPTIDASE_COMPLEX		88	0.47735354	1.0895233	0.32650447	0.9756994	1.0	2895	tags=39%, list=28%, signal=53%	
GOBP_NEGATIVE_REGULATION_OF_SYNAPTIC_TRANSMISSION	GOBP_NEGATIVE_REGULATION_OF_SYNAPTIC_TRANSMISSION		19	0.56865275	1.0893124	0.3925104	0.9759349	1.0	21	tags=5%, list=0%, signal=5%	
GOBP_PROTEIN_LOCALIZATION_TO_CYTOSKELETON	GOBP_PROTEIN_LOCALIZATION_TO_CYTOSKELETON		45	0.50950646	1.0891982	0.35253772	0.9757707	1.0	1874	tags=24%, list=18%, signal=30%	
HP_ABNORMALITY_OF_MOUTH_SIZE	HP_ABNORMALITY_OF_MOUTH_SIZE		266	0.4317813	1.0889184	0.28669724	0.9762458	1.0	1163	tags=15%, list=11%, signal=16%	
GOBP_REGULATION_OF_TYPE_I_INTERFERON_MEDIATED_SIGNALING_PATHWAY	GOBP_REGULATION_OF_TYPE_I_INTERFERON_MEDIATED_SIGNALING_PATHWAY		34	0.530804	1.0886891	0.36551723	0.97655386	1.0	1331	tags=21%, list=13%, signal=24%	
GOMF_CARBOHYDRATE_DERIVATIVE_TRANSMEMBRANE_TRANSPORTER_ACTIVITY	GOMF_CARBOHYDRATE_DERIVATIVE_TRANSMEMBRANE_TRANSPORTER_ACTIVITY		34	0.5310328	1.088624	0.37564766	0.97617054	1.0	3573	tags=50%, list=34%, signal=76%	
GOBP_TAXIS	GOBP_TAXIS		203	0.43954384	1.0885146	0.30731708	0.9759929	1.0	890	tags=19%, list=9%, signal=20%	
HP_ABNORMAL_SENSORY_NERVE_CONDUCTION_VELOCITY	HP_ABNORMAL_SENSORY_NERVE_CONDUCTION_VELOCITY		21	0.5645216	1.0882396	0.36061028	0.9764523	1.0	2178	tags=33%, list=21%, signal=42%	
HP_MENORRHAGIA	HP_MENORRHAGIA		21	0.5561856	1.0882125	0.3746479	0.9759523	1.0	39	tags=5%, list=0%, signal=5%	
HP_AMYLOID_DEPOSITION	HP_AMYLOID_DEPOSITION		30	0.53574806	1.088128	0.36813188	0.9756498	1.0	982	tags=20%, list=9%, signal=22%	
GOBP_EPHRIN_RECEPTOR_SIGNALING_PATHWAY	GOBP_EPHRIN_RECEPTOR_SIGNALING_PATHWAY		22	0.55919397	1.0880427	0.37026647	0.9753907	1.0	3069	tags=50%, list=29%, signal=71%	
HP_TOE_SYNDACTYLY	HP_TOE_SYNDACTYLY		140	0.45205417	1.0876383	0.32589838	0.97641146	1.0	1635	tags=19%, list=16%, signal=23%	
GOBP_TRNA_METABOLIC_PROCESS	GOBP_TRNA_METABOLIC_PROCESS		152	0.44921276	1.087461	0.30806845	0.9764765	1.0	4019	tags=43%, list=38%, signal=70%	
GOCC_PROTON_TRANSPORTING_TWO_SECTOR_ATPASE_COMPLEX	GOCC_PROTON_TRANSPORTING_TWO_SECTOR_ATPASE_COMPLEX		16	0.5801937	1.0874468	0.39660057	0.9759073	1.0	333	tags=13%, list=3%, signal=13%	
GOBP_REGULATION_OF_INTRINSIC_APOPTOTIC_SIGNALING_PATHWAY	GOBP_REGULATION_OF_INTRINSIC_APOPTOTIC_SIGNALING_PATHWAY		117	0.4600605	1.0872779	0.32019705	0.9759845	1.0	1023	tags=20%, list=10%, signal=22%	
GOBP_AMINO_ACID_METABOLIC_PROCESS	GOBP_AMINO_ACID_METABOLIC_PROCESS		145	0.45425287	1.0872629	0.33415535	0.9754318	1.0	1796	tags=18%, list=17%, signal=21%	
GOBP_REGULATION_OF_ADAPTIVE_IMMUNE_RESPONSE	GOBP_REGULATION_OF_ADAPTIVE_IMMUNE_RESPONSE		129	0.46360648	1.0872532	0.33249685	0.97485596	1.0	1115	tags=20%, list=11%, signal=22%	
HP_TISSUE_ISCHEMIA	HP_TISSUE_ISCHEMIA		54	0.50010836	1.087247	0.33900523	0.97427124	1.0	350	tags=13%, list=3%, signal=13%	
GOBP_REGULATION_OF_CANONICAL_WNT_SIGNALING_PATHWAY	GOBP_REGULATION_OF_CANONICAL_WNT_SIGNALING_PATHWAY		126	0.45843923	1.0871962	0.33832708	0.973868	1.0	1680	tags=21%, list=16%, signal=25%	
GOBP_REGULATION_OF_PROTEIN_LOCALIZATION_TO_SYNAPSE	GOBP_REGULATION_OF_PROTEIN_LOCALIZATION_TO_SYNAPSE		15	0.59322554	1.0871009	0.38026124	0.9736288	1.0	130	tags=7%, list=1%, signal=7%	
GOBP_MICROTUBULE_NUCLEATION	GOBP_MICROTUBULE_NUCLEATION		38	0.52728814	1.0870773	0.37116155	0.9731004	1.0	1287	tags=13%, list=12%, signal=15%	
HP_INTRAUTERINE_GROWTH_RETARDATION	HP_INTRAUTERINE_GROWTH_RETARDATION		415	0.4159989	1.0870718	0.28097346	0.97250736	1.0	2063	tags=24%, list=20%, signal=29%	
HP_ABNORMAL_NOSTRIL_MORPHOLOGY	HP_ABNORMAL_NOSTRIL_MORPHOLOGY		304	0.4267751	1.0869788	0.28716215	0.9722801	1.0	1163	tags=14%, list=11%, signal=15%	
GOBP_VISUAL_BEHAVIOR	GOBP_VISUAL_BEHAVIOR		27	0.5403515	1.086819	0.37417656	0.972286	1.0	1121	tags=15%, list=11%, signal=17%	
GOMF_E_BOX_BINDING	GOMF_E_BOX_BINDING		22	0.55922544	1.0863582	0.38589212	0.97349113	1.0	2368	tags=50%, list=23%, signal=65%	
HP_MUTISM	HP_MUTISM		39	0.5281491	1.086275	0.36495388	0.97322476	1.0	476	tags=13%, list=5%, signal=13%	
GOBP_CALCINEURIN_MEDIATED_SIGNALING	GOBP_CALCINEURIN_MEDIATED_SIGNALING		28	0.53111714	1.086176	0.3808219	0.9730185	1.0	446	tags=11%, list=4%, signal=11%	
HP_ABNORMAL_UPPER_LIMB_EPIPHYSIS_MORPHOLOGY	HP_ABNORMAL_UPPER_LIMB_EPIPHYSIS_MORPHOLOGY		38	0.5178129	1.0861398	0.36497328	0.9725666	1.0	2081	tags=34%, list=20%, signal=43%	
HP_ABNORMAL_CIRCULATING_POTASSIUM_CONCENTRATION	HP_ABNORMAL_CIRCULATING_POTASSIUM_CONCENTRATION		47	0.50950706	1.0859683	0.37184596	0.9726799	1.0	1612	tags=23%, list=15%, signal=28%	
HP_ABNORMALITY_OF_THE_EXTRINSIC_PATHWAY	HP_ABNORMALITY_OF_THE_EXTRINSIC_PATHWAY		15	0.5896883	1.0859253	0.3986111	0.9722447	1.0	3152	tags=47%, list=30%, signal=67%	
GOBP_METALLO_SULFUR_CLUSTER_ASSEMBLY	GOBP_METALLO_SULFUR_CLUSTER_ASSEMBLY		23	0.55494064	1.0857797	0.38493723	0.9721938	1.0	3282	tags=48%, list=31%, signal=70%	
GOBP_HOST_MEDIATED_SUPPRESSION_OF_SYMBIONT_INVASION	GOBP_HOST_MEDIATED_SUPPRESSION_OF_SYMBIONT_INVASION		16	0.5752653	1.0857524	0.39295775	0.9716904	1.0	983	tags=19%, list=9%, signal=21%	
HP_COGNITIVE_DISTORTION	HP_COGNITIVE_DISTORTION		21	0.5670788	1.085467	0.37845305	0.9721932	1.0	1776	tags=24%, list=17%, signal=29%	
HP_PIGMENTARY_RETINOPATHY	HP_PIGMENTARY_RETINOPATHY		115	0.46167347	1.0854634	0.33333334	0.97160715	1.0	473	tags=7%, list=5%, signal=7%	
GOBP_RESPONSE_TO_LIPID	GOBP_RESPONSE_TO_LIPID		467	0.4126086	1.0854235	0.28555918	0.97116286	1.0	1004	tags=15%, list=10%, signal=16%	
HP_ABNORMAL_FETAL_PHYSIOLOGY	HP_ABNORMAL_FETAL_PHYSIOLOGY		169	0.4457066	1.0852666	0.3124231	0.9711702	1.0	2148	tags=27%, list=21%, signal=33%	
GOBP_NEGATIVE_REGULATION_OF_SUPRAMOLECULAR_FIBER_ORGANIZATION	GOBP_NEGATIVE_REGULATION_OF_SUPRAMOLECULAR_FIBER_ORGANIZATION		78	0.475096	1.0852025	0.35538262	0.9708145	1.0	1103	tags=15%, list=11%, signal=17%	
GOCC_PRESYNAPTIC_MEMBRANE	GOCC_PRESYNAPTIC_MEMBRANE		50	0.49584526	1.0849216	0.3483871	0.9713345	1.0	464	tags=8%, list=4%, signal=8%	
GOBP_ANTIGEN_PROCESSING_AND_PRESENTATION	GOBP_ANTIGEN_PROCESSING_AND_PRESENTATION		76	0.4806065	1.0845847	0.34312415	0.9720553	1.0	797	tags=18%, list=8%, signal=20%	
HP_GASTROINTESTINAL_OBSTRUCTION	HP_GASTROINTESTINAL_OBSTRUCTION		49	0.5001897	1.0844557	0.35931307	0.9719726	1.0	719	tags=14%, list=7%, signal=15%	
GOBP_REGULATION_OF_TELOMERE_MAINTENANCE_VIA_TELOMERASE	GOBP_REGULATION_OF_TELOMERE_MAINTENANCE_VIA_TELOMERASE		37	0.52949196	1.084329	0.38082558	0.9718733	1.0	1971	tags=24%, list=19%, signal=30%	
GOBP_T_HELPER_17_CELL_DIFFERENTIATION	GOBP_T_HELPER_17_CELL_DIFFERENTIATION		37	0.52997404	1.0840677	0.37398374	0.97231895	1.0	1449	tags=30%, list=14%, signal=34%	
GOCC_PROTEIN_DNA_COMPLEX	GOCC_PROTEIN_DNA_COMPLEX		107	0.45859638	1.0839256	0.32070708	0.97224164	1.0	1855	tags=24%, list=18%, signal=29%	
HP_JOINT_CONTRACTURE_OF_THE_HAND	HP_JOINT_CONTRACTURE_OF_THE_HAND		157	0.45309642	1.0839026	0.30647132	0.97173166	1.0	994	tags=13%, list=10%, signal=14%	
GOMF_ATPASE_BINDING	GOMF_ATPASE_BINDING		52	0.50280654	1.0836601	0.36459708	0.9720898	1.0	1631	tags=21%, list=16%, signal=25%	
GOBP_MITOTIC_CELL_CYCLE_PHASE_TRANSITION	GOBP_MITOTIC_CELL_CYCLE_PHASE_TRANSITION		329	0.42404276	1.0834792	0.30610022	0.9722049	1.0	1791	tags=22%, list=17%, signal=26%	
GOBP_POSITIVE_REGULATION_OF_RESPONSE_TO_EXTERNAL_STIMULUS	GOBP_POSITIVE_REGULATION_OF_RESPONSE_TO_EXTERNAL_STIMULUS		395	0.4164822	1.0832167	0.27919912	0.97265565	1.0	844	tags=12%, list=8%, signal=12%	
GOBP_SODIUM_ION_TRANSPORT	GOBP_SODIUM_ION_TRANSPORT		74	0.48720935	1.0829139	0.359375	0.9732954	1.0	819	tags=12%, list=8%, signal=13%	
GOMF_HYDROLASE_ACTIVITY_HYDROLYZING_N_GLYCOSYL_COMPOUNDS	GOMF_HYDROLASE_ACTIVITY_HYDROLYZING_N_GLYCOSYL_COMPOUNDS		20	0.5631789	1.0828758	0.3756906	0.9728472	1.0	1256	tags=20%, list=12%, signal=23%	
GOBP_REGULATION_OF_CELL_CYCLE_CHECKPOINT	GOBP_REGULATION_OF_CELL_CYCLE_CHECKPOINT		48	0.50517654	1.0828735	0.35555556	0.97225344	1.0	1789	tags=21%, list=17%, signal=25%	
HP_ABNORMAL_EXTEROCEPTIVE_SENSATION	HP_ABNORMAL_EXTEROCEPTIVE_SENSATION		151	0.4477293	1.082816	0.32925338	0.9718792	1.0	1826	tags=27%, list=17%, signal=32%	
HP_PALPITATIONS	HP_PALPITATIONS		48	0.5070816	1.0828043	0.3492696	0.9713267	1.0	1095	tags=21%, list=10%, signal=23%	
GOCC_BLOC_COMPLEX	GOCC_BLOC_COMPLEX		16	0.5810561	1.0827634	0.3916084	0.97089946	1.0	2834	tags=44%, list=27%, signal=60%	
GOBP_PEPTIDE_ANTIGEN_ASSEMBLY_WITH_MHC_PROTEIN_COMPLEX	GOBP_PEPTIDE_ANTIGEN_ASSEMBLY_WITH_MHC_PROTEIN_COMPLEX		15	0.5823929	1.0825943	0.37896255	0.97094864	1.0	1024	tags=47%, list=10%, signal=52%	
GOCC_EXOCYTIC_VESICLE	GOCC_EXOCYTIC_VESICLE		133	0.4524553	1.0824583	0.3119497	0.9708598	1.0	1525	tags=20%, list=15%, signal=23%	
HP_SPARSE_EYELASHES	HP_SPARSE_EYELASHES		40	0.5233902	1.0820848	0.3727399	0.9717405	1.0	1068	tags=33%, list=10%, signal=36%	
GOBP_REGULATION_OF_AMINO_ACID_TRANSPORT	GOBP_REGULATION_OF_AMINO_ACID_TRANSPORT		19	0.57133704	1.0820237	0.3855756	0.971397	1.0	213	tags=11%, list=2%, signal=11%	
HP_ABNORMAL_BASAL_GANGLIA_MORPHOLOGY	HP_ABNORMAL_BASAL_GANGLIA_MORPHOLOGY		130	0.45822394	1.0819372	0.3399751	0.9711231	1.0	639	tags=12%, list=6%, signal=13%	
GOBP_PEPTIDYL_THREONINE_PHOSPHORYLATION	GOBP_PEPTIDYL_THREONINE_PHOSPHORYLATION		22	0.555531	1.0818015	0.37991858	0.97107476	1.0	2838	tags=45%, list=27%, signal=62%	
HP_TAPERED_FINGER	HP_TAPERED_FINGER		94	0.47229183	1.0817443	0.35221675	0.9707315	1.0	819	tags=15%, list=8%, signal=16%	
GOBP_LYMPHOCYTE_CHEMOTAXIS	GOBP_LYMPHOCYTE_CHEMOTAXIS		18	0.5663523	1.0813113	0.40625	0.9717933	1.0	777	tags=17%, list=7%, signal=18%	
HP_CELLULAR_IMMUNODEFICIENCY	HP_CELLULAR_IMMUNODEFICIENCY		31	0.52524406	1.0811461	0.3821138	0.97184724	1.0	1383	tags=26%, list=13%, signal=30%	
GOBP_T_CELL_ACTIVATION_INVOLVED_IN_IMMUNE_RESPONSE	GOBP_T_CELL_ACTIVATION_INVOLVED_IN_IMMUNE_RESPONSE		94	0.47014448	1.0810231	0.34248367	0.97172695	1.0	995	tags=24%, list=10%, signal=27%	
HP_COLOR_VISION_DEFECT	HP_COLOR_VISION_DEFECT		106	0.46322986	1.080807	0.34961438	0.9719864	1.0	845	tags=11%, list=8%, signal=12%	
GOMF_NAD_BINDING	GOMF_NAD_BINDING		40	0.5201027	1.0803565	0.38722825	0.9731356	1.0	1285	tags=20%, list=12%, signal=23%	
HP_ABNORMAL_OCCIPITAL_BONE_MORPHOLOGY	HP_ABNORMAL_OCCIPITAL_BONE_MORPHOLOGY		78	0.4832784	1.0802832	0.36386767	0.97283566	1.0	1072	tags=10%, list=10%, signal=11%	
GOBP_REGULATION_OF_TOLL_LIKE_RECEPTOR_4_SIGNALING_PATHWAY	GOBP_REGULATION_OF_TOLL_LIKE_RECEPTOR_4_SIGNALING_PATHWAY		19	0.5560867	1.0802819	0.4144022	0.97224796	1.0	744	tags=21%, list=7%, signal=23%	
GOBP_T_CELL_MIGRATION	GOBP_T_CELL_MIGRATION		42	0.5181039	1.0801529	0.38007864	0.97212434	1.0	777	tags=12%, list=7%, signal=13%	
GOBP_RESPONSE_TO_ETHANOL	GOBP_RESPONSE_TO_ETHANOL		61	0.4920085	1.0796652	0.34954008	0.97345114	1.0	745	tags=16%, list=7%, signal=18%	
GOBP_NEGATIVE_REGULATION_OF_PROTEIN_MODIFICATION_PROCESS	GOBP_NEGATIVE_REGULATION_OF_PROTEIN_MODIFICATION_PROCESS		132	0.45492834	1.0793519	0.35929647	0.97410125	1.0	1987	tags=30%, list=19%, signal=36%	
HP_PROGRESSIVE_MUSCLE_WEAKNESS	HP_PROGRESSIVE_MUSCLE_WEAKNESS		53	0.49304122	1.0791773	0.3725744	0.9741716	1.0	437	tags=6%, list=4%, signal=6%	
GOBP_REGULATION_OF_MITOCHONDRIAL_MEMBRANE_PERMEABILITY_INVOLVED_IN_APOPTOTIC_PROCESS	GOBP_REGULATION_OF_MITOCHONDRIAL_MEMBRANE_PERMEABILITY_INVOLVED_IN_APOPTOTIC_PROCESS		27	0.545506	1.0791385	0.38008416	0.9737209	1.0	1786	tags=33%, list=17%, signal=40%	
HP_ABNORMAL_SCROTUM_MORPHOLOGY	HP_ABNORMAL_SCROTUM_MORPHOLOGY		67	0.4913742	1.0788097	0.35317996	0.9744486	1.0	1745	tags=25%, list=17%, signal=30%	
GOCC_SEX_CHROMOSOME	GOCC_SEX_CHROMOSOME		19	0.56415635	1.0784488	0.38935575	0.9752745	1.0	2893	tags=47%, list=28%, signal=65%	
GOBP_MEIOTIC_CHROMOSOME_SEGREGATION	GOBP_MEIOTIC_CHROMOSOME_SEGREGATION		62	0.4853227	1.0774034	0.367374	0.9787736	1.0	2709	tags=40%, list=26%, signal=54%	
HP_ABNORMAL_MACROPHAGE_MORPHOLOGY	HP_ABNORMAL_MACROPHAGE_MORPHOLOGY		37	0.5213259	1.0763719	0.37449118	0.9822274	1.0	791	tags=19%, list=8%, signal=20%	
GOBP_RETROGRADE_VESICLE_MEDIATED_TRANSPORT_GOLGI_TO_ENDOPLASMIC_RETICULUM	GOBP_RETROGRADE_VESICLE_MEDIATED_TRANSPORT_GOLGI_TO_ENDOPLASMIC_RETICULUM		39	0.51717913	1.0763475	0.37991858	0.9817314	1.0	2215	tags=26%, list=21%, signal=32%	
GOBP_REGULATION_OF_SYNAPSE_ASSEMBLY	GOBP_REGULATION_OF_SYNAPSE_ASSEMBLY		61	0.48714104	1.0763097	0.37812912	0.98126644	1.0	725	tags=11%, list=7%, signal=12%	
GOBP_POSITIVE_REGULATION_OF_DNA_REPLICATION	GOBP_POSITIVE_REGULATION_OF_DNA_REPLICATION		35	0.5259218	1.076298	0.38753387	0.98071086	1.0	1357	tags=20%, list=13%, signal=23%	
HP_SINGLE_TRANSVERSE_PALMAR_CREASE	HP_SINGLE_TRANSVERSE_PALMAR_CREASE		140	0.45060116	1.0762233	0.33830845	0.9804086	1.0	1626	tags=19%, list=16%, signal=23%	
GOBP_PROTEIN_IMPORT_INTO_MITOCHONDRIAL_MATRIX	GOBP_PROTEIN_IMPORT_INTO_MITOCHONDRIAL_MATRIX		19	0.5691463	1.075968	0.39377537	0.9807783	1.0	3093	tags=53%, list=30%, signal=75%	
HP_ABNORMAL_BRAINSTEM_MORPHOLOGY	HP_ABNORMAL_BRAINSTEM_MORPHOLOGY		183	0.4352017	1.0749214	0.34333733	0.9842195	1.0	2657	tags=33%, list=25%, signal=44%	
GOCC_MITOCHONDRIAL_MATRIX	GOCC_MITOCHONDRIAL_MATRIX		393	0.4132726	1.0748411	0.31699347	0.9839413	1.0	2967	tags=33%, list=28%, signal=44%	
GOMF_ACYLGLYCEROL_O_ACYLTRANSFERASE_ACTIVITY	GOMF_ACYLGLYCEROL_O_ACYLTRANSFERASE_ACTIVITY		22	0.55942035	1.0748287	0.3880597	0.98339427	1.0	2341	tags=32%, list=22%, signal=41%	
HP_ABNORMAL_DRINKING_BEHAVIOR	HP_ABNORMAL_DRINKING_BEHAVIOR		19	0.5545844	1.0744693	0.4084507	0.98416203	1.0	1561	tags=26%, list=15%, signal=31%	
HP_RESTRICTIVE_VENTILATORY_DEFECT	HP_RESTRICTIVE_VENTILATORY_DEFECT		55	0.49638316	1.0742	0.37285903	0.98460335	1.0	350	tags=9%, list=3%, signal=9%	
HP_POLYMICROGYRIA	HP_POLYMICROGYRIA		131	0.4544244	1.0740407	0.34681374	0.984652	1.0	1532	tags=13%, list=15%, signal=15%	
HP_SPINA_BIFIDA_OCCULTA	HP_SPINA_BIFIDA_OCCULTA		40	0.5100836	1.0739183	0.383917	0.9845186	1.0	778	tags=8%, list=7%, signal=8%	
HP_INCREASED_CIRCULATING_LACTATE_DEHYDROGENASE_CONCENTRATION	HP_INCREASED_CIRCULATING_LACTATE_DEHYDROGENASE_CONCENTRATION		48	0.5006414	1.0736027	0.36505866	0.98514634	1.0	797	tags=13%, list=8%, signal=13%	
GOCC_BRUSH_BORDER	GOCC_BRUSH_BORDER		44	0.5053843	1.0732523	0.37971392	0.9858829	1.0	383	tags=7%, list=4%, signal=7%	
GOBP_MITOCHONDRIAL_TRANSPORT	GOBP_MITOCHONDRIAL_TRANSPORT		62	0.4797739	1.0730367	0.35953608	0.98612356	1.0	1786	tags=27%, list=17%, signal=33%	
GOMF_CARBOXY_LYASE_ACTIVITY	GOMF_CARBOXY_LYASE_ACTIVITY		20	0.5632507	1.0730319	0.40113798	0.98555046	1.0	2794	tags=35%, list=27%, signal=48%	
GOBP_PURINE_CONTAINING_COMPOUND_CATABOLIC_PROCESS	GOBP_PURINE_CONTAINING_COMPOUND_CATABOLIC_PROCESS		100	0.4599476	1.0729705	0.3603034	0.98519564	1.0	753	tags=10%, list=7%, signal=11%	
GOBP_POSITIVE_REGULATION_OF_PHOSPHATIDYLINOSITOL_3_KINASE_PROTEIN_KINASE_B_SIGNAL_TRANSDUCTION	GOBP_POSITIVE_REGULATION_OF_PHOSPHATIDYLINOSITOL_3_KINASE_PROTEIN_KINASE_B_SIGNAL_TRANSDUCTION		101	0.46340346	1.0727137	0.3518285	0.98563486	1.0	832	tags=18%, list=8%, signal=19%	
GOBP_POSITIVE_REGULATION_OF_PROTEIN_SERINE_THREONINE_KINASE_ACTIVITY	GOBP_POSITIVE_REGULATION_OF_PROTEIN_SERINE_THREONINE_KINASE_ACTIVITY		25	0.53266215	1.0726402	0.40306833	0.98532325	1.0	373	tags=12%, list=4%, signal=12%	
GOBP_ATTACHMENT_OF_MITOTIC_SPINDLE_MICROTUBULES_TO_KINETOCHORE	GOBP_ATTACHMENT_OF_MITOTIC_SPINDLE_MICROTUBULES_TO_KINETOCHORE		23	0.5508812	1.0726229	0.40054497	0.98479766	1.0	2528	tags=39%, list=24%, signal=52%	
GOBP_NEGATIVE_REGULATION_OF_MRNA_CATABOLIC_PROCESS	GOBP_NEGATIVE_REGULATION_OF_MRNA_CATABOLIC_PROCESS		48	0.5045268	1.0724065	0.37231183	0.9850258	1.0	1763	tags=31%, list=17%, signal=37%	
GOMF_ISOMERASE_ACTIVITY	GOMF_ISOMERASE_ACTIVITY		279	0.42221656	1.0722001	0.32731378	0.9852005	1.0	2020	tags=23%, list=19%, signal=28%	
HP_ABNORMALITY_OF_URINE_HOMEOSTASIS	HP_ABNORMALITY_OF_URINE_HOMEOSTASIS		441	0.41086036	1.0721207	0.31813246	0.9849276	1.0	1204	tags=14%, list=12%, signal=15%	
HP_ABNORMAL_URINE_CYTOLOGY	HP_ABNORMAL_URINE_CYTOLOGY		110	0.45871496	1.0720321	0.35118306	0.98468053	1.0	1150	tags=17%, list=11%, signal=19%	
HP_TYPIFIED_BY_SOMATIC_MOSAICISM	HP_TYPIFIED_BY_SOMATIC_MOSAICISM		113	0.45689085	1.0720302	0.3611111	0.98409885	1.0	1745	tags=22%, list=17%, signal=26%	
GOBP_REGULATION_OF_CD4_POSITIVE_ALPHA_BETA_T_CELL_DIFFERENTIATION	GOBP_REGULATION_OF_CD4_POSITIVE_ALPHA_BETA_T_CELL_DIFFERENTIATION		41	0.5030441	1.0719955	0.40189445	0.98364675	1.0	980	tags=24%, list=9%, signal=27%	
HP_KYPHOSCOLIOSIS	HP_KYPHOSCOLIOSIS		128	0.45464963	1.071908	0.3517588	0.9834056	1.0	1773	tags=21%, list=17%, signal=25%	
GOBP_PROTEIN_POLYMERIZATION	GOBP_PROTEIN_POLYMERIZATION		167	0.44413844	1.0717635	0.3415493	0.98338276	1.0	1319	tags=16%, list=13%, signal=18%	
HP_CEREBRAL_VISUAL_IMPAIRMENT	HP_CEREBRAL_VISUAL_IMPAIRMENT		114	0.4588641	1.0714854	0.36443883	0.9838393	1.0	1532	tags=20%, list=15%, signal=23%	
GOBP_NEURON_PROJECTION_ORGANIZATION	GOBP_NEURON_PROJECTION_ORGANIZATION		48	0.49675655	1.071287	0.37349397	0.98401546	1.0	1807	tags=25%, list=17%, signal=30%	
GOBP_TYPE_I_INTERFERON_PRODUCTION	GOBP_TYPE_I_INTERFERON_PRODUCTION		101	0.45994967	1.0712538	0.3674776	0.9835529	1.0	1291	tags=16%, list=12%, signal=18%	
HP_UPSLANTED_PALPEBRAL_FISSURE	HP_UPSLANTED_PALPEBRAL_FISSURE		220	0.43211478	1.071003	0.33645955	0.98395735	1.0	1594	tags=19%, list=15%, signal=22%	
GOBP_REGULATION_OF_POTASSIUM_ION_TRANSMEMBRANE_TRANSPORT	GOBP_REGULATION_OF_POTASSIUM_ION_TRANSMEMBRANE_TRANSPORT		23	0.5534169	1.0709643	0.41841003	0.98353094	1.0	1677	tags=30%, list=16%, signal=36%	
HP_ABNORMALITY_OF_CHROMOSOME_STABILITY	HP_ABNORMALITY_OF_CHROMOSOME_STABILITY		44	0.51355493	1.0709031	0.39290407	0.98317486	1.0	3571	tags=52%, list=34%, signal=79%	
GOBP_DOLICHOL_LINKED_OLIGOSACCHARIDE_BIOSYNTHETIC_PROCESS	GOBP_DOLICHOL_LINKED_OLIGOSACCHARIDE_BIOSYNTHETIC_PROCESS		19	0.56306624	1.0706182	0.40876946	0.9836641	1.0	3152	tags=47%, list=30%, signal=68%	
HP_ANKLE_CONTRACTURE	HP_ANKLE_CONTRACTURE		35	0.5244403	1.0705798	0.3840782	0.983229	1.0	1503	tags=11%, list=14%, signal=13%	
GOBP_NEGATIVE_REGULATION_OF_OXIDATIVE_STRESS_INDUCED_INTRINSIC_APOPTOTIC_SIGNALING_PATHWAY	GOBP_NEGATIVE_REGULATION_OF_OXIDATIVE_STRESS_INDUCED_INTRINSIC_APOPTOTIC_SIGNALING_PATHWAY		18	0.5642101	1.0704689	0.4078062	0.9830647	1.0	1260	tags=28%, list=12%, signal=32%	
GOBP_WOUND_HEALING	GOBP_WOUND_HEALING		206	0.4290615	1.0704602	0.34397164	0.98252076	1.0	683	tags=11%, list=7%, signal=12%	
GOBP_FEEDING_BEHAVIOR	GOBP_FEEDING_BEHAVIOR		35	0.5267972	1.0700041	0.37935656	0.98367363	1.0	939	tags=17%, list=9%, signal=19%	
GOBP_RESPONSE_TO_KETONE	GOBP_RESPONSE_TO_KETONE		107	0.45742655	1.0699732	0.36633664	0.9831973	1.0	1319	tags=24%, list=13%, signal=28%	
HP_LIMITATION_OF_KNEE_MOBILITY	HP_LIMITATION_OF_KNEE_MOBILITY		17	0.56910294	1.069906	0.39240506	0.98286927	1.0	1883	tags=29%, list=18%, signal=36%	
GOBP_NEGATIVE_REGULATION_OF_TELOMERE_MAINTENANCE_VIA_TELOMERE_LENGTHENING	GOBP_NEGATIVE_REGULATION_OF_TELOMERE_MAINTENANCE_VIA_TELOMERE_LENGTHENING		24	0.5422422	1.0697242	0.4076087	0.9829587	1.0	745	tags=8%, list=7%, signal=9%	
GOBP_MISMATCH_REPAIR	GOBP_MISMATCH_REPAIR		27	0.5409368	1.0696295	0.40261438	0.98271877	1.0	1452	tags=22%, list=14%, signal=26%	
GOBP_RESPONSE_TO_TEMPERATURE_STIMULUS	GOBP_RESPONSE_TO_TEMPERATURE_STIMULUS		100	0.45934463	1.0692629	0.36340535	0.9835406	1.0	2017	tags=24%, list=19%, signal=29%	
GOBP_REGULATION_OF_PEPTIDE_TRANSPORT	GOBP_REGULATION_OF_PEPTIDE_TRANSPORT		80	0.4691822	1.0690444	0.36553526	0.9837827	1.0	1333	tags=19%, list=13%, signal=21%	
GOBP_TYPE_I_INTERFERON_MEDIATED_SIGNALING_PATHWAY	GOBP_TYPE_I_INTERFERON_MEDIATED_SIGNALING_PATHWAY		51	0.4929704	1.0687909	0.36438355	0.9841854	1.0	1331	tags=18%, list=13%, signal=20%	
GOBP_REGULATION_OF_CARTILAGE_DEVELOPMENT	GOBP_REGULATION_OF_CARTILAGE_DEVELOPMENT		25	0.5374389	1.0687523	0.40405405	0.9837513	1.0	1612	tags=36%, list=15%, signal=42%	
GOBP_PYRIMIDINE_NUCLEOTIDE_CATABOLIC_PROCESS	GOBP_PYRIMIDINE_NUCLEOTIDE_CATABOLIC_PROCESS		15	0.568277	1.0683719	0.42372882	0.9846552	1.0	710	tags=13%, list=7%, signal=14%	
HP_MENTAL_DETERIORATION	HP_MENTAL_DETERIORATION		230	0.42933303	1.0680325	0.3364486	0.98533237	1.0	544	tags=9%, list=5%, signal=9%	
GOBP_RHYTHMIC_BEHAVIOR	GOBP_RHYTHMIC_BEHAVIOR		15	0.5782961	1.0680147	0.42475387	0.9848155	1.0	2253	tags=33%, list=22%, signal=42%	
GOMF_ACETYLGALACTOSAMINYLTRANSFERASE_ACTIVITY	GOMF_ACETYLGALACTOSAMINYLTRANSFERASE_ACTIVITY		16	0.56803864	1.0677093	0.44536653	0.98542225	1.0	2633	tags=38%, list=25%, signal=50%	
GOBP_FATTY_ACYL_COA_BIOSYNTHETIC_PROCESS	GOBP_FATTY_ACYL_COA_BIOSYNTHETIC_PROCESS		19	0.55568004	1.0675696	0.40967283	0.9853646	1.0	4165	tags=74%, list=40%, signal=122%	
GOBP_AMINE_BIOSYNTHETIC_PROCESS	GOBP_AMINE_BIOSYNTHETIC_PROCESS		18	0.5767152	1.067329	0.4320458	0.9857119	1.0	1377	tags=39%, list=13%, signal=45%	
GOBP_ALTERNATIVE_MRNA_SPLICING_VIA_SPLICEOSOME	GOBP_ALTERNATIVE_MRNA_SPLICING_VIA_SPLICEOSOME		58	0.49453837	1.0669879	0.3922356	0.98644906	1.0	1329	tags=31%, list=13%, signal=35%	
GOBP_COLLAGEN_BIOSYNTHETIC_PROCESS	GOBP_COLLAGEN_BIOSYNTHETIC_PROCESS		24	0.54161084	1.0669092	0.42664874	0.986174	1.0	2142	tags=33%, list=21%, signal=42%	
GOBP_CANONICAL_NF_KAPPAB_SIGNAL_TRANSDUCTION	GOBP_CANONICAL_NF_KAPPAB_SIGNAL_TRANSDUCTION		219	0.42464536	1.0666317	0.33530107	0.9866784	1.0	1733	tags=20%, list=17%, signal=23%	
GOCC_CYTOPLASMIC_REGION	GOCC_CYTOPLASMIC_REGION		144	0.44630197	1.0659245	0.36183396	0.98877656	1.0	1358	tags=14%, list=13%, signal=16%	
HP_HAMARTOMA	HP_HAMARTOMA		40	0.5049412	1.0655901	0.3856383	0.98942804	1.0	2197	tags=23%, list=21%, signal=28%	
HP_HYPEROSTOSIS	HP_HYPEROSTOSIS		38	0.5116008	1.0653276	0.3922356	0.98985004	1.0	724	tags=11%, list=7%, signal=11%	
HP_CONICAL_TOOTH	HP_CONICAL_TOOTH		27	0.52743375	1.0651915	0.3997253	0.9897714	1.0	1971	tags=30%, list=19%, signal=36%	
HP_PETERS_ANOMALY	HP_PETERS_ANOMALY		15	0.57064956	1.0649798	0.41184768	0.9899924	1.0	2907	tags=27%, list=28%, signal=37%	
GOCC_INNER_KINETOCHORE	GOCC_INNER_KINETOCHORE		15	0.57350546	1.0645022	0.4181568	0.99120015	1.0	3242	tags=73%, list=31%, signal=106%	
HP_ABNORMAL_CIRCULATING_LACTATE_DEHYDROGENASE_CONCENTRATION	HP_ABNORMAL_CIRCULATING_LACTATE_DEHYDROGENASE_CONCENTRATION		57	0.48870757	1.0642891	0.39058524	0.99139035	1.0	876	tags=12%, list=8%, signal=13%	
GOBP_POSITIVE_REGULATION_OF_PROTEIN_TRANSPORT	GOBP_POSITIVE_REGULATION_OF_PROTEIN_TRANSPORT		144	0.44155335	1.0641886	0.38480097	0.9911893	1.0	1935	tags=24%, list=19%, signal=29%	
GOBP_C4_DICARBOXYLATE_TRANSPORT	GOBP_C4_DICARBOXYLATE_TRANSPORT		15	0.57064974	1.0641227	0.41551247	0.9908766	1.0	2018	tags=33%, list=19%, signal=41%	
GOBP_SYNAPSE_ORGANIZATION	GOBP_SYNAPSE_ORGANIZATION		216	0.4291248	1.063985	0.36804733	0.99082303	1.0	2305	tags=30%, list=22%, signal=37%	
GOCC_SYNAPTIC_MEMBRANE	GOCC_SYNAPTIC_MEMBRANE		114	0.45723763	1.0638144	0.36055276	0.9908996	1.0	1635	tags=15%, list=16%, signal=17%	
GOBP_POSITIVE_REGULATION_OF_NUCLEOCYTOPLASMIC_TRANSPORT	GOBP_POSITIVE_REGULATION_OF_NUCLEOCYTOPLASMIC_TRANSPORT		41	0.50311977	1.0637882	0.3963494	0.99043643	1.0	2305	tags=37%, list=22%, signal=47%	
HP_THIN_UPPER_LIP_VERMILION	HP_THIN_UPPER_LIP_VERMILION		213	0.4301494	1.0633539	0.3594848	0.9914714	1.0	2307	tags=31%, list=22%, signal=40%	
GOBP_NEGATIVE_REGULATION_OF_INTRINSIC_APOPTOTIC_SIGNALING_PATHWAY	GOBP_NEGATIVE_REGULATION_OF_INTRINSIC_APOPTOTIC_SIGNALING_PATHWAY		67	0.47642344	1.0633509	0.37285903	0.99090576	1.0	1260	tags=24%, list=12%, signal=27%	
HP_ABNORMAL_ELECTRORETINOGRAM	HP_ABNORMAL_ELECTRORETINOGRAM		109	0.45372686	1.06333	0.365099	0.9904071	1.0	1511	tags=13%, list=14%, signal=15%	
GOMF_PROTEIN_RNA_ADAPTOR_ACTIVITY	GOMF_PROTEIN_RNA_ADAPTOR_ACTIVITY		24	0.53243226	1.0628645	0.4057554	0.9915959	1.0	1556	tags=25%, list=15%, signal=29%	
GOBP_HYDROGEN_PEROXIDE_CATABOLIC_PROCESS	GOBP_HYDROGEN_PEROXIDE_CATABOLIC_PROCESS		15	0.57127047	1.0628201	0.41192788	0.9911819	1.0	213	tags=20%, list=2%, signal=20%	
GOBP_NEGATIVE_REGULATION_OF_CELL_DEVELOPMENT	GOBP_NEGATIVE_REGULATION_OF_CELL_DEVELOPMENT		123	0.45148382	1.0624553	0.36755386	0.99200493	1.0	1786	tags=28%, list=17%, signal=33%	
GOBP_PROTEIN_ACETYLATION	GOBP_PROTEIN_ACETYLATION		26	0.5378294	1.0621184	0.3972973	0.9926673	1.0	1412	tags=19%, list=14%, signal=22%	
GOBP_3_UTR_MEDIATED_MRNA_DESTABILIZATION	GOBP_3_UTR_MEDIATED_MRNA_DESTABILIZATION		16	0.5663822	1.0618842	0.4168975	0.9929891	1.0	3176	tags=44%, list=30%, signal=63%	
GOMF_ORGANIC_ACID_BINDING	GOMF_ORGANIC_ACID_BINDING		81	0.47742447	1.061756	0.39501312	0.99293023	1.0	421	tags=11%, list=4%, signal=11%	
GOBP_REGULATION_OF_RESPONSE_TO_BIOTIC_STIMULUS	GOBP_REGULATION_OF_RESPONSE_TO_BIOTIC_STIMULUS		383	0.4130154	1.0613965	0.3311185	0.9937241	1.0	1291	tags=15%, list=12%, signal=17%	
GOBP_OOGENESIS	GOBP_OOGENESIS		47	0.497353	1.0613915	0.39300135	0.99316776	1.0	1062	tags=17%, list=10%, signal=19%	
HP_ABNORMAL_SMALL_INTESTINE_MORPHOLOGY	HP_ABNORMAL_SMALL_INTESTINE_MORPHOLOGY		134	0.44484743	1.0609899	0.36727273	0.99414784	1.0	1594	tags=20%, list=15%, signal=23%	
GOBP_TRNA_MODIFICATION	GOBP_TRNA_MODIFICATION		80	0.47069073	1.0608798	0.39745224	0.9939934	1.0	3225	tags=29%, list=31%, signal=41%	
HP_CONGENITAL_NYSTAGMUS	HP_CONGENITAL_NYSTAGMUS		15	0.579167	1.0606612	0.41086352	0.99421006	1.0	2566	tags=40%, list=25%, signal=53%	
GOBP_EXTRINSIC_APOPTOTIC_SIGNALING_PATHWAY_VIA_DEATH_DOMAIN_RECEPTORS	GOBP_EXTRINSIC_APOPTOTIC_SIGNALING_PATHWAY_VIA_DEATH_DOMAIN_RECEPTORS		64	0.47788286	1.0603573	0.38431373	0.99476445	1.0	1062	tags=20%, list=10%, signal=22%	
HP_ECTOPIC_CALCIFICATION	HP_ECTOPIC_CALCIFICATION		149	0.43368113	1.0603321	0.3709273	0.99428666	1.0	1155	tags=16%, list=11%, signal=18%	
GOBP_REGULATION_OF_PROTEIN_TRANSPORT	GOBP_REGULATION_OF_PROTEIN_TRANSPORT		243	0.42607516	1.0598742	0.34857142	0.9954249	1.0	1377	tags=18%, list=13%, signal=20%	
GOBP_REGULATION_OF_ACTIN_FILAMENT_POLYMERIZATION	GOBP_REGULATION_OF_ACTIN_FILAMENT_POLYMERIZATION		68	0.48001292	1.0597259	0.3834197	0.9954266	1.0	1319	tags=18%, list=13%, signal=20%	
GOBP_POSITIVE_REGULATION_OF_BONE_MINERALIZATION	GOBP_POSITIVE_REGULATION_OF_BONE_MINERALIZATION		21	0.55289674	1.0592842	0.40054497	0.99652976	1.0	2547	tags=43%, list=24%, signal=57%	
GOBP_FAT_CELL_DIFFERENTIATION	GOBP_FAT_CELL_DIFFERENTIATION		138	0.4457968	1.0589955	0.375	0.997068	1.0	1260	tags=18%, list=12%, signal=20%	
HP_TYPE_I_TRANSFERRIN_ISOFORM_PROFILE	HP_TYPE_I_TRANSFERRIN_ISOFORM_PROFILE		19	0.5590725	1.0588577	0.42897728	0.99700314	1.0	3152	tags=47%, list=30%, signal=68%	
GOBP_REPRODUCTIVE_BEHAVIOR	GOBP_REPRODUCTIVE_BEHAVIOR		19	0.5618352	1.0586532	0.41723666	0.9972148	1.0	468	tags=11%, list=4%, signal=11%	
HP_ABNORMAL_DERMATOGLYPHICS	HP_ABNORMAL_DERMATOGLYPHICS		202	0.4337442	1.0585903	0.3645084	0.99685895	1.0	1626	tags=18%, list=16%, signal=21%	
HP_HIGH_FOREHEAD	HP_HIGH_FOREHEAD		200	0.42917836	1.0584493	0.3614035	0.99681234	1.0	2326	tags=22%, list=22%, signal=28%	
GOBP_IMMUNE_RESPONSE_TO_TUMOR_CELL	GOBP_IMMUNE_RESPONSE_TO_TUMOR_CELL		20	0.5458186	1.0582159	0.41438848	0.99712294	1.0	1269	tags=30%, list=12%, signal=34%	
GOBP_MICROTUBULE_POLYMERIZATION_OR_DEPOLYMERIZATION	GOBP_MICROTUBULE_POLYMERIZATION_OR_DEPOLYMERIZATION		92	0.46269512	1.0580666	0.40430924	0.99708474	1.0	1452	tags=15%, list=14%, signal=18%	
HP_EMBRYONAL_RENAL_NEOPLASM	HP_EMBRYONAL_RENAL_NEOPLASM		25	0.54289293	1.0580108	0.4142661	0.9967253	1.0	1745	tags=32%, list=17%, signal=38%	
GOCC_TRANSCRIPTION_EXPORT_COMPLEX	GOCC_TRANSCRIPTION_EXPORT_COMPLEX		16	0.5759332	1.057796	0.43378377	0.99695355	1.0	1355	tags=38%, list=13%, signal=43%	
GOBP_REGULATION_OF_SIGNAL_TRANSDUCTION_BY_P53_CLASS_MEDIATOR	GOBP_REGULATION_OF_SIGNAL_TRANSDUCTION_BY_P53_CLASS_MEDIATOR		84	0.4666532	1.057653	0.3849105	0.9969254	1.0	743	tags=19%, list=7%, signal=20%	
GOBP_ORGANOPHOSPHATE_CATABOLIC_PROCESS	GOBP_ORGANOPHOSPHATE_CATABOLIC_PROCESS		152	0.43350127	1.0574564	0.36308807	0.997065	1.0	1244	tags=11%, list=12%, signal=13%	
HP_ABNORMAL_URINE_METABOLITE_LEVEL	HP_ABNORMAL_URINE_METABOLITE_LEVEL		364	0.40992644	1.0574504	0.33554816	0.9965186	1.0	1150	tags=12%, list=11%, signal=13%	
GOBP_CELL_JUNCTION_ASSEMBLY	GOBP_CELL_JUNCTION_ASSEMBLY		190	0.42880368	1.0574152	0.3522316	0.99607927	1.0	725	tags=9%, list=7%, signal=10%	
GOCC_90S_PRERIBOSOME	GOCC_90S_PRERIBOSOME		23	0.54543483	1.0571384	0.4254446	0.99654	1.0	1822	tags=30%, list=17%, signal=37%	
GOBP_POSITIVE_REGULATION_OF_MOLECULAR_FUNCTION	GOBP_POSITIVE_REGULATION_OF_MOLECULAR_FUNCTION		264	0.4144188	1.0570168	0.33981693	0.9964191	1.0	590	tags=10%, list=6%, signal=11%	
GOBP_CELLULAR_RESPONSE_TO_HORMONE_STIMULUS	GOBP_CELLULAR_RESPONSE_TO_HORMONE_STIMULUS		368	0.4120935	1.0568744	0.37416482	0.99640787	1.0	1936	tags=25%, list=19%, signal=30%	
GOBP_GRANULOCYTE_CHEMOTAXIS	GOBP_GRANULOCYTE_CHEMOTAXIS		56	0.4868931	1.056759	0.41315788	0.99626637	1.0	676	tags=21%, list=6%, signal=23%	
GOBP_RESPONSE_TO_TUMOR_NECROSIS_FACTOR	GOBP_RESPONSE_TO_TUMOR_NECROSIS_FACTOR		127	0.44166875	1.0561546	0.3856613	0.9979754	1.0	1276	tags=16%, list=12%, signal=18%	
GOBP_LIPOPROTEIN_BIOSYNTHETIC_PROCESS	GOBP_LIPOPROTEIN_BIOSYNTHETIC_PROCESS		27	0.5292516	1.0561168	0.41562065	0.99753064	1.0	265	tags=7%, list=3%, signal=8%	
GOCC_LAMELLIPODIUM	GOCC_LAMELLIPODIUM		126	0.4435376	1.0556995	0.37531173	0.9985118	1.0	1292	tags=16%, list=12%, signal=18%	
GOBP_EAR_MORPHOGENESIS	GOBP_EAR_MORPHOGENESIS		41	0.5059775	1.0555301	0.40526316	0.99855584	1.0	1437	tags=27%, list=14%, signal=31%	
GOBP_POSITIVE_REGULATION_OF_SMOOTH_MUSCLE_CELL_PROLIFERATION	GOBP_POSITIVE_REGULATION_OF_SMOOTH_MUSCLE_CELL_PROLIFERATION		35	0.50353223	1.0553395	0.39680427	0.9986757	1.0	301	tags=20%, list=3%, signal=21%	
GOBP_POSITIVE_REGULATION_OF_AMYLOID_PRECURSOR_PROTEIN_CATABOLIC_PROCESS	GOBP_POSITIVE_REGULATION_OF_AMYLOID_PRECURSOR_PROTEIN_CATABOLIC_PROCESS		16	0.5756069	1.0553131	0.43301758	0.99821025	1.0	583	tags=13%, list=6%, signal=13%	
GOBP_INTERMEDIATE_FILAMENT_BASED_PROCESS	GOBP_INTERMEDIATE_FILAMENT_BASED_PROCESS		19	0.5368737	1.055201	0.42989418	0.9980805	1.0	1356	tags=26%, list=13%, signal=30%	
HP_IMPAIRED_VIBRATORY_SENSATION	HP_IMPAIRED_VIBRATORY_SENSATION		78	0.46198866	1.0547377	0.38751626	0.9992252	1.0	1577	tags=18%, list=15%, signal=21%	
HP_MYOCLONUS	HP_MYOCLONUS		217	0.42051682	1.0546957	0.36749116	0.99879664	1.0	1024	tags=13%, list=10%, signal=14%	
GOMF_SIGNALING_RECEPTOR_REGULATOR_ACTIVITY	GOMF_SIGNALING_RECEPTOR_REGULATOR_ACTIVITY		140	0.43725783	1.054608	0.37841192	0.99858576	1.0	460	tags=12%, list=4%, signal=13%	
GOBP_ADHERENS_JUNCTION_ORGANIZATION	GOBP_ADHERENS_JUNCTION_ORGANIZATION		24	0.5319913	1.0544076	0.42133334	0.9987578	1.0	26	tags=4%, list=0%, signal=4%	
HP_CRANIAL_HYPEROSTOSIS	HP_CRANIAL_HYPEROSTOSIS		31	0.52078485	1.0542724	0.4229249	0.9986873	1.0	1148	tags=13%, list=11%, signal=14%	
HP_DECREASED_ABSENT_ANKLE_REFLEXES	HP_DECREASED_ABSENT_ANKLE_REFLEXES		35	0.5101785	1.0542406	0.41347423	0.9982422	1.0	1520	tags=20%, list=15%, signal=23%	
HP_DYSCALCULIA	HP_DYSCALCULIA		16	0.5622337	1.0542244	0.4408163	0.99773544	1.0	128	tags=13%, list=1%, signal=13%	
GOBP_REGULATION_OF_CHONDROCYTE_DIFFERENTIATION	GOBP_REGULATION_OF_CHONDROCYTE_DIFFERENTIATION		17	0.5605376	1.0542145	0.44979367	0.99720156	1.0	1612	tags=47%, list=15%, signal=56%	
GOMF_NUCLEAR_RECEPTOR_BINDING	GOMF_NUCLEAR_RECEPTOR_BINDING		106	0.45751113	1.0541626	0.39823008	0.9968425	1.0	1329	tags=21%, list=13%, signal=24%	
GOBP_REGULATION_OF_SUPEROXIDE_METABOLIC_PROCESS	GOBP_REGULATION_OF_SUPEROXIDE_METABOLIC_PROCESS		18	0.5632839	1.0537043	0.43228453	0.9979697	1.0	580	tags=28%, list=6%, signal=29%	
HP_DYSPNEA	HP_DYSPNEA		279	0.41104597	1.0537018	0.36542922	0.99741596	1.0	1127	tags=16%, list=11%, signal=17%	
HP_MECKEL_DIVERTICULUM	HP_MECKEL_DIVERTICULUM		26	0.52857715	1.0535395	0.44384304	0.99744064	1.0	3122	tags=46%, list=30%, signal=66%	
GOBP_POSITIVE_REGULATION_OF_RESPONSE_TO_BIOTIC_STIMULUS	GOBP_POSITIVE_REGULATION_OF_RESPONSE_TO_BIOTIC_STIMULUS		282	0.4147595	1.0535338	0.34971428	0.9969005	1.0	1291	tags=15%, list=12%, signal=17%	
HP_GENERALIZED_MUSCLE_WEAKNESS	HP_GENERALIZED_MUSCLE_WEAKNESS		71	0.4734168	1.0532961	0.3927178	0.99717057	1.0	1438	tags=13%, list=14%, signal=15%	
GOBP_HEPARAN_SULFATE_PROTEOGLYCAN_METABOLIC_PROCESS	GOBP_HEPARAN_SULFATE_PROTEOGLYCAN_METABOLIC_PROCESS		30	0.5275924	1.0528882	0.41723666	0.99810845	1.0	582	tags=7%, list=6%, signal=7%	
GOCC_BLOOD_MICROPARTICLE	GOCC_BLOOD_MICROPARTICLE		38	0.5063122	1.0526294	0.41086352	0.9985064	1.0	668	tags=13%, list=6%, signal=14%	
GOBP_ENZYME_LINKED_RECEPTOR_PROTEIN_SIGNALING_PATHWAY	GOBP_ENZYME_LINKED_RECEPTOR_PROTEIN_SIGNALING_PATHWAY		468	0.39740512	1.0526025	0.3558011	0.99803376	1.0	1336	tags=15%, list=13%, signal=17%	
GOBP_AMINO_ACID_TRANSMEMBRANE_TRANSPORT	GOBP_AMINO_ACID_TRANSMEMBRANE_TRANSPORT		51	0.4944106	1.0524521	0.41347423	0.99800736	1.0	432	tags=8%, list=4%, signal=8%	
HP_ABNORMAL_SYNAPTIC_TRANSMISSION_AT_THE_NEUROMUSCULAR_JUNCTION	HP_ABNORMAL_SYNAPTIC_TRANSMISSION_AT_THE_NEUROMUSCULAR_JUNCTION		65	0.47890523	1.0518804	0.4100529	0.99956864	1.0	2016	tags=22%, list=19%, signal=27%	
HP_AMYOTROPHIC_LATERAL_SCLEROSIS	HP_AMYOTROPHIC_LATERAL_SCLEROSIS		34	0.51051176	1.0516086	0.40440166	0.9999997	1.0	128	tags=6%, list=1%, signal=6%	
GOBP_PYRUVATE_METABOLIC_PROCESS	GOBP_PYRUVATE_METABOLIC_PROCESS		82	0.46632627	1.0515406	0.39413264	0.9996942	1.0	1095	tags=13%, list=10%, signal=15%	
GOBP_REGULATION_OF_CHROMATIN_ORGANIZATION	GOBP_REGULATION_OF_CHROMATIN_ORGANIZATION		24	0.5269734	1.0511088	0.4078591	1.0	1.0	440	tags=13%, list=4%, signal=13%	
HP_APNEA	HP_APNEA		139	0.44208658	1.0510523	0.4004914	1.0	1.0	604	tags=12%, list=6%, signal=13%	
GOCC_CLATHRIN_COATED_PIT	GOCC_CLATHRIN_COATED_PIT		53	0.4825246	1.0510019	0.3938992	0.9999957	1.0	360	tags=6%, list=3%, signal=6%	
GOMF_COLLAGEN_BINDING	GOMF_COLLAGEN_BINDING		25	0.5384834	1.050712	0.44369972	1.0	1.0	362	tags=12%, list=3%, signal=12%	
GOBP_ALPHA_BETA_T_CELL_ACTIVATION	GOBP_ALPHA_BETA_T_CELL_ACTIVATION		142	0.43853253	1.050522	0.38778055	1.0	1.0	1461	tags=30%, list=14%, signal=34%	
GOBP_TRANSCRIPTION_BY_RNA_POLYMERASE_III	GOBP_TRANSCRIPTION_BY_RNA_POLYMERASE_III		53	0.47411403	1.0503538	0.41199479	1.0	1.0	1993	tags=25%, list=19%, signal=30%	
GOMF_NUCLEAR_RETINOIC_ACID_RECEPTOR_BINDING	GOMF_NUCLEAR_RETINOIC_ACID_RECEPTOR_BINDING		19	0.5626877	1.0503273	0.4297408	1.0	1.0	947	tags=21%, list=9%, signal=23%	
GOMF_TETRAPYRROLE_BINDING	GOMF_TETRAPYRROLE_BINDING		49	0.49285805	1.0500205	0.4151436	1.0	1.0	24	tags=4%, list=0%, signal=4%	
GOBP_POSITIVE_REGULATION_OF_DNA_TEMPLATED_TRANSCRIPTION_ELONGATION	GOBP_POSITIVE_REGULATION_OF_DNA_TEMPLATED_TRANSCRIPTION_ELONGATION		49	0.48989964	1.0498799	0.40826872	1.0	1.0	2258	tags=31%, list=22%, signal=39%	
HP_ABNORMALITY_ON_PULMONARY_FUNCTION_TESTING	HP_ABNORMALITY_ON_PULMONARY_FUNCTION_TESTING		116	0.44990662	1.0495778	0.40428212	1.0	1.0	865	tags=12%, list=8%, signal=13%	
GOBP_MITOTIC_NUCLEAR_DIVISION	GOBP_MITOTIC_NUCLEAR_DIVISION		212	0.41899478	1.0493127	0.39451727	1.0	1.0	1880	tags=24%, list=18%, signal=29%	
GOBP_CELLULAR_RESPONSE_TO_REACTIVE_OXYGEN_SPECIES	GOBP_CELLULAR_RESPONSE_TO_REACTIVE_OXYGEN_SPECIES		81	0.4594514	1.0490867	0.39490446	1.0	1.0	435	tags=10%, list=4%, signal=10%	
GOBP_REGULATION_OF_PATTERN_RECOGNITION_RECEPTOR_SIGNALING_PATHWAY	GOBP_REGULATION_OF_PATTERN_RECOGNITION_RECEPTOR_SIGNALING_PATHWAY		125	0.44087392	1.0490465	0.38757765	1.0	1.0	1226	tags=13%, list=12%, signal=14%	
HP_MYALGIA	HP_MYALGIA		103	0.44598338	1.0488627	0.38903394	1.0	1.0	994	tags=15%, list=10%, signal=16%	
GOBP_REGULATION_OF_CELL_SUBSTRATE_ADHESION	GOBP_REGULATION_OF_CELL_SUBSTRATE_ADHESION		114	0.44914597	1.0487893	0.3979975	1.0	1.0	1977	tags=32%, list=19%, signal=39%	
GOBP_REGULATION_OF_SMALL_MOLECULE_METABOLIC_PROCESS	GOBP_REGULATION_OF_SMALL_MOLECULE_METABOLIC_PROCESS		168	0.42946607	1.0487514	0.39783654	1.0	1.0	758	tags=10%, list=7%, signal=10%	
GOMF_SULFUR_COMPOUND_BINDING	GOMF_SULFUR_COMPOUND_BINDING		102	0.45659548	1.0486927	0.40439278	1.0	1.0	458	tags=12%, list=4%, signal=12%	
HP_ABNORMAL_EYEBROW_MORPHOLOGY	HP_ABNORMAL_EYEBROW_MORPHOLOGY		419	0.404287	1.0486416	0.33951965	1.0	1.0	1644	tags=20%, list=16%, signal=23%	
HP_MICROMELIA	HP_MICROMELIA		54	0.48973727	1.0481294	0.416332	1.0	1.0	2039	tags=30%, list=20%, signal=37%	
GOBP_REGULATION_OF_EPITHELIAL_TO_MESENCHYMAL_TRANSITION	GOBP_REGULATION_OF_EPITHELIAL_TO_MESENCHYMAL_TRANSITION		45	0.48853153	1.0480889	0.41232878	1.0	1.0	2103	tags=31%, list=20%, signal=39%	
GOMF_SOLUTE_MONOATOMIC_CATION_SYMPORTER_ACTIVITY	GOMF_SOLUTE_MONOATOMIC_CATION_SYMPORTER_ACTIVITY		42	0.50165945	1.0478476	0.4387352	1.0	1.0	805	tags=12%, list=8%, signal=13%	
HP_ENURESIS	HP_ENURESIS		18	0.5476517	1.0477754	0.43342775	1.0	1.0	68	tags=6%, list=1%, signal=6%	
GOMF_LIGASE_ACTIVITY_FORMING_CARBON_NITROGEN_BONDS	GOMF_LIGASE_ACTIVITY_FORMING_CARBON_NITROGEN_BONDS		33	0.518762	1.0477333	0.45492372	1.0	1.0	719	tags=9%, list=7%, signal=10%	
HP_ABNORMALITY_OF_THE_PHILTRUM	HP_ABNORMALITY_OF_THE_PHILTRUM		449	0.40043387	1.0474545	0.3583878	1.0	1.0	1993	tags=19%, list=19%, signal=23%	
GOBP_AMINO_ACID_TRANSPORT	GOBP_AMINO_ACID_TRANSPORT		70	0.46842745	1.0471127	0.4073107	1.0	1.0	432	tags=7%, list=4%, signal=7%	
HP_ABNORMALITY_OF_HAIR_TEXTURE	HP_ABNORMALITY_OF_HAIR_TEXTURE		123	0.43771946	1.0470296	0.39303482	1.0	1.0	1084	tags=14%, list=10%, signal=15%	
GOBP_NEGATIVE_REGULATION_OF_G_PROTEIN_COUPLED_RECEPTOR_SIGNALING_PATHWAY	GOBP_NEGATIVE_REGULATION_OF_G_PROTEIN_COUPLED_RECEPTOR_SIGNALING_PATHWAY		35	0.51379853	1.0470113	0.4056604	1.0	1.0	486	tags=20%, list=5%, signal=21%	
GOMF_PEPTIDASE_REGULATOR_ACTIVITY	GOMF_PEPTIDASE_REGULATOR_ACTIVITY		100	0.45197633	1.0468305	0.40359896	1.0	1.0	800	tags=20%, list=8%, signal=21%	
GOBP_POSITIVE_REGULATION_OF_CELL_DIFFERENTIATION	GOBP_POSITIVE_REGULATION_OF_CELL_DIFFERENTIATION		394	0.4021082	1.046772	0.36712915	1.0	1.0	1123	tags=17%, list=11%, signal=18%	
GOMF_ENDOPEPTIDASE_REGULATOR_ACTIVITY	GOMF_ENDOPEPTIDASE_REGULATOR_ACTIVITY		79	0.46527207	1.0466816	0.41315788	1.0	1.0	666	tags=20%, list=6%, signal=21%	
HP_ABNORMAL_LOWER_LIP_MORPHOLOGY	HP_ABNORMAL_LOWER_LIP_MORPHOLOGY		152	0.43221816	1.0461504	0.38347718	1.0	1.0	1598	tags=20%, list=15%, signal=23%	
HP_CIRRHOSIS	HP_CIRRHOSIS		99	0.44864053	1.0460335	0.38826466	1.0	1.0	865	tags=11%, list=8%, signal=12%	
GOBP_REGULATION_OF_ALPHA_BETA_T_CELL_DIFFERENTIATION	GOBP_REGULATION_OF_ALPHA_BETA_T_CELL_DIFFERENTIATION		50	0.48469922	1.0459791	0.4235925	1.0	1.0	1208	tags=26%, list=12%, signal=29%	
HP_TETRAPLEGIA	HP_TETRAPLEGIA		27	0.52315146	1.0458733	0.42627347	1.0	1.0	1904	tags=30%, list=18%, signal=36%	
GOBP_MYELOID_LEUKOCYTE_MIGRATION	GOBP_MYELOID_LEUKOCYTE_MIGRATION		113	0.4482514	1.0458251	0.38220552	1.0	1.0	820	tags=22%, list=8%, signal=24%	
HP_SPECIFIC_LEARNING_DISABILITY	HP_SPECIFIC_LEARNING_DISABILITY		194	0.42681196	1.0457718	0.38387486	1.0	1.0	1474	tags=16%, list=14%, signal=19%	
GOMF_O_ACYLTRANSFERASE_ACTIVITY	GOMF_O_ACYLTRANSFERASE_ACTIVITY		34	0.5198253	1.0457588	0.42600277	1.0	1.0	2341	tags=29%, list=22%, signal=38%	
GOBP_REGULATION_OF_LIPOPOLYSACCHARIDE_MEDIATED_SIGNALING_PATHWAY	GOBP_REGULATION_OF_LIPOPOLYSACCHARIDE_MEDIATED_SIGNALING_PATHWAY		24	0.5297508	1.0457475	0.43915343	0.99961144	1.0	778	tags=21%, list=7%, signal=22%	
GOBP_INORGANIC_ANION_TRANSPORT	GOBP_INORGANIC_ANION_TRANSPORT		55	0.48319557	1.0457183	0.42895442	0.9991643	1.0	1095	tags=16%, list=10%, signal=18%	
HP_ABNORMAL_CNS_MYELINATION	HP_ABNORMAL_CNS_MYELINATION		291	0.41229147	1.0457093	0.3857466	0.9986419	1.0	1316	tags=15%, list=13%, signal=16%	
HP_ABNORMAL_MORPHOLOGY_OF_THE_NASAL_ALAE	HP_ABNORMAL_MORPHOLOGY_OF_THE_NASAL_ALAE		347	0.40243155	1.0456691	0.3861607	0.99823576	1.0	1163	tags=13%, list=11%, signal=14%	
GOBP_REGULATION_OF_POTASSIUM_ION_TRANSPORT	GOBP_REGULATION_OF_POTASSIUM_ION_TRANSPORT		25	0.5339687	1.0455201	0.42582417	0.9982174	1.0	922	tags=20%, list=9%, signal=22%	
GOCC_CELL_CELL_JUNCTION	GOCC_CELL_CELL_JUNCTION		218	0.4200002	1.0453644	0.37273824	0.99824834	1.0	1217	tags=17%, list=12%, signal=18%	
GOBP_CELL_DIVISION	GOBP_CELL_DIVISION		422	0.40270334	1.0453161	0.36853686	0.9978749	1.0	2151	tags=27%, list=21%, signal=32%	
GOCC_MITOTIC_SPINDLE_POLE	GOCC_MITOTIC_SPINDLE_POLE		30	0.52551085	1.0449046	0.42780027	0.9988524	1.0	2850	tags=43%, list=27%, signal=59%	
GOBP_REGULATION_OF_NERVOUS_SYSTEM_DEVELOPMENT	GOBP_REGULATION_OF_NERVOUS_SYSTEM_DEVELOPMENT		160	0.43008772	1.0448909	0.4039409	0.9983554	1.0	1004	tags=15%, list=10%, signal=16%	
HP_FOCAL_MYOCLONIC_SEIZURE	HP_FOCAL_MYOCLONIC_SEIZURE		16	0.5666023	1.0448698	0.45428973	0.9978952	1.0	1208	tags=19%, list=12%, signal=21%	
GOBP_REGULATION_OF_INTRACELLULAR_ESTROGEN_RECEPTOR_SIGNALING_PATHWAY	GOBP_REGULATION_OF_INTRACELLULAR_ESTROGEN_RECEPTOR_SIGNALING_PATHWAY		27	0.5159669	1.0447887	0.44065484	0.99765056	1.0	2990	tags=41%, list=29%, signal=57%	
HP_ABNORMAL_SKIN_MORPHOLOGY_OF_THE_PALM	HP_ABNORMAL_SKIN_MORPHOLOGY_OF_THE_PALM		241	0.4146599	1.0447764	0.3939394	0.99715257	1.0	1626	tags=20%, list=16%, signal=23%	
GOBP_PYRIMIDINE_DEOXYRIBONUCLEOTIDE_METABOLIC_PROCESS	GOBP_PYRIMIDINE_DEOXYRIBONUCLEOTIDE_METABOLIC_PROCESS		20	0.5363779	1.0447592	0.42492917	0.99665904	1.0	1068	tags=20%, list=10%, signal=22%	
GOBP_CELLULAR_RESPONSE_TO_ABIOTIC_STIMULUS	GOBP_CELLULAR_RESPONSE_TO_ABIOTIC_STIMULUS		200	0.41902602	1.0446348	0.39051095	0.99656814	1.0	1883	tags=24%, list=18%, signal=28%	
HP_ABNORMAL_CIRCULATING_ADRENOCORTICOTROPIN_CONCENTRATION	HP_ABNORMAL_CIRCULATING_ADRENOCORTICOTROPIN_CONCENTRATION		24	0.52615213	1.0445626	0.43228453	0.9962878	1.0	3378	tags=42%, list=32%, signal=61%	
GOBP_REGULATION_OF_FAT_CELL_DIFFERENTIATION	GOBP_REGULATION_OF_FAT_CELL_DIFFERENTIATION		65	0.47770727	1.0444893	0.3949802	0.99600005	1.0	1260	tags=23%, list=12%, signal=26%	
HP_UPPER_LIMB_UNDERGROWTH	HP_UPPER_LIMB_UNDERGROWTH		56	0.48058528	1.0443029	0.43398693	0.9961146	1.0	1594	tags=27%, list=15%, signal=31%	
HP_APLASIA_HYPOPLASIA_OF_THE_BRAINSTEM	HP_APLASIA_HYPOPLASIA_OF_THE_BRAINSTEM		57	0.47903255	1.0442628	0.42098445	0.99570847	1.0	2276	tags=33%, list=22%, signal=42%	
HP_ALLERGY	HP_ALLERGY		24	0.5375755	1.0442513	0.42517483	0.99521154	1.0	873	tags=13%, list=8%, signal=14%	
GOMF_AMIDE_TRANSMEMBRANE_TRANSPORTER_ACTIVITY	GOMF_AMIDE_TRANSMEMBRANE_TRANSPORTER_ACTIVITY		19	0.55475986	1.0441384	0.45376956	0.9950609	1.0	434	tags=11%, list=4%, signal=11%	
HP_DILATED_CARDIOMYOPATHY	HP_DILATED_CARDIOMYOPATHY		90	0.4527667	1.0440947	0.41267788	0.99466693	1.0	505	tags=13%, list=5%, signal=14%	
HP_EPILEPTIC_ENCEPHALOPATHY	HP_EPILEPTIC_ENCEPHALOPATHY		62	0.4779624	1.0439401	0.4208494	0.9946807	1.0	544	tags=13%, list=5%, signal=14%	
HP_CHOANAL_STENOSIS	HP_CHOANAL_STENOSIS		16	0.56316465	1.043895	0.4378453	0.99428064	1.0	3389	tags=50%, list=32%, signal=74%	
HP_ABNORMAL_CEREBRAL_VASCULAR_MORPHOLOGY	HP_ABNORMAL_CEREBRAL_VASCULAR_MORPHOLOGY		192	0.42763057	1.0438296	0.40120482	0.99397284	1.0	743	tags=11%, list=7%, signal=12%	
GOBP_REGULATION_OF_AEROBIC_RESPIRATION	GOBP_REGULATION_OF_AEROBIC_RESPIRATION		20	0.5505001	1.04375	0.43064728	0.99371	1.0	1117	tags=15%, list=11%, signal=17%	
HP_ABNORMAL_CIRCULATING_SULFUR_AMINO_ACID_CONCENTRATION	HP_ABNORMAL_CIRCULATING_SULFUR_AMINO_ACID_CONCENTRATION		18	0.55334824	1.0435005	0.41931033	0.9940796	1.0	3088	tags=50%, list=30%, signal=71%	
GOBP_POSITIVE_REGULATION_OF_LEUKOCYTE_MIGRATION	GOBP_POSITIVE_REGULATION_OF_LEUKOCYTE_MIGRATION		71	0.46580303	1.0433028	0.396619	0.99425805	1.0	328	tags=13%, list=3%, signal=13%	
GOBP_CELLULAR_RESPONSE_TO_GROWTH_HORMONE_STIMULUS	GOBP_CELLULAR_RESPONSE_TO_GROWTH_HORMONE_STIMULUS		17	0.5592057	1.0428749	0.45106384	0.9952459	1.0	1924	tags=47%, list=18%, signal=58%	
GOBP_POSITIVE_REGULATION_OF_INTERLEUKIN_8_PRODUCTION	GOBP_POSITIVE_REGULATION_OF_INTERLEUKIN_8_PRODUCTION		35	0.5070304	1.042807	0.4235925	0.9949549	1.0	961	tags=26%, list=9%, signal=28%	
GOBP_GLIAL_CELL_DEVELOPMENT	GOBP_GLIAL_CELL_DEVELOPMENT		68	0.46645635	1.0425323	0.41842106	0.9953807	1.0	1237	tags=19%, list=12%, signal=22%	
GOBP_RESPIRATORY_BURST	GOBP_RESPIRATORY_BURST		30	0.5191563	1.0424124	0.42034805	0.99527913	1.0	432	tags=17%, list=4%, signal=17%	
HP_LEUKODYSTROPHY	HP_LEUKODYSTROPHY		71	0.4635438	1.0424031	0.41230366	0.99477935	1.0	1316	tags=23%, list=13%, signal=26%	
HP_ABNORMALITY_OF_ALKALINE_PHOSPHATASE_LEVEL	HP_ABNORMALITY_OF_ALKALINE_PHOSPHATASE_LEVEL		86	0.45374456	1.0420667	0.40592784	0.99548256	1.0	1639	tags=17%, list=16%, signal=21%	
HP_APLASIA_HYPOPLASIA_OF_THE_PATELLA	HP_APLASIA_HYPOPLASIA_OF_THE_PATELLA		21	0.5351262	1.0418226	0.44818303	0.99582046	1.0	2301	tags=38%, list=22%, signal=49%	
HP_ABNORMAL_TONGUE_PHYSIOLOGY	HP_ABNORMAL_TONGUE_PHYSIOLOGY		57	0.47793683	1.0417087	0.43157893	0.99569166	1.0	2178	tags=28%, list=21%, signal=35%	
GOBP_NEGATIVE_REGULATION_OF_DNA_REPLICATION	GOBP_NEGATIVE_REGULATION_OF_DNA_REPLICATION		23	0.532056	1.0416365	0.4306864	0.99539036	1.0	2444	tags=43%, list=23%, signal=57%	
HP_SLANTING_OF_THE_PALPEBRAL_FISSURE	HP_SLANTING_OF_THE_PALPEBRAL_FISSURE		471	0.39816102	1.0409125	0.3943355	0.9974508	1.0	1598	tags=19%, list=15%, signal=22%	
HP_PANCREATITIS	HP_PANCREATITIS		58	0.478653	1.0408664	0.41688654	0.99707735	1.0	858	tags=19%, list=8%, signal=21%	
HP_ABNORMAL_PREOCCUPATION	HP_ABNORMAL_PREOCCUPATION		28	0.5085731	1.0408593	0.43448275	0.9965644	1.0	1776	tags=18%, list=17%, signal=21%	
HP_LEWY_BODIES	HP_LEWY_BODIES		18	0.5514846	1.0408165	0.45053476	0.9961898	1.0	503	tags=22%, list=5%, signal=23%	
GOMF_TELOMERASE_RNA_BINDING	GOMF_TELOMERASE_RNA_BINDING		17	0.5505143	1.040721	0.4678771	0.99600077	1.0	1681	tags=35%, list=16%, signal=42%	
GOBP_POSITIVE_REGULATION_OF_INTERLEUKIN_1_PRODUCTION	GOBP_POSITIVE_REGULATION_OF_INTERLEUKIN_1_PRODUCTION		46	0.486672	1.0405507	0.41238472	0.9960731	1.0	612	tags=15%, list=6%, signal=16%	
GOCC_ENDOLYSOSOME	GOCC_ENDOLYSOSOME		22	0.5259823	1.0404571	0.45211267	0.9958648	1.0	612	tags=23%, list=6%, signal=24%	
GOBP_POSITIVE_REGULATION_OF_TRANSMEMBRANE_RECEPTOR_PROTEIN_SERINE_THREONINE_KINASE_SIGNALING_PATHWAY	GOBP_POSITIVE_REGULATION_OF_TRANSMEMBRANE_RECEPTOR_PROTEIN_SERINE_THREONINE_KINASE_SIGNALING_PATHWAY		50	0.48283225	1.0403882	0.41810918	0.9955872	1.0	1680	tags=28%, list=16%, signal=33%	
GOBP_NEGATIVE_REGULATION_OF_RECEPTOR_SIGNALING_PATHWAY_VIA_JAK_STAT	GOBP_NEGATIVE_REGULATION_OF_RECEPTOR_SIGNALING_PATHWAY_VIA_JAK_STAT		18	0.54196197	1.0403247	0.44788733	0.99528325	1.0	2177	tags=44%, list=21%, signal=56%	
GOBP_POSITIVE_REGULATION_OF_ESTABLISHMENT_OF_PROTEIN_LOCALIZATION	GOBP_POSITIVE_REGULATION_OF_ESTABLISHMENT_OF_PROTEIN_LOCALIZATION		191	0.41890433	1.0402504	0.3964072	0.9950102	1.0	2146	tags=25%, list=21%, signal=31%	
HP_NEONATAL_RESPIRATORY_DISTRESS	HP_NEONATAL_RESPIRATORY_DISTRESS		79	0.46657923	1.0401788	0.42713568	0.99471855	1.0	3394	tags=38%, list=33%, signal=56%	
HP_DECREASED_CIRCULATING_VITAMIN_D_CONCENTRATION	HP_DECREASED_CIRCULATING_VITAMIN_D_CONCENTRATION		19	0.5379709	1.0399398	0.43767706	0.9950263	1.0	1024	tags=26%, list=10%, signal=29%	
GOBP_POSITIVE_REGULATION_OF_CANONICAL_WNT_SIGNALING_PATHWAY	GOBP_POSITIVE_REGULATION_OF_CANONICAL_WNT_SIGNALING_PATHWAY		58	0.4786857	1.0397452	0.42255434	0.99517614	1.0	2214	tags=26%, list=21%, signal=33%	
HP_ABNORMAL_CSF_PROTEIN_CONCENTRATION	HP_ABNORMAL_CSF_PROTEIN_CONCENTRATION		44	0.48930815	1.039582	0.42625168	0.9952297	1.0	1024	tags=25%, list=10%, signal=28%	
HP_ABNORMAL_LIGHT_AND_DARK_ADAPTED_ELECTRORETINOGRAM	HP_ABNORMAL_LIGHT_AND_DARK_ADAPTED_ELECTRORETINOGRAM		17	0.5503866	1.0394303	0.42857143	0.9952286	1.0	3406	tags=47%, list=33%, signal=70%	
HP_LIMB_UNDERGROWTH	HP_LIMB_UNDERGROWTH		151	0.42916542	1.039366	0.4097561	0.99492705	1.0	1693	tags=19%, list=16%, signal=23%	
HP_SMALL_SCROTUM	HP_SMALL_SCROTUM		31	0.51799613	1.0393289	0.42739725	0.9945406	1.0	2476	tags=35%, list=24%, signal=46%	
GOMF_CELL_ADHESION_MOLECULE_BINDING	GOMF_CELL_ADHESION_MOLECULE_BINDING		284	0.409553	1.0392537	0.41454965	0.9942847	1.0	778	tags=12%, list=7%, signal=13%	
HP_ABNORMAL_GASTROINTESTINAL_MOTILITY	HP_ABNORMAL_GASTROINTESTINAL_MOTILITY		63	0.4696394	1.0390992	0.40985733	0.9943126	1.0	917	tags=16%, list=9%, signal=17%	
GOBP_MYELOID_CELL_DIFFERENTIATION	GOBP_MYELOID_CELL_DIFFERENTIATION		288	0.41038647	1.0390496	0.4082098	0.99395376	1.0	1004	tags=15%, list=10%, signal=16%	
GOBP_MEMBRANE_DEPOLARIZATION	GOBP_MEMBRANE_DEPOLARIZATION		35	0.49563327	1.0389221	0.4559023	0.99389154	1.0	1452	tags=40%, list=14%, signal=46%	
GOMF_HEPARIN_BINDING	GOMF_HEPARIN_BINDING		48	0.4862855	1.038851	0.43408787	0.9936079	1.0	82	tags=15%, list=1%, signal=15%	
GOBP_MOLTING_CYCLE	GOBP_MOLTING_CYCLE		40	0.50322324	1.0388281	0.44518715	0.99315476	1.0	1693	tags=30%, list=16%, signal=36%	
GOCC_PODOSOME	GOCC_PODOSOME		25	0.52138835	1.0386653	0.4197861	0.99320436	1.0	994	tags=12%, list=10%, signal=13%	
GOMF_ATP_DEPENDENT_ACTIVITY_ACTING_ON_DNA	GOMF_ATP_DEPENDENT_ACTIVITY_ACTING_ON_DNA		90	0.45168656	1.038607	0.42490372	0.9928777	1.0	3263	tags=44%, list=31%, signal=64%	
GOMF_GUANYL_NUCLEOTIDE_BINDING	GOMF_GUANYL_NUCLEOTIDE_BINDING		212	0.41342208	1.0385858	0.40679953	0.99241406	1.0	2363	tags=28%, list=23%, signal=36%	
HP_ASPIRATION	HP_ASPIRATION		24	0.5243901	1.0385708	0.44275862	0.99193424	1.0	211	tags=8%, list=2%, signal=8%	
HP_BELL_SHAPED_THORAX	HP_BELL_SHAPED_THORAX		15	0.5652648	1.0380992	0.4532578	0.993055	1.0	1990	tags=27%, list=19%, signal=33%	
GOBP_DICARBOXYLIC_ACID_METABOLIC_PROCESS	GOBP_DICARBOXYLIC_ACID_METABOLIC_PROCESS		60	0.47937402	1.0379504	0.42800528	0.9930281	1.0	2113	tags=20%, list=20%, signal=25%	
GOBP_ESTABLISHMENT_OF_PROTEIN_LOCALIZATION_TO_PLASMA_MEMBRANE	GOBP_ESTABLISHMENT_OF_PROTEIN_LOCALIZATION_TO_PLASMA_MEMBRANE		49	0.48663312	1.0378915	0.4422043	0.9927014	1.0	1635	tags=22%, list=16%, signal=26%	
GOBP_NEGATIVE_REGULATION_OF_LYMPHOCYTE_APOPTOTIC_PROCESS	GOBP_NEGATIVE_REGULATION_OF_LYMPHOCYTE_APOPTOTIC_PROCESS		18	0.5503868	1.0378064	0.4519774	0.99247223	1.0	1054	tags=33%, list=10%, signal=37%	
GOBP_REGULATION_OF_CELL_CYCLE_G2_M_PHASE_TRANSITION	GOBP_REGULATION_OF_CELL_CYCLE_G2_M_PHASE_TRANSITION		85	0.4639674	1.0376983	0.41720992	0.9923534	1.0	1971	tags=26%, list=19%, signal=32%	
GOBP_LEUKOCYTE_TETHERING_OR_ROLLING	GOBP_LEUKOCYTE_TETHERING_OR_ROLLING		19	0.5378253	1.0375957	0.44490933	0.9921961	1.0	328	tags=11%, list=3%, signal=11%	
GOMF_CARBON_CARBON_LYASE_ACTIVITY	GOMF_CARBON_CARBON_LYASE_ACTIVITY		34	0.49675316	1.037254	0.4427793	0.9928474	1.0	2794	tags=29%, list=27%, signal=40%	
GOCC_EXON_EXON_JUNCTION_COMPLEX	GOCC_EXON_EXON_JUNCTION_COMPLEX		19	0.54398274	1.037002	0.4557143	0.9932109	1.0	1355	tags=37%, list=13%, signal=42%	
GOBP_REGULATION_OF_POSTSYNAPSE_ORGANIZATION	GOBP_REGULATION_OF_POSTSYNAPSE_ORGANIZATION		68	0.46092144	1.0366436	0.41492146	0.99392843	1.0	2156	tags=25%, list=21%, signal=31%	
HP_MACRODONTIA	HP_MACRODONTIA		17	0.5492381	1.0366334	0.44660193	0.99343985	1.0	1251	tags=24%, list=12%, signal=27%	
GOBP_TRNA_PROCESSING	GOBP_TRNA_PROCESSING		112	0.4449504	1.0365659	0.42255268	0.9931367	1.0	4019	tags=44%, list=38%, signal=70%	
HP_BILATERAL_CRYPTORCHIDISM	HP_BILATERAL_CRYPTORCHIDISM		33	0.5101977	1.0365112	0.4393531	0.99280214	1.0	635	tags=12%, list=6%, signal=13%	
GOBP_INTERLEUKIN_8_PRODUCTION	GOBP_INTERLEUKIN_8_PRODUCTION		48	0.48026475	1.036483	0.4156545	0.99237263	1.0	961	tags=21%, list=9%, signal=23%	
HP_GENERALIZED_HYPERPIGMENTATION	HP_GENERALIZED_HYPERPIGMENTATION		24	0.5265029	1.0363772	0.44697988	0.9922302	1.0	3295	tags=38%, list=32%, signal=55%	
GOBP_POSITIVE_REGULATION_OF_GLIOGENESIS	GOBP_POSITIVE_REGULATION_OF_GLIOGENESIS		20	0.5385967	1.0361857	0.44740534	0.9923789	1.0	1004	tags=20%, list=10%, signal=22%	
GOBP_FEMALE_MEIOTIC_NUCLEAR_DIVISION	GOBP_FEMALE_MEIOTIC_NUCLEAR_DIVISION		29	0.5149823	1.0357442	0.42798913	0.9934066	1.0	970	tags=17%, list=9%, signal=19%	
GOCC_HETEROCHROMATIN	GOCC_HETEROCHROMATIN		61	0.47603428	1.0356667	0.4465494	0.9931501	1.0	1993	tags=31%, list=19%, signal=38%	
HP_DEVIATION_OF_THE_2ND_FINGER	HP_DEVIATION_OF_THE_2ND_FINGER		15	0.56355834	1.0356455	0.44707522	0.9927033	1.0	2569	tags=47%, list=25%, signal=62%	
GOBP_RESPONSE_TO_MECHANICAL_STIMULUS	GOBP_RESPONSE_TO_MECHANICAL_STIMULUS		106	0.44555682	1.0356396	0.4185185	0.9921986	1.0	824	tags=12%, list=8%, signal=13%	
GOBP_REGULATION_OF_PROTEIN_SECRETION	GOBP_REGULATION_OF_PROTEIN_SECRETION		116	0.44256908	1.0356302	0.41466498	0.9917056	1.0	1935	tags=25%, list=19%, signal=30%	
GOBP_NEGATIVE_REGULATION_OF_CELL_CYCLE	GOBP_NEGATIVE_REGULATION_OF_CELL_CYCLE		267	0.4102793	1.0352263	0.40228572	0.9926385	1.0	2607	tags=32%, list=25%, signal=42%	
HP_ELEVATED_PULMONARY_ARTERY_PRESSURE	HP_ELEVATED_PULMONARY_ARTERY_PRESSURE		88	0.45268634	1.0351938	0.437018	0.9922388	1.0	797	tags=13%, list=8%, signal=13%	
HP_BIPARIETAL_NARROWING	HP_BIPARIETAL_NARROWING		37	0.5018741	1.0350205	0.43378377	0.9923385	1.0	4117	tags=59%, list=39%, signal=98%	
GOBP_POSITIVE_REGULATION_OF_INTRACELLULAR_PROTEIN_TRANSPORT	GOBP_POSITIVE_REGULATION_OF_INTRACELLULAR_PROTEIN_TRANSPORT		67	0.46719655	1.0349978	0.42233634	0.9919001	1.0	1084	tags=18%, list=10%, signal=20%	
GOBP_REGULATION_OF_MRNA_SPLICING_VIA_SPLICEOSOME	GOBP_REGULATION_OF_MRNA_SPLICING_VIA_SPLICEOSOME		80	0.4603131	1.034918	0.42764017	0.99165785	1.0	1383	tags=31%, list=13%, signal=36%	
GOBP_POSITIVE_REGULATION_OF_VIRAL_LIFE_CYCLE	GOBP_POSITIVE_REGULATION_OF_VIRAL_LIFE_CYCLE		18	0.5456382	1.0348066	0.44642857	0.991534	1.0	44	tags=6%, list=0%, signal=6%	
HP_HYPERPIGMENTATION_OF_THE_SKIN	HP_HYPERPIGMENTATION_OF_THE_SKIN		213	0.4115639	1.0346204	0.40023202	0.9916579	1.0	1903	tags=25%, list=18%, signal=30%	
GOBP_ADAPTIVE_IMMUNE_RESPONSE_BASED_ON_SOMATIC_RECOMBINATION_OF_IMMUNE_RECEPTORS_BUILT_FROM_IMMUNOGLOBULIN_SUPERFAMILY_DOMAINS	GOBP_ADAPTIVE_IMMUNE_RESPONSE_BASED_ON_SOMATIC_RECOMBINATION_OF_IMMUNE_RECEPTORS_BUILT_FROM_IMMUNOGLOBULIN_SUPERFAMILY_DOMAINS		205	0.41848066	1.034488	0.40603247	0.9915821	1.0	1459	tags=23%, list=14%, signal=26%	
GOBP_TELOMERE_ORGANIZATION	GOBP_TELOMERE_ORGANIZATION		121	0.44169623	1.0342826	0.43599492	0.99176824	1.0	1160	tags=20%, list=11%, signal=22%	
GOBP_MACROPHAGE_ACTIVATION	GOBP_MACROPHAGE_ACTIVATION		73	0.46346804	1.0342066	0.44402036	0.99150264	1.0	583	tags=22%, list=6%, signal=23%	
HP_DYSTONIA	HP_DYSTONIA		327	0.40444064	1.0339665	0.40335196	0.99184877	1.0	1991	tags=22%, list=19%, signal=26%	
GOBP_EPIDERMIS_DEVELOPMENT	GOBP_EPIDERMIS_DEVELOPMENT		126	0.43889883	1.0338943	0.42717257	0.991584	1.0	1471	tags=22%, list=14%, signal=26%	
GOBP_REGULATION_OF_MONONUCLEAR_CELL_MIGRATION	GOBP_REGULATION_OF_MONONUCLEAR_CELL_MIGRATION		77	0.45825404	1.0336466	0.4228792	0.9919526	1.0	889	tags=16%, list=9%, signal=17%	
HP_RENAL_INSUFFICIENCY	HP_RENAL_INSUFFICIENCY		242	0.40656957	1.0336024	0.4134727	0.99158967	1.0	968	tags=10%, list=9%, signal=10%	
HP_BRADYCARDIA	HP_BRADYCARDIA		32	0.5162351	1.0335507	0.4515689	0.99126637	1.0	884	tags=22%, list=8%, signal=24%	
HP_B_CELL_LYMPHOMA	HP_B_CELL_LYMPHOMA		16	0.55967826	1.033243	0.44535518	0.99179494	1.0	1502	tags=31%, list=14%, signal=36%	
GOBP_GLUTATHIONE_METABOLIC_PROCESS	GOBP_GLUTATHIONE_METABOLIC_PROCESS		26	0.51658887	1.032959	0.43892616	0.9922865	1.0	1260	tags=23%, list=12%, signal=26%	
HP_AGE_OF_DEATH	HP_AGE_OF_DEATH		269	0.40762857	1.0324699	0.4196952	0.99351805	1.0	1466	tags=16%, list=14%, signal=18%	
GOBP_T_CELL_DIFFERENTIATION_IN_THYMUS	GOBP_T_CELL_DIFFERENTIATION_IN_THYMUS		65	0.45859236	1.0323642	0.43134716	0.9933418	1.0	1440	tags=26%, list=14%, signal=30%	
HP_ABDOMINAL_ORGAN_DUPLICATION	HP_ABDOMINAL_ORGAN_DUPLICATION		28	0.51861906	1.0323272	0.46629986	0.9929453	1.0	1591	tags=25%, list=15%, signal=29%	
GOBP_CENTRAL_NERVOUS_SYSTEM_NEURON_AXONOGENESIS	GOBP_CENTRAL_NERVOUS_SYSTEM_NEURON_AXONOGENESIS		17	0.54922354	1.0323243	0.4558011	0.99243814	1.0	1912	tags=29%, list=18%, signal=36%	
GOBP_ANAPHASE_PROMOTING_COMPLEX_DEPENDENT_CATABOLIC_PROCESS	GOBP_ANAPHASE_PROMOTING_COMPLEX_DEPENDENT_CATABOLIC_PROCESS		19	0.54771566	1.0320667	0.44985673	0.99281245	1.0	2698	tags=42%, list=26%, signal=57%	
GOMF_DNA_BINDING_TRANSCRIPTION_FACTOR_BINDING	GOMF_DNA_BINDING_TRANSCRIPTION_FACTOR_BINDING		310	0.40120316	1.0318432	0.3975225	0.99307704	1.0	1333	tags=20%, list=13%, signal=22%	
GOMF_GLYCOSAMINOGLYCAN_BINDING	GOMF_GLYCOSAMINOGLYCAN_BINDING		69	0.46437743	1.0317326	0.43540052	0.99295235	1.0	458	tags=16%, list=4%, signal=17%	
HP_INCREASED_CIRCULATING_IGE_CONCENTRATION	HP_INCREASED_CIRCULATING_IGE_CONCENTRATION		30	0.51350564	1.0315981	0.44594595	0.9929046	1.0	537	tags=7%, list=5%, signal=7%	
HP_SIMPLIFIED_GYRAL_PATTERN	HP_SIMPLIFIED_GYRAL_PATTERN		69	0.45847788	1.031551	0.44699872	0.99254614	1.0	2367	tags=38%, list=23%, signal=48%	
GOBP_REGULATION_OF_MEMBRANE_DEPOLARIZATION	GOBP_REGULATION_OF_MEMBRANE_DEPOLARIZATION		21	0.5366021	1.0311085	0.43496504	0.99355006	1.0	1449	tags=38%, list=14%, signal=44%	
HP_LACRIMATION_ABNORMALITY	HP_LACRIMATION_ABNORMALITY		47	0.48264116	1.0305557	0.44251338	0.994987	1.0	1068	tags=21%, list=10%, signal=24%	
HP_ABNORMALITY_OF_HAND_JOINT_MOBILITY	HP_ABNORMALITY_OF_HAND_JOINT_MOBILITY		28	0.50532997	1.0304582	0.45152724	0.994828	1.0	1719	tags=21%, list=16%, signal=26%	
GOBP_INTERSTRAND_CROSS_LINK_REPAIR	GOBP_INTERSTRAND_CROSS_LINK_REPAIR		36	0.4980882	1.030438	0.44400528	0.99437684	1.0	3790	tags=53%, list=36%, signal=83%	
HP_RHEUMATOID_ARTHRITIS	HP_RHEUMATOID_ARTHRITIS		15	0.5447793	1.0302814	0.46196404	0.9944291	1.0	2142	tags=40%, list=21%, signal=50%	
GOCC_CELL_TRAILING_EDGE	GOCC_CELL_TRAILING_EDGE		15	0.5571617	1.0301648	0.4512195	0.99431133	1.0	720	tags=20%, list=7%, signal=21%	
GOBP_REGULATION_OF_TELOMERE_MAINTENANCE_IN_RESPONSE_TO_DNA_DAMAGE	GOBP_REGULATION_OF_TELOMERE_MAINTENANCE_IN_RESPONSE_TO_DNA_DAMAGE		16	0.5538744	1.0298688	0.44889504	0.99479896	1.0	2841	tags=38%, list=27%, signal=51%	
GOBP_PYRIMIDINE_NUCLEOTIDE_METABOLIC_PROCESS	GOBP_PYRIMIDINE_NUCLEOTIDE_METABOLIC_PROCESS		37	0.49355373	1.0297749	0.4466403	0.9946315	1.0	1882	tags=24%, list=18%, signal=30%	
HP_BROAD_FOOT	HP_BROAD_FOOT		28	0.5121559	1.0293883	0.46577182	0.99547344	1.0	2877	tags=39%, list=28%, signal=54%	
GOBP_SNRNA_TRANSCRIPTION	GOBP_SNRNA_TRANSCRIPTION		15	0.5568925	1.029308	0.44505495	0.99525017	1.0	1546	tags=27%, list=15%, signal=31%	
GOBP_MICROTUBULE_CYTOSKELETON_ORGANIZATION	GOBP_MICROTUBULE_CYTOSKELETON_ORGANIZATION		414	0.39381498	1.0287911	0.40707964	0.9965099	1.0	1876	tags=21%, list=18%, signal=24%	
HP_DEPRESSED_NASAL_RIDGE	HP_DEPRESSED_NASAL_RIDGE		59	0.47037125	1.0286914	0.42984694	0.9963244	1.0	2039	tags=31%, list=20%, signal=38%	
GOBP_REGULATION_OF_LYMPHOCYTE_ACTIVATION	GOBP_REGULATION_OF_LYMPHOCYTE_ACTIVATION		324	0.4048821	1.0286587	0.4219457	0.9959341	1.0	1461	tags=25%, list=14%, signal=29%	
HP_ABNORMAL_HELIX_MORPHOLOGY	HP_ABNORMAL_HELIX_MORPHOLOGY		107	0.44716188	1.0285821	0.43954659	0.9956854	1.0	848	tags=14%, list=8%, signal=15%	
HP_MICROPHTHALMIA	HP_MICROPHTHALMIA		163	0.42016637	1.0285424	0.4245742	0.99530286	1.0	2063	tags=21%, list=20%, signal=26%	
GOBP_RETINOIC_ACID_RECEPTOR_SIGNALING_PATHWAY	GOBP_RETINOIC_ACID_RECEPTOR_SIGNALING_PATHWAY		22	0.5233593	1.0284983	0.4502841	0.9949496	1.0	1913	tags=27%, list=18%, signal=33%	
HP_ABNORMAL_CIRCULATING_SERINE_FAMILY_AMINO_ACID_CONCENTRATION	HP_ABNORMAL_CIRCULATING_SERINE_FAMILY_AMINO_ACID_CONCENTRATION		22	0.5289193	1.0282148	0.46110326	0.99541557	1.0	3407	tags=59%, list=33%, signal=88%	
GOBP_COLLAGEN_METABOLIC_PROCESS	GOBP_COLLAGEN_METABOLIC_PROCESS		48	0.48161963	1.0280766	0.46233767	0.9953709	1.0	388	tags=6%, list=4%, signal=6%	
GOBP_PYRIMIDINE_NUCLEOSIDE_TRIPHOSPHATE_METABOLIC_PROCESS	GOBP_PYRIMIDINE_NUCLEOSIDE_TRIPHOSPHATE_METABOLIC_PROCESS		17	0.5523032	1.028053	0.4596888	0.99494296	1.0	3273	tags=53%, list=31%, signal=77%	
HP_TELANGIECTASIA	HP_TELANGIECTASIA		112	0.44421884	1.0280164	0.44080603	0.99455404	1.0	1559	tags=21%, list=15%, signal=24%	
GOBP_MOTOR_BEHAVIOR	GOBP_MOTOR_BEHAVIOR		17	0.54529935	1.0279537	0.46901408	0.994258	1.0	1912	tags=24%, list=18%, signal=29%	
GOBP_DNA_CATABOLIC_PROCESS	GOBP_DNA_CATABOLIC_PROCESS		17	0.5648976	1.027814	0.46058092	0.9942182	1.0	1336	tags=24%, list=13%, signal=27%	
GOBP_CELLULAR_OXIDANT_DETOXIFICATION	GOBP_CELLULAR_OXIDANT_DETOXIFICATION		49	0.48751333	1.0277312	0.46264744	0.99399656	1.0	593	tags=18%, list=6%, signal=19%	
HP_ABNORMAL_MEGAKARYOCYTE_MORPHOLOGY	HP_ABNORMAL_MEGAKARYOCYTE_MORPHOLOGY		20	0.5325545	1.027428	0.4723757	0.99452156	1.0	1016	tags=20%, list=10%, signal=22%	
GOBP_ANTIGEN_PROCESSING_AND_PRESENTATION_OF_EXOGENOUS_PEPTIDE_ANTIGEN_VIA_MHC_CLASS_II	GOBP_ANTIGEN_PROCESSING_AND_PRESENTATION_OF_EXOGENOUS_PEPTIDE_ANTIGEN_VIA_MHC_CLASS_II		22	0.5136169	1.0273602	0.4420191	0.9942375	1.0	1024	tags=36%, list=10%, signal=40%	
GOBP_DEVELOPMENT_OF_PRIMARY_FEMALE_SEXUAL_CHARACTERISTICS	GOBP_DEVELOPMENT_OF_PRIMARY_FEMALE_SEXUAL_CHARACTERISTICS		49	0.48040885	1.0273536	0.43783784	0.9937483	1.0	1074	tags=20%, list=10%, signal=23%	
HP_ABNORMAL_CIRCULATING_GLYCINE_CONCENTRATION	HP_ABNORMAL_CIRCULATING_GLYCINE_CONCENTRATION		20	0.53527117	1.0270082	0.4628331	0.9944085	1.0	3407	tags=60%, list=33%, signal=89%	
GOBP_MITOTIC_SISTER_CHROMATID_SEGREGATION	GOBP_MITOTIC_SISTER_CHROMATID_SEGREGATION		160	0.42932153	1.0268339	0.4366707	0.994507	1.0	2045	tags=28%, list=20%, signal=34%	
GOBP_POSITIVE_REGULATION_OF_GLUCOSE_METABOLIC_PROCESS	GOBP_POSITIVE_REGULATION_OF_GLUCOSE_METABOLIC_PROCESS		25	0.52072525	1.0267327	0.46870655	0.9943421	1.0	758	tags=12%, list=7%, signal=13%	
GOBP_SYNAPSE_ASSEMBLY	GOBP_SYNAPSE_ASSEMBLY		84	0.45024115	1.026554	0.44801027	0.9944449	1.0	1510	tags=17%, list=14%, signal=19%	
GOBP_ODONTOGENESIS	GOBP_ODONTOGENESIS		39	0.48233002	1.0264283	0.43466666	0.9943807	1.0	1856	tags=31%, list=18%, signal=37%	
GOBP_COLLAGEN_CATABOLIC_PROCESS	GOBP_COLLAGEN_CATABOLIC_PROCESS		16	0.5441797	1.0257534	0.4589708	0.99620366	1.0	388	tags=13%, list=4%, signal=13%	
HP_ABNORMALITY_OF_VITAMIN_D_METABOLISM	HP_ABNORMALITY_OF_VITAMIN_D_METABOLISM		26	0.505685	1.0257345	0.45034966	0.9957594	1.0	2058	tags=35%, list=20%, signal=43%	
HP_BILATERAL_TONIC_CLONIC_SEIZURE	HP_BILATERAL_TONIC_CLONIC_SEIZURE		220	0.4125392	1.0254198	0.4292509	0.9963458	1.0	1595	tags=17%, list=15%, signal=20%	
GOBP_REGULATION_OF_APOPTOTIC_SIGNALING_PATHWAY	GOBP_REGULATION_OF_APOPTOTIC_SIGNALING_PATHWAY		231	0.40622112	1.0253538	0.42370892	0.99606043	1.0	1305	tags=20%, list=12%, signal=22%	
HP_SECOND_TRIMESTER_ONSET	HP_SECOND_TRIMESTER_ONSET		25	0.52011096	1.0247506	0.4637883	0.9975911	1.0	2248	tags=36%, list=22%, signal=46%	
GOBP_EPITHELIAL_CELL_DIFFERENTIATION_INVOLVED_IN_KIDNEY_DEVELOPMENT	GOBP_EPITHELIAL_CELL_DIFFERENTIATION_INVOLVED_IN_KIDNEY_DEVELOPMENT		19	0.53645617	1.0245866	0.45314685	0.99762344	1.0	2373	tags=32%, list=23%, signal=41%	
GOMF_MHC_PROTEIN_BINDING	GOMF_MHC_PROTEIN_BINDING		19	0.53186566	1.0243331	0.47132868	0.99794817	1.0	995	tags=26%, list=10%, signal=29%	
HP_AVASCULAR_NECROSIS	HP_AVASCULAR_NECROSIS		58	0.4675524	1.0242604	0.45725387	0.9976896	1.0	1068	tags=21%, list=10%, signal=23%	
GOBP_NEGATIVE_REGULATION_OF_DEFENSE_RESPONSE	GOBP_NEGATIVE_REGULATION_OF_DEFENSE_RESPONSE		174	0.42362028	1.0242318	0.4270073	0.9972929	1.0	1023	tags=17%, list=10%, signal=18%	
GOBP_NEGATIVE_REGULATION_OF_LYMPHOCYTE_DIFFERENTIATION	GOBP_NEGATIVE_REGULATION_OF_LYMPHOCYTE_DIFFERENTIATION		43	0.48468572	1.0241117	0.45322794	0.9972071	1.0	1859	tags=40%, list=18%, signal=48%	
HP_BRADYKINESIA	HP_BRADYKINESIA		68	0.4624423	1.0240028	0.45039165	0.9970761	1.0	1908	tags=28%, list=18%, signal=34%	
GOBP_ACTIVATED_T_CELL_PROLIFERATION	GOBP_ACTIVATED_T_CELL_PROLIFERATION		29	0.5100504	1.023889	0.4527297	0.99697894	1.0	1461	tags=17%, list=14%, signal=20%	
HP_FAILURE_TO_THRIVE_IN_INFANCY	HP_FAILURE_TO_THRIVE_IN_INFANCY		76	0.45950386	1.0237987	0.45899472	0.99679625	1.0	1134	tags=9%, list=11%, signal=10%	
GOMF_RNA_POLYMERASE_CORE_ENZYME_BINDING	GOMF_RNA_POLYMERASE_CORE_ENZYME_BINDING		32	0.5010743	1.0236892	0.45228758	0.99666566	1.0	1774	tags=22%, list=17%, signal=26%	
GOBP_LONG_CHAIN_FATTY_ACID_TRANSPORT	GOBP_LONG_CHAIN_FATTY_ACID_TRANSPORT		31	0.50338495	1.0235487	0.46226415	0.99664557	1.0	410	tags=13%, list=4%, signal=13%	
GOBP_LOCOMOTORY_BEHAVIOR	GOBP_LOCOMOTORY_BEHAVIOR		93	0.43945563	1.0234337	0.43945068	0.99653465	1.0	1023	tags=16%, list=10%, signal=18%	
GOBP_FOREBRAIN_CELL_MIGRATION	GOBP_FOREBRAIN_CELL_MIGRATION		23	0.5222223	1.023412	0.45839018	0.99610656	1.0	2661	tags=39%, list=25%, signal=52%	
GOMF_LIGAND_MODULATED_TRANSCRIPTION_FACTOR_ACTIVITY	GOMF_LIGAND_MODULATED_TRANSCRIPTION_FACTOR_ACTIVITY		33	0.49261642	1.0232795	0.45314685	0.99604404	1.0	1314	tags=18%, list=13%, signal=21%	
HP_EMG_CHRONIC_DENERVATION_SIGNS	HP_EMG_CHRONIC_DENERVATION_SIGNS		21	0.5315447	1.0230857	0.47404373	0.99619144	1.0	474	tags=14%, list=5%, signal=15%	
GOBP_VIRAL_GENE_EXPRESSION	GOBP_VIRAL_GENE_EXPRESSION		57	0.46980062	1.0229837	0.4571805	0.99604636	1.0	1231	tags=21%, list=12%, signal=24%	
HP_ATRIOVENTRICULAR_CANAL_DEFECT	HP_ATRIOVENTRICULAR_CANAL_DEFECT		34	0.5022281	1.0229448	0.472879	0.995686	1.0	1935	tags=24%, list=19%, signal=29%	
GOBP_NEGATIVE_REGULATION_OF_MAPK_CASCADE	GOBP_NEGATIVE_REGULATION_OF_MAPK_CASCADE		91	0.44425038	1.0227258	0.45013124	0.9959582	1.0	2105	tags=29%, list=20%, signal=35%	
GOBP_REGULATION_OF_AXON_EXTENSION	GOBP_REGULATION_OF_AXON_EXTENSION		30	0.5015312	1.0225918	0.44611186	0.995904	1.0	2212	tags=30%, list=21%, signal=38%	
GOBP_MONONUCLEAR_CELL_DIFFERENTIATION	GOBP_MONONUCLEAR_CELL_DIFFERENTIATION		346	0.397884	1.0224645	0.43468717	0.995811	1.0	1461	tags=23%, list=14%, signal=26%	
HP_REDUNDANT_SKIN	HP_REDUNDANT_SKIN		53	0.47434536	1.0224321	0.44966444	0.9954107	1.0	760	tags=8%, list=7%, signal=8%	
HP_ESOPHAGEAL_NEOPLASM	HP_ESOPHAGEAL_NEOPLASM		15	0.5580654	1.0219799	0.46575344	0.99640226	1.0	2103	tags=33%, list=20%, signal=42%	
GOCC_ENDOPLASMIC_RETICULUM_GOLGI_INTERMEDIATE_COMPARTMENT	GOCC_ENDOPLASMIC_RETICULUM_GOLGI_INTERMEDIATE_COMPARTMENT		93	0.44776943	1.0217302	0.43170103	0.99674016	1.0	568	tags=6%, list=5%, signal=7%	
HP_BILATERAL_MICROPHTHALMOS	HP_BILATERAL_MICROPHTHALMOS		15	0.5401034	1.0217079	0.46090534	0.9963124	1.0	2944	tags=40%, list=28%, signal=56%	
GOBP_RESPONSE_TO_LAMINAR_FLUID_SHEAR_STRESS	GOBP_RESPONSE_TO_LAMINAR_FLUID_SHEAR_STRESS		21	0.5339348	1.0214697	0.4798331	0.99657804	1.0	1935	tags=29%, list=19%, signal=35%	
GOBP_ESTABLISHMENT_OF_SPINDLE_ORIENTATION	GOBP_ESTABLISHMENT_OF_SPINDLE_ORIENTATION		35	0.49664882	1.0214063	0.45548388	0.99629253	1.0	1807	tags=31%, list=17%, signal=38%	
GOCC_ACTOMYOSIN	GOCC_ACTOMYOSIN		45	0.4797331	1.021375	0.47889182	0.9958904	1.0	1874	tags=31%, list=18%, signal=38%	
GOBP_REGULATION_OF_PROTEIN_POLYMERIZATION	GOBP_REGULATION_OF_PROTEIN_POLYMERIZATION		115	0.4320784	1.0209483	0.43467337	0.99686193	1.0	1510	tags=17%, list=14%, signal=19%	
HP_SYNOSTOSIS_INVOLVING_BONES_OF_THE_HAND	HP_SYNOSTOSIS_INVOLVING_BONES_OF_THE_HAND		20	0.5241379	1.0209394	0.46905088	0.9963896	1.0	2302	tags=35%, list=22%, signal=45%	
GOBP_GMP_METABOLIC_PROCESS	GOBP_GMP_METABOLIC_PROCESS		17	0.541243	1.0208031	0.47017047	0.9963459	1.0	3110	tags=47%, list=30%, signal=67%	
HP_ABNORMALITY_OF_MOUTH_SHAPE	HP_ABNORMALITY_OF_MOUTH_SHAPE		176	0.41742235	1.0206414	0.43796527	0.99635804	1.0	1883	tags=22%, list=18%, signal=26%	
GOBP_CELLULAR_RESPONSE_TO_MOLECULE_OF_BACTERIAL_ORIGIN	GOBP_CELLULAR_RESPONSE_TO_MOLECULE_OF_BACTERIAL_ORIGIN		130	0.43531284	1.0206354	0.4432367	0.99588966	1.0	877	tags=18%, list=8%, signal=19%	
GOBP_CHROMOSOME_CONDENSATION	GOBP_CHROMOSOME_CONDENSATION		29	0.51116174	1.0203794	0.45757997	0.9962597	1.0	2323	tags=41%, list=22%, signal=53%	
HP_STREAK_OVARY	HP_STREAK_OVARY		18	0.5371472	1.0203462	0.47910863	0.9958597	1.0	3501	tags=39%, list=34%, signal=58%	
GOBP_SIGNAL_TRANSDUCTION_BY_P53_CLASS_MEDIATOR	GOBP_SIGNAL_TRANSDUCTION_BY_P53_CLASS_MEDIATOR		133	0.42703345	1.0202215	0.43451652	0.99578106	1.0	743	tags=15%, list=7%, signal=16%	
GOBP_REGULATION_OF_PROTEIN_CATABOLIC_PROCESS	GOBP_REGULATION_OF_PROTEIN_CATABOLIC_PROCESS		261	0.40501118	1.0200086	0.43799773	0.9959929	1.0	1449	tags=18%, list=14%, signal=20%	
GOBP_MITOTIC_DNA_REPLICATION	GOBP_MITOTIC_DNA_REPLICATION		17	0.5472326	1.020003	0.48364154	0.99551797	1.0	1481	tags=35%, list=14%, signal=41%	
HP_SPORADIC	HP_SPORADIC		52	0.4707267	1.0199665	0.4422311	0.9951416	1.0	824	tags=19%, list=8%, signal=21%	
HP_SEROSITIS	HP_SEROSITIS		62	0.46258116	1.0197432	0.4614379	0.9954278	1.0	1127	tags=16%, list=11%, signal=18%	
HP_EXTRA_AXIAL_CEREBROSPINAL_FLUID_ACCUMULATION	HP_EXTRA_AXIAL_CEREBROSPINAL_FLUID_ACCUMULATION		16	0.5526549	1.0195147	0.4611187	0.9957031	1.0	2411	tags=38%, list=23%, signal=49%	
HP_ABNORMALITY_OF_THE_BLADDER	HP_ABNORMALITY_OF_THE_BLADDER		313	0.39650172	1.0194973	0.42792282	0.99526006	1.0	1635	tags=16%, list=16%, signal=19%	
GOBP_POST_TRANSCRIPTIONAL_REGULATION_OF_GENE_EXPRESSION	GOBP_POST_TRANSCRIPTIONAL_REGULATION_OF_GENE_EXPRESSION		389	0.39340672	1.0190495	0.434024	0.9962619	1.0	1439	tags=19%, list=14%, signal=21%	
GOCC_EXTRINSIC_COMPONENT_OF_MEMBRANE	GOCC_EXTRINSIC_COMPONENT_OF_MEMBRANE		71	0.45655864	1.0187131	0.45302445	0.9968914	1.0	2784	tags=32%, list=27%, signal=44%	
GOBP_NEURON_DEVELOPMENT	GOBP_NEURON_DEVELOPMENT		495	0.38659653	1.0186216	0.43987343	0.9967116	1.0	1286	tags=16%, list=12%, signal=17%	
GOBP_POSITIVE_REGULATION_OF_CD4_POSITIVE_ALPHA_BETA_T_CELL_DIFFERENTIATION	GOBP_POSITIVE_REGULATION_OF_CD4_POSITIVE_ALPHA_BETA_T_CELL_DIFFERENTIATION		25	0.51802266	1.0184956	0.45961002	0.9966536	1.0	980	tags=32%, list=9%, signal=35%	
HP_HORIZONTAL_EYEBROW	HP_HORIZONTAL_EYEBROW		22	0.5180572	1.0182977	0.45975444	0.9968128	1.0	26	tags=5%, list=0%, signal=5%	
HP_SKIN_VESICLE	HP_SKIN_VESICLE		23	0.5186769	1.0181658	0.4735376	0.9967418	1.0	1383	tags=26%, list=13%, signal=30%	
HP_INCREASED_NUCHAL_TRANSLUCENCY	HP_INCREASED_NUCHAL_TRANSLUCENCY		37	0.49019048	1.0180743	0.45454547	0.99654716	1.0	1993	tags=38%, list=19%, signal=47%	
GOBP_NUCLEOSIDE_DIPHOSPHATE_CATABOLIC_PROCESS	GOBP_NUCLEOSIDE_DIPHOSPHATE_CATABOLIC_PROCESS		68	0.46145555	1.0180725	0.45466492	0.99605805	1.0	1182	tags=13%, list=11%, signal=15%	
GOBP_NUCLEOSIDE_DIPHOSPHATE_METABOLIC_PROCESS	GOBP_NUCLEOSIDE_DIPHOSPHATE_METABOLIC_PROCESS		88	0.4469522	1.0178851	0.46641317	0.99619293	1.0	1193	tags=16%, list=11%, signal=18%	
GOBP_CELL_DIFFERENTIATION_INVOLVED_IN_KIDNEY_DEVELOPMENT	GOBP_CELL_DIFFERENTIATION_INVOLVED_IN_KIDNEY_DEVELOPMENT		19	0.53645617	1.01779	0.47651935	0.99600285	1.0	2373	tags=32%, list=23%, signal=41%	
GOBP_REGULATION_OF_MYELOID_LEUKOCYTE_DIFFERENTIATION	GOBP_REGULATION_OF_MYELOID_LEUKOCYTE_DIFFERENTIATION		68	0.45473063	1.0176443	0.4460338	0.9960206	1.0	1324	tags=22%, list=13%, signal=25%	
GOCC_NUCLEAR_ENVELOPE	GOCC_NUCLEAR_ENVELOPE		310	0.39928618	1.0176413	0.4313063	0.99553627	1.0	1971	tags=22%, list=19%, signal=27%	
GOBP_REGULATION_OF_CD4_POSITIVE_ALPHA_BETA_T_CELL_ACTIVATION	GOBP_REGULATION_OF_CD4_POSITIVE_ALPHA_BETA_T_CELL_ACTIVATION		49	0.4768744	1.0174583	0.4689564	0.9956492	1.0	1054	tags=22%, list=10%, signal=25%	
HP_ABNORMAL_2ND_FINGER_MORPHOLOGY	HP_ABNORMAL_2ND_FINGER_MORPHOLOGY		25	0.5141557	1.0171143	0.46908602	0.9962759	1.0	3506	tags=56%, list=34%, signal=84%	
HP_HYPERTENSION	HP_HYPERTENSION		233	0.40494817	1.0170382	0.4504084	0.99603105	1.0	541	tags=7%, list=5%, signal=8%	
GOCC_KINETOCHORE_MICROTUBULE	GOCC_KINETOCHORE_MICROTUBULE		16	0.5476468	1.017006	0.48514852	0.9956595	1.0	1262	tags=13%, list=12%, signal=14%	
GOBP_REGULATION_OF_NEURAL_PRECURSOR_CELL_PROLIFERATION	GOBP_REGULATION_OF_NEURAL_PRECURSOR_CELL_PROLIFERATION		32	0.49273768	1.0164639	0.45646438	0.9969545	1.0	1061	tags=19%, list=10%, signal=21%	
GOBP_POSITIVE_REGULATION_OF_GTPASE_ACTIVITY	GOBP_POSITIVE_REGULATION_OF_GTPASE_ACTIVITY		47	0.47713998	1.0163697	0.4650259	0.9967907	1.0	486	tags=6%, list=5%, signal=7%	
GOBP_REGULATION_OF_GTPASE_ACTIVITY	GOBP_REGULATION_OF_GTPASE_ACTIVITY		71	0.45807546	1.0160725	0.45566165	0.9972739	1.0	1140	tags=14%, list=11%, signal=16%	
HP_FINGER_JOINT_CONTRACTURE	HP_FINGER_JOINT_CONTRACTURE		133	0.42654902	1.0160581	0.45169082	0.9968379	1.0	994	tags=11%, list=10%, signal=12%	
GOBP_CELLULAR_RESPONSE_TO_NITROGEN_COMPOUND	GOBP_CELLULAR_RESPONSE_TO_NITROGEN_COMPOUND		338	0.39425942	1.0159891	0.44269663	0.99658805	1.0	1936	tags=25%, list=19%, signal=30%	
GOBP_PROTEOGLYCAN_METABOLIC_PROCESS	GOBP_PROTEOGLYCAN_METABOLIC_PROCESS		59	0.47320053	1.0159744	0.46791443	0.9961387	1.0	1990	tags=22%, list=19%, signal=27%	
GOBP_NEGATIVE_REGULATION_OF_VASCULATURE_DEVELOPMENT	GOBP_NEGATIVE_REGULATION_OF_VASCULATURE_DEVELOPMENT		50	0.46445575	1.0159626	0.45358092	0.9956778	1.0	777	tags=8%, list=7%, signal=9%	
GOMF_NUCLEAR_ANDROGEN_RECEPTOR_BINDING	GOMF_NUCLEAR_ANDROGEN_RECEPTOR_BINDING		20	0.5256841	1.0155112	0.4746922	0.99672836	1.0	973	tags=20%, list=9%, signal=22%	
GOBP_METAL_ION_TRANSPORT	GOBP_METAL_ION_TRANSPORT		300	0.39767227	1.0154225	0.4540295	0.9965309	1.0	1894	tags=26%, list=18%, signal=31%	
GOBP_HOMOLOGOUS_CHROMOSOME_SEGREGATION	GOBP_HOMOLOGOUS_CHROMOSOME_SEGREGATION		40	0.4884204	1.0153893	0.45052084	0.9961578	1.0	2890	tags=43%, list=28%, signal=59%	
GOBP_ACUTE_INFLAMMATORY_RESPONSE	GOBP_ACUTE_INFLAMMATORY_RESPONSE		44	0.4840151	1.0152127	0.46061414	0.99624497	1.0	921	tags=20%, list=9%, signal=22%	
GOBP_COCHLEA_DEVELOPMENT	GOBP_COCHLEA_DEVELOPMENT		17	0.54034936	1.015153	0.4625	0.99593973	1.0	2288	tags=41%, list=22%, signal=53%	
HP_TRACHEOMALACIA	HP_TRACHEOMALACIA		31	0.50891393	1.0148132	0.477551	0.9965577	1.0	1820	tags=23%, list=17%, signal=27%	
GOMF_LIPID_KINASE_ACTIVITY	GOMF_LIPID_KINASE_ACTIVITY		29	0.5047695	1.0146967	0.47425476	0.99645376	1.0	1852	tags=24%, list=18%, signal=29%	
HP_DENTAL_CROWDING	HP_DENTAL_CROWDING		85	0.44386938	1.0146619	0.4489004	0.9960817	1.0	1016	tags=19%, list=10%, signal=21%	
HP_FATIGABLE_WEAKNESS_OF_BULBAR_MUSCLES	HP_FATIGABLE_WEAKNESS_OF_BULBAR_MUSCLES		34	0.49327877	1.0145445	0.4654498	0.9959899	1.0	2016	tags=21%, list=19%, signal=25%	
GOBP_NEGATIVE_REGULATION_OF_LOCOMOTION	GOBP_NEGATIVE_REGULATION_OF_LOCOMOTION		169	0.41603884	1.0142382	0.4595588	0.99653524	1.0	1468	tags=22%, list=14%, signal=26%	
GOBP_REGULATION_OF_GROWTH	GOBP_REGULATION_OF_GROWTH		287	0.3977048	1.014233	0.44059977	0.99606395	1.0	1876	tags=24%, list=18%, signal=29%	
GOBP_REGULATION_OF_GRANULOCYTE_CHEMOTAXIS	GOBP_REGULATION_OF_GRANULOCYTE_CHEMOTAXIS		26	0.50890446	1.014136	0.4662069	0.995903	1.0	463	tags=15%, list=4%, signal=16%	
HP_PROMINENT_NOSE	HP_PROMINENT_NOSE		82	0.45084757	1.0141217	0.48523748	0.9954608	1.0	2367	tags=32%, list=23%, signal=41%	
HP_ULNAR_DEVIATION_OF_FINGER	HP_ULNAR_DEVIATION_OF_FINGER		15	0.55009896	1.0140479	0.47082767	0.99519765	1.0	2495	tags=47%, list=24%, signal=61%	
GOBP_MAST_CELL_ACTIVATION	GOBP_MAST_CELL_ACTIVATION		45	0.48014575	1.0140396	0.47106326	0.9947412	1.0	921	tags=16%, list=9%, signal=17%	
GOMF_14_3_3_PROTEIN_BINDING	GOMF_14_3_3_PROTEIN_BINDING		21	0.5245977	1.0139736	0.47759104	0.99447006	1.0	70	tags=5%, list=1%, signal=5%	
GOBP_REGULATION_OF_POSTSYNAPSE_ASSEMBLY	GOBP_REGULATION_OF_POSTSYNAPSE_ASSEMBLY		21	0.54109293	1.0137728	0.49490538	0.99463123	1.0	4142	tags=57%, list=40%, signal=95%	
HP_REDUCED_CONSCIOUSNESS	HP_REDUCED_CONSCIOUSNESS		170	0.4201004	1.0136702	0.44403443	0.9944574	1.0	1108	tags=18%, list=11%, signal=19%	
HP_ABNORMAL_ARTERIAL_PHYSIOLOGY	HP_ABNORMAL_ARTERIAL_PHYSIOLOGY		88	0.44700956	1.0136496	0.44540942	0.994033	1.0	797	tags=16%, list=8%, signal=17%	
GOCC_NUCLEAR_MATRIX	GOCC_NUCLEAR_MATRIX		96	0.4350231	1.0134121	0.44625	0.9943414	1.0	1298	tags=25%, list=12%, signal=28%	
GOBP_BICELLULAR_TIGHT_JUNCTION_ASSEMBLY	GOBP_BICELLULAR_TIGHT_JUNCTION_ASSEMBLY		23	0.5260693	1.0133379	0.4856753	0.9941058	1.0	29	tags=4%, list=0%, signal=4%	
HP_ABNORMALITY_OF_THE_AMNIOTIC_FLUID	HP_ABNORMALITY_OF_THE_AMNIOTIC_FLUID		276	0.40134212	1.0129066	0.43418014	0.99505556	1.0	1920	tags=22%, list=18%, signal=26%	
GOBP_SPINDLE_LOCALIZATION	GOBP_SPINDLE_LOCALIZATION		49	0.46917036	1.0127858	0.4563492	0.9949396	1.0	1807	tags=31%, list=17%, signal=37%	
GOBP_CELLULAR_RESPONSE_TO_OXIDATIVE_STRESS	GOBP_CELLULAR_RESPONSE_TO_OXIDATIVE_STRESS		163	0.4151396	1.0124251	0.44969696	0.99563617	1.0	749	tags=11%, list=7%, signal=12%	
HP_ABNORMAL_PATTERN_OF_RESPIRATION	HP_ABNORMAL_PATTERN_OF_RESPIRATION		428	0.38841534	1.0122758	0.45846817	0.9956297	1.0	1579	tags=20%, list=15%, signal=22%	
GOBP_SULFUR_COMPOUND_BIOSYNTHETIC_PROCESS	GOBP_SULFUR_COMPOUND_BIOSYNTHETIC_PROCESS		77	0.4462516	1.0118055	0.46433377	0.9967107	1.0	2056	tags=21%, list=20%, signal=26%	
GOBP_CELLULAR_RESPONSE_TO_CARBOHYDRATE_STIMULUS	GOBP_CELLULAR_RESPONSE_TO_CARBOHYDRATE_STIMULUS		81	0.45509553	1.0117702	0.46363637	0.99634695	1.0	1935	tags=23%, list=19%, signal=29%	
HP_SHORT_PHALANX_OF_THE_THUMB	HP_SHORT_PHALANX_OF_THE_THUMB		18	0.53146404	1.0116417	0.4777328	0.9962704	1.0	1693	tags=33%, list=16%, signal=40%	
HP_SENSORIMOTOR_NEUROPATHY	HP_SENSORIMOTOR_NEUROPATHY		66	0.4630304	1.0115037	0.4629879	0.9962345	1.0	1642	tags=27%, list=16%, signal=32%	
HP_PENDULAR_NYSTAGMUS	HP_PENDULAR_NYSTAGMUS		21	0.52777433	1.0114325	0.50070125	0.99598867	1.0	2435	tags=29%, list=23%, signal=37%	
GOBP_REGULATION_OF_PROTEIN_MODIFICATION_PROCESS	GOBP_REGULATION_OF_PROTEIN_MODIFICATION_PROCESS		409	0.38538265	1.0112907	0.44456762	0.9959561	1.0	1729	tags=20%, list=17%, signal=23%	
GOBP_POSITIVE_REGULATION_OF_CILIUM_ASSEMBLY	GOBP_POSITIVE_REGULATION_OF_CILIUM_ASSEMBLY		21	0.51816094	1.0112886	0.47476125	0.9954778	1.0	1786	tags=24%, list=17%, signal=29%	
HP_EPISPADIAS	HP_EPISPADIAS		19	0.52801585	1.0111673	0.46354884	0.9954108	1.0	1996	tags=26%, list=19%, signal=32%	
GOBP_POSITIVE_REGULATION_OF_CELL_DEVELOPMENT	GOBP_POSITIVE_REGULATION_OF_CELL_DEVELOPMENT		221	0.40544257	1.0111537	0.45107397	0.99497837	1.0	1123	tags=19%, list=11%, signal=20%	
GOBP_PROTEIN_LOCALIZATION_TO_SYNAPSE	GOBP_PROTEIN_LOCALIZATION_TO_SYNAPSE		36	0.49316755	1.0111321	0.47905028	0.9945676	1.0	1886	tags=19%, list=18%, signal=24%	
GOBP_ACTIVATION_OF_INNATE_IMMUNE_RESPONSE	GOBP_ACTIVATION_OF_INNATE_IMMUNE_RESPONSE		222	0.4050887	1.0109736	0.46199524	0.9945929	1.0	1276	tags=13%, list=12%, signal=15%	
GOBP_NEGATIVE_REGULATION_OF_PROTEIN_CATABOLIC_PROCESS	GOBP_NEGATIVE_REGULATION_OF_PROTEIN_CATABOLIC_PROCESS		67	0.45334697	1.0109241	0.47288775	0.9942802	1.0	1432	tags=24%, list=14%, signal=27%	
GOBP_PROTEIN_TETRAMERIZATION	GOBP_PROTEIN_TETRAMERIZATION		57	0.46122998	1.0105783	0.45800525	0.9949397	1.0	1752	tags=23%, list=17%, signal=27%	
HP_POSTERIORLY_ROTATED_EARS	HP_POSTERIORLY_ROTATED_EARS		304	0.3929606	1.0102203	0.45485327	0.9956236	1.0	1635	tags=17%, list=16%, signal=20%	
GOBP_POSITIVE_REGULATION_OF_NEUROGENESIS	GOBP_POSITIVE_REGULATION_OF_NEUROGENESIS		93	0.4402332	1.0100168	0.456743	0.9957863	1.0	2258	tags=27%, list=22%, signal=34%	
GOBP_TYPE_2_IMMUNE_RESPONSE	GOBP_TYPE_2_IMMUNE_RESPONSE		28	0.4984642	1.0096883	0.46276596	0.9964028	1.0	1115	tags=29%, list=11%, signal=32%	
HP_HYPOPLASTIC_TOENAILS	HP_HYPOPLASTIC_TOENAILS		51	0.46589065	1.0096852	0.469657	0.995928	1.0	2295	tags=33%, list=22%, signal=43%	
GOBP_CYTOKINESIS	GOBP_CYTOKINESIS		126	0.424123	1.0096657	0.4521212	0.99550045	1.0	1511	tags=17%, list=14%, signal=19%	
GOMF_TBP_CLASS_PROTEIN_BINDING	GOMF_TBP_CLASS_PROTEIN_BINDING		20	0.53287816	1.0095874	0.4868603	0.99526393	1.0	3071	tags=45%, list=29%, signal=64%	
GOMF_LIPOPROTEIN_PARTICLE_RECEPTOR_BINDING	GOMF_LIPOPROTEIN_PARTICLE_RECEPTOR_BINDING		17	0.5316964	1.0094272	0.47698745	0.9952892	1.0	616	tags=18%, list=6%, signal=19%	
HP_PARANOIA	HP_PARANOIA		18	0.5304874	1.0091143	0.4791386	0.99584144	1.0	1776	tags=22%, list=17%, signal=27%	
GOBP_ACYL_COA_BIOSYNTHETIC_PROCESS	GOBP_ACYL_COA_BIOSYNTHETIC_PROCESS		41	0.4797286	1.0089568	0.4651163	0.9958777	1.0	3111	tags=39%, list=30%, signal=55%	
HP_FEVER	HP_FEVER		279	0.39748102	1.0087738	0.4450801	0.9960015	1.0	1148	tags=17%, list=11%, signal=18%	
GOBP_POSITIVE_REGULATION_OF_AXONOGENESIS	GOBP_POSITIVE_REGULATION_OF_AXONOGENESIS		35	0.4939167	1.008706	0.47107437	0.99576116	1.0	2258	tags=34%, list=22%, signal=44%	
GOCC_MITOCHONDRIAL_SMALL_RIBOSOMAL_SUBUNIT	GOCC_MITOCHONDRIAL_SMALL_RIBOSOMAL_SUBUNIT		26	0.5082938	1.0086826	0.47652915	0.99536514	1.0	2992	tags=42%, list=29%, signal=59%	
GOBP_MUSCLE_ORGAN_MORPHOGENESIS	GOBP_MUSCLE_ORGAN_MORPHOGENESIS		25	0.51006556	1.0086756	0.48351648	0.99490637	1.0	2102	tags=36%, list=20%, signal=45%	
GOBP_AMINO_ACID_CATABOLIC_PROCESS	GOBP_AMINO_ACID_CATABOLIC_PROCESS		56	0.4661565	1.0082476	0.45794392	0.9958601	1.0	1644	tags=13%, list=16%, signal=15%	
GOBP_REGULATION_OF_CARBOHYDRATE_METABOLIC_PROCESS	GOBP_REGULATION_OF_CARBOHYDRATE_METABOLIC_PROCESS		91	0.4458644	1.0081093	0.45699614	0.99580514	1.0	758	tags=10%, list=7%, signal=11%	
GOBP_CARDIAC_MUSCLE_TISSUE_MORPHOGENESIS	GOBP_CARDIAC_MUSCLE_TISSUE_MORPHOGENESIS		19	0.530517	1.0079507	0.50136983	0.9958501	1.0	1651	tags=32%, list=16%, signal=37%	
GOMF_ANTIOXIDANT_ACTIVITY	GOMF_ANTIOXIDANT_ACTIVITY		42	0.47666878	1.007767	0.48955613	0.9960063	1.0	749	tags=19%, list=7%, signal=20%	
GOBP_REGULATION_OF_CATALYTIC_ACTIVITY	GOBP_REGULATION_OF_CATALYTIC_ACTIVITY		318	0.3900543	1.0074362	0.46040723	0.99659306	1.0	1958	tags=23%, list=19%, signal=27%	
GOBP_REGULATION_OF_MITOCHONDRIAL_MEMBRANE_PERMEABILITY	GOBP_REGULATION_OF_MITOCHONDRIAL_MEMBRANE_PERMEABILITY		37	0.4907244	1.0073607	0.48990577	0.99637026	1.0	1192	tags=24%, list=11%, signal=27%	
GOBP_CEREBRAL_CORTEX_RADIALLY_ORIENTED_CELL_MIGRATION	GOBP_CEREBRAL_CORTEX_RADIALLY_ORIENTED_CELL_MIGRATION		16	0.53802323	1.006808	0.48328692	0.99767077	1.0	2396	tags=38%, list=23%, signal=49%	
GOBP_REGULATION_OF_SECRETION	GOBP_REGULATION_OF_SECRETION		265	0.40123832	1.0067782	0.46465817	0.99729043	1.0	1945	tags=25%, list=19%, signal=29%	
GOMF_PHOSPHATIDYLINOSITOL_4_PHOSPHATE_BINDING	GOMF_PHOSPHATIDYLINOSITOL_4_PHOSPHATE_BINDING		19	0.5222893	1.0066541	0.47761193	0.9971938	1.0	1116	tags=16%, list=11%, signal=18%	
GOCC_SPLICEOSOMAL_COMPLEX	GOCC_SPLICEOSOMAL_COMPLEX		162	0.41724306	1.006496	0.46921182	0.9972207	1.0	1186	tags=23%, list=11%, signal=25%	
GOBP_ISOPRENOID_BIOSYNTHETIC_PROCESS	GOBP_ISOPRENOID_BIOSYNTHETIC_PROCESS		18	0.52685684	1.0064356	0.5	0.9969428	1.0	3932	tags=56%, list=38%, signal=89%	
GOMF_PASSIVE_TRANSMEMBRANE_TRANSPORTER_ACTIVITY	GOMF_PASSIVE_TRANSMEMBRANE_TRANSPORTER_ACTIVITY		123	0.42597687	1.006333	0.48578492	0.9967803	1.0	819	tags=11%, list=8%, signal=12%	
HP_BROAD_PHILTRUM	HP_BROAD_PHILTRUM		27	0.50859684	1.0057598	0.49867022	0.9981734	1.0	3010	tags=44%, list=29%, signal=62%	
GOBP_NEGATIVE_REGULATION_OF_NEURON_PROJECTION_DEVELOPMENT	GOBP_NEGATIVE_REGULATION_OF_NEURON_PROJECTION_DEVELOPMENT		48	0.46436846	1.0056329	0.47663552	0.9981082	1.0	1807	tags=25%, list=17%, signal=30%	
GOBP_MITOCHONDRIAL_GENE_EXPRESSION	GOBP_MITOCHONDRIAL_GENE_EXPRESSION		140	0.4196806	1.0056194	0.4784217	0.99767625	1.0	3030	tags=35%, list=29%, signal=49%	
GOBP_INTRINSIC_APOPTOTIC_SIGNALING_PATHWAY_IN_RESPONSE_TO_OXIDATIVE_STRESS	GOBP_INTRINSIC_APOPTOTIC_SIGNALING_PATHWAY_IN_RESPONSE_TO_OXIDATIVE_STRESS		41	0.47719792	1.0055285	0.477551	0.9975296	1.0	1260	tags=24%, list=12%, signal=28%	
GOCC_MEMBRANE_MICRODOMAIN	GOCC_MEMBRANE_MICRODOMAIN		144	0.4177382	1.0053757	0.47427854	0.9975535	1.0	876	tags=15%, list=8%, signal=16%	
HP_ABNORMALITY_OF_CORNEAL_SIZE	HP_ABNORMALITY_OF_CORNEAL_SIZE		98	0.43976972	1.0053551	0.48099607	0.9971431	1.0	665	tags=10%, list=6%, signal=11%	
HP_ABNORMAL_URINE_PHOSPHATE_CONCENTRATION	HP_ABNORMAL_URINE_PHOSPHATE_CONCENTRATION		15	0.53168356	1.0048857	0.4965326	0.99816376	1.0	3439	tags=53%, list=33%, signal=79%	
GOBP_EMBRYONIC_CRANIAL_SKELETON_MORPHOGENESIS	GOBP_EMBRYONIC_CRANIAL_SKELETON_MORPHOGENESIS		17	0.52779186	1.0047193	0.5	0.9982332	1.0	3122	tags=41%, list=30%, signal=59%	
HP_ABNORMAL_ILEUM_MORPHOLOGY	HP_ABNORMAL_ILEUM_MORPHOLOGY		36	0.49583304	1.0046916	0.49159122	0.99784803	1.0	1594	tags=25%, list=15%, signal=29%	
HP_PROTRUDING_TONGUE	HP_PROTRUDING_TONGUE		31	0.49904066	1.0045145	0.47730398	0.9979444	1.0	1036	tags=26%, list=10%, signal=29%	
GOBP_VENTRICULAR_CARDIAC_MUSCLE_TISSUE_DEVELOPMENT	GOBP_VENTRICULAR_CARDIAC_MUSCLE_TISSUE_DEVELOPMENT		21	0.5227662	1.0040686	0.5	0.9988767	1.0	1455	tags=29%, list=14%, signal=33%	
GOBP_MITOCHONDRION_ORGANIZATION	GOBP_MITOCHONDRION_ORGANIZATION		301	0.39374605	1.0037054	0.4742268	0.99954826	1.0	1202	tags=17%, list=12%, signal=18%	
GOMF_LYASE_ACTIVITY	GOMF_LYASE_ACTIVITY		116	0.42381847	1.0035303	0.47974685	0.9996181	1.0	1888	tags=22%, list=18%, signal=26%	
GOBP_POSITIVE_REGULATION_OF_CD4_POSITIVE_ALPHA_BETA_T_CELL_ACTIVATION	GOBP_POSITIVE_REGULATION_OF_CD4_POSITIVE_ALPHA_BETA_T_CELL_ACTIVATION		29	0.502161	1.003427	0.4856753	0.9994765	1.0	1054	tags=31%, list=10%, signal=34%	
GOCC_NUCLEAR_PORE	GOCC_NUCLEAR_PORE		75	0.44874543	1.00323	0.48533332	0.9996509	1.0	3078	tags=37%, list=29%, signal=53%	
GOBP_PROTEIN_TARGETING_TO_MITOCHONDRION	GOBP_PROTEIN_TARGETING_TO_MITOCHONDRION		55	0.45782226	1.0030549	0.4773022	0.9997458	1.0	2053	tags=25%, list=20%, signal=32%	
GOBP_REGULATION_OF_SYNAPSE_STRUCTURE_OR_ACTIVITY	GOBP_REGULATION_OF_SYNAPSE_STRUCTURE_OR_ACTIVITY		133	0.4146569	1.0026894	0.47542998	1.0	1.0	2305	tags=31%, list=22%, signal=39%	
GOBP_EPIGENETIC_REGULATION_OF_GENE_EXPRESSION	GOBP_EPIGENETIC_REGULATION_OF_GENE_EXPRESSION		192	0.41298002	1.0026205	0.48402366	1.0	1.0	1432	tags=18%, list=14%, signal=21%	
GOMF_PEPTIDASE_INHIBITOR_ACTIVITY	GOMF_PEPTIDASE_INHIBITOR_ACTIVITY		57	0.45366192	1.0023435	0.4751309	1.0	1.0	749	tags=25%, list=7%, signal=26%	
HP_ABNORMAL_UMBILICUS_MORPHOLOGY	HP_ABNORMAL_UMBILICUS_MORPHOLOGY		176	0.40840432	1.002308	0.49210206	1.0	1.0	1635	tags=22%, list=16%, signal=25%	
GOBP_CHROMOSOME_ORGANIZATION_INVOLVED_IN_MEIOTIC_CELL_CYCLE	GOBP_CHROMOSOME_ORGANIZATION_INVOLVED_IN_MEIOTIC_CELL_CYCLE		38	0.48597097	1.002242	0.48016417	1.0	1.0	2602	tags=39%, list=25%, signal=52%	
GOBP_REGULATION_OF_MRNA_METABOLIC_PROCESS	GOBP_REGULATION_OF_MRNA_METABOLIC_PROCESS		227	0.40049982	1.0021062	0.47995284	0.99999815	1.0	1388	tags=23%, list=13%, signal=26%	
HP_STROKE	HP_STROKE		90	0.43708664	1.0017918	0.47876447	1.0	1.0	473	tags=10%, list=5%, signal=10%	
GOBP_RESPONSE_TO_MINERALOCORTICOID	GOBP_RESPONSE_TO_MINERALOCORTICOID		18	0.53463995	1.0017806	0.48316252	1.0	1.0	1869	tags=39%, list=18%, signal=47%	
GOMF_PROTEIN_TYROSINE_KINASE_BINDING	GOMF_PROTEIN_TYROSINE_KINASE_BINDING		56	0.4621506	1.0015774	0.4757536	1.0	1.0	778	tags=14%, list=7%, signal=15%	
GOBP_POSITIVE_REGULATION_OF_MITOTIC_CELL_CYCLE_PHASE_TRANSITION	GOBP_POSITIVE_REGULATION_OF_MITOTIC_CELL_CYCLE_PHASE_TRANSITION		65	0.45810398	1.0015138	0.4843342	1.0	1.0	1199	tags=17%, list=11%, signal=19%	
HP_PARALYSIS	HP_PARALYSIS		94	0.43304363	1.0014744	0.46433204	0.9997122	1.0	353	tags=7%, list=3%, signal=8%	
GOBP_GRANULOCYTE_MIGRATION	GOBP_GRANULOCYTE_MIGRATION		73	0.45373613	1.0014262	0.45984456	0.99938476	1.0	676	tags=18%, list=6%, signal=19%	
HP_HALLUCINATIONS	HP_HALLUCINATIONS		93	0.43908274	1.0013249	0.50763357	0.9992382	1.0	1904	tags=27%, list=18%, signal=33%	
GOBP_REGULATION_OF_CELLULAR_RESPONSE_TO_INSULIN_STIMULUS	GOBP_REGULATION_OF_CELLULAR_RESPONSE_TO_INSULIN_STIMULUS		48	0.46948677	1.0010681	0.4934555	0.99958444	1.0	1252	tags=21%, list=12%, signal=24%	
GOBP_REGULATION_OF_LEUKOCYTE_DIFFERENTIATION	GOBP_REGULATION_OF_LEUKOCYTE_DIFFERENTIATION		211	0.4037635	1.0010315	0.4787234	0.9992291	1.0	1452	tags=24%, list=14%, signal=28%	
GOBP_REGULATION_OF_INTRACELLULAR_STEROID_HORMONE_RECEPTOR_SIGNALING_PATHWAY	GOBP_REGULATION_OF_INTRACELLULAR_STEROID_HORMONE_RECEPTOR_SIGNALING_PATHWAY		52	0.45823148	1.0010043	0.48843187	0.99885195	1.0	1180	tags=19%, list=11%, signal=22%	
HP_ABNORMAL_KNEE_PHYSIOLOGY	HP_ABNORMAL_KNEE_PHYSIOLOGY		49	0.4704888	1.000819	0.481276	0.998952	1.0	1990	tags=24%, list=19%, signal=30%	
GOBP_REGULATION_OF_T_CELL_MEDIATED_IMMUNITY	GOBP_REGULATION_OF_T_CELL_MEDIATED_IMMUNITY		60	0.45681852	1.0006776	0.50438046	0.99893117	1.0	1115	tags=23%, list=11%, signal=26%	
HP_THICK_VERMILION_BORDER	HP_THICK_VERMILION_BORDER		193	0.40582836	1.000378	0.48214287	0.9994203	1.0	1370	tags=18%, list=13%, signal=20%	
GOMF_STRUCTURAL_CONSTITUENT_OF_NUCLEAR_PORE	GOMF_STRUCTURAL_CONSTITUENT_OF_NUCLEAR_PORE		20	0.50719064	1.0002717	0.48877147	0.9992953	1.0	3527	tags=45%, list=34%, signal=68%	
GOBP_INTRINSIC_APOPTOTIC_SIGNALING_PATHWAY	GOBP_INTRINSIC_APOPTOTIC_SIGNALING_PATHWAY		225	0.40160272	1.0000372	0.48953488	0.99955714	1.0	1023	tags=16%, list=10%, signal=17%	
HP_ABNORMALITY_OF_PULMONARY_CIRCULATION	HP_ABNORMALITY_OF_PULMONARY_CIRCULATION		109	0.43236148	0.999239	0.5062035	1.0	1.0	797	tags=12%, list=8%, signal=13%	
HP_DILATED_FOURTH_VENTRICLE	HP_DILATED_FOURTH_VENTRICLE		106	0.43069056	0.9991064	0.5018963	1.0	1.0	1326	tags=20%, list=13%, signal=22%	
GOBP_REGULATION_OF_ER_TO_GOLGI_VESICLE_MEDIATED_TRANSPORT	GOBP_REGULATION_OF_ER_TO_GOLGI_VESICLE_MEDIATED_TRANSPORT		19	0.52574754	0.99905705	0.49865592	1.0	1.0	2854	tags=47%, list=27%, signal=65%	
GOBP_TRANSCRIPTION_PREINITIATION_COMPLEX_ASSEMBLY	GOBP_TRANSCRIPTION_PREINITIATION_COMPLEX_ASSEMBLY		54	0.45876458	0.9984507	0.4882199	1.0	1.0	1384	tags=17%, list=13%, signal=19%	
GOBP_DENDRITIC_CELL_DIFFERENTIATION	GOBP_DENDRITIC_CELL_DIFFERENTIATION		33	0.49036998	0.99842316	0.48638132	1.0	1.0	701	tags=21%, list=7%, signal=23%	
HP_SIDEROBLASTIC_ANEMIA	HP_SIDEROBLASTIC_ANEMIA		32	0.49519125	0.99838483	0.5077139	1.0	1.0	3571	tags=47%, list=34%, signal=71%	
GOBP_REGULATION_OF_STEM_CELL_DIFFERENTIATION	GOBP_REGULATION_OF_STEM_CELL_DIFFERENTIATION		48	0.47332287	0.9980909	0.4808219	1.0	1.0	1863	tags=27%, list=18%, signal=33%	
HP_DIAGNOSTIC_BEHAVIORAL_PHENOTYPE	HP_DIAGNOSTIC_BEHAVIORAL_PHENOTYPE		378	0.38257033	0.9978335	0.47150838	1.0	1.0	1624	tags=19%, list=16%, signal=21%	
GOBP_CARDIAC_MUSCLE_TISSUE_DEVELOPMENT	GOBP_CARDIAC_MUSCLE_TISSUE_DEVELOPMENT		87	0.43610293	0.9975398	0.47490346	1.0	1.0	1701	tags=32%, list=16%, signal=38%	
HP_EXPRESSIVE_LANGUAGE_DELAY	HP_EXPRESSIVE_LANGUAGE_DELAY		31	0.49241716	0.9975263	0.4959893	1.0	1.0	2312	tags=23%, list=22%, signal=29%	
HP_ABNORMALITY_OF_THE_THORACIC_CAVITY	HP_ABNORMALITY_OF_THE_THORACIC_CAVITY		40	0.47003865	0.99747604	0.4883402	1.0	1.0	824	tags=20%, list=8%, signal=22%	
GOBP_REGULATION_OF_CELL_CYCLE_G1_S_PHASE_TRANSITION	GOBP_REGULATION_OF_CELL_CYCLE_G1_S_PHASE_TRANSITION		131	0.42289063	0.99740994	0.48553458	1.0	1.0	1342	tags=18%, list=13%, signal=20%	
GOBP_POSITIVE_REGULATION_OF_DEFENSE_RESPONSE	GOBP_POSITIVE_REGULATION_OF_DEFENSE_RESPONSE		337	0.3880046	0.99727654	0.4912088	1.0	1.0	1319	tags=16%, list=13%, signal=18%	
GOBP_MODIFICATION_OF_SYNAPTIC_STRUCTURE	GOBP_MODIFICATION_OF_SYNAPTIC_STRUCTURE		17	0.52897567	0.9972205	0.4992658	1.0	1.0	1536	tags=41%, list=15%, signal=48%	
GOBP_REGULATION_OF_CALCIUM_ION_TRANSPORT	GOBP_REGULATION_OF_CALCIUM_ION_TRANSPORT		89	0.43867823	0.9971928	0.475	1.0	1.0	1154	tags=21%, list=11%, signal=24%	
HP_MEMORY_IMPAIRMENT	HP_MEMORY_IMPAIRMENT		104	0.43104038	0.99667215	0.5095299	1.0	1.0	1108	tags=17%, list=11%, signal=19%	
HP_COMA	HP_COMA		62	0.45360625	0.9965747	0.48195878	1.0	1.0	1624	tags=18%, list=16%, signal=21%	
HP_MALE_SEXUAL_DYSFUNCTION	HP_MALE_SEXUAL_DYSFUNCTION		48	0.46965867	0.9965162	0.49216712	1.0	1.0	797	tags=19%, list=8%, signal=20%	
GOMF_KINASE_BINDING	GOMF_KINASE_BINDING		470	0.37889495	0.99646187	0.49298814	1.0	1.0	1383	tags=17%, list=13%, signal=19%	
GOMF_CARBOXYLIC_ACID_TRANSMEMBRANE_TRANSPORTER_ACTIVITY	GOMF_CARBOXYLIC_ACID_TRANSMEMBRANE_TRANSPORTER_ACTIVITY		70	0.44309214	0.9964082	0.48408487	1.0	1.0	1204	tags=14%, list=12%, signal=16%	
GOBP_INTRINSIC_APOPTOTIC_SIGNALING_PATHWAY_IN_RESPONSE_TO_DNA_DAMAGE	GOBP_INTRINSIC_APOPTOTIC_SIGNALING_PATHWAY_IN_RESPONSE_TO_DNA_DAMAGE		83	0.44145858	0.9963416	0.48109517	1.0	1.0	1452	tags=20%, list=14%, signal=24%	
GOBP_CELL_CYCLE_CHECKPOINT_SIGNALING	GOBP_CELL_CYCLE_CHECKPOINT_SIGNALING		154	0.41253278	0.9962955	0.47654322	1.0	1.0	1971	tags=25%, list=19%, signal=30%	
HP_ABNORMALITY_OF_SALIVATION	HP_ABNORMALITY_OF_SALIVATION		124	0.4207032	0.99590546	0.4937186	1.0	1.0	1568	tags=21%, list=15%, signal=24%	
GOBP_REGULATION_OF_B_CELL_PROLIFERATION	GOBP_REGULATION_OF_B_CELL_PROLIFERATION		44	0.47240454	0.99587125	0.50591326	1.0	1.0	845	tags=18%, list=8%, signal=20%	
HP_BROAD_NASAL_TIP	HP_BROAD_NASAL_TIP		107	0.42683917	0.99530226	0.50247526	1.0	1.0	1642	tags=18%, list=16%, signal=21%	
GOBP_RESPONSE_TO_AMYLOID_BETA	GOBP_RESPONSE_TO_AMYLOID_BETA		26	0.49743915	0.9951966	0.48178136	1.0	1.0	745	tags=15%, list=7%, signal=17%	
GOBP_FATTY_ACID_TRANSPORT	GOBP_FATTY_ACID_TRANSPORT		50	0.46508017	0.99498594	0.4925575	1.0	1.0	1465	tags=22%, list=14%, signal=25%	
GOBP_APOPTOTIC_SIGNALING_PATHWAY	GOBP_APOPTOTIC_SIGNALING_PATHWAY		390	0.3803648	0.99474	0.50980395	1.0	1.0	1305	tags=17%, list=12%, signal=19%	
HP_ABNORMAL_5TH_FINGER_PHALANX_MORPHOLOGY	HP_ABNORMAL_5TH_FINGER_PHALANX_MORPHOLOGY		34	0.498523	0.9947037	0.50956285	1.0	1.0	1407	tags=18%, list=13%, signal=20%	
HP_ABNORMAL_TIBIA_MORPHOLOGY	HP_ABNORMAL_TIBIA_MORPHOLOGY		55	0.4630964	0.9942937	0.49470899	1.0	1.0	1642	tags=22%, list=16%, signal=26%	
HP_HEPATIC_CYSTS	HP_HEPATIC_CYSTS		19	0.51906407	0.9941355	0.49536425	1.0	1.0	3705	tags=58%, list=35%, signal=90%	
GOCC_T_TUBULE	GOCC_T_TUBULE		22	0.5112554	0.9940514	0.49787837	1.0	1.0	1816	tags=36%, list=17%, signal=44%	
HP_ABNORMAL_URETER_PHYSIOLOGY	HP_ABNORMAL_URETER_PHYSIOLOGY		139	0.41830605	0.99401534	0.4987593	1.0	1.0	1134	tags=12%, list=11%, signal=14%	
GOBP_IMMUNE_RESPONSE_REGULATING_SIGNALING_PATHWAY	GOBP_IMMUNE_RESPONSE_REGULATING_SIGNALING_PATHWAY		377	0.38380817	0.9939891	0.4944934	1.0	1.0	1276	tags=16%, list=12%, signal=18%	
HP_PATELLAR_APLASIA	HP_PATELLAR_APLASIA		16	0.53959596	0.9936243	0.505618	1.0	1.0	2301	tags=38%, list=22%, signal=48%	
GOBP_POSITIVE_REGULATION_OF_PROTEIN_CATABOLIC_PROCESS	GOBP_POSITIVE_REGULATION_OF_PROTEIN_CATABOLIC_PROCESS		140	0.41766202	0.99359554	0.46287128	1.0	1.0	1558	tags=18%, list=15%, signal=21%	
GOBP_REGULATION_OF_MRNA_PROCESSING	GOBP_REGULATION_OF_MRNA_PROCESSING		101	0.4304027	0.9934477	0.5018963	1.0	1.0	1383	tags=28%, list=13%, signal=32%	
HP_ABNORMAL_UTERUS_MORPHOLOGY	HP_ABNORMAL_UTERUS_MORPHOLOGY		93	0.43072483	0.9933933	0.48503742	1.0	1.0	3104	tags=37%, list=30%, signal=52%	
HP_ABSENT_TESTIS	HP_ABSENT_TESTIS		22	0.52293473	0.9933316	0.5188172	1.0	1.0	3571	tags=55%, list=34%, signal=83%	
GOBP_T_CELL_ACTIVATION	GOBP_T_CELL_ACTIVATION		383	0.38119814	0.9932608	0.48279688	1.0	1.0	1461	tags=22%, list=14%, signal=25%	
GOBP_REGULATION_OF_PROTEIN_LOCALIZATION_TO_NUCLEUS	GOBP_REGULATION_OF_PROTEIN_LOCALIZATION_TO_NUCLEUS		99	0.43441162	0.99324423	0.5083655	1.0	1.0	1906	tags=33%, list=18%, signal=40%	
HP_ANIRIDIA	HP_ANIRIDIA		30	0.49000472	0.9929655	0.51771116	1.0	1.0	1532	tags=20%, list=15%, signal=23%	
GOBP_POSITIVE_REGULATION_OF_T_HELPER_CELL_DIFFERENTIATION	GOBP_POSITIVE_REGULATION_OF_T_HELPER_CELL_DIFFERENTIATION		18	0.53344506	0.9929627	0.5	1.0	1.0	667	tags=28%, list=6%, signal=30%	
HP_ECTOPIC_KIDNEY	HP_ECTOPIC_KIDNEY		53	0.460624	0.9926723	0.5038071	1.0	1.0	1112	tags=13%, list=11%, signal=15%	
GOBP_CELL_MATURATION	GOBP_CELL_MATURATION		85	0.4367199	0.9926505	0.5044586	1.0	1.0	1074	tags=16%, list=10%, signal=18%	
HP_KERATOCONJUNCTIVITIS	HP_KERATOCONJUNCTIVITIS		36	0.47636467	0.9925561	0.48378378	1.0	1.0	1779	tags=28%, list=17%, signal=33%	
HP_VASCULAR_SKIN_ABNORMALITY	HP_VASCULAR_SKIN_ABNORMALITY		350	0.38558707	0.99233955	0.49382716	1.0	1.0	1068	tags=14%, list=10%, signal=15%	
GOBP_MITOCHONDRIAL_TRANSMEMBRANE_TRANSPORT	GOBP_MITOCHONDRIAL_TRANSMEMBRANE_TRANSPORT		19	0.5212041	0.99228233	0.49859944	1.0	1.0	1618	tags=26%, list=15%, signal=31%	
GOMF_LOW_DENSITY_LIPOPROTEIN_PARTICLE_RECEPTOR_BINDING	GOMF_LOW_DENSITY_LIPOPROTEIN_PARTICLE_RECEPTOR_BINDING		16	0.53240395	0.9920119	0.5	1.0	1.0	616	tags=19%, list=6%, signal=20%	
GOMF_PHOSPHOLIPID_BINDING	GOMF_PHOSPHOLIPID_BINDING		270	0.3942248	0.9919203	0.49714938	1.0	1.0	1116	tags=11%, list=11%, signal=12%	
GOCC_PROTEASOME_COMPLEX	GOCC_PROTEASOME_COMPLEX		54	0.45248896	0.9918467	0.49277267	1.0	1.0	2895	tags=43%, list=28%, signal=59%	
GOBP_LABYRINTHINE_LAYER_DEVELOPMENT	GOBP_LABYRINTHINE_LAYER_DEVELOPMENT		24	0.5013172	0.9915527	0.49858758	1.0	1.0	2495	tags=38%, list=24%, signal=49%	
GOBP_CELLULAR_RESPONSE_TO_NUTRIENT	GOBP_CELLULAR_RESPONSE_TO_NUTRIENT		30	0.4859284	0.9915024	0.49326146	1.0	1.0	650	tags=17%, list=6%, signal=18%	
HP_TONGUE_ATROPHY	HP_TONGUE_ATROPHY		32	0.48663184	0.99120456	0.5210312	1.0	1.0	2016	tags=25%, list=19%, signal=31%	
GOMF_METAL_ION_TRANSMEMBRANE_TRANSPORTER_ACTIVITY	GOMF_METAL_ION_TRANSMEMBRANE_TRANSPORTER_ACTIVITY		133	0.41280228	0.9911669	0.5	1.0	1.0	2365	tags=28%, list=23%, signal=36%	
HP_DOWNSLANTED_PALPEBRAL_FISSURES	HP_DOWNSLANTED_PALPEBRAL_FISSURES		313	0.3866092	0.9911253	0.51068616	1.0	1.0	1626	tags=20%, list=16%, signal=23%	
GOBP_REGULATION_OF_DENDRITIC_SPINE_MORPHOGENESIS	GOBP_REGULATION_OF_DENDRITIC_SPINE_MORPHOGENESIS		21	0.5121365	0.99109375	0.5020862	1.0	1.0	2156	tags=43%, list=21%, signal=54%	
HP_FEMALE_INFERTILITY	HP_FEMALE_INFERTILITY		29	0.49447322	0.9905908	0.47919464	1.0	1.0	2131	tags=31%, list=20%, signal=39%	
GOCC_ACTIN_BASED_CELL_PROJECTION	GOCC_ACTIN_BASED_CELL_PROJECTION		95	0.42838892	0.9905852	0.49222797	1.0	1.0	1807	tags=23%, list=17%, signal=28%	
HP_ACETABULAR_DYSPLASIA	HP_ACETABULAR_DYSPLASIA		18	0.52505404	0.99049026	0.5143639	1.0	1.0	815	tags=17%, list=8%, signal=18%	
GOBP_MITOPHAGY	GOBP_MITOPHAGY		65	0.44386452	0.9903157	0.51361865	1.0	1.0	1359	tags=15%, list=13%, signal=18%	
GOMF_UBIQUITIN_LIKE_PROTEIN_CONJUGATING_ENZYME_BINDING	GOMF_UBIQUITIN_LIKE_PROTEIN_CONJUGATING_ENZYME_BINDING		24	0.502657	0.9900202	0.5105189	1.0	1.0	1760	tags=29%, list=17%, signal=35%	
HP_EMG_NEUROPATHIC_CHANGES	HP_EMG_NEUROPATHIC_CHANGES		42	0.47421446	0.9897562	0.5099867	1.0	1.0	523	tags=12%, list=5%, signal=12%	
GOMF_MOLECULAR_SENSOR_ACTIVITY	GOMF_MOLECULAR_SENSOR_ACTIVITY		44	0.47816157	0.9897531	0.5150327	1.0	1.0	804	tags=11%, list=8%, signal=12%	
GOBP_REGULATION_OF_NEUROGENESIS	GOBP_REGULATION_OF_NEUROGENESIS		141	0.41622952	0.9896066	0.5068323	1.0	1.0	1728	tags=21%, list=17%, signal=25%	
GOBP_REGULATION_OF_TRANSMEMBRANE_RECEPTOR_PROTEIN_SERINE_THREONINE_KINASE_SIGNALING_PATHWAY	GOBP_REGULATION_OF_TRANSMEMBRANE_RECEPTOR_PROTEIN_SERINE_THREONINE_KINASE_SIGNALING_PATHWAY		131	0.41467497	0.98944443	0.49192548	1.0	1.0	1680	tags=25%, list=16%, signal=30%	
HP_POLYHYDRAMNIOS	HP_POLYHYDRAMNIOS		173	0.4040724	0.9894312	0.49940547	1.0	1.0	1920	tags=24%, list=18%, signal=29%	
HP_ABNORMAL_SYSTEMIC_BLOOD_PRESSURE	HP_ABNORMAL_SYSTEMIC_BLOOD_PRESSURE		304	0.38581273	0.98916805	0.4988532	1.0	1.0	1036	tags=11%, list=10%, signal=12%	
HP_ABNORMAL_PERIPHERAL_MYELINATION	HP_ABNORMAL_PERIPHERAL_MYELINATION		71	0.44733667	0.98871946	0.49744898	1.0	1.0	841	tags=18%, list=8%, signal=20%	
HP_POINTED_CHIN	HP_POINTED_CHIN		87	0.43476853	0.9884877	0.50384617	1.0	1.0	1507	tags=14%, list=14%, signal=16%	
HP_HYPOREFLEXIA	HP_HYPOREFLEXIA		239	0.39155653	0.9881236	0.5005959	1.0	1.0	1291	tags=15%, list=12%, signal=17%	
HP_BRAIN_IMAGING_ABNORMALITY	HP_BRAIN_IMAGING_ABNORMALITY		107	0.4175418	0.9878342	0.5096277	1.0	1.0	1202	tags=12%, list=12%, signal=14%	
HP_PECTUS_CARINATUM	HP_PECTUS_CARINATUM		114	0.4232613	0.9877936	0.5043915	1.0	1.0	1539	tags=14%, list=15%, signal=16%	
GOBP_T_HELPER_1_TYPE_IMMUNE_RESPONSE	GOBP_T_HELPER_1_TYPE_IMMUNE_RESPONSE		44	0.46885833	0.98759294	0.51778656	1.0	1.0	1430	tags=25%, list=14%, signal=29%	
HP_MUSCLE_FIBRILLATION	HP_MUSCLE_FIBRILLATION		63	0.44344166	0.9873392	0.49608356	1.0	1.0	2178	tags=25%, list=21%, signal=32%	
HP_THIN_VERMILION_BORDER	HP_THIN_VERMILION_BORDER		274	0.3888388	0.9871117	0.51225203	1.0	1.0	1579	tags=21%, list=15%, signal=24%	
GOMF_3_5_DNA_EXONUCLEASE_ACTIVITY	GOMF_3_5_DNA_EXONUCLEASE_ACTIVITY		17	0.53207296	0.9866401	0.51544946	1.0	1.0	1315	tags=18%, list=13%, signal=20%	
GOBP_REGULATION_OF_MITOCHONDRIAL_GENE_EXPRESSION	GOBP_REGULATION_OF_MITOCHONDRIAL_GENE_EXPRESSION		23	0.50171155	0.9865038	0.4869326	1.0	1.0	221	tags=4%, list=2%, signal=4%	
GOMF_MONOCARBOXYLIC_ACID_BINDING	GOMF_MONOCARBOXYLIC_ACID_BINDING		28	0.4908016	0.9864168	0.5054496	1.0	1.0	421	tags=18%, list=4%, signal=19%	
GOBP_CELL_CYCLE_G1_S_PHASE_TRANSITION	GOBP_CELL_CYCLE_G1_S_PHASE_TRANSITION		182	0.40426892	0.9863339	0.49639422	1.0	1.0	1480	tags=19%, list=14%, signal=21%	
GOBP_POSITIVE_REGULATION_OF_EPITHELIAL_CELL_PROLIFERATION	GOBP_POSITIVE_REGULATION_OF_EPITHELIAL_CELL_PROLIFERATION		80	0.44305494	0.9862923	0.5177665	1.0	1.0	587	tags=13%, list=6%, signal=13%	
GOBP_PIGMENT_CELL_DIFFERENTIATION	GOBP_PIGMENT_CELL_DIFFERENTIATION		18	0.5161836	0.98628795	0.5116279	1.0	1.0	1260	tags=28%, list=12%, signal=32%	
HP_VASCULITIS	HP_VASCULITIS		43	0.47480842	0.98610365	0.51448274	1.0	1.0	819	tags=16%, list=8%, signal=18%	
GOBP_PLATELET_DENSE_GRANULE_ORGANIZATION	GOBP_PLATELET_DENSE_GRANULE_ORGANIZATION		18	0.5236273	0.9858001	0.51709986	1.0	1.0	2106	tags=39%, list=20%, signal=49%	
GOBP_CELLULAR_RESPONSE_TO_RADIATION	GOBP_CELLULAR_RESPONSE_TO_RADIATION		113	0.4173976	0.9855142	0.48930818	1.0	1.0	1681	tags=21%, list=16%, signal=25%	
GOMF_TRNA_BINDING	GOMF_TRNA_BINDING		52	0.46074992	0.9854852	0.503268	1.0	1.0	728	tags=13%, list=7%, signal=14%	
GOBP_NON_PROTEINOGENIC_AMINO_ACID_METABOLIC_PROCESS	GOBP_NON_PROTEINOGENIC_AMINO_ACID_METABOLIC_PROCESS		26	0.4993898	0.98512113	0.51846784	1.0	1.0	1795	tags=27%, list=17%, signal=32%	
HP_SPINAL_DYSRAPHISM	HP_SPINAL_DYSRAPHISM		88	0.43395263	0.9848664	0.515	1.0	1.0	1843	tags=18%, list=18%, signal=22%	
HP_ABNORMAL_CIRCULATING_ALBUMIN_CONCENTRATION	HP_ABNORMAL_CIRCULATING_ALBUMIN_CONCENTRATION		73	0.44338328	0.98473746	0.5229358	1.0	1.0	3152	tags=38%, list=30%, signal=55%	
GOBP_CELL_SURFACE_PATTERN_RECOGNITION_RECEPTOR_SIGNALING_PATHWAY	GOBP_CELL_SURFACE_PATTERN_RECOGNITION_RECEPTOR_SIGNALING_PATHWAY		51	0.45335394	0.9845837	0.5078125	1.0	1.0	844	tags=14%, list=8%, signal=15%	
GOBP_REGULATION_OF_ANATOMICAL_STRUCTURE_SIZE	GOBP_REGULATION_OF_ANATOMICAL_STRUCTURE_SIZE		229	0.3920652	0.9843543	0.51309526	1.0	1.0	1452	tags=18%, list=14%, signal=21%	
GOBP_ICOSANOID_BIOSYNTHETIC_PROCESS	GOBP_ICOSANOID_BIOSYNTHETIC_PROCESS		29	0.4954974	0.98433053	0.53091395	1.0	1.0	410	tags=10%, list=4%, signal=11%	
GOCC_DNA_POLYMERASE_COMPLEX	GOCC_DNA_POLYMERASE_COMPLEX		18	0.50929534	0.9840525	0.5055402	1.0	1.0	2040	tags=28%, list=20%, signal=34%	
GOBP_CELLULAR_RESPONSE_TO_AMYLOID_BETA	GOBP_CELLULAR_RESPONSE_TO_AMYLOID_BETA		25	0.49774507	0.98363185	0.5175676	1.0	1.0	745	tags=16%, list=7%, signal=17%	
GOBP_POSITIVE_REGULATION_OF_STEROID_BIOSYNTHETIC_PROCESS	GOBP_POSITIVE_REGULATION_OF_STEROID_BIOSYNTHETIC_PROCESS		17	0.51921237	0.9832873	0.52638525	1.0	1.0	2495	tags=35%, list=24%, signal=46%	
GOBP_POSITIVE_REGULATION_OF_ALPHA_BETA_T_CELL_DIFFERENTIATION	GOBP_POSITIVE_REGULATION_OF_ALPHA_BETA_T_CELL_DIFFERENTIATION		35	0.48021382	0.98315173	0.5260274	1.0	1.0	1208	tags=31%, list=12%, signal=35%	
GOCC_GOLGI_ASSOCIATED_VESICLE	GOCC_GOLGI_ASSOCIATED_VESICLE		64	0.44205874	0.9831032	0.5059445	1.0	1.0	1525	tags=14%, list=15%, signal=16%	
GOBP_INTERFERON_MEDIATED_SIGNALING_PATHWAY	GOBP_INTERFERON_MEDIATED_SIGNALING_PATHWAY		66	0.44321963	0.9830572	0.49870467	1.0	1.0	2142	tags=21%, list=21%, signal=27%	
GOBP_NUCLEOBASE_CONTAINING_COMPOUND_TRANSPORT	GOBP_NUCLEOBASE_CONTAINING_COMPOUND_TRANSPORT		168	0.40488115	0.98280716	0.52179325	1.0	1.0	2118	tags=31%, list=20%, signal=38%	
GOBP_ORGANELLE_FISSION	GOBP_ORGANELLE_FISSION		336	0.3800357	0.98242825	0.5281147	1.0	1.0	1880	tags=22%, list=18%, signal=26%	
HP_RECURRENT_HAND_FLAPPING	HP_RECURRENT_HAND_FLAPPING		18	0.52205205	0.98225665	0.52468264	1.0	1.0	1568	tags=28%, list=15%, signal=33%	
GOBP_POSITIVE_REGULATION_OF_RESPONSE_TO_ENDOPLASMIC_RETICULUM_STRESS	GOBP_POSITIVE_REGULATION_OF_RESPONSE_TO_ENDOPLASMIC_RETICULUM_STRESS		29	0.48767325	0.98222065	0.50348675	1.0	1.0	874	tags=17%, list=8%, signal=19%	
HP_NEONATAL_HYPOGLYCEMIA	HP_NEONATAL_HYPOGLYCEMIA		25	0.5041808	0.9822192	0.51123595	1.0	1.0	3598	tags=44%, list=34%, signal=67%	
GOMF_PROTEIN_SERINE_THREONINE_TYROSINE_KINASE_ACTIVITY	GOMF_PROTEIN_SERINE_THREONINE_TYROSINE_KINASE_ACTIVITY		25	0.50027686	0.9820596	0.5163934	1.0	1.0	59	tags=4%, list=1%, signal=4%	
GOBP_ANTIVIRAL_INNATE_IMMUNE_RESPONSE	GOBP_ANTIVIRAL_INNATE_IMMUNE_RESPONSE		49	0.45472044	0.9819854	0.5019763	1.0	1.0	1668	tags=12%, list=16%, signal=15%	
GOMF_UBIQUITIN_CONJUGATING_ENZYME_BINDING	GOMF_UBIQUITIN_CONJUGATING_ENZYME_BINDING		19	0.517675	0.9818988	0.53055555	1.0	1.0	1760	tags=32%, list=17%, signal=38%	
GOBP_POSITIVE_REGULATION_OF_SECRETION	GOBP_POSITIVE_REGULATION_OF_SECRETION		137	0.40651256	0.98161185	0.4963054	1.0	1.0	1945	tags=25%, list=19%, signal=30%	
HP_CHRONIC_INFECTION	HP_CHRONIC_INFECTION		22	0.5130078	0.9815901	0.5207497	1.0	1.0	665	tags=18%, list=6%, signal=19%	
GOBP_POSITIVE_REGULATION_OF_PRODUCTION_OF_MOLECULAR_MEDIATOR_OF_IMMUNE_RESPONSE	GOBP_POSITIVE_REGULATION_OF_PRODUCTION_OF_MOLECULAR_MEDIATOR_OF_IMMUNE_RESPONSE		76	0.43622515	0.98118925	0.5146497	1.0	1.0	1115	tags=20%, list=11%, signal=22%	
GOBP_REGULATION_OF_ESTABLISHMENT_OF_PROTEIN_LOCALIZATION	GOBP_REGULATION_OF_ESTABLISHMENT_OF_PROTEIN_LOCALIZATION		304	0.38452142	0.98110694	0.52980876	1.0	1.0	2073	tags=24%, list=20%, signal=29%	
HP_ABNORMALITY_OF_PANCREAS_PHYSIOLOGY	HP_ABNORMALITY_OF_PANCREAS_PHYSIOLOGY		107	0.41605794	0.9810972	0.50948167	1.0	1.0	912	tags=18%, list=9%, signal=19%	
HP_THICK_NASAL_ALAE	HP_THICK_NASAL_ALAE		21	0.50572175	0.980865	0.4950495	1.0	1.0	1104	tags=24%, list=11%, signal=27%	
HP_ABNORMALITY_OF_THE_DISTAL_PHALANX_OF_THE_THUMB	HP_ABNORMALITY_OF_THE_DISTAL_PHALANX_OF_THE_THUMB		18	0.5199032	0.9806872	0.52100843	1.0	1.0	1693	tags=28%, list=16%, signal=33%	
GOBP_NEGATIVE_REGULATION_OF_DNA_BINDING_TRANSCRIPTION_FACTOR_ACTIVITY	GOBP_NEGATIVE_REGULATION_OF_DNA_BINDING_TRANSCRIPTION_FACTOR_ACTIVITY		39	0.46509585	0.98038554	0.5216285	1.0	1.0	1877	tags=18%, list=18%, signal=22%	
HP_BLEPHARITIS	HP_BLEPHARITIS		38	0.46670997	0.9803515	0.5179283	1.0	1.0	1383	tags=26%, list=13%, signal=30%	
HP_PROMINENT_SUPRAORBITAL_RIDGES	HP_PROMINENT_SUPRAORBITAL_RIDGES		28	0.49997622	0.9803365	0.52220726	1.0	1.0	1559	tags=21%, list=15%, signal=25%	
GOBP_PROTEIN_LOCALIZATION_TO_CHROMOSOME	GOBP_PROTEIN_LOCALIZATION_TO_CHROMOSOME		72	0.4397666	0.98033315	0.50825924	1.0	1.0	2249	tags=31%, list=22%, signal=39%	
GOBP_INTESTINAL_ABSORPTION	GOBP_INTESTINAL_ABSORPTION		16	0.51972705	0.98021996	0.500684	1.0	1.0	383	tags=13%, list=4%, signal=13%	
GOBP_HYDROGEN_PEROXIDE_METABOLIC_PROCESS	GOBP_HYDROGEN_PEROXIDE_METABOLIC_PROCESS		29	0.49022365	0.9801486	0.5151515	1.0	1.0	213	tags=10%, list=2%, signal=11%	
GOBP_DNA_REPLICATION_CHECKPOINT_SIGNALING	GOBP_DNA_REPLICATION_CHECKPOINT_SIGNALING		22	0.5024024	0.98004955	0.5117241	1.0	1.0	4037	tags=64%, list=39%, signal=104%	
GOBP_MYELOID_LEUKOCYTE_DIFFERENTIATION	GOBP_MYELOID_LEUKOCYTE_DIFFERENTIATION		149	0.4114662	0.97983927	0.5219512	1.0	1.0	1324	tags=23%, list=13%, signal=26%	
GOMF_HSP70_PROTEIN_BINDING	GOMF_HSP70_PROTEIN_BINDING		33	0.4813663	0.979673	0.52519894	1.0	1.0	2204	tags=33%, list=21%, signal=42%	
GOBP_MITOTIC_CYTOKINESIS	GOBP_MITOTIC_CYTOKINESIS		79	0.43586004	0.9796113	0.50530505	1.0	1.0	1615	tags=20%, list=15%, signal=24%	
HP_ABNORMAL_UVULA_MORPHOLOGY	HP_ABNORMAL_UVULA_MORPHOLOGY		118	0.41165358	0.9795652	0.51358026	1.0	1.0	1598	tags=20%, list=15%, signal=24%	
GOBP_REGULATION_OF_ACTOMYOSIN_STRUCTURE_ORGANIZATION	GOBP_REGULATION_OF_ACTOMYOSIN_STRUCTURE_ORGANIZATION		50	0.45362422	0.9795066	0.5114401	1.0	1.0	1651	tags=26%, list=16%, signal=31%	
GOBP_PYRIMIDINE_RIBONUCLEOTIDE_BIOSYNTHETIC_PROCESS	GOBP_PYRIMIDINE_RIBONUCLEOTIDE_BIOSYNTHETIC_PROCESS		16	0.5178346	0.9791318	0.5264624	1.0	1.0	1588	tags=31%, list=15%, signal=37%	
GOCC_PERICENTRIC_HETEROCHROMATIN	GOCC_PERICENTRIC_HETEROCHROMATIN		26	0.4881514	0.97885185	0.5253078	1.0	1.0	1993	tags=31%, list=19%, signal=38%	
HP_DELAYED_CRANIAL_SUTURE_CLOSURE	HP_DELAYED_CRANIAL_SUTURE_CLOSURE		51	0.45830238	0.9785872	0.5261745	1.0	1.0	1507	tags=24%, list=14%, signal=27%	
GOBP_HOMOLOGOUS_CHROMOSOME_PAIRING_AT_MEIOSIS	GOBP_HOMOLOGOUS_CHROMOSOME_PAIRING_AT_MEIOSIS		27	0.4829451	0.9782612	0.51944447	1.0	1.0	1594	tags=22%, list=15%, signal=26%	
GOBP_CELLULAR_EXTRAVASATION	GOBP_CELLULAR_EXTRAVASATION		47	0.46039274	0.9778569	0.5228162	1.0	1.0	328	tags=9%, list=3%, signal=9%	
GOMF_PHOSPHATIDYLINOSITOL_PHOSPHATE_BINDING	GOMF_PHOSPHATIDYLINOSITOL_PHOSPHATE_BINDING		105	0.41989625	0.9774657	0.5294118	1.0	1.0	1217	tags=13%, list=12%, signal=15%	
GOBP_PYRIDINE_CONTAINING_COMPOUND_CATABOLIC_PROCESS	GOBP_PYRIDINE_CONTAINING_COMPOUND_CATABOLIC_PROCESS		68	0.44073054	0.97740686	0.52380955	1.0	1.0	1095	tags=10%, list=10%, signal=11%	
GOBP_OSSIFICATION	GOBP_OSSIFICATION		191	0.39692116	0.9770946	0.5283237	1.0	1.0	813	tags=14%, list=8%, signal=14%	
GOMF_PROTEASE_BINDING	GOMF_PROTEASE_BINDING		83	0.4360584	0.9769551	0.5175097	1.0	1.0	824	tags=13%, list=8%, signal=14%	
GOBP_REGULATION_OF_PRODUCTION_OF_MOLECULAR_MEDIATOR_OF_IMMUNE_RESPONSE	GOBP_REGULATION_OF_PRODUCTION_OF_MOLECULAR_MEDIATOR_OF_IMMUNE_RESPONSE		95	0.4208013	0.97664666	0.51307595	1.0	1.0	995	tags=19%, list=10%, signal=21%	
GOBP_DEOXYRIBONUCLEOTIDE_CATABOLIC_PROCESS	GOBP_DEOXYRIBONUCLEOTIDE_CATABOLIC_PROCESS		20	0.507901	0.9765922	0.5275482	1.0	1.0	710	tags=15%, list=7%, signal=16%	
GOBP_DETECTION_OF_BIOTIC_STIMULUS	GOBP_DETECTION_OF_BIOTIC_STIMULUS		24	0.4897967	0.9765782	0.51962113	1.0	1.0	797	tags=21%, list=8%, signal=23%	
HP_BICORNUATE_UTERUS	HP_BICORNUATE_UTERUS		27	0.4824659	0.9764733	0.5155616	1.0	1.0	3571	tags=48%, list=34%, signal=73%	
GOBP_REGULATION_OF_PROTEOLYSIS	GOBP_REGULATION_OF_PROTEOLYSIS		266	0.3874423	0.9764664	0.5224057	1.0	1.0	1449	tags=18%, list=14%, signal=20%	
HP_ABNORMALITY_OF_THE_PUBIC_HAIR	HP_ABNORMALITY_OF_THE_PUBIC_HAIR		19	0.5121264	0.9764347	0.5163934	1.0	1.0	764	tags=16%, list=7%, signal=17%	
GOBP_POSITIVE_REGULATION_OF_ANTIGEN_RECEPTOR_MEDIATED_SIGNALING_PATHWAY	GOBP_POSITIVE_REGULATION_OF_ANTIGEN_RECEPTOR_MEDIATED_SIGNALING_PATHWAY		21	0.5037963	0.97641397	0.52348065	1.0	1.0	1319	tags=24%, list=13%, signal=27%	
GOBP_SYNAPTIC_SIGNALING	GOBP_SYNAPTIC_SIGNALING		292	0.38410667	0.9759808	0.5552995	1.0	1.0	1121	tags=14%, list=11%, signal=15%	
HP_DUODENAL_ATRESIA	HP_DUODENAL_ATRESIA		18	0.5158094	0.97597134	0.542777	1.0	1.0	1745	tags=44%, list=17%, signal=53%	
HP_REDUCED_TENDON_REFLEXES	HP_REDUCED_TENDON_REFLEXES		367	0.37841967	0.9759431	0.5514541	1.0	1.0	1741	tags=16%, list=17%, signal=19%	
GOBP_REGULATION_OF_DNA_BIOSYNTHETIC_PROCESS	GOBP_REGULATION_OF_DNA_BIOSYNTHETIC_PROCESS		65	0.4389075	0.9759103	0.5217391	1.0	1.0	865	tags=14%, list=8%, signal=15%	
GOBP_NEGATIVE_REGULATION_OF_HEMOPOIESIS	GOBP_NEGATIVE_REGULATION_OF_HEMOPOIESIS		74	0.4303751	0.97576785	0.50906736	1.0	1.0	1449	tags=24%, list=14%, signal=28%	
GOMF_TRANSCRIPTION_COREGULATOR_BINDING	GOMF_TRANSCRIPTION_COREGULATOR_BINDING		90	0.4267121	0.97567046	0.5151515	1.0	1.0	1324	tags=19%, list=13%, signal=21%	
HP_ABNORMAL_PHALANGEAL_JOINT_MORPHOLOGY_OF_THE_HAND	HP_ABNORMAL_PHALANGEAL_JOINT_MORPHOLOGY_OF_THE_HAND		123	0.41686234	0.975627	0.5	1.0	1.0	956	tags=11%, list=9%, signal=11%	
HP_ABNORMAL_ELECTROPHYSIOLOGY_OF_SINOATRIAL_NODE_ORIGIN	HP_ABNORMAL_ELECTROPHYSIOLOGY_OF_SINOATRIAL_NODE_ORIGIN		37	0.46822408	0.97556895	0.54010695	1.0	1.0	446	tags=11%, list=4%, signal=11%	
HP_CONE_SHAPED_EPIPHYSIS	HP_CONE_SHAPED_EPIPHYSIS		58	0.4564458	0.97548044	0.5353403	1.0	1.0	2039	tags=19%, list=20%, signal=23%	
HP_MEDIAN_CLEFT_UPPER_LIP	HP_MEDIAN_CLEFT_UPPER_LIP		19	0.5051325	0.9754515	0.51907355	1.0	1.0	3092	tags=37%, list=30%, signal=52%	
HP_PATENT_FORAMEN_OVALE	HP_PATENT_FORAMEN_OVALE		93	0.42141658	0.9751538	0.50634515	1.0	1.0	1774	tags=22%, list=17%, signal=26%	
HP_ABNORMAL_PALM_MORPHOLOGY	HP_ABNORMAL_PALM_MORPHOLOGY		310	0.38455743	0.9750065	0.5264938	1.0	1.0	1642	tags=20%, list=16%, signal=23%	
GOBP_NEGATIVE_REGULATION_OF_RECEPTOR_SIGNALING_PATHWAY_VIA_STAT	GOBP_NEGATIVE_REGULATION_OF_RECEPTOR_SIGNALING_PATHWAY_VIA_STAT		21	0.507672	0.9742889	0.52982956	1.0	1.0	2177	tags=38%, list=21%, signal=48%	
GOMF_DNA_DAMAGE_SENSOR_ACTIVITY	GOMF_DNA_DAMAGE_SENSOR_ACTIVITY		21	0.5098229	0.9742859	0.54825735	1.0	1.0	3099	tags=33%, list=30%, signal=47%	
GOBP_MITOTIC_METAPHASE_CHROMOSOME_ALIGNMENT	GOBP_MITOTIC_METAPHASE_CHROMOSOME_ALIGNMENT		57	0.44771194	0.9742723	0.53266335	1.0	1.0	1880	tags=21%, list=18%, signal=26%	
GOMF_L_AMINO_ACID_TRANSMEMBRANE_TRANSPORTER_ACTIVITY	GOMF_L_AMINO_ACID_TRANSMEMBRANE_TRANSPORTER_ACTIVITY		28	0.47736096	0.974153	0.53351206	1.0	1.0	216	tags=7%, list=2%, signal=7%	
HP_RECURRENT_CUTANEOUS_FUNGAL_INFECTIONS	HP_RECURRENT_CUTANEOUS_FUNGAL_INFECTIONS		41	0.46458456	0.97411114	0.5190539	1.0	1.0	1243	tags=20%, list=12%, signal=22%	
GOBP_EXTRINSIC_APOPTOTIC_SIGNALING_PATHWAY	GOBP_EXTRINSIC_APOPTOTIC_SIGNALING_PATHWAY		144	0.40810493	0.9740458	0.5186104	1.0	1.0	824	tags=13%, list=8%, signal=14%	
GOBP_REGULATION_OF_MRNA_CATABOLIC_PROCESS	GOBP_REGULATION_OF_MRNA_CATABOLIC_PROCESS		143	0.40472385	0.97399056	0.5254237	1.0	1.0	1774	tags=26%, list=17%, signal=31%	
GOBP_REGULATION_OF_CELLULAR_RESPONSE_TO_STRESS	GOBP_REGULATION_OF_CELLULAR_RESPONSE_TO_STRESS		375	0.37810978	0.9737601	0.55160934	1.0	1.0	1597	tags=18%, list=15%, signal=21%	
GOMF_DNA_REPLICATION_ORIGIN_BINDING	GOMF_DNA_REPLICATION_ORIGIN_BINDING		16	0.52737796	0.97337383	0.5318246	1.0	1.0	2520	tags=38%, list=24%, signal=49%	
HP_BIFID_UVULA	HP_BIFID_UVULA		92	0.42839357	0.97330534	0.5425667	1.0	1.0	1253	tags=17%, list=12%, signal=20%	
GOMF_RNA_ENDONUCLEASE_ACTIVITY_PRODUCING_5_PHOSPHOMONOESTERS_HYDROLYTIC_MECHANISM	GOMF_RNA_ENDONUCLEASE_ACTIVITY_PRODUCING_5_PHOSPHOMONOESTERS_HYDROLYTIC_MECHANISM		23	0.49790683	0.9732258	0.52168024	1.0	1.0	3475	tags=61%, list=33%, signal=91%	
GOBP_MITOCHONDRIAL_TRANSLATION	GOBP_MITOCHONDRIAL_TRANSLATION		107	0.41677803	0.97312194	0.51819324	1.0	1.0	3030	tags=40%, list=29%, signal=56%	
GOBP_TELENCEPHALON_DEVELOPMENT	GOBP_TELENCEPHALON_DEVELOPMENT		130	0.41094297	0.97297174	0.54057425	1.0	1.0	1823	tags=19%, list=17%, signal=23%	
HP_SENSORY_NEUROPATHY	HP_SENSORY_NEUROPATHY		80	0.4295762	0.9729361	0.52711225	1.0	1.0	474	tags=16%, list=5%, signal=17%	
GOBP_NEGATIVE_REGULATION_OF_INTRACELLULAR_TRANSPORT	GOBP_NEGATIVE_REGULATION_OF_INTRACELLULAR_TRANSPORT		41	0.4621854	0.97291803	0.53229976	1.0	1.0	1848	tags=24%, list=18%, signal=30%	
GOBP_ESTABLISHMENT_OF_MITOTIC_SPINDLE_LOCALIZATION	GOBP_ESTABLISHMENT_OF_MITOTIC_SPINDLE_LOCALIZATION		32	0.47640207	0.97265935	0.5214385	1.0	1.0	1807	tags=31%, list=17%, signal=38%	
GOMF_NUCLEOCYTOPLASMIC_CARRIER_ACTIVITY	GOMF_NUCLEOCYTOPLASMIC_CARRIER_ACTIVITY		30	0.48528543	0.9726175	0.5548038	1.0	1.0	1426	tags=17%, list=14%, signal=19%	
GOMF_PEPTIDE_RECEPTOR_ACTIVITY	GOMF_PEPTIDE_RECEPTOR_ACTIVITY		19	0.50025284	0.9725718	0.53269756	1.0	1.0	580	tags=16%, list=6%, signal=17%	
HP_ORGANIC_ACIDURIA	HP_ORGANIC_ACIDURIA		82	0.4299432	0.97242343	0.5082803	1.0	1.0	3777	tags=41%, list=36%, signal=64%	
GOBP_PORE_COMPLEX_ASSEMBLY	GOBP_PORE_COMPLEX_ASSEMBLY		17	0.52565515	0.97205657	0.5192838	1.0	1.0	3214	tags=35%, list=31%, signal=51%	
GOBP_LACTATION	GOBP_LACTATION		21	0.50569004	0.97195214	0.53168046	1.0	1.0	3199	tags=67%, list=31%, signal=96%	
GOBP_NEGATIVE_REGULATION_OF_B_CELL_ACTIVATION	GOBP_NEGATIVE_REGULATION_OF_B_CELL_ACTIVATION		21	0.50666904	0.9719191	0.5157319	1.0	1.0	230	tags=14%, list=2%, signal=15%	
HP_CARPAL_SYNOSTOSIS	HP_CARPAL_SYNOSTOSIS		15	0.527205	0.97188896	0.54320985	1.0	1.0	1935	tags=33%, list=19%, signal=41%	
HP_SMALL_INTESTINAL_STENOSIS	HP_SMALL_INTESTINAL_STENOSIS		23	0.48939633	0.9718488	0.51626015	1.0	1.0	3571	tags=48%, list=34%, signal=73%	
HP_DELAYED_CNS_MYELINATION	HP_DELAYED_CNS_MYELINATION		145	0.40294808	0.97178674	0.5361077	1.0	1.0	1916	tags=17%, list=18%, signal=21%	
HP_TONGUE_FASCICULATIONS	HP_TONGUE_FASCICULATIONS		44	0.4653347	0.97148377	0.5139442	1.0	1.0	2178	tags=30%, list=21%, signal=37%	
HP_CHRONIC_LYMPHATIC_LEUKEMIA	HP_CHRONIC_LYMPHATIC_LEUKEMIA		15	0.5128373	0.9712486	0.5281207	1.0	1.0	982	tags=33%, list=9%, signal=37%	
GOMF_GUANYL_NUCLEOTIDE_EXCHANGE_FACTOR_ACTIVITY	GOMF_GUANYL_NUCLEOTIDE_EXCHANGE_FACTOR_ACTIVITY		143	0.40435	0.9711774	0.5519802	1.0	1.0	2144	tags=20%, list=21%, signal=24%	
GOBP_LYMPHOCYTE_COSTIMULATION	GOBP_LYMPHOCYTE_COSTIMULATION		29	0.48820683	0.9705504	0.5282258	1.0	1.0	1319	tags=24%, list=13%, signal=28%	
GOBP_MULTICELLULAR_ORGANISM_GROWTH	GOBP_MULTICELLULAR_ORGANISM_GROWTH		100	0.41268897	0.9701241	0.53215635	1.0	1.0	1148	tags=14%, list=11%, signal=16%	
GOBP_POSITIVE_REGULATION_OF_ERK1_AND_ERK2_CASCADE	GOBP_POSITIVE_REGULATION_OF_ERK1_AND_ERK2_CASCADE		77	0.4336469	0.9700295	0.54102564	1.0	1.0	889	tags=17%, list=9%, signal=18%	
GOBP_REGULATION_OF_PROTEIN_DEACETYLATION	GOBP_REGULATION_OF_PROTEIN_DEACETYLATION		16	0.5144997	0.96981865	0.53635114	1.0	1.0	3586	tags=38%, list=34%, signal=57%	
HP_ROD_CONE_DYSTROPHY	HP_ROD_CONE_DYSTROPHY		119	0.41069013	0.9688185	0.53393084	1.0	1.0	1664	tags=17%, list=16%, signal=20%	
HP_PROTRUDING_EAR	HP_PROTRUDING_EAR		113	0.41779914	0.9687407	0.53522867	1.0	1.0	2748	tags=29%, list=26%, signal=39%	
GOBP_POSITIVE_REGULATION_OF_RECEPTOR_SIGNALING_PATHWAY_VIA_STAT	GOBP_POSITIVE_REGULATION_OF_RECEPTOR_SIGNALING_PATHWAY_VIA_STAT		23	0.49795482	0.9686259	0.52322406	1.0	1.0	550	tags=22%, list=5%, signal=23%	
GOBP_LEUKOCYTE_DIFFERENTIATION	GOBP_LEUKOCYTE_DIFFERENTIATION		408	0.37602806	0.9683514	0.5608407	1.0	1.0	1461	tags=21%, list=14%, signal=24%	
GOBP_PIGMENT_METABOLIC_PROCESS	GOBP_PIGMENT_METABOLIC_PROCESS		40	0.45604587	0.96794486	0.5243902	1.0	1.0	1779	tags=20%, list=17%, signal=24%	
HP_EXCESSIVE_SALIVATION	HP_EXCESSIVE_SALIVATION		103	0.4159663	0.96774197	0.5470297	1.0	1.0	1568	tags=19%, list=15%, signal=23%	
GOBP_NEGATIVE_REGULATION_OF_MITOTIC_CELL_CYCLE_PHASE_TRANSITION	GOBP_NEGATIVE_REGULATION_OF_MITOTIC_CELL_CYCLE_PHASE_TRANSITION		137	0.4046225	0.96757275	0.5412054	1.0	1.0	2607	tags=35%, list=25%, signal=46%	
HP_ARTERIOVENOUS_MALFORMATION	HP_ARTERIOVENOUS_MALFORMATION		38	0.46410492	0.9674877	0.51962113	1.0	1.0	3104	tags=34%, list=30%, signal=49%	
HP_DEVELOPMENTAL_STAGNATION	HP_DEVELOPMENTAL_STAGNATION		15	0.5184377	0.9672864	0.5211864	1.0	1.0	1568	tags=27%, list=15%, signal=31%	
GOBP_ESTABLISHMENT_OF_RNA_LOCALIZATION	GOBP_ESTABLISHMENT_OF_RNA_LOCALIZATION		125	0.41641024	0.9672457	0.55514705	1.0	1.0	2118	tags=33%, list=20%, signal=41%	
HP_SPARSE_SCALP_HAIR	HP_SPARSE_SCALP_HAIR		87	0.4250947	0.96696997	0.5318066	1.0	1.0	1104	tags=25%, list=11%, signal=28%	
HP_DEEPLY_SET_EYE	HP_DEEPLY_SET_EYE		169	0.3986244	0.9669059	0.5334957	1.0	1.0	1894	tags=19%, list=18%, signal=23%	
GOBP_VESICLE_COATING	GOBP_VESICLE_COATING		31	0.46947578	0.9668	0.54891306	1.0	1.0	1566	tags=13%, list=15%, signal=15%	
GOBP_NEGATIVE_REGULATION_OF_TELOMERE_MAINTENANCE	GOBP_NEGATIVE_REGULATION_OF_TELOMERE_MAINTENANCE		31	0.47857785	0.96677154	0.5357625	1.0	1.0	745	tags=6%, list=7%, signal=7%	
GOBP_NEUROBLAST_PROLIFERATION	GOBP_NEUROBLAST_PROLIFERATION		30	0.46803755	0.9666805	0.5369595	1.0	1.0	1807	tags=23%, list=17%, signal=28%	
GOMF_PROTEIN_PHOSPHATASE_2A_BINDING	GOMF_PROTEIN_PHOSPHATASE_2A_BINDING		17	0.51741827	0.96667963	0.5480631	1.0	1.0	1874	tags=29%, list=18%, signal=36%	
GOBP_REGULATION_OF_SIGNALING_RECEPTOR_ACTIVITY	GOBP_REGULATION_OF_SIGNALING_RECEPTOR_ACTIVITY		28	0.48705187	0.9666097	0.5426667	1.0	1.0	800	tags=11%, list=8%, signal=12%	
HP_SPASTIC_DYSARTHRIA	HP_SPASTIC_DYSARTHRIA		20	0.49462253	0.96641636	0.530137	1.0	1.0	2134	tags=20%, list=20%, signal=25%	
HP_VERTEBRAL_COMPRESSION_FRACTURE	HP_VERTEBRAL_COMPRESSION_FRACTURE		22	0.4926237	0.9659076	0.54435486	1.0	1.0	1779	tags=27%, list=17%, signal=33%	
GOBP_NUCLEOTIDE_SALVAGE	GOBP_NUCLEOTIDE_SALVAGE		17	0.51182187	0.9656523	0.55043226	1.0	1.0	2253	tags=35%, list=22%, signal=45%	
HP_HYPOGLYCEMIC_SEIZURES	HP_HYPOGLYCEMIC_SEIZURES		15	0.52892035	0.9655732	0.5560166	1.0	1.0	1903	tags=40%, list=18%, signal=49%	
GOBP_MIDBRAIN_DEVELOPMENT	GOBP_MIDBRAIN_DEVELOPMENT		46	0.45221418	0.9653548	0.5445946	1.0	1.0	1411	tags=35%, list=14%, signal=40%	
HP_ABNORMAL_TOENAIL_MORPHOLOGY	HP_ABNORMAL_TOENAIL_MORPHOLOGY		100	0.41536868	0.9653505	0.53562343	1.0	1.0	2031	tags=33%, list=19%, signal=41%	
GOBP_POSITIVE_REGULATION_OF_INTRACELLULAR_TRANSPORT	GOBP_POSITIVE_REGULATION_OF_INTRACELLULAR_TRANSPORT		96	0.41558725	0.96533656	0.54394907	1.0	1.0	1825	tags=23%, list=17%, signal=28%	
GOBP_ACTIVATION_OF_GTPASE_ACTIVITY	GOBP_ACTIVATION_OF_GTPASE_ACTIVITY		16	0.5255796	0.9652339	0.54584527	1.0	1.0	1865	tags=19%, list=18%, signal=23%	
GOCC_CELL_CORTEX	GOCC_CELL_CORTEX		167	0.40015003	0.9651774	0.54806495	1.0	1.0	1120	tags=15%, list=11%, signal=17%	
GOBP_CYTOSKELETON_DEPENDENT_INTRACELLULAR_TRANSPORT	GOBP_CYTOSKELETON_DEPENDENT_INTRACELLULAR_TRANSPORT		150	0.40175453	0.9648747	0.54850745	1.0	1.0	1843	tags=19%, list=18%, signal=23%	
HP_VERRUCAE	HP_VERRUCAE		24	0.4934798	0.9648703	0.5531629	1.0	1.0	2250	tags=33%, list=22%, signal=42%	
HP_NEURAL_TUBE_DEFECT	HP_NEURAL_TUBE_DEFECT		170	0.39306608	0.9648246	0.54201186	1.0	1.0	1064	tags=10%, list=10%, signal=11%	
GOBP_MEIOTIC_CELL_CYCLE	GOBP_MEIOTIC_CELL_CYCLE		184	0.39019433	0.96458066	0.5551559	1.0	1.0	3016	tags=40%, list=29%, signal=56%	
GOBP_POSITIVE_REGULATION_OF_CYTOKINE_PRODUCTION_INVOLVED_IN_IMMUNE_RESPONSE	GOBP_POSITIVE_REGULATION_OF_CYTOKINE_PRODUCTION_INVOLVED_IN_IMMUNE_RESPONSE		45	0.45293802	0.9645287	0.5330688	1.0	1.0	1115	tags=24%, list=11%, signal=27%	
GOBP_REGULATION_OF_INSULIN_SECRETION	GOBP_REGULATION_OF_INSULIN_SECRETION		68	0.43618724	0.9645178	0.5284016	1.0	1.0	1935	tags=25%, list=19%, signal=30%	
HP_UPPER_LIMB_JOINT_CONTRACTURE	HP_UPPER_LIMB_JOINT_CONTRACTURE		201	0.38956696	0.9643988	0.5391095	1.0	1.0	994	tags=10%, list=10%, signal=11%	
GOBP_REGULATION_OF_RECEPTOR_SIGNALING_PATHWAY_VIA_STAT	GOBP_REGULATION_OF_RECEPTOR_SIGNALING_PATHWAY_VIA_STAT		51	0.44359607	0.9643306	0.53183025	1.0	1.0	2177	tags=33%, list=21%, signal=42%	
GOBP_REGULATION_OF_TRANSFERASE_ACTIVITY	GOBP_REGULATION_OF_TRANSFERASE_ACTIVITY		191	0.38906115	0.96418154	0.5409836	1.0	1.0	1949	tags=23%, list=19%, signal=27%	
GOBP_INNER_MITOCHONDRIAL_MEMBRANE_ORGANIZATION	GOBP_INNER_MITOCHONDRIAL_MEMBRANE_ORGANIZATION		35	0.46409965	0.9641331	0.5425101	1.0	1.0	2883	tags=26%, list=28%, signal=35%	
HP_MYOCLONIC_SEIZURE	HP_MYOCLONIC_SEIZURE		160	0.39802548	0.9641081	0.5498753	1.0	1.0	983	tags=13%, list=9%, signal=14%	
HP_ABNORMAL_CIRCULATING_IGE_CONCENTRATION	HP_ABNORMAL_CIRCULATING_IGE_CONCENTRATION		35	0.46924806	0.9639675	0.5337838	1.0	1.0	537	tags=6%, list=5%, signal=6%	
HP_RESTRICTED_OR_REPETITIVE_BEHAVIORS_OR_INTERESTS	HP_RESTRICTED_OR_REPETITIVE_BEHAVIORS_OR_INTERESTS		171	0.392614	0.9639178	0.542617	1.0	1.0	1568	tags=19%, list=15%, signal=22%	
HP_CLITORAL_HYPERTROPHY	HP_CLITORAL_HYPERTROPHY		42	0.4488936	0.9639004	0.55047107	1.0	1.0	2580	tags=29%, list=25%, signal=38%	
GOBP_B_CELL_ACTIVATION	GOBP_B_CELL_ACTIVATION		181	0.39761364	0.96387255	0.55082744	1.0	1.0	709	tags=12%, list=7%, signal=13%	
GOCC_MHC_PROTEIN_COMPLEX	GOCC_MHC_PROTEIN_COMPLEX		19	0.50378877	0.9637413	0.54393303	1.0	1.0	1024	tags=42%, list=10%, signal=47%	
GOBP_REGULATION_OF_ANDROGEN_RECEPTOR_SIGNALING_PATHWAY	GOBP_REGULATION_OF_ANDROGEN_RECEPTOR_SIGNALING_PATHWAY		18	0.5166922	0.96373856	0.55602837	1.0	1.0	965	tags=22%, list=9%, signal=24%	
GOBP_SUBSTRATE_ADHESION_DEPENDENT_CELL_SPREADING	GOBP_SUBSTRATE_ADHESION_DEPENDENT_CELL_SPREADING		58	0.4498941	0.9637206	0.54920214	1.0	1.0	2287	tags=38%, list=22%, signal=48%	
GOCC_PORE_COMPLEX	GOCC_PORE_COMPLEX		17	0.5126669	0.96370447	0.54385966	1.0	1.0	2053	tags=35%, list=20%, signal=44%	
GOCC_BASEMENT_MEMBRANE	GOCC_BASEMENT_MEMBRANE		28	0.48484838	0.96339715	0.53665286	1.0	1.0	520	tags=18%, list=5%, signal=19%	
HP_ACIDEMIA	HP_ACIDEMIA		19	0.50012094	0.96339715	0.54469275	1.0	1.0	614	tags=11%, list=6%, signal=11%	
GOBP_POSITIVE_REGULATION_OF_LEUKOCYTE_CELL_CELL_ADHESION	GOBP_POSITIVE_REGULATION_OF_LEUKOCYTE_CELL_CELL_ADHESION		178	0.39205036	0.9633881	0.5588942	1.0	1.0	1324	tags=24%, list=13%, signal=27%	
GOBP_REGULATION_OF_HORMONE_SECRETION	GOBP_REGULATION_OF_HORMONE_SECRETION		104	0.41465145	0.963212	0.55925924	1.0	1.0	1333	tags=19%, list=13%, signal=22%	
GOBP_CELL_VOLUME_HOMEOSTASIS	GOBP_CELL_VOLUME_HOMEOSTASIS		17	0.5123616	0.9631912	0.54077256	1.0	1.0	1732	tags=29%, list=17%, signal=35%	
GOBP_CELL_GROWTH	GOBP_CELL_GROWTH		237	0.38346577	0.9631182	0.5411765	1.0	1.0	1701	tags=22%, list=16%, signal=26%	
GOBP_APICAL_JUNCTION_ASSEMBLY	GOBP_APICAL_JUNCTION_ASSEMBLY		30	0.47634843	0.96306634	0.5263158	1.0	1.0	29	tags=3%, list=0%, signal=3%	
GOMF_GTPASE_BINDING	GOMF_GTPASE_BINDING		224	0.38467884	0.9630358	0.55607474	1.0	1.0	1625	tags=18%, list=16%, signal=21%	
HP_LIMB_DYSTONIA	HP_LIMB_DYSTONIA		51	0.44578418	0.96297336	0.5360963	1.0	1.0	1064	tags=14%, list=10%, signal=15%	
GOBP_REGULATION_OF_INNATE_IMMUNE_RESPONSE	GOBP_REGULATION_OF_INNATE_IMMUNE_RESPONSE		323	0.37523156	0.96286184	0.55937845	1.0	1.0	1291	tags=14%, list=12%, signal=15%	
GOBP_RESPONSE_TO_TOXIC_SUBSTANCE	GOBP_RESPONSE_TO_TOXIC_SUBSTANCE		124	0.4128173	0.9627773	0.54218364	1.0	1.0	845	tags=14%, list=8%, signal=15%	
HP_SUPRAVENTRICULAR_ARRHYTHMIA	HP_SUPRAVENTRICULAR_ARRHYTHMIA		54	0.44721988	0.96275413	0.5517693	1.0	1.0	1075	tags=26%, list=10%, signal=29%	
HP_ABNORMAL_MALE_REPRODUCTIVE_SYSTEM_PHYSIOLOGY	HP_ABNORMAL_MALE_REPRODUCTIVE_SYSTEM_PHYSIOLOGY		167	0.39127365	0.9627444	0.5486936	1.0	1.0	1993	tags=23%, list=19%, signal=28%	
GOCC_CELL_LEADING_EDGE	GOCC_CELL_LEADING_EDGE		243	0.38665983	0.96272105	0.56962025	1.0	1.0	1510	tags=19%, list=14%, signal=21%	
GOBP_SMOOTH_MUSCLE_CELL_PROLIFERATION	GOBP_SMOOTH_MUSCLE_CELL_PROLIFERATION		61	0.43593183	0.9622867	0.5397653	1.0	1.0	301	tags=15%, list=3%, signal=15%	
HP_ADULT_ONSET	HP_ADULT_ONSET		473	0.36840478	0.9622077	0.5772973	1.0	1.0	1693	tags=18%, list=16%, signal=21%	
HP_MICRODONTIA	HP_MICRODONTIA		94	0.4168343	0.96217144	0.54522926	1.0	1.0	1474	tags=18%, list=14%, signal=21%	
HP_ABNORMAL_GLYCOSYLATION	HP_ABNORMAL_GLYCOSYLATION		44	0.45939896	0.9621239	0.54438645	1.0	1.0	3152	tags=34%, list=30%, signal=49%	
GOBP_REGULATION_OF_KINASE_ACTIVITY	GOBP_REGULATION_OF_KINASE_ACTIVITY		158	0.39291278	0.96199715	0.5507246	1.0	1.0	1949	tags=22%, list=19%, signal=27%	
GOBP_POSITIVE_REGULATION_OF_ERYTHROCYTE_DIFFERENTIATION	GOBP_POSITIVE_REGULATION_OF_ERYTHROCYTE_DIFFERENTIATION		25	0.48411047	0.9619385	0.5377229	1.0	1.0	126	tags=8%, list=1%, signal=8%	
GOBP_POSITIVE_REGULATION_OF_PROTEIN_EXPORT_FROM_NUCLEUS	GOBP_POSITIVE_REGULATION_OF_PROTEIN_EXPORT_FROM_NUCLEUS		15	0.5198604	0.9619156	0.5618915	1.0	1.0	322	tags=13%, list=3%, signal=14%	
HP_ABNORMAL_PROSTATE_MORPHOLOGY	HP_ABNORMAL_PROSTATE_MORPHOLOGY		30	0.475185	0.9618016	0.5370879	1.0	1.0	807	tags=17%, list=8%, signal=18%	
HP_APLASIA_HYPOPLASIA_INVOLVING_THE_PELVIS	HP_APLASIA_HYPOPLASIA_INVOLVING_THE_PELVIS		41	0.45832595	0.96162254	0.5398111	1.0	1.0	3609	tags=51%, list=35%, signal=78%	
GOBP_REGULATION_OF_CELL_PROJECTION_ORGANIZATION	GOBP_REGULATION_OF_CELL_PROJECTION_ORGANIZATION		334	0.37736043	0.9612489	0.5770529	1.0	1.0	1807	tags=19%, list=17%, signal=22%	
GOBP_REGULATION_OF_TRANS_SYNAPTIC_SIGNALING	GOBP_REGULATION_OF_TRANS_SYNAPTIC_SIGNALING		193	0.38883704	0.9611925	0.5433456	1.0	1.0	1121	tags=15%, list=11%, signal=16%	
GOBP_TRANSCRIPTION_INITIATION_AT_RNA_POLYMERASE_III_PROMOTER	GOBP_TRANSCRIPTION_INITIATION_AT_RNA_POLYMERASE_III_PROMOTER		25	0.4820084	0.96119165	0.54993343	1.0	1.0	1957	tags=20%, list=19%, signal=25%	
GOBP_ESTABLISHMENT_OF_PROTEIN_LOCALIZATION_TO_MEMBRANE	GOBP_ESTABLISHMENT_OF_PROTEIN_LOCALIZATION_TO_MEMBRANE		180	0.39433122	0.96103936	0.5661939	1.0	1.0	1575	tags=21%, list=15%, signal=24%	
GOBP_POSITIVE_REGULATION_OF_CELL_CYCLE_PHASE_TRANSITION	GOBP_POSITIVE_REGULATION_OF_CELL_CYCLE_PHASE_TRANSITION		74	0.43141657	0.9610287	0.5402597	1.0	1.0	2207	tags=26%, list=21%, signal=32%	
HP_ABNORMAL_CIRCULATING_ACYLCARNITINE_CONCENTRATION	HP_ABNORMAL_CIRCULATING_ACYLCARNITINE_CONCENTRATION		16	0.5174668	0.96094394	0.55064195	1.0	1.0	214	tags=6%, list=2%, signal=6%	
GOBP_VENTRICULAR_CARDIAC_MUSCLE_TISSUE_MORPHOGENESIS	GOBP_VENTRICULAR_CARDIAC_MUSCLE_TISSUE_MORPHOGENESIS		16	0.51589423	0.96077144	0.53591955	1.0	1.0	1455	tags=25%, list=14%, signal=29%	
HP_LIMB_GIRDLE_MUSCLE_ATROPHY	HP_LIMB_GIRDLE_MUSCLE_ATROPHY		26	0.47454864	0.96041185	0.5273224	1.0	1.0	91	tags=8%, list=1%, signal=8%	
GOMF_NUCLEAR_LOCALIZATION_SEQUENCE_BINDING	GOMF_NUCLEAR_LOCALIZATION_SEQUENCE_BINDING		19	0.50113267	0.9603645	0.549101	1.0	1.0	3191	tags=32%, list=31%, signal=45%	
GOCC_MITOTIC_SPINDLE	GOCC_MITOTIC_SPINDLE		119	0.41198385	0.96014184	0.53913045	1.0	1.0	3077	tags=34%, list=29%, signal=48%	
GOBP_REGULATION_OF_RUFFLE_ASSEMBLY	GOBP_REGULATION_OF_RUFFLE_ASSEMBLY		21	0.49738425	0.95996	0.545961	1.0	1.0	1074	tags=19%, list=10%, signal=21%	
GOBP_RESPONSE_TO_LEUKEMIA_INHIBITORY_FACTOR	GOBP_RESPONSE_TO_LEUKEMIA_INHIBITORY_FACTOR		68	0.42661342	0.9599001	0.5424403	1.0	1.0	1737	tags=35%, list=17%, signal=42%	
GOCC_MICROTUBULE_ORGANIZING_CENTER	GOCC_MICROTUBULE_ORGANIZING_CENTER		497	0.36469376	0.959494	0.59762675	1.0	1.0	1866	tags=17%, list=18%, signal=19%	
HP_ABNORMALITY_OF_THE_PANCREAS	HP_ABNORMALITY_OF_THE_PANCREAS		197	0.3896374	0.9594922	0.5575326	1.0	1.0	1150	tags=17%, list=11%, signal=18%	
GOBP_INTERLEUKIN_2_PRODUCTION	GOBP_INTERLEUKIN_2_PRODUCTION		52	0.4496522	0.9594429	0.5272727	1.0	1.0	1452	tags=29%, list=14%, signal=33%	
HP_PHALANGEAL_CONE_SHAPED_EPIPHYSES	HP_PHALANGEAL_CONE_SHAPED_EPIPHYSES		20	0.49703324	0.9589569	0.5392022	1.0	1.0	1016	tags=15%, list=10%, signal=17%	
GOBP_POSITIVE_REGULATION_OF_CELLULAR_RESPONSE_TO_TRANSFORMING_GROWTH_FACTOR_BETA_STIMULUS	GOBP_POSITIVE_REGULATION_OF_CELLULAR_RESPONSE_TO_TRANSFORMING_GROWTH_FACTOR_BETA_STIMULUS		19	0.50540894	0.9587223	0.5492372	1.0	1.0	404	tags=11%, list=4%, signal=11%	
GOBP_POSITIVE_REGULATION_OF_LEUKOCYTE_PROLIFERATION	GOBP_POSITIVE_REGULATION_OF_LEUKOCYTE_PROLIFERATION		94	0.41724452	0.9585949	0.5679797	1.0	1.0	410	tags=12%, list=4%, signal=12%	
HP_SUBARACHNOID_HEMORRHAGE	HP_SUBARACHNOID_HEMORRHAGE		16	0.5158193	0.9583682	0.5509915	1.0	1.0	294	tags=13%, list=3%, signal=13%	
GOBP_POSITIVE_REGULATION_OF_NERVOUS_SYSTEM_DEVELOPMENT	GOBP_POSITIVE_REGULATION_OF_NERVOUS_SYSTEM_DEVELOPMENT		100	0.41709024	0.9582895	0.56005055	1.0	1.0	1004	tags=15%, list=10%, signal=16%	
HP_ADDUCTED_THUMB	HP_ADDUCTED_THUMB		57	0.4423019	0.95808375	0.53494626	1.0	1.0	581	tags=7%, list=6%, signal=7%	
GOBP_NEGATIVE_REGULATION_OF_REACTIVE_OXYGEN_SPECIES_METABOLIC_PROCESS	GOBP_NEGATIVE_REGULATION_OF_REACTIVE_OXYGEN_SPECIES_METABOLIC_PROCESS		22	0.48905098	0.95801747	0.5358593	1.0	1.0	1168	tags=23%, list=11%, signal=26%	
GOBP_PHAGOCYTOSIS	GOBP_PHAGOCYTOSIS		155	0.39769295	0.95797056	0.53541416	1.0	1.0	777	tags=13%, list=7%, signal=14%	
HP_FATIGABLE_WEAKNESS_OF_SWALLOWING_MUSCLES	HP_FATIGABLE_WEAKNESS_OF_SWALLOWING_MUSCLES		24	0.49260536	0.95770216	0.5504087	1.0	1.0	2016	tags=25%, list=19%, signal=31%	
GOBP_NEGATIVE_REGULATION_OF_FAT_CELL_DIFFERENTIATION	GOBP_NEGATIVE_REGULATION_OF_FAT_CELL_DIFFERENTIATION		28	0.47772348	0.95764804	0.54808956	1.0	1.0	806	tags=18%, list=8%, signal=19%	
GOMF_SYMPORTER_ACTIVITY	GOMF_SYMPORTER_ACTIVITY		55	0.4445194	0.95763016	0.5272244	1.0	1.0	805	tags=9%, list=8%, signal=10%	
GOMF_GENERAL_TRANSCRIPTION_INITIATION_FACTOR_ACTIVITY	GOMF_GENERAL_TRANSCRIPTION_INITIATION_FACTOR_ACTIVITY		38	0.4583858	0.9575445	0.56393003	1.0	1.0	3096	tags=32%, list=30%, signal=45%	
GOBP_NEUTROPHIL_CHEMOTAXIS	GOBP_NEUTROPHIL_CHEMOTAXIS		43	0.45436358	0.95739025	0.5452055	1.0	1.0	820	tags=26%, list=8%, signal=28%	
GOBP_REGULATION_OF_ACUTE_INFLAMMATORY_RESPONSE	GOBP_REGULATION_OF_ACUTE_INFLAMMATORY_RESPONSE		19	0.49919054	0.9573382	0.547486	1.0	1.0	749	tags=21%, list=7%, signal=23%	
GOBP_ACTIN_FILAMENT_POLYMERIZATION	GOBP_ACTIN_FILAMENT_POLYMERIZATION		84	0.4198367	0.95727426	0.55856967	1.0	1.0	1510	tags=19%, list=14%, signal=22%	
GOBP_INSULIN_SECRETION	GOBP_INSULIN_SECRETION		85	0.42226446	0.9569679	0.5285714	1.0	1.0	1935	tags=26%, list=19%, signal=32%	
GOBP_ENDOCHONDRAL_BONE_MORPHOGENESIS	GOBP_ENDOCHONDRAL_BONE_MORPHOGENESIS		26	0.48147863	0.9569115	0.5453297	1.0	1.0	2146	tags=38%, list=21%, signal=48%	
HP_INCREASED_CIRCULATING_IMMUNOGLOBULIN_CONCENTRATION	HP_INCREASED_CIRCULATING_IMMUNOGLOBULIN_CONCENTRATION		70	0.4288463	0.95683694	0.5635649	1.0	1.0	797	tags=11%, list=8%, signal=12%	
GOBP_STEM_CELL_DIFFERENTIATION	GOBP_STEM_CELL_DIFFERENTIATION		115	0.4070555	0.956696	0.56345177	1.0	1.0	1989	tags=29%, list=19%, signal=35%	
GOBP_PEPTIDE_TRANSPORT	GOBP_PEPTIDE_TRANSPORT		113	0.40910983	0.9565456	0.55203044	1.0	1.0	1935	tags=24%, list=19%, signal=29%	
GOCC_GLUTAMATERGIC_SYNAPSE	GOCC_GLUTAMATERGIC_SYNAPSE		246	0.38058102	0.9564015	0.56363636	1.0	1.0	1886	tags=22%, list=18%, signal=26%	
HP_CEREBRAL_HEMORRHAGE	HP_CEREBRAL_HEMORRHAGE		41	0.45960826	0.95638853	0.54043126	1.0	1.0	558	tags=7%, list=5%, signal=8%	
GOBP_REGULATION_OF_ADIPOSE_TISSUE_DEVELOPMENT	GOBP_REGULATION_OF_ADIPOSE_TISSUE_DEVELOPMENT		16	0.5304877	0.95635355	0.5633803	1.0	1.0	758	tags=31%, list=7%, signal=34%	
HP_ABNORMAL_TRACHEOBRONCHIAL_MORPHOLOGY	HP_ABNORMAL_TRACHEOBRONCHIAL_MORPHOLOGY		211	0.38775268	0.95628655	0.5636147	1.0	1.0	1635	tags=19%, list=16%, signal=23%	
GOBP_POSITIVE_REGULATION_OF_PROTEIN_MODIFICATION_PROCESS	GOBP_POSITIVE_REGULATION_OF_PROTEIN_MODIFICATION_PROCESS		224	0.38401282	0.9561618	0.57505774	1.0	1.0	1180	tags=15%, list=11%, signal=17%	
GOBP_VESICLE_TARGETING_ROUGH_ER_TO_CIS_GOLGI	GOBP_VESICLE_TARGETING_ROUGH_ER_TO_CIS_GOLGI		21	0.49267918	0.95600724	0.5612813	1.0	1.0	3166	tags=29%, list=30%, signal=41%	
HP_ABNORMAL_CIRCULATING_INTERLEUKIN_CONCENTRATION	HP_ABNORMAL_CIRCULATING_INTERLEUKIN_CONCENTRATION		23	0.48881257	0.95582503	0.5471956	1.0	1.0	37	tags=4%, list=0%, signal=4%	
HP_VENTRICULAR_HYPERTROPHY	HP_VENTRICULAR_HYPERTROPHY		100	0.4186174	0.9556399	0.57400256	1.0	1.0	1030	tags=11%, list=10%, signal=12%	
HP_ABNORMAL_BLEEDING	HP_ABNORMAL_BLEEDING		319	0.37080663	0.9555034	0.57270694	1.0	1.0	797	tags=10%, list=8%, signal=11%	
HP_ABNORMAL_SHAPE_OF_THE_FRONTAL_REGION	HP_ABNORMAL_SHAPE_OF_THE_FRONTAL_REGION		276	0.37627983	0.95532405	0.576659	1.0	1.0	1820	tags=17%, list=17%, signal=20%	
GOBP_GLIAL_CELL_DIFFERENTIATION	GOBP_GLIAL_CELL_DIFFERENTIATION		112	0.4050771	0.9552894	0.55737704	1.0	1.0	1507	tags=19%, list=14%, signal=22%	
GOBP_MULTICELLULAR_ORGANISMAL_LEVEL_CHEMICAL_HOMEOSTASIS	GOBP_MULTICELLULAR_ORGANISMAL_LEVEL_CHEMICAL_HOMEOSTASIS		35	0.46765488	0.95517284	0.5776567	1.0	1.0	1935	tags=31%, list=19%, signal=38%	
HP_GASTROINTESTINAL_ATRESIA	HP_GASTROINTESTINAL_ATRESIA		45	0.4533291	0.9550155	0.5472186	1.0	1.0	2031	tags=33%, list=19%, signal=41%	
GOMF_PATTERN_RECOGNITION_RECEPTOR_ACTIVITY	GOMF_PATTERN_RECOGNITION_RECEPTOR_ACTIVITY		32	0.46657044	0.95501083	0.539726	1.0	1.0	744	tags=16%, list=7%, signal=17%	
GOBP_PROTEIN_LOCALIZATION_TO_NUCLEUS	GOBP_PROTEIN_LOCALIZATION_TO_NUCLEUS		231	0.38180208	0.9545558	0.5714286	1.0	1.0	1974	tags=25%, list=19%, signal=30%	
GOMF_TRANSCRIPTION_COACTIVATOR_ACTIVITY	GOMF_TRANSCRIPTION_COACTIVATOR_ACTIVITY		212	0.38311985	0.95447594	0.55595237	1.0	1.0	1668	tags=20%, list=16%, signal=23%	
GOMF_HISTONE_READER_ACTIVITY	GOMF_HISTONE_READER_ACTIVITY		80	0.41811988	0.954387	0.5463787	1.0	1.0	1477	tags=20%, list=14%, signal=23%	
GOBP_POSITIVE_REGULATION_OF_INTERLEUKIN_4_PRODUCTION	GOBP_POSITIVE_REGULATION_OF_INTERLEUKIN_4_PRODUCTION		16	0.5076877	0.9540614	0.5409357	1.0	1.0	1054	tags=38%, list=10%, signal=42%	
GOBP_ACYL_COA_METABOLIC_PROCESS	GOBP_ACYL_COA_METABOLIC_PROCESS		64	0.43386307	0.9538756	0.56618613	1.0	1.0	3187	tags=36%, list=31%, signal=51%	
GOBP_MODIFIED_AMINO_ACID_METABOLIC_PROCESS	GOBP_MODIFIED_AMINO_ACID_METABOLIC_PROCESS		96	0.4121026	0.9537366	0.56088084	1.0	1.0	1963	tags=24%, list=19%, signal=29%	
GOBP_REGULATION_OF_SODIUM_ION_TRANSPORT	GOBP_REGULATION_OF_SODIUM_ION_TRANSPORT		31	0.47264442	0.9535491	0.56551725	1.0	1.0	768	tags=16%, list=7%, signal=17%	
GOBP_METABOLIC_COMPOUND_SALVAGE	GOBP_METABOLIC_COMPOUND_SALVAGE		29	0.46252397	0.9534422	0.55191255	1.0	1.0	2943	tags=38%, list=28%, signal=53%	
HP_POSTAXIAL_HAND_POLYDACTYLY	HP_POSTAXIAL_HAND_POLYDACTYLY		54	0.44275194	0.9534315	0.56606215	1.0	1.0	1559	tags=15%, list=15%, signal=17%	
GOBP_CARBOXYLIC_ACID_TRANSMEMBRANE_TRANSPORT	GOBP_CARBOXYLIC_ACID_TRANSMEMBRANE_TRANSPORT		82	0.4168865	0.9532066	0.5653846	1.0	1.0	449	tags=9%, list=4%, signal=9%	
GOBP_REGULATION_OF_OXIDATIVE_STRESS_INDUCED_INTRINSIC_APOPTOTIC_SIGNALING_PATHWAY	GOBP_REGULATION_OF_OXIDATIVE_STRESS_INDUCED_INTRINSIC_APOPTOTIC_SIGNALING_PATHWAY		26	0.48254606	0.953011	0.5483871	1.0	1.0	1260	tags=27%, list=12%, signal=31%	
GOMF_ATPASE_COUPLED_MONOATOMIC_CATION_TRANSMEMBRANE_TRANSPORTER_ACTIVITY	GOMF_ATPASE_COUPLED_MONOATOMIC_CATION_TRANSMEMBRANE_TRANSPORTER_ACTIVITY		23	0.48804966	0.95295125	0.5471448	1.0	1.0	2333	tags=39%, list=22%, signal=50%	
HP_THICK_LOWER_LIP_VERMILION	HP_THICK_LOWER_LIP_VERMILION		97	0.4163213	0.9529251	0.5497449	1.0	1.0	1598	tags=21%, list=15%, signal=24%	
GOBP_INTRINSIC_APOPTOTIC_SIGNALING_PATHWAY_BY_P53_CLASS_MEDIATOR	GOBP_INTRINSIC_APOPTOTIC_SIGNALING_PATHWAY_BY_P53_CLASS_MEDIATOR		61	0.42987156	0.95282865	0.5503268	1.0	1.0	718	tags=18%, list=7%, signal=19%	
GOBP_MUSCLE_CELL_PROLIFERATION	GOBP_MUSCLE_CELL_PROLIFERATION		89	0.4185018	0.9526814	0.5370611	1.0	1.0	301	tags=11%, list=3%, signal=11%	
HP_MASK_LIKE_FACIES	HP_MASK_LIKE_FACIES		34	0.47061086	0.9525383	0.55163044	1.0	1.0	1413	tags=15%, list=14%, signal=17%	
HP_ABNORMAL_NASAL_BASE_NORPHOLOGY	HP_ABNORMAL_NASAL_BASE_NORPHOLOGY		21	0.4924409	0.9524084	0.5191257	1.0	1.0	2295	tags=38%, list=22%, signal=49%	
HP_ABNORMAL_CIRCULATING_DICARBOXYLIC_ACID_CONCENTRATION	HP_ABNORMAL_CIRCULATING_DICARBOXYLIC_ACID_CONCENTRATION		101	0.40815046	0.9523807	0.5703518	1.0	1.0	715	tags=11%, list=7%, signal=12%	
GOBP_NEGATIVE_REGULATION_OF_GENE_EXPRESSION_EPIGENETIC	GOBP_NEGATIVE_REGULATION_OF_GENE_EXPRESSION_EPIGENETIC		126	0.40600568	0.9523702	0.5603558	1.0	1.0	1559	tags=24%, list=15%, signal=28%	
GOBP_B_CELL_RECEPTOR_SIGNALING_PATHWAY	GOBP_B_CELL_RECEPTOR_SIGNALING_PATHWAY		39	0.4529576	0.9523339	0.5692308	1.0	1.0	709	tags=10%, list=7%, signal=11%	
HP_CRANIAL_NERVE_COMPRESSION	HP_CRANIAL_NERVE_COMPRESSION		34	0.4715416	0.95221233	0.55510205	1.0	1.0	128	tags=6%, list=1%, signal=6%	
GOBP_CYTOKINE_MEDIATED_SIGNALING_PATHWAY	GOBP_CYTOKINE_MEDIATED_SIGNALING_PATHWAY		282	0.37562573	0.95185786	0.5977143	1.0	1.0	1331	tags=16%, list=13%, signal=18%	
HP_ABNORMAL_MALE_INTERNAL_GENITALIA_MORPHOLOGY	HP_ABNORMAL_MALE_INTERNAL_GENITALIA_MORPHOLOGY		51	0.43496853	0.9515533	0.54359674	1.0	1.0	807	tags=18%, list=8%, signal=19%	
GOMF_UNFOLDED_PROTEIN_BINDING	GOMF_UNFOLDED_PROTEIN_BINDING		80	0.42273444	0.9515088	0.5868726	1.0	1.0	822	tags=19%, list=8%, signal=20%	
GOBP_VIRAL_PROTEIN_PROCESSING	GOBP_VIRAL_PROTEIN_PROCESSING		25	0.47645056	0.9513824	0.5597826	1.0	1.0	892	tags=12%, list=9%, signal=13%	
GOBP_RESPONSE_TO_FIBROBLAST_GROWTH_FACTOR	GOBP_RESPONSE_TO_FIBROBLAST_GROWTH_FACTOR		48	0.4431551	0.9513317	0.55932206	1.0	1.0	1252	tags=29%, list=12%, signal=33%	
GOBP_ENDOPLASMIC_RETICULUM_TO_CYTOSOL_TRANSPORT	GOBP_ENDOPLASMIC_RETICULUM_TO_CYTOSOL_TRANSPORT		26	0.48090228	0.9507938	0.5478873	1.0	1.0	1848	tags=19%, list=18%, signal=23%	
GOBP_REGULATION_OF_RECEPTOR_RECYCLING	GOBP_REGULATION_OF_RECEPTOR_RECYCLING		16	0.5147979	0.95047843	0.5867052	1.0	1.0	2724	tags=38%, list=26%, signal=51%	
HP_PULMONARY_HEMORRHAGE	HP_PULMONARY_HEMORRHAGE		25	0.47523707	0.9501125	0.5592992	1.0	1.0	685	tags=20%, list=7%, signal=21%	
GOBP_NEGATIVE_REGULATION_OF_CANONICAL_WNT_SIGNALING_PATHWAY	GOBP_NEGATIVE_REGULATION_OF_CANONICAL_WNT_SIGNALING_PATHWAY		59	0.4316368	0.9499907	0.5629139	1.0	1.0	968	tags=14%, list=9%, signal=15%	
HP_NON_MIDLINE_CLEFT_OF_THE_UPPER_LIP	HP_NON_MIDLINE_CLEFT_OF_THE_UPPER_LIP		19	0.5049896	0.94998205	0.56790125	1.0	1.0	1244	tags=16%, list=12%, signal=18%	
GOMF_RNA_POLYMERASE_II_GENERAL_TRANSCRIPTION_INITIATION_FACTOR_ACTIVITY	GOMF_RNA_POLYMERASE_II_GENERAL_TRANSCRIPTION_INITIATION_FACTOR_ACTIVITY		28	0.4759469	0.9494756	0.55833334	1.0	1.0	3096	tags=36%, list=30%, signal=51%	
GOBP_LEUKOCYTE_ADHESION_TO_VASCULAR_ENDOTHELIAL_CELL	GOBP_LEUKOCYTE_ADHESION_TO_VASCULAR_ENDOTHELIAL_CELL		28	0.4704793	0.949431	0.5585831	1.0	1.0	328	tags=7%, list=3%, signal=7%	
HP_CAFE_AU_LAIT_SPOT	HP_CAFE_AU_LAIT_SPOT		94	0.41394997	0.9493724	0.5494223	1.0	1.0	3122	tags=35%, list=30%, signal=50%	
GOCC_FAR_SIN_STRIPAK_COMPLEX	GOCC_FAR_SIN_STRIPAK_COMPLEX		16	0.50829554	0.9493153	0.55539566	1.0	1.0	2903	tags=38%, list=28%, signal=52%	
HP_ABNORMAL_GLUCOSE_HOMEOSTASIS	HP_ABNORMAL_GLUCOSE_HOMEOSTASIS		411	0.36466715	0.9492217	0.61098903	1.0	1.0	1252	tags=17%, list=12%, signal=18%	
HP_REGIONAL_ABNORMALITY_OF_SKIN	HP_REGIONAL_ABNORMALITY_OF_SKIN		312	0.37319076	0.9490719	0.59838897	1.0	1.0	1626	tags=17%, list=16%, signal=20%	
GOBP_CARBOHYDRATE_DERIVATIVE_CATABOLIC_PROCESS	GOBP_CARBOHYDRATE_DERIVATIVE_CATABOLIC_PROCESS		160	0.38964197	0.948842	0.5661058	1.0	1.0	753	tags=9%, list=7%, signal=9%	
HP_FLEXION_CONTRACTURE_OF_DIGIT	HP_FLEXION_CONTRACTURE_OF_DIGIT		184	0.3933205	0.9487513	0.58787876	1.0	1.0	1016	tags=11%, list=10%, signal=12%	
GOBP_PROTEIN_LOCALIZATION_TO_CELL_PERIPHERY	GOBP_PROTEIN_LOCALIZATION_TO_CELL_PERIPHERY		211	0.38070816	0.9482739	0.5810968	1.0	1.0	1707	tags=21%, list=16%, signal=24%	
HP_IMPAIRED_PAIN_SENSATION	HP_IMPAIRED_PAIN_SENSATION		47	0.44727704	0.9482223	0.5595238	1.0	1.0	1642	tags=23%, list=16%, signal=28%	
HP_HYPOPLASIA_OF_THE_MAXILLA	HP_HYPOPLASIA_OF_THE_MAXILLA		72	0.4191871	0.9477537	0.579085	1.0	1.0	2039	tags=25%, list=20%, signal=31%	
HP_DECREASED_MITOGEN_INDUCED_T_CELL_PROLIFERATION	HP_DECREASED_MITOGEN_INDUCED_T_CELL_PROLIFERATION		20	0.4962205	0.9476982	0.5610098	1.0	1.0	3410	tags=45%, list=33%, signal=67%	
HP_HYPOPHOSPHATEMIC_RICKETS	HP_HYPOPHOSPHATEMIC_RICKETS		16	0.50020343	0.9470926	0.5579096	1.0	1.0	1202	tags=19%, list=12%, signal=21%	
GOBP_DEFENSE_RESPONSE_TO_BACTERIUM	GOBP_DEFENSE_RESPONSE_TO_BACTERIUM		135	0.39702362	0.947078	0.5987805	1.0	1.0	961	tags=19%, list=9%, signal=20%	
HP_HYPERTHYROIDISM	HP_HYPERTHYROIDISM		20	0.49125767	0.94694287	0.5837989	1.0	1.0	1913	tags=25%, list=18%, signal=31%	
GOBP_RESPONSE_TO_BACTERIUM	GOBP_RESPONSE_TO_BACTERIUM		340	0.3697362	0.9468992	0.6053812	1.0	1.0	890	tags=15%, list=9%, signal=16%	
HP_EXCESSIVE_DAYTIME_SOMNOLENCE	HP_EXCESSIVE_DAYTIME_SOMNOLENCE		51	0.43608102	0.94687945	0.5730769	1.0	1.0	1108	tags=16%, list=11%, signal=17%	
GOBP_PHOSPHATIDYLINOSITOL_3_KINASE_PROTEIN_KINASE_B_SIGNAL_TRANSDUCTION	GOBP_PHOSPHATIDYLINOSITOL_3_KINASE_PROTEIN_KINASE_B_SIGNAL_TRANSDUCTION		171	0.39132226	0.94652754	0.5891566	1.0	1.0	832	tags=14%, list=8%, signal=15%	
GOBP_POSITIVE_REGULATION_OF_CANONICAL_NF_KAPPAB_SIGNAL_TRANSDUCTION	GOBP_POSITIVE_REGULATION_OF_CANONICAL_NF_KAPPAB_SIGNAL_TRANSDUCTION		146	0.39415804	0.94644713	0.59771574	1.0	1.0	1707	tags=21%, list=16%, signal=25%	
HP_ANTINEUTROPHIL_ANTIBODY_POSITIVITY	HP_ANTINEUTROPHIL_ANTIBODY_POSITIVITY		40	0.45649448	0.94638044	0.55321944	1.0	1.0	797	tags=18%, list=8%, signal=19%	
HP_CLUBBING	HP_CLUBBING		81	0.42167497	0.94609135	0.5580475	1.0	1.0	3370	tags=41%, list=32%, signal=60%	
GOMF_ACETYLGLUCOSAMINYLTRANSFERASE_ACTIVITY	GOMF_ACETYLGLUCOSAMINYLTRANSFERASE_ACTIVITY		22	0.49517062	0.9459079	0.56198347	1.0	1.0	892	tags=14%, list=9%, signal=15%	
GOBP_REGULATION_OF_CYTOSKELETON_ORGANIZATION	GOBP_REGULATION_OF_CYTOSKELETON_ORGANIZATION		321	0.3645892	0.94578946	0.6047836	1.0	1.0	1977	tags=21%, list=19%, signal=25%	
HP_DEATH_IN_CHILDHOOD	HP_DEATH_IN_CHILDHOOD		87	0.41413826	0.9456923	0.57310706	1.0	1.0	1362	tags=11%, list=13%, signal=13%	
GOBP_REGULATION_OF_LONG_TERM_SYNAPTIC_POTENTIATION	GOBP_REGULATION_OF_LONG_TERM_SYNAPTIC_POTENTIATION		18	0.49639976	0.94564503	0.55182076	1.0	1.0	1786	tags=33%, list=17%, signal=40%	
GOMF_TRANSFERASE_ACTIVITY_TRANSFERRING_NITROGENOUS_GROUPS	GOMF_TRANSFERASE_ACTIVITY_TRANSFERRING_NITROGENOUS_GROUPS		17	0.5076924	0.9455692	0.58126724	1.0	1.0	1017	tags=12%, list=10%, signal=13%	
HP_DECREASED_FERTILITY_IN_FEMALES	HP_DECREASED_FERTILITY_IN_FEMALES		38	0.44811893	0.94546825	0.56182796	1.0	1.0	2131	tags=24%, list=20%, signal=30%	
HP_ABNORMALLY_LAX_OR_HYPEREXTENSIBLE_SKIN	HP_ABNORMALLY_LAX_OR_HYPEREXTENSIBLE_SKIN		111	0.4074588	0.9453305	0.5769231	1.0	1.0	1996	tags=20%, list=19%, signal=24%	
HP_HYPEREXTENSIBILITY_OF_THE_KNEE	HP_HYPEREXTENSIBILITY_OF_THE_KNEE		26	0.47556046	0.9453187	0.56182796	1.0	1.0	1990	tags=31%, list=19%, signal=38%	
HP_MOTOR_NEURON_ATROPHY	HP_MOTOR_NEURON_ATROPHY		47	0.4372623	0.94524914	0.5760728	1.0	1.0	1438	tags=13%, list=14%, signal=15%	
GOMF_CADHERIN_BINDING	GOMF_CADHERIN_BINDING		200	0.38046893	0.9450405	0.594431	1.0	1.0	778	tags=13%, list=7%, signal=14%	
GOBP_REGULATION_OF_PHAGOCYTOSIS	GOBP_REGULATION_OF_PHAGOCYTOSIS		60	0.4326633	0.9449566	0.589309	1.0	1.0	750	tags=13%, list=7%, signal=14%	
GOBP_CYTOKINE_PRODUCTION	GOBP_CYTOKINE_PRODUCTION		476	0.35965124	0.9449493	0.6332599	1.0	1.0	1342	tags=20%, list=13%, signal=22%	
HP_ABNORMALITY_OF_THE_PERIPHERAL_NERVOUS_SYSTEM	HP_ABNORMALITY_OF_THE_PERIPHERAL_NERVOUS_SYSTEM		477	0.3619587	0.944899	0.62566847	1.0	1.0	1642	tags=18%, list=16%, signal=21%	
GOBP_REGULATION_OF_ENDOPLASMIC_RETICULUM_STRESS_INDUCED_INTRINSIC_APOPTOTIC_SIGNALING_PATHWAY	GOBP_REGULATION_OF_ENDOPLASMIC_RETICULUM_STRESS_INDUCED_INTRINSIC_APOPTOTIC_SIGNALING_PATHWAY		24	0.48869193	0.9448248	0.56198347	1.0	1.0	749	tags=17%, list=7%, signal=18%	
HP_ABNORMAL_CORTICAL_GYRATION	HP_ABNORMAL_CORTICAL_GYRATION		259	0.37668768	0.94477445	0.6061294	1.0	1.0	2307	tags=25%, list=22%, signal=31%	
GOBP_SKELETAL_MUSCLE_CELL_DIFFERENTIATION	GOBP_SKELETAL_MUSCLE_CELL_DIFFERENTIATION		33	0.47093612	0.9446311	0.5326232	1.0	1.0	552	tags=15%, list=5%, signal=16%	
GOBP_PYRIMIDINE_RIBONUCLEOTIDE_METABOLIC_PROCESS	GOBP_PYRIMIDINE_RIBONUCLEOTIDE_METABOLIC_PROCESS		20	0.49039447	0.9442505	0.5675676	1.0	1.0	1588	tags=25%, list=15%, signal=29%	
HP_SYNDACTYLY	HP_SYNDACTYLY		239	0.3750505	0.9441915	0.58600235	1.0	1.0	1635	tags=16%, list=16%, signal=18%	
GOBP_REGULATION_OF_ALTERNATIVE_MRNA_SPLICING_VIA_SPLICEOSOME	GOBP_REGULATION_OF_ALTERNATIVE_MRNA_SPLICING_VIA_SPLICEOSOME		44	0.44748113	0.94404864	0.5710456	1.0	1.0	1329	tags=30%, list=13%, signal=34%	
HP_CHRONIC_OTITIS_MEDIA	HP_CHRONIC_OTITIS_MEDIA		68	0.42857438	0.94398683	0.5902062	1.0	1.0	1078	tags=10%, list=10%, signal=11%	
HP_ABNORMAL_MIDFACE_MORPHOLOGY	HP_ABNORMAL_MIDFACE_MORPHOLOGY		386	0.36103135	0.9433747	0.6184211	1.0	1.0	1996	tags=22%, list=19%, signal=26%	
GOBP_NEUTROPHIL_MIGRATION	GOBP_NEUTROPHIL_MIGRATION		57	0.4361034	0.943086	0.56504065	1.0	1.0	676	tags=19%, list=6%, signal=21%	
GOBP_REGULATION_OF_MONOATOMIC_ION_TRANSPORT	GOBP_REGULATION_OF_MONOATOMIC_ION_TRANSPORT		153	0.3974677	0.9430459	0.5888889	1.0	1.0	1009	tags=18%, list=10%, signal=19%	
HP_ABNORMAL_PLATELET_FUNCTION	HP_ABNORMAL_PLATELET_FUNCTION		40	0.4538881	0.94287556	0.5978407	1.0	1.0	2106	tags=28%, list=20%, signal=34%	
GOCC_TIGHT_JUNCTION	GOCC_TIGHT_JUNCTION		57	0.43261212	0.94269836	0.57474226	1.0	1.0	1217	tags=16%, list=12%, signal=18%	
GOBP_MUSCLE_TISSUE_DEVELOPMENT	GOBP_MUSCLE_TISSUE_DEVELOPMENT		161	0.38743982	0.9419842	0.5840387	1.0	1.0	1701	tags=25%, list=16%, signal=30%	
GOBP_ENDOPLASMIC_RETICULUM_ORGANIZATION	GOBP_ENDOPLASMIC_RETICULUM_ORGANIZATION		62	0.41887006	0.9417393	0.5648267	1.0	1.0	1244	tags=16%, list=12%, signal=18%	
HP_ABNORMALITY_OF_CENTRAL_NERVOUS_SYSTEM_ELECTROPHYSIOLOGY	HP_ABNORMALITY_OF_CENTRAL_NERVOUS_SYSTEM_ELECTROPHYSIOLOGY		371	0.36669314	0.94150656	0.63666666	1.0	1.0	1916	tags=17%, list=18%, signal=20%	
HP_NAIL_DYSPLASIA	HP_NAIL_DYSPLASIA		77	0.41615862	0.9413951	0.57631576	1.0	1.0	1503	tags=22%, list=14%, signal=26%	
HP_CLUBBING_OF_TOES	HP_CLUBBING_OF_TOES		25	0.47161436	0.9405479	0.5849315	1.0	1.0	3571	tags=44%, list=34%, signal=67%	
GOBP_XENOBIOTIC_METABOLIC_PROCESS	GOBP_XENOBIOTIC_METABOLIC_PROCESS		39	0.45127484	0.9404756	0.5647383	1.0	1.0	2253	tags=23%, list=22%, signal=29%	
HP_BOWED_FOREARM_BONES	HP_BOWED_FOREARM_BONES		17	0.5009348	0.94043	0.5611111	1.0	1.0	1612	tags=41%, list=15%, signal=49%	
GOBP_REGULATION_OF_DENDRITE_MORPHOGENESIS	GOBP_REGULATION_OF_DENDRITE_MORPHOGENESIS		29	0.46428975	0.9404121	0.557047	1.0	1.0	2305	tags=34%, list=22%, signal=44%	
GOMF_RNA_POLYMERASE_ACTIVITY	GOMF_RNA_POLYMERASE_ACTIVITY		29	0.46877775	0.94024485	0.55307263	1.0	1.0	1661	tags=21%, list=16%, signal=25%	
GOBP_REGULATION_OF_CELLULAR_COMPONENT_SIZE	GOBP_REGULATION_OF_CELLULAR_COMPONENT_SIZE		175	0.3859516	0.9399958	0.59876543	1.0	1.0	1918	tags=22%, list=18%, signal=27%	
GOBP_SKIN_EPIDERMIS_DEVELOPMENT	GOBP_SKIN_EPIDERMIS_DEVELOPMENT		43	0.4507646	0.9398367	0.5678192	1.0	1.0	1693	tags=26%, list=16%, signal=30%	
HP_ABNORMAL_EMOTIONAL_STATE	HP_ABNORMAL_EMOTIONAL_STATE		366	0.36415645	0.939819	0.6232044	1.0	1.0	1142	tags=14%, list=11%, signal=15%	
GOBP_T_HELPER_1_CELL_DIFFERENTIATION	GOBP_T_HELPER_1_CELL_DIFFERENTIATION		27	0.4677973	0.93973947	0.561753	1.0	1.0	1430	tags=30%, list=14%, signal=34%	
HP_VOMITING	HP_VOMITING		211	0.3781258	0.9396977	0.6006985	1.0	1.0	2012	tags=20%, list=19%, signal=24%	
HP_DECREASED_ACTIVITY_OF_MITOCHONDRIAL_COMPLEX_II	HP_DECREASED_ACTIVITY_OF_MITOCHONDRIAL_COMPLEX_II		16	0.5054307	0.93939006	0.5763473	1.0	1.0	1316	tags=13%, list=13%, signal=14%	
HP_ABNORMAL_PUPIL_MORPHOLOGY	HP_ABNORMAL_PUPIL_MORPHOLOGY		34	0.45981106	0.9393277	0.562942	1.0	1.0	2033	tags=29%, list=19%, signal=36%	
GOBP_CELLULAR_RESPONSE_TO_UV	GOBP_CELLULAR_RESPONSE_TO_UV		59	0.4252931	0.9392902	0.60240966	1.0	1.0	1681	tags=25%, list=16%, signal=30%	
GOBP_REGULATION_OF_SUPRAMOLECULAR_FIBER_ORGANIZATION	GOBP_REGULATION_OF_SUPRAMOLECULAR_FIBER_ORGANIZATION		211	0.37841478	0.93927765	0.59123224	1.0	1.0	1541	tags=18%, list=15%, signal=21%	
GOBP_NUCLEOBASE_CONTAINING_COMPOUND_CATABOLIC_PROCESS	GOBP_NUCLEOBASE_CONTAINING_COMPOUND_CATABOLIC_PROCESS		394	0.36252773	0.9391593	0.6450168	1.0	1.0	1388	tags=18%, list=13%, signal=19%	
GOBP_ALPHA_AMINO_ACID_METABOLIC_PROCESS	GOBP_ALPHA_AMINO_ACID_METABOLIC_PROCESS		104	0.40531048	0.93911207	0.58281446	1.0	1.0	1795	tags=18%, list=17%, signal=22%	
HP_VERTEBRAL_SEGMENTATION_DEFECT	HP_VERTEBRAL_SEGMENTATION_DEFECT		76	0.41348067	0.93905884	0.5833333	1.0	1.0	1719	tags=20%, list=16%, signal=23%	
GOBP_MRNA_CATABOLIC_PROCESS	GOBP_MRNA_CATABOLIC_PROCESS		198	0.37955087	0.93894565	0.6016746	1.0	1.0	1774	tags=24%, list=17%, signal=29%	
HP_LOSS_OF_CONSCIOUSNESS	HP_LOSS_OF_CONSCIOUSNESS		59	0.42810628	0.93887216	0.57615894	1.0	1.0	1095	tags=29%, list=10%, signal=32%	
HP_ABNORMALITY_OF_UPPER_LIMB_JOINT	HP_ABNORMALITY_OF_UPPER_LIMB_JOINT		323	0.3687848	0.9387246	0.6237402	1.0	1.0	2137	tags=21%, list=20%, signal=26%	
HP_INCREASED_CIRCULATING_PROLACTIN_CONCENTRATION	HP_INCREASED_CIRCULATING_PROLACTIN_CONCENTRATION		18	0.49620333	0.9386841	0.58019525	1.0	1.0	1693	tags=17%, list=16%, signal=20%	
GOBP_LYMPHOID_PROGENITOR_CELL_DIFFERENTIATION	GOBP_LYMPHOID_PROGENITOR_CELL_DIFFERENTIATION		18	0.49665466	0.9386067	0.5612813	1.0	1.0	1850	tags=22%, list=18%, signal=27%	
GOBP_CELL_MORPHOGENESIS	GOBP_CELL_MORPHOGENESIS		440	0.35822758	0.9384888	0.6392544	1.0	1.0	1198	tags=15%, list=11%, signal=16%	
HP_ABNORMAL_SPINAL_CORD_MORPHOLOGY	HP_ABNORMAL_SPINAL_CORD_MORPHOLOGY		187	0.38290036	0.9381649	0.609319	1.0	1.0	1743	tags=15%, list=17%, signal=18%	
GOBP_LAMELLIPODIUM_ORGANIZATION	GOBP_LAMELLIPODIUM_ORGANIZATION		56	0.4360656	0.9381063	0.55376345	1.0	1.0	1254	tags=27%, list=12%, signal=30%	
GOCC_CILIARY_BASAL_BODY	GOCC_CILIARY_BASAL_BODY		139	0.39486545	0.93768924	0.5884521	1.0	1.0	1832	tags=13%, list=18%, signal=15%	
HP_ABNORMAL_ABDOMINAL_WALL_MORPHOLOGY	HP_ABNORMAL_ABDOMINAL_WALL_MORPHOLOGY		329	0.36428854	0.9376746	0.64237666	1.0	1.0	1635	tags=16%, list=16%, signal=19%	
HP_NEPHRITIS	HP_NEPHRITIS		85	0.41350913	0.93753463	0.5813367	1.0	1.0	983	tags=14%, list=9%, signal=15%	
HP_ABNORMAL_EPIPHYSIS_MORPHOLOGY_OF_THE_PHALANGES_OF_THE_HAND	HP_ABNORMAL_EPIPHYSIS_MORPHOLOGY_OF_THE_PHALANGES_OF_THE_HAND		25	0.4777979	0.9373803	0.5962815	1.0	1.0	2081	tags=24%, list=20%, signal=30%	
GOBP_SNRNA_METABOLIC_PROCESS	GOBP_SNRNA_METABOLIC_PROCESS		44	0.43921432	0.93736863	0.5659121	1.0	1.0	2566	tags=27%, list=25%, signal=36%	
GOMF_MICROTUBULE_MOTOR_ACTIVITY	GOMF_MICROTUBULE_MOTOR_ACTIVITY		33	0.46055743	0.9372157	0.5710456	1.0	1.0	1615	tags=24%, list=15%, signal=29%	
HP_SPEECH_ARTICULATION_DIFFICULTIES	HP_SPEECH_ARTICULATION_DIFFICULTIES		16	0.50769454	0.9370732	0.59807956	1.0	1.0	1611	tags=38%, list=15%, signal=44%	
GOBP_FEMALE_SEX_DIFFERENTIATION	GOBP_FEMALE_SEX_DIFFERENTIATION		52	0.4355412	0.93696034	0.59180975	1.0	1.0	1074	tags=19%, list=10%, signal=21%	
HP_APLASIA_HYPOPLASIA_OF_THE_RADIUS	HP_APLASIA_HYPOPLASIA_OF_THE_RADIUS		50	0.43980244	0.93695897	0.5720109	1.0	1.0	1594	tags=22%, list=15%, signal=26%	
GOBP_REGULATION_OF_CELL_MATRIX_ADHESION	GOBP_REGULATION_OF_CELL_MATRIX_ADHESION		68	0.42530078	0.93690753	0.58681023	1.0	1.0	1471	tags=25%, list=14%, signal=29%	
HP_DYSGRAPHIA	HP_DYSGRAPHIA		38	0.4498091	0.9368972	0.57438016	1.0	1.0	625	tags=8%, list=6%, signal=8%	
HP_SEVERE_INFECTION	HP_SEVERE_INFECTION		50	0.4303937	0.93689555	0.5723861	1.0	1.0	714	tags=10%, list=7%, signal=11%	
HP_SOFT_SKIN	HP_SOFT_SKIN		27	0.47081754	0.93675387	0.57567567	1.0	1.0	2411	tags=41%, list=23%, signal=53%	
GOBP_ERK1_AND_ERK2_CASCADE	GOBP_ERK1_AND_ERK2_CASCADE		135	0.39400417	0.9367296	0.5733831	1.0	1.0	889	tags=15%, list=9%, signal=16%	
GOBP_POSITIVE_REGULATION_OF_TRANSCRIPTION_BY_RNA_POLYMERASE_III	GOBP_POSITIVE_REGULATION_OF_TRANSCRIPTION_BY_RNA_POLYMERASE_III		19	0.49415693	0.9366537	0.569273	1.0	1.0	1357	tags=21%, list=13%, signal=24%	
HP_TRIANGULAR_FACE	HP_TRIANGULAR_FACE		108	0.3968188	0.93657434	0.5954774	1.0	1.0	1581	tags=17%, list=15%, signal=19%	
GOBP_NEUROTRANSMITTER_RECEPTOR_LOCALIZATION_TO_POSTSYNAPTIC_SPECIALIZATION_MEMBRANE	GOBP_NEUROTRANSMITTER_RECEPTOR_LOCALIZATION_TO_POSTSYNAPTIC_SPECIALIZATION_MEMBRANE		16	0.5077858	0.9365166	0.58798885	1.0	1.0	130	tags=6%, list=1%, signal=6%	
HP_INTESTINAL_ATRESIA	HP_INTESTINAL_ATRESIA		31	0.46141064	0.9364707	0.5704607	1.0	1.0	2031	tags=39%, list=19%, signal=48%	
GOCC_PROTEIN_LIPID_COMPLEX	GOCC_PROTEIN_LIPID_COMPLEX		17	0.49752662	0.93598247	0.57563025	1.0	1.0	79	tags=12%, list=1%, signal=12%	
HP_ABNORMAL_UVEA_MORPHOLOGY	HP_ABNORMAL_UVEA_MORPHOLOGY		311	0.36660296	0.93576694	0.6309112	1.0	1.0	2103	tags=22%, list=20%, signal=27%	
GOBP_NUCLEOSIDE_MONOPHOSPHATE_METABOLIC_PROCESS	GOBP_NUCLEOSIDE_MONOPHOSPHATE_METABOLIC_PROCESS		52	0.4319683	0.9357616	0.5611702	1.0	1.0	1908	tags=27%, list=18%, signal=33%	
HP_CONFUSION	HP_CONFUSION		44	0.44027427	0.9357221	0.5815508	1.0	1.0	1108	tags=14%, list=11%, signal=15%	
GOBP_TIGHT_JUNCTION_ORGANIZATION	GOBP_TIGHT_JUNCTION_ORGANIZATION		29	0.46699843	0.9351761	0.585034	1.0	1.0	29	tags=3%, list=0%, signal=3%	
GOBP_REGULATION_OF_AXONOGENESIS	GOBP_REGULATION_OF_AXONOGENESIS		52	0.43203208	0.93506885	0.5800256	1.0	1.0	2258	tags=31%, list=22%, signal=39%	
HP_KINETIC_TREMOR	HP_KINETIC_TREMOR		74	0.41701418	0.9350216	0.6004932	1.0	1.0	656	tags=8%, list=6%, signal=9%	
GOBP_POSITIVE_REGULATION_OF_MEMBRANE_PERMEABILITY	GOBP_POSITIVE_REGULATION_OF_MEMBRANE_PERMEABILITY		29	0.46953064	0.934988	0.58208954	1.0	1.0	1192	tags=24%, list=11%, signal=27%	
GOBP_INORGANIC_ION_HOMEOSTASIS	GOBP_INORGANIC_ION_HOMEOSTASIS		231	0.37560883	0.9349279	0.6088517	1.0	1.0	1892	tags=25%, list=18%, signal=30%	
GOBP_REGULATION_OF_NEUROBLAST_PROLIFERATION	GOBP_REGULATION_OF_NEUROBLAST_PROLIFERATION		16	0.49871713	0.934755	0.5922865	1.0	1.0	1701	tags=25%, list=16%, signal=30%	
GOBP_RESPONSE_TO_IRON_ION	GOBP_RESPONSE_TO_IRON_ION		17	0.50611967	0.93470323	0.5681199	1.0	1.0	709	tags=18%, list=7%, signal=19%	
HP_ELEVATED_URINARY_CARBOXYLIC_ACID	HP_ELEVATED_URINARY_CARBOXYLIC_ACID		69	0.4248103	0.9346299	0.5934641	1.0	1.0	3039	tags=30%, list=29%, signal=43%	
HP_ATROPHIC_SCARS	HP_ATROPHIC_SCARS		15	0.508756	0.93455434	0.58831906	1.0	1.0	626	tags=20%, list=6%, signal=21%	
HP_TOE_JOINT_CONTRACTURE	HP_TOE_JOINT_CONTRACTURE		19	0.49193904	0.93451756	0.56582636	1.0	1.0	1662	tags=21%, list=16%, signal=25%	
GOBP_NEGATIVE_REGULATION_OF_TUMOR_NECROSIS_FACTOR_MEDIATED_SIGNALING_PATHWAY	GOBP_NEGATIVE_REGULATION_OF_TUMOR_NECROSIS_FACTOR_MEDIATED_SIGNALING_PATHWAY		15	0.5093721	0.9344467	0.56666666	1.0	1.0	840	tags=13%, list=8%, signal=14%	
GOBP_REGULATION_OF_NEURON_PROJECTION_DEVELOPMENT	GOBP_REGULATION_OF_NEURON_PROJECTION_DEVELOPMENT		185	0.38124427	0.93437344	0.6189349	1.0	1.0	2156	tags=24%, list=21%, signal=30%	
GOBP_INORGANIC_ION_IMPORT_ACROSS_PLASMA_MEMBRANE	GOBP_INORGANIC_ION_IMPORT_ACROSS_PLASMA_MEMBRANE		40	0.44618002	0.93436915	0.5880759	1.0	1.0	2156	tags=30%, list=21%, signal=38%	
HP_OLIGOHYDRAMNIOS	HP_OLIGOHYDRAMNIOS		115	0.39840803	0.9343351	0.60346967	1.0	1.0	1745	tags=17%, list=17%, signal=20%	
HP_MULTIPLE_CAFE_AU_LAIT_SPOTS	HP_MULTIPLE_CAFE_AU_LAIT_SPOTS		53	0.43823647	0.93433094	0.57087123	1.0	1.0	3104	tags=36%, list=30%, signal=51%	
GOBP_NEGATIVE_REGULATION_OF_ORGANELLE_ORGANIZATION	GOBP_NEGATIVE_REGULATION_OF_ORGANELLE_ORGANIZATION		230	0.3720266	0.93413365	0.59811985	1.0	1.0	1870	tags=21%, list=18%, signal=25%	
HP_LARGE_FONTANELLES	HP_LARGE_FONTANELLES		86	0.4088445	0.93408024	0.58980894	1.0	1.0	235	tags=3%, list=2%, signal=4%	
HP_FACIAL_HYPOTONIA	HP_FACIAL_HYPOTONIA		36	0.44824153	0.93401545	0.5725916	1.0	1.0	2243	tags=31%, list=21%, signal=39%	
HP_INCREASED_SUSCEPTIBILITY_TO_FRACTURES	HP_INCREASED_SUSCEPTIBILITY_TO_FRACTURES		129	0.39279157	0.93390524	0.57763976	1.0	1.0	1202	tags=16%, list=12%, signal=17%	
GOCC_FILOPODIUM	GOCC_FILOPODIUM		50	0.4375224	0.9334076	0.58990943	1.0	1.0	1522	tags=24%, list=15%, signal=28%	
HP_PARKINSONISM	HP_PARKINSONISM		88	0.40613127	0.9334029	0.6048906	1.0	1.0	819	tags=15%, list=8%, signal=16%	
GOBP_ACTIN_FILAMENT_BASED_PROCESS	GOBP_ACTIN_FILAMENT_BASED_PROCESS		408	0.35665873	0.9333778	0.65883666	1.0	1.0	1265	tags=16%, list=12%, signal=17%	
HP_CEREBRAL_EDEMA	HP_CEREBRAL_EDEMA		19	0.48909166	0.93325835	0.5785814	1.0	1.0	2287	tags=32%, list=22%, signal=40%	
HP_ABNORMAL_BLOOD_GLUCOSE_CONCENTRATION	HP_ABNORMAL_BLOOD_GLUCOSE_CONCENTRATION		211	0.37518817	0.93305105	0.6223278	1.0	1.0	2012	tags=24%, list=19%, signal=29%	
GOBP_CELLULAR_RESPONSE_TO_PEPTIDE_HORMONE_STIMULUS	GOBP_CELLULAR_RESPONSE_TO_PEPTIDE_HORMONE_STIMULUS		192	0.38272116	0.93229383	0.615942	1.0	1.0	1936	tags=27%, list=19%, signal=33%	
HP_RESPIRATORY_INSUFFICIENCY	HP_RESPIRATORY_INSUFFICIENCY		381	0.3612636	0.9322564	0.65358746	1.0	1.0	2016	tags=19%, list=19%, signal=23%	
GOMF_PROTEOGLYCAN_BINDING	GOMF_PROTEOGLYCAN_BINDING		17	0.5022307	0.93220794	0.5918079	1.0	1.0	21	tags=12%, list=0%, signal=12%	
GOBP_REGULATION_OF_CELL_DIVISION	GOBP_REGULATION_OF_CELL_DIVISION		101	0.3997066	0.93202233	0.5936255	1.0	1.0	1045	tags=16%, list=10%, signal=17%	
GOBP_NEGATIVE_REGULATION_OF_PHOSPHORYLATION	GOBP_NEGATIVE_REGULATION_OF_PHOSPHORYLATION		74	0.41703922	0.9319814	0.6002554	1.0	1.0	1987	tags=27%, list=19%, signal=33%	
GOBP_TYPE_II_INTERFERON_MEDIATED_SIGNALING_PATHWAY	GOBP_TYPE_II_INTERFERON_MEDIATED_SIGNALING_PATHWAY		19	0.48145846	0.93184155	0.57708627	1.0	1.0	2142	tags=26%, list=21%, signal=33%	
HP_SHORT_PHILTRUM	HP_SHORT_PHILTRUM		150	0.38778532	0.9316851	0.5842558	1.0	1.0	1491	tags=17%, list=14%, signal=20%	
GOMF_INTRAMOLECULAR_OXIDOREDUCTASE_ACTIVITY	GOMF_INTRAMOLECULAR_OXIDOREDUCTASE_ACTIVITY		34	0.4500567	0.93149304	0.59279037	1.0	1.0	2001	tags=26%, list=19%, signal=33%	
HP_FLEXION_CONTRACTURE	HP_FLEXION_CONTRACTURE		400	0.36073488	0.93124264	0.6487093	1.0	1.0	1991	tags=20%, list=19%, signal=24%	
HP_DELAYED_ABILITY_TO_SIT	HP_DELAYED_ABILITY_TO_SIT		55	0.4274601	0.9309431	0.5901857	1.0	1.0	1078	tags=16%, list=10%, signal=18%	
HP_ABNORMAL_ANTERIOR_FONTANELLE_MORPHOLOGY	HP_ABNORMAL_ANTERIOR_FONTANELLE_MORPHOLOGY		74	0.4104993	0.9308423	0.5849546	1.0	1.0	2063	tags=22%, list=20%, signal=27%	
HP_OPTIC_DISC_PALLOR	HP_OPTIC_DISC_PALLOR		145	0.39220828	0.9306839	0.6143387	1.0	1.0	1025	tags=11%, list=10%, signal=12%	
HP_ABNORMAL_ERYTHROCYTE_SEDIMENTATION_RATE	HP_ABNORMAL_ERYTHROCYTE_SEDIMENTATION_RATE		49	0.43102384	0.9303966	0.584399	1.0	1.0	797	tags=14%, list=8%, signal=15%	
GOMF_OXIDOREDUCTASE_ACTIVITY_ACTING_ON_THE_ALDEHYDE_OR_OXO_GROUP_OF_DONORS	GOMF_OXIDOREDUCTASE_ACTIVITY_ACTING_ON_THE_ALDEHYDE_OR_OXO_GROUP_OF_DONORS		23	0.47609657	0.9303133	0.5669824	1.0	1.0	1611	tags=30%, list=15%, signal=36%	
GOBP_HORMONE_TRANSPORT	GOBP_HORMONE_TRANSPORT		129	0.39290968	0.93024695	0.61083746	1.0	1.0	1935	tags=26%, list=19%, signal=31%	
HP_PROXIMAL_PLACEMENT_OF_THUMB	HP_PROXIMAL_PLACEMENT_OF_THUMB		27	0.46315825	0.9301115	0.57336956	1.0	1.0	892	tags=26%, list=9%, signal=28%	
HP_CARDIAC_ARREST	HP_CARDIAC_ARREST		70	0.42196888	0.9299785	0.6013158	1.0	1.0	955	tags=17%, list=9%, signal=19%	
GOBP_BROWN_FAT_CELL_DIFFERENTIATION	GOBP_BROWN_FAT_CELL_DIFFERENTIATION		30	0.45927185	0.92989033	0.5652174	1.0	1.0	701	tags=13%, list=7%, signal=14%	
HP_DICARBOXYLIC_ACIDURIA	HP_DICARBOXYLIC_ACIDURIA		53	0.43572417	0.92975825	0.5873016	1.0	1.0	3172	tags=32%, list=30%, signal=46%	
GOBP_NEGATIVE_REGULATION_OF_T_CELL_MEDIATED_IMMUNITY	GOBP_NEGATIVE_REGULATION_OF_T_CELL_MEDIATED_IMMUNITY		16	0.50084215	0.9296631	0.5974026	1.0	1.0	1449	tags=44%, list=14%, signal=51%	
GOBP_MEIOTIC_CELL_CYCLE_PROCESS	GOBP_MEIOTIC_CELL_CYCLE_PROCESS		132	0.39285818	0.92956436	0.6075	1.0	1.0	2189	tags=25%, list=21%, signal=31%	
GOBP_VERY_LONG_CHAIN_FATTY_ACID_METABOLIC_PROCESS	GOBP_VERY_LONG_CHAIN_FATTY_ACID_METABOLIC_PROCESS		20	0.49409184	0.92929554	0.57471263	1.0	1.0	4485	tags=60%, list=43%, signal=105%	
GOBP_REGULATION_OF_EXTRINSIC_APOPTOTIC_SIGNALING_PATHWAY_VIA_DEATH_DOMAIN_RECEPTORS	GOBP_REGULATION_OF_EXTRINSIC_APOPTOTIC_SIGNALING_PATHWAY_VIA_DEATH_DOMAIN_RECEPTORS		31	0.455643	0.92856455	0.6013333	1.0	1.0	785	tags=19%, list=8%, signal=21%	
HP_HEPATOMEGALY	HP_HEPATOMEGALY		452	0.3540897	0.9284816	0.6793893	1.0	1.0	1598	tags=18%, list=15%, signal=20%	
HP_METABOLIC_ACIDOSIS	HP_METABOLIC_ACIDOSIS		101	0.40687215	0.9281457	0.5947631	1.0	1.0	2432	tags=26%, list=23%, signal=33%	
GOCC_NUCLEOID	GOCC_NUCLEOID		35	0.4548024	0.92793614	0.57123655	1.0	1.0	3234	tags=40%, list=31%, signal=58%	
GOBP_POSITIVE_REGULATION_OF_DNA_BINDING_TRANSCRIPTION_FACTOR_ACTIVITY	GOBP_POSITIVE_REGULATION_OF_DNA_BINDING_TRANSCRIPTION_FACTOR_ACTIVITY		60	0.4252516	0.9277745	0.5861148	1.0	1.0	1383	tags=22%, list=13%, signal=25%	
HP_GAIT_IMBALANCE	HP_GAIT_IMBALANCE		51	0.42659843	0.9273303	0.5911528	1.0	1.0	1628	tags=18%, list=16%, signal=21%	
GOBP_NEPHRON_DEVELOPMENT	GOBP_NEPHRON_DEVELOPMENT		55	0.4266848	0.92724985	0.59946597	1.0	1.0	832	tags=11%, list=8%, signal=12%	
GOBP_POSITIVE_REGULATION_OF_T_CELL_MIGRATION	GOBP_POSITIVE_REGULATION_OF_T_CELL_MIGRATION		22	0.46796352	0.9271879	0.59636873	1.0	1.0	777	tags=14%, list=7%, signal=15%	
HP_ABNORMAL_BLISTERING_OF_THE_SKIN	HP_ABNORMAL_BLISTERING_OF_THE_SKIN		70	0.4144567	0.9268392	0.58847183	1.0	1.0	1779	tags=27%, list=17%, signal=32%	
GOMF_HISTONE_METHYLTRANSFERASE_ACTIVITY	GOMF_HISTONE_METHYLTRANSFERASE_ACTIVITY		40	0.44036475	0.92655677	0.5804677	1.0	1.0	1456	tags=10%, list=14%, signal=12%	
HP_ABNORMAL_ORAL_PHYSIOLOGY	HP_ABNORMAL_ORAL_PHYSIOLOGY		189	0.37185663	0.92623734	0.6224852	1.0	1.0	1579	tags=20%, list=15%, signal=23%	
GOMF_PHOSPHATIDYLINOSITOL_KINASE_ACTIVITY	GOMF_PHOSPHATIDYLINOSITOL_KINASE_ACTIVITY		21	0.48494506	0.92623574	0.5820257	1.0	1.0	1852	tags=24%, list=18%, signal=29%	
HP_SMALL_JOINT_HYPERMOBILTY	HP_SMALL_JOINT_HYPERMOBILTY		40	0.4433873	0.9258456	0.59326786	1.0	1.0	1937	tags=20%, list=19%, signal=24%	
GOBP_LONG_CHAIN_FATTY_ACYL_COA_METABOLIC_PROCESS	GOBP_LONG_CHAIN_FATTY_ACYL_COA_METABOLIC_PROCESS		15	0.5000369	0.92581975	0.6075778	1.0	1.0	3003	tags=47%, list=29%, signal=65%	
GOBP_POSITIVE_REGULATION_OF_AXON_EXTENSION	GOBP_POSITIVE_REGULATION_OF_AXON_EXTENSION		19	0.48284933	0.9257074	0.6021948	1.0	1.0	2588	tags=37%, list=25%, signal=49%	
GOMF_TRANSLATION_FACTOR_ACTIVITY	GOMF_TRANSLATION_FACTOR_ACTIVITY		67	0.4202585	0.92563343	0.5949198	1.0	1.0	1607	tags=24%, list=15%, signal=28%	
HP_ABNORMALITY_OF_BLOOD_CIRCULATION	HP_ABNORMALITY_OF_BLOOD_CIRCULATION		206	0.3726231	0.9254191	0.6224612	1.0	1.0	743	tags=10%, list=7%, signal=11%	
HP_PROMINENT_FOREHEAD	HP_PROMINENT_FOREHEAD		156	0.3810119	0.92533076	0.6257594	1.0	1.0	1864	tags=15%, list=18%, signal=18%	
HP_PROGRESSIVE_DISTAL_MUSCULAR_ATROPHY	HP_PROGRESSIVE_DISTAL_MUSCULAR_ATROPHY		24	0.47336188	0.92513424	0.59370726	1.0	1.0	2016	tags=25%, list=19%, signal=31%	
HP_SHORT_TIBIA	HP_SHORT_TIBIA		15	0.49955285	0.92506385	0.59129214	1.0	1.0	3080	tags=53%, list=29%, signal=76%	
GOBP_DENDRITE_EXTENSION	GOBP_DENDRITE_EXTENSION		15	0.49485186	0.9247869	0.5945946	1.0	1.0	2190	tags=40%, list=21%, signal=51%	
HP_ATROPHY_DEGENERATION_AFFECTING_THE_CEREBRUM	HP_ATROPHY_DEGENERATION_AFFECTING_THE_CEREBRUM		471	0.3524117	0.9246749	0.7032609	1.0	1.0	1664	tags=15%, list=16%, signal=17%	
HP_CRYPTORCHIDISM	HP_CRYPTORCHIDISM		457	0.35264033	0.92456526	0.68186754	1.0	1.0	1635	tags=16%, list=16%, signal=18%	
GOBP_REGULATION_OF_CELL_DEVELOPMENT	GOBP_REGULATION_OF_CELL_DEVELOPMENT		426	0.35191065	0.92446744	0.6695939	1.0	1.0	1480	tags=20%, list=14%, signal=23%	
HP_MOTOR_SEIZURE	HP_MOTOR_SEIZURE		270	0.36440104	0.9243495	0.6579248	1.0	1.0	1624	tags=18%, list=16%, signal=21%	
HP_MYOCLONIC_SPASMS	HP_MYOCLONIC_SPASMS		16	0.49978012	0.9242411	0.6132075	1.0	1.0	1693	tags=25%, list=16%, signal=30%	
GOMF_ENDONUCLEASE_ACTIVITY	GOMF_ENDONUCLEASE_ACTIVITY		90	0.40397137	0.9239118	0.5982368	1.0	1.0	3504	tags=42%, list=34%, signal=63%	
GOBP_MAST_CELL_ACTIVATION_INVOLVED_IN_IMMUNE_RESPONSE	GOBP_MAST_CELL_ACTIVATION_INVOLVED_IN_IMMUNE_RESPONSE		35	0.44470927	0.9239034	0.58831906	1.0	1.0	921	tags=14%, list=9%, signal=16%	
GOBP_REGULATION_OF_DENDRITE_DEVELOPMENT	GOBP_REGULATION_OF_DENDRITE_DEVELOPMENT		43	0.43328524	0.92357594	0.6	1.0	1.0	2425	tags=37%, list=23%, signal=48%	
GOBP_TISSUE_HOMEOSTASIS	GOBP_TISSUE_HOMEOSTASIS		122	0.3881634	0.92354774	0.5949367	1.0	1.0	1977	tags=24%, list=19%, signal=29%	
GOBP_CELLULAR_RESPONSE_TO_TYPE_II_INTERFERON	GOBP_CELLULAR_RESPONSE_TO_TYPE_II_INTERFERON		62	0.42765918	0.9234763	0.62467533	1.0	1.0	1003	tags=18%, list=10%, signal=20%	
HP_BILATERAL_TALIPES_EQUINOVARUS	HP_BILATERAL_TALIPES_EQUINOVARUS		30	0.45855626	0.9233936	0.5962815	1.0	1.0	30	tags=3%, list=0%, signal=3%	
GOBP_PROTEIN_K63_LINKED_DEUBIQUITINATION	GOBP_PROTEIN_K63_LINKED_DEUBIQUITINATION		19	0.4830123	0.923387	0.5997249	1.0	1.0	1117	tags=16%, list=11%, signal=18%	
GOBP_POSITIVE_REGULATION_OF_TORC1_SIGNALING	GOBP_POSITIVE_REGULATION_OF_TORC1_SIGNALING		39	0.44021645	0.9232272	0.58038145	1.0	1.0	2528	tags=26%, list=24%, signal=34%	
GOBP_RESPONSE_TO_RADIATION	GOBP_RESPONSE_TO_RADIATION		249	0.36392203	0.9226342	0.6627358	1.0	1.0	1681	tags=20%, list=16%, signal=23%	
GOBP_REGULATION_OF_CELLULAR_RESPONSE_TO_OXIDATIVE_STRESS	GOBP_REGULATION_OF_CELLULAR_RESPONSE_TO_OXIDATIVE_STRESS		16	0.49022442	0.92250884	0.5948645	1.0	1.0	1597	tags=25%, list=15%, signal=29%	
GOCC_NEURON_PROJECTION_CYTOPLASM	GOCC_NEURON_PROJECTION_CYTOPLASM		59	0.4205513	0.92250216	0.6023936	1.0	1.0	2560	tags=31%, list=25%, signal=40%	
GOBP_HEMOSTASIS	GOBP_HEMOSTASIS		112	0.39063928	0.9223869	0.62099874	1.0	1.0	683	tags=11%, list=7%, signal=11%	
HP_APLASIA_HYPOPLASIA_OF_THE_CORPUS_CALLOSUM	HP_APLASIA_HYPOPLASIA_OF_THE_CORPUS_CALLOSUM		483	0.34892175	0.9221954	0.6892473	1.0	1.0	1996	tags=19%, list=19%, signal=23%	
GOCC_APICAL_JUNCTION_COMPLEX	GOCC_APICAL_JUNCTION_COMPLEX		64	0.41158426	0.9221077	0.5868726	1.0	1.0	1930	tags=23%, list=18%, signal=29%	
GOBP_POSITIVE_REGULATION_OF_PROTEIN_LOCALIZATION	GOBP_POSITIVE_REGULATION_OF_PROTEIN_LOCALIZATION		251	0.3673094	0.92208785	0.6489988	1.0	1.0	1935	tags=25%, list=19%, signal=31%	
HP_GLUCOSE_INTOLERANCE	HP_GLUCOSE_INTOLERANCE		225	0.36553857	0.92199135	0.6343115	1.0	1.0	1252	tags=20%, list=12%, signal=23%	
HP_ABSENT_SEPTUM_PELLUCIDUM	HP_ABSENT_SEPTUM_PELLUCIDUM		30	0.44788265	0.92197573	0.5983718	1.0	1.0	3133	tags=43%, list=30%, signal=62%	
GOBP_CYTOKINE_PRODUCTION_INVOLVED_IN_IMMUNE_RESPONSE	GOBP_CYTOKINE_PRODUCTION_INVOLVED_IN_IMMUNE_RESPONSE		58	0.42673966	0.9219466	0.6052632	1.0	1.0	1115	tags=24%, list=11%, signal=27%	
GOBP_REGULATION_OF_NEUROTRANSMITTER_TRANSPORT	GOBP_REGULATION_OF_NEUROTRANSMITTER_TRANSPORT		42	0.43901414	0.9218827	0.5923077	1.0	1.0	1099	tags=19%, list=11%, signal=21%	
GOMF_MANNOSYLTRANSFERASE_ACTIVITY	GOMF_MANNOSYLTRANSFERASE_ACTIVITY		20	0.47687408	0.921673	0.5787293	1.0	1.0	3462	tags=40%, list=33%, signal=60%	
HP_PATHOLOGIC_FRACTURE	HP_PATHOLOGIC_FRACTURE		38	0.43840754	0.9214164	0.60194176	1.0	1.0	1779	tags=29%, list=17%, signal=35%	
HP_KYPHOSIS	HP_KYPHOSIS		288	0.3597987	0.9210448	0.665529	1.0	1.0	1773	tags=17%, list=17%, signal=20%	
HP_JAW_HYPERREFLEXIA	HP_JAW_HYPERREFLEXIA		28	0.4642307	0.92087555	0.59864867	1.0	1.0	2016	tags=21%, list=19%, signal=26%	
GOBP_REGULATION_OF_LEUKOCYTE_MIGRATION	GOBP_REGULATION_OF_LEUKOCYTE_MIGRATION		116	0.39295045	0.92076343	0.6181592	1.0	1.0	777	tags=13%, list=7%, signal=14%	
HP_ABNORMAL_CD4_CD8_RATIO	HP_ABNORMAL_CD4_CD8_RATIO		17	0.4962426	0.9207113	0.6144414	1.0	1.0	2644	tags=35%, list=25%, signal=47%	
GOMF_ANTIGEN_BINDING	GOMF_ANTIGEN_BINDING		41	0.44366023	0.92052644	0.6080537	1.0	1.0	1052	tags=24%, list=10%, signal=27%	
HP_APLASIA_HYPOPLASIA_INVOLVING_FOREARM_BONES	HP_APLASIA_HYPOPLASIA_INVOLVING_FOREARM_BONES		57	0.42432776	0.920519	0.5895425	1.0	1.0	1594	tags=21%, list=15%, signal=25%	
GOBP_REGULATION_OF_CALCIUM_MEDIATED_SIGNALING	GOBP_REGULATION_OF_CALCIUM_MEDIATED_SIGNALING		45	0.44067404	0.92050165	0.6164199	1.0	1.0	511	tags=16%, list=5%, signal=16%	
GOBP_CELL_PROJECTION_MORPHOGENESIS	GOBP_CELL_PROJECTION_MORPHOGENESIS		271	0.36406118	0.92040664	0.6647128	1.0	1.0	1198	tags=17%, list=11%, signal=19%	
GOBP_REGULATION_OF_COLLAGEN_METABOLIC_PROCESS	GOBP_REGULATION_OF_COLLAGEN_METABOLIC_PROCESS		18	0.48720932	0.9203475	0.5968661	1.0	1.0	2142	tags=44%, list=21%, signal=56%	
GOBP_REGULATION_OF_MUSCLE_ADAPTATION	GOBP_REGULATION_OF_MUSCLE_ADAPTATION		40	0.43882754	0.9202246	0.60631	1.0	1.0	919	tags=20%, list=9%, signal=22%	
GOMF_UBIQUITIN_LIKE_PROTEIN_PEPTIDASE_ACTIVITY	GOMF_UBIQUITIN_LIKE_PROTEIN_PEPTIDASE_ACTIVITY		78	0.40780807	0.920218	0.60301507	1.0	1.0	1340	tags=13%, list=13%, signal=15%	
HP_TICS	HP_TICS		15	0.48815566	0.9200988	0.5772595	1.0	1.0	3692	tags=67%, list=35%, signal=103%	
GOMF_TRANSLATION_REGULATOR_ACTIVITY	GOMF_TRANSLATION_REGULATOR_ACTIVITY		42	0.4352191	0.9198843	0.6271871	1.0	1.0	1068	tags=17%, list=10%, signal=18%	
GOBP_REGULATION_OF_PROTEIN_IMPORT_INTO_NUCLEUS	GOBP_REGULATION_OF_PROTEIN_IMPORT_INTO_NUCLEUS		40	0.43605188	0.91969544	0.60264903	1.0	1.0	1878	tags=28%, list=18%, signal=33%	
HP_IMPAIRMENT_IN_PERSONALITY_FUNCTIONING	HP_IMPAIRMENT_IN_PERSONALITY_FUNCTIONING		138	0.38175172	0.9196765	0.6294479	1.0	1.0	1438	tags=16%, list=14%, signal=18%	
GOBP_REGULATION_OF_LEUKOCYTE_MEDIATED_IMMUNITY	GOBP_REGULATION_OF_LEUKOCYTE_MEDIATED_IMMUNITY		142	0.38480273	0.9194483	0.63533837	1.0	1.0	1004	tags=15%, list=10%, signal=17%	
GOBP_REGULATION_OF_LYMPHOCYTE_MEDIATED_IMMUNITY	GOBP_REGULATION_OF_LYMPHOCYTE_MEDIATED_IMMUNITY		107	0.39666206	0.91917825	0.6052963	1.0	1.0	1115	tags=16%, list=11%, signal=18%	
HP_CENTRAL_HYPOTHYROIDISM	HP_CENTRAL_HYPOTHYROIDISM		29	0.4515182	0.91873085	0.5704961	1.0	1.0	1325	tags=28%, list=13%, signal=32%	
HP_VISUAL_HALLUCINATION	HP_VISUAL_HALLUCINATION		18	0.47952682	0.9185452	0.5840336	1.0	1.0	1377	tags=22%, list=13%, signal=26%	
GOBP_NEGATIVE_REGULATION_OF_APOPTOTIC_SIGNALING_PATHWAY	GOBP_NEGATIVE_REGULATION_OF_APOPTOTIC_SIGNALING_PATHWAY		136	0.3867214	0.91847014	0.64504284	1.0	1.0	1455	tags=24%, list=14%, signal=28%	
GOBP_HORMONE_MEDIATED_SIGNALING_PATHWAY	GOBP_HORMONE_MEDIATED_SIGNALING_PATHWAY		123	0.3902626	0.91844195	0.62608695	1.0	1.0	1314	tags=16%, list=13%, signal=18%	
HP_MEDIASTINAL_LYMPHADENOPATHY	HP_MEDIASTINAL_LYMPHADENOPATHY		25	0.46781918	0.9183856	0.5872576	1.0	1.0	824	tags=24%, list=8%, signal=26%	
HP_APLASIA_HYPOPLASIA_INVOLVING_THE_FEMORAL_HEAD_AND_NECK	HP_APLASIA_HYPOPLASIA_INVOLVING_THE_FEMORAL_HEAD_AND_NECK		28	0.46383336	0.9183357	0.594046	1.0	1.0	3893	tags=61%, list=37%, signal=97%	
HP_DEPRESSION	HP_DEPRESSION		242	0.3621521	0.9182456	0.65433526	1.0	1.0	1142	tags=15%, list=11%, signal=17%	
GOBP_NEUROTRANSMITTER_TRANSPORT	GOBP_NEUROTRANSMITTER_TRANSPORT		84	0.40995133	0.91813684	0.6287193	1.0	1.0	915	tags=12%, list=9%, signal=13%	
HP_ARACHNODACTYLY	HP_ARACHNODACTYLY		69	0.4133713	0.91810685	0.62418723	1.0	1.0	2103	tags=26%, list=20%, signal=32%	
HP_ABNORMAL_BLOOD_MONOVALENT_INORGANIC_CATION_CONCENTRATION	HP_ABNORMAL_BLOOD_MONOVALENT_INORGANIC_CATION_CONCENTRATION		71	0.40866652	0.91807157	0.61419356	1.0	1.0	1624	tags=20%, list=16%, signal=23%	
HP_AGITATION	HP_AGITATION		50	0.43160954	0.91806847	0.61445785	1.0	1.0	814	tags=18%, list=8%, signal=19%	
GOBP_NUCLEAR_EXPORT	GOBP_NUCLEAR_EXPORT		137	0.3824277	0.9180486	0.6353523	1.0	1.0	1383	tags=20%, list=13%, signal=23%	
GOCC_POSTSYNAPTIC_MEMBRANE	GOCC_POSTSYNAPTIC_MEMBRANE		70	0.41425148	0.91802436	0.62288684	1.0	1.0	2296	tags=23%, list=22%, signal=29%	
HP_PERIVENTRICULAR_LEUKOMALACIA	HP_PERIVENTRICULAR_LEUKOMALACIA		35	0.4464429	0.9178435	0.6013158	1.0	1.0	1237	tags=23%, list=12%, signal=26%	
HP_ABNORMAL_NIPPLE_MORPHOLOGY	HP_ABNORMAL_NIPPLE_MORPHOLOGY		166	0.37646002	0.9178022	0.63003665	1.0	1.0	1635	tags=21%, list=16%, signal=25%	
GOMF_SIGNAL_SEQUENCE_BINDING	GOMF_SIGNAL_SEQUENCE_BINDING		33	0.44322565	0.91776234	0.58964145	1.0	1.0	3353	tags=33%, list=32%, signal=49%	
GOCC_KINESIN_COMPLEX	GOCC_KINESIN_COMPLEX		28	0.45502126	0.91775715	0.5978695	1.0	1.0	2005	tags=25%, list=19%, signal=31%	
GOMF_MONOCARBOXYLIC_ACID_TRANSMEMBRANE_TRANSPORTER_ACTIVITY	GOMF_MONOCARBOXYLIC_ACID_TRANSMEMBRANE_TRANSPORTER_ACTIVITY		26	0.46576166	0.91760415	0.59945875	1.0	1.0	1204	tags=19%, list=12%, signal=22%	
HP_GLOMERULOPATHY	HP_GLOMERULOPATHY		24	0.46729675	0.9170645	0.592643	1.0	1.0	583	tags=21%, list=6%, signal=22%	
GOCC_PLASMA_MEMBRANE_REGION	GOCC_PLASMA_MEMBRANE_REGION		460	0.35312775	0.9170553	0.69588745	1.0	1.0	1950	tags=19%, list=19%, signal=23%	
HP_ABNORMAL_MONOCYTE_COUNT	HP_ABNORMAL_MONOCYTE_COUNT		18	0.48890105	0.91679794	0.61290324	1.0	1.0	90	tags=6%, list=1%, signal=6%	
GOBP_SCHWANN_CELL_DIFFERENTIATION	GOBP_SCHWANN_CELL_DIFFERENTIATION		25	0.46776077	0.91674185	0.6023936	1.0	1.0	2495	tags=32%, list=24%, signal=42%	
GOMF_LIGASE_ACTIVITY	GOMF_LIGASE_ACTIVITY		98	0.39528623	0.91655177	0.627204	1.0	1.0	3110	tags=26%, list=30%, signal=36%	
HP_VENTRICULAR_TACHYCARDIA	HP_VENTRICULAR_TACHYCARDIA		26	0.46175128	0.9164314	0.6069057	1.0	1.0	884	tags=31%, list=8%, signal=34%	
GOBP_DETECTION_OF_MECHANICAL_STIMULUS	GOBP_DETECTION_OF_MECHANICAL_STIMULUS		19	0.47670692	0.9164023	0.59470755	1.0	1.0	3835	tags=53%, list=37%, signal=83%	
GOBP_INNER_EAR_AUDITORY_RECEPTOR_CELL_DIFFERENTIATION	GOBP_INNER_EAR_AUDITORY_RECEPTOR_CELL_DIFFERENTIATION		17	0.49058512	0.91629994	0.5958904	1.0	1.0	1807	tags=29%, list=17%, signal=36%	
GOBP_NOTCH_SIGNALING_PATHWAY	GOBP_NOTCH_SIGNALING_PATHWAY		82	0.40786505	0.91627324	0.6286812	1.0	1.0	642	tags=7%, list=6%, signal=8%	
GOBP_REGULATION_OF_PROTEOLYSIS_INVOLVED_IN_PROTEIN_CATABOLIC_PROCESS	GOBP_REGULATION_OF_PROTEOLYSIS_INVOLVED_IN_PROTEIN_CATABOLIC_PROCESS		188	0.37439066	0.9162425	0.6493976	1.0	1.0	2237	tags=28%, list=21%, signal=35%	
HP_TELECANTHUS	HP_TELECANTHUS		106	0.3960273	0.9158944	0.6237374	1.0	1.0	1598	tags=20%, list=15%, signal=23%	
GOBP_CHONDROCYTE_DEVELOPMENT	GOBP_CHONDROCYTE_DEVELOPMENT		18	0.48132446	0.9158317	0.59343797	1.0	1.0	2146	tags=50%, list=21%, signal=63%	
GOBP_MONONUCLEAR_CELL_MIGRATION	GOBP_MONONUCLEAR_CELL_MIGRATION		121	0.39079106	0.9156548	0.6276202	1.0	1.0	587	tags=12%, list=6%, signal=13%	
HP_APLASIA_HYPOPLASIA_AFFECTING_THE_EYE	HP_APLASIA_HYPOPLASIA_AFFECTING_THE_EYE		265	0.35962293	0.91518867	0.64334863	1.0	1.0	2063	tags=22%, list=20%, signal=27%	
HP_ENAMEL_HYPOPLASIA	HP_ENAMEL_HYPOPLASIA		50	0.42334467	0.915162	0.6196808	1.0	1.0	1693	tags=24%, list=16%, signal=29%	
HP_SIMPLE_FEBRILE_SEIZURE	HP_SIMPLE_FEBRILE_SEIZURE		16	0.48074776	0.9150023	0.6	1.0	1.0	2836	tags=38%, list=27%, signal=51%	
HP_ABNORMAL_HEART_VALVE_MORPHOLOGY	HP_ABNORMAL_HEART_VALVE_MORPHOLOGY		221	0.36860198	0.9149179	0.6447059	1.0	1.0	1594	tags=16%, list=15%, signal=18%	
GOBP_L_AMINO_ACID_METABOLIC_PROCESS	GOBP_L_AMINO_ACID_METABOLIC_PROCESS		94	0.40006316	0.9148573	0.60819465	1.0	1.0	1795	tags=17%, list=17%, signal=20%	
GOBP_CALCIUM_ION_TRANSPORT	GOBP_CALCIUM_ION_TRANSPORT		156	0.37493464	0.91466886	0.6418269	1.0	1.0	1154	tags=19%, list=11%, signal=21%	
GOCC_9PLUS2_MOTILE_CILIUM	GOCC_9PLUS2_MOTILE_CILIUM		68	0.41244048	0.9141355	0.60657895	1.0	1.0	956	tags=21%, list=9%, signal=23%	
HP_ABNORMAL_LONG_BONE_MORPHOLOGY	HP_ABNORMAL_LONG_BONE_MORPHOLOGY		495	0.3473956	0.9141145	0.7153598	1.0	1.0	1719	tags=17%, list=16%, signal=20%	
GOBP_FEMALE_GAMETE_GENERATION	GOBP_FEMALE_GAMETE_GENERATION		78	0.4029973	0.91408485	0.63371354	1.0	1.0	1364	tags=17%, list=13%, signal=19%	
HP_LATE_YOUNG_ADULT_ONSET	HP_LATE_YOUNG_ADULT_ONSET		24	0.46809277	0.9138227	0.6163435	1.0	1.0	2871	tags=29%, list=27%, signal=40%	
HP_IMMUNODEFICIENCY	HP_IMMUNODEFICIENCY		158	0.373707	0.9138082	0.63827163	1.0	1.0	1502	tags=20%, list=14%, signal=23%	
GOCC_POSTSYNAPTIC_ENDOSOME	GOCC_POSTSYNAPTIC_ENDOSOME		16	0.4891073	0.9136112	0.60347325	1.0	1.0	1332	tags=13%, list=13%, signal=14%	
HP_ECTRODACTYLY	HP_ECTRODACTYLY		40	0.43746674	0.9135783	0.6106667	1.0	1.0	1719	tags=30%, list=16%, signal=36%	
GOBP_HEAD_MORPHOGENESIS	GOBP_HEAD_MORPHOGENESIS		18	0.4862414	0.91316044	0.60164833	1.0	1.0	1507	tags=33%, list=14%, signal=39%	
HP_EEG_WITH_MULTIFOCAL_SLOW_ACTIVITY	HP_EEG_WITH_MULTIFOCAL_SLOW_ACTIVITY		18	0.4873758	0.91305214	0.6180082	1.0	1.0	2984	tags=28%, list=29%, signal=39%	
HP_FATIGABLE_WEAKNESS_OF_SKELETAL_MUSCLES	HP_FATIGABLE_WEAKNESS_OF_SKELETAL_MUSCLES		22	0.4671072	0.91278607	0.6030429	1.0	1.0	3071	tags=36%, list=29%, signal=51%	
GOBP_CELLULAR_RESPONSE_TO_IONIZING_RADIATION	GOBP_CELLULAR_RESPONSE_TO_IONIZING_RADIATION		51	0.43050665	0.9125328	0.6394737	1.0	1.0	743	tags=12%, list=7%, signal=13%	
GOBP_REGULATION_OF_CELLULAR_RESPONSE_TO_GROWTH_FACTOR_STIMULUS	GOBP_REGULATION_OF_CELLULAR_RESPONSE_TO_GROWTH_FACTOR_STIMULUS		147	0.3774156	0.9124924	0.66463417	1.0	1.0	1566	tags=21%, list=15%, signal=24%	
GOBP_POSITIVE_REGULATION_OF_IMMUNE_EFFECTOR_PROCESS	GOBP_POSITIVE_REGULATION_OF_IMMUNE_EFFECTOR_PROCESS		144	0.37996587	0.9123268	0.64363635	1.0	1.0	995	tags=17%, list=10%, signal=18%	
GOBP_VASCULAR_ENDOTHELIAL_GROWTH_FACTOR_RECEPTOR_SIGNALING_PATHWAY	GOBP_VASCULAR_ENDOTHELIAL_GROWTH_FACTOR_RECEPTOR_SIGNALING_PATHWAY		26	0.46324638	0.91178834	0.6167582	1.0	1.0	2305	tags=38%, list=22%, signal=49%	
GOBP_REGULATION_OF_EXTRINSIC_APOPTOTIC_SIGNALING_PATHWAY	GOBP_REGULATION_OF_EXTRINSIC_APOPTOTIC_SIGNALING_PATHWAY		93	0.39430153	0.91173285	0.61837	1.0	1.0	824	tags=14%, list=8%, signal=15%	
GOBP_REGULATION_OF_CELLULAR_SENESCENCE	GOBP_REGULATION_OF_CELLULAR_SENESCENCE		27	0.45375568	0.9117196	0.6005472	1.0	1.0	743	tags=15%, list=7%, signal=16%	
GOBP_MYELOID_CELL_DEVELOPMENT	GOBP_MYELOID_CELL_DEVELOPMENT		63	0.41409594	0.9117082	0.6279683	1.0	1.0	1237	tags=21%, list=12%, signal=23%	
HP_COUGH	HP_COUGH		93	0.39769945	0.911509	0.6217949	1.0	1.0	1596	tags=20%, list=15%, signal=24%	
HP_ABNORMALITY_OF_ADRENAL_PHYSIOLOGY	HP_ABNORMALITY_OF_ADRENAL_PHYSIOLOGY		63	0.41317055	0.9114265	0.6225426	1.0	1.0	2031	tags=24%, list=19%, signal=29%	
GOBP_POSTSYNAPSE_ASSEMBLY	GOBP_POSTSYNAPSE_ASSEMBLY		31	0.44607756	0.9106515	0.6080537	1.0	1.0	1452	tags=19%, list=14%, signal=22%	
GOBP_AMYLOID_FIBRIL_FORMATION	GOBP_AMYLOID_FIBRIL_FORMATION		25	0.46794266	0.9106266	0.61329716	1.0	1.0	722	tags=20%, list=7%, signal=21%	
GOBP_CYTOSKELETON_DEPENDENT_CYTOKINESIS	GOBP_CYTOSKELETON_DEPENDENT_CYTOKINESIS		88	0.40078503	0.91049534	0.61060804	1.0	1.0	1615	tags=18%, list=15%, signal=21%	
GOBP_REGULATION_OF_T_HELPER_CELL_DIFFERENTIATION	GOBP_REGULATION_OF_T_HELPER_CELL_DIFFERENTIATION		32	0.45061567	0.9103396	0.61303747	1.0	1.0	797	tags=25%, list=8%, signal=27%	
HP_ENLARGED_KIDNEY	HP_ENLARGED_KIDNEY		34	0.45053077	0.9099853	0.6148825	1.0	1.0	3256	tags=38%, list=31%, signal=55%	
HP_LOSS_OF_AMBULATION	HP_LOSS_OF_AMBULATION		104	0.39042187	0.90982157	0.6369193	1.0	1.0	922	tags=10%, list=9%, signal=10%	
HP_CHRONIC_KIDNEY_DISEASE	HP_CHRONIC_KIDNEY_DISEASE		123	0.38676167	0.9097598	0.64400494	1.0	1.0	1202	tags=10%, list=12%, signal=11%	
GOBP_BODY_MORPHOGENESIS	GOBP_BODY_MORPHOGENESIS		23	0.45875576	0.9092111	0.613986	1.0	1.0	1507	tags=26%, list=14%, signal=30%	
GOMF_TRANSFERASE_ACTIVITY_TRANSFERRING_ONE_CARBON_GROUPS	GOMF_TRANSFERASE_ACTIVITY_TRANSFERRING_ONE_CARBON_GROUPS		149	0.37956694	0.9090419	0.6329723	1.0	1.0	1795	tags=11%, list=17%, signal=14%	
GOMF_PROTEIN_PHOSPHATASE_ACTIVATOR_ACTIVITY	GOMF_PROTEIN_PHOSPHATASE_ACTIVATOR_ACTIVITY		19	0.4718319	0.90879065	0.5882353	1.0	1.0	1381	tags=26%, list=13%, signal=30%	
HP_POSTAXIAL_POLYDACTYLY	HP_POSTAXIAL_POLYDACTYLY		86	0.40234116	0.9086673	0.62582344	1.0	1.0	2326	tags=20%, list=22%, signal=25%	
GOBP_REGULATION_OF_ENDOCRINE_PROCESS	GOBP_REGULATION_OF_ENDOCRINE_PROCESS		15	0.48610282	0.9085569	0.60251045	1.0	1.0	1871	tags=40%, list=18%, signal=49%	
GOMF_NUCLEAR_THYROID_HORMONE_RECEPTOR_BINDING	GOMF_NUCLEAR_THYROID_HORMONE_RECEPTOR_BINDING		22	0.4657234	0.90847975	0.6170799	1.0	1.0	1792	tags=27%, list=17%, signal=33%	
GOBP_POSITIVE_REGULATION_OF_LYMPHOCYTE_MIGRATION	GOBP_POSITIVE_REGULATION_OF_LYMPHOCYTE_MIGRATION		23	0.46149763	0.9084038	0.5964912	1.0	1.0	777	tags=13%, list=7%, signal=14%	
GOBP_PRODUCTION_OF_MOLECULAR_MEDIATOR_OF_IMMUNE_RESPONSE	GOBP_PRODUCTION_OF_MOLECULAR_MEDIATOR_OF_IMMUNE_RESPONSE		122	0.38550988	0.90835387	0.64728194	1.0	1.0	995	tags=17%, list=10%, signal=19%	
GOBP_NEGATIVE_REGULATION_OF_ALPHA_BETA_T_CELL_DIFFERENTIATION	GOBP_NEGATIVE_REGULATION_OF_ALPHA_BETA_T_CELL_DIFFERENTIATION		20	0.47773856	0.90801233	0.5978112	1.0	1.0	1785	tags=30%, list=17%, signal=36%	
HP_FOCAL_ONSET_SEIZURE	HP_FOCAL_ONSET_SEIZURE		190	0.3681298	0.90790504	0.6515513	1.0	1.0	1251	tags=14%, list=12%, signal=16%	
HP_RECURRENT_RESPIRATORY_INFECTIONS	HP_RECURRENT_RESPIRATORY_INFECTIONS		391	0.3480782	0.90778625	0.6743421	1.0	1.0	1596	tags=18%, list=15%, signal=21%	
GOBP_CELL_FATE_COMMITMENT	GOBP_CELL_FATE_COMMITMENT		90	0.39588827	0.9077645	0.641129	1.0	1.0	873	tags=13%, list=8%, signal=14%	
GOBP_POSITIVE_REGULATION_OF_HEMOPOIESIS	GOBP_POSITIVE_REGULATION_OF_HEMOPOIESIS		122	0.38613924	0.9075189	0.6460957	1.0	1.0	1123	tags=20%, list=11%, signal=23%	
GOMF_MONOATOMIC_CATION_CHANNEL_ACTIVITY	GOMF_MONOATOMIC_CATION_CHANNEL_ACTIVITY		74	0.40800285	0.90736794	0.6414853	1.0	1.0	1101	tags=14%, list=11%, signal=15%	
GOMF_SULFUR_COMPOUND_TRANSMEMBRANE_TRANSPORTER_ACTIVITY	GOMF_SULFUR_COMPOUND_TRANSMEMBRANE_TRANSPORTER_ACTIVITY		32	0.44083932	0.9073269	0.62091506	1.0	1.0	1095	tags=13%, list=10%, signal=14%	
GOBP_REGULATION_OF_RNA_SPLICING	GOBP_REGULATION_OF_RNA_SPLICING		136	0.37640437	0.9072428	0.64014685	1.0	1.0	1438	tags=23%, list=14%, signal=26%	
GOCC_RUFFLE	GOCC_RUFFLE		122	0.38732192	0.9072117	0.6553809	1.0	1.0	1510	tags=21%, list=14%, signal=25%	
HP_MILD_GLOBAL_DEVELOPMENTAL_DELAY	HP_MILD_GLOBAL_DEVELOPMENTAL_DELAY		49	0.42356235	0.9069721	0.6239782	1.0	1.0	504	tags=8%, list=5%, signal=9%	
HP_LIMB_JOINT_CONTRACTURE	HP_LIMB_JOINT_CONTRACTURE		277	0.35673508	0.9069555	0.6924829	1.0	1.0	994	tags=9%, list=10%, signal=9%	
GOBP_L_ALPHA_AMINO_ACID_TRANSMEMBRANE_TRANSPORT	GOBP_L_ALPHA_AMINO_ACID_TRANSMEMBRANE_TRANSPORT		37	0.43627092	0.9069263	0.626703	1.0	1.0	432	tags=8%, list=4%, signal=8%	
HP_ABNORMALITY_OF_NEURONAL_MIGRATION	HP_ABNORMALITY_OF_NEURONAL_MIGRATION		301	0.35583228	0.90692466	0.70068026	1.0	1.0	2307	tags=24%, list=22%, signal=29%	
HP_PRIMARY_MICROCEPHALY	HP_PRIMARY_MICROCEPHALY		67	0.4044571	0.90682554	0.62090683	1.0	1.0	1991	tags=27%, list=19%, signal=33%	
GOMF_HISTONE_DEACETYLASE_BINDING	GOMF_HISTONE_DEACETYLASE_BINDING		78	0.4001822	0.90636885	0.6338939	1.0	1.0	1744	tags=22%, list=17%, signal=26%	
HP_HYPERREFLEXIA	HP_HYPERREFLEXIA		500	0.3439728	0.9063251	0.7371865	1.0	1.0	1644	tags=17%, list=16%, signal=19%	
HP_ANEMIA_DUE_TO_REDUCED_LIFE_SPAN_OF_RED_CELLS	HP_ANEMIA_DUE_TO_REDUCED_LIFE_SPAN_OF_RED_CELLS		98	0.39646158	0.906187	0.6450777	1.0	1.0	2142	tags=26%, list=21%, signal=32%	
GOBP_POSITIVE_REGULATION_OF_SMALL_GTPASE_MEDIATED_SIGNAL_TRANSDUCTION	GOBP_POSITIVE_REGULATION_OF_SMALL_GTPASE_MEDIATED_SIGNAL_TRANSDUCTION		35	0.43855098	0.9059604	0.62101066	1.0	1.0	3314	tags=46%, list=32%, signal=67%	
HP_DEVIATION_OF_THE_THUMB	HP_DEVIATION_OF_THE_THUMB		33	0.44383705	0.9057519	0.61134166	1.0	1.0	892	tags=24%, list=9%, signal=26%	
GOBP_NERVOUS_SYSTEM_PROCESS	GOBP_NERVOUS_SYSTEM_PROCESS		390	0.3485973	0.9057168	0.72307694	1.0	1.0	1977	tags=22%, list=19%, signal=26%	
GOCC_ORGANELLAR_RIBOSOME	GOCC_ORGANELLAR_RIBOSOME		69	0.40953943	0.90571326	0.6351531	1.0	1.0	2630	tags=39%, list=25%, signal=52%	
HP_INSOMNIA	HP_INSOMNIA		42	0.42917073	0.9056959	0.6313726	1.0	1.0	1024	tags=17%, list=10%, signal=18%	
GOBP_ENDOCYTOSIS	GOBP_ENDOCYTOSIS		421	0.34801367	0.90558463	0.72017354	1.0	1.0	1537	tags=18%, list=15%, signal=20%	
GOBP_PIGMENT_BIOSYNTHETIC_PROCESS	GOBP_PIGMENT_BIOSYNTHETIC_PROCESS		34	0.44214717	0.9055671	0.608871	1.0	1.0	3019	tags=35%, list=29%, signal=49%	
HP_WEIGHT_LOSS	HP_WEIGHT_LOSS		259	0.35734805	0.90553105	0.70057803	1.0	1.0	1594	tags=20%, list=15%, signal=23%	
HP_ABNORMAL_TOE_MORPHOLOGY	HP_ABNORMAL_TOE_MORPHOLOGY		449	0.34361008	0.9055157	0.71827954	1.0	1.0	2373	tags=26%, list=23%, signal=32%	
HP_DIFFUSE_ALVEOLAR_HEMORRHAGE	HP_DIFFUSE_ALVEOLAR_HEMORRHAGE		17	0.48902363	0.90546423	0.6359773	1.0	1.0	685	tags=29%, list=7%, signal=31%	
GOBP_REGULATION_OF_CELL_GROWTH	GOBP_REGULATION_OF_CELL_GROWTH		202	0.36338547	0.9054397	0.6599526	1.0	1.0	1869	tags=24%, list=18%, signal=28%	
GOCC_SPERM_PRINCIPAL_PIECE	GOCC_SPERM_PRINCIPAL_PIECE		18	0.4765045	0.90542746	0.6352289	1.0	1.0	422	tags=11%, list=4%, signal=12%	
HP_ABNORMAL_MYELINATION	HP_ABNORMAL_MYELINATION		410	0.3489771	0.9053762	0.72598255	0.9998449	1.0	1568	tags=17%, list=15%, signal=19%	
GOMF_ENZYME_INHIBITOR_ACTIVITY	GOMF_ENZYME_INHIBITOR_ACTIVITY		235	0.36117196	0.90510195	0.69203746	1.0	1.0	1034	tags=18%, list=10%, signal=19%	
GOBP_HIPPO_SIGNALING	GOBP_HIPPO_SIGNALING		40	0.43357563	0.905054	0.6068027	0.99986434	1.0	2939	tags=33%, list=28%, signal=45%	
HP_HYPSARRHYTHMIA	HP_HYPSARRHYTHMIA		102	0.39230517	0.9046928	0.6360153	1.0	1.0	1624	tags=20%, list=16%, signal=23%	
HP_INVOLUNTARY_VOCALIZATION	HP_INVOLUNTARY_VOCALIZATION		35	0.4425251	0.9043202	0.63733333	1.0	1.0	839	tags=9%, list=8%, signal=9%	
GOMF_RIBOSOMAL_SMALL_SUBUNIT_BINDING	GOMF_RIBOSOMAL_SMALL_SUBUNIT_BINDING		17	0.48165607	0.9040963	0.58716875	1.0	1.0	1457	tags=29%, list=14%, signal=34%	
GOBP_BONE_REMODELING	GOBP_BONE_REMODELING		42	0.43274623	0.9037292	0.63671875	1.0	1.0	2164	tags=24%, list=21%, signal=30%	
GOBP_SECRETION	GOBP_SECRETION		449	0.34490392	0.9035962	0.74070024	1.0	1.0	2016	tags=23%, list=19%, signal=27%	
HP_ABNORMAL_VERTEBRAL_MORPHOLOGY	HP_ABNORMAL_VERTEBRAL_MORPHOLOGY		265	0.3573393	0.9035029	0.69284064	1.0	1.0	1642	tags=13%, list=16%, signal=15%	
GOCC_CILIARY_MEMBRANE	GOCC_CILIARY_MEMBRANE		31	0.44632226	0.90318155	0.6327078	1.0	1.0	2031	tags=19%, list=19%, signal=24%	
HP_CORTICAL_DYSPLASIA	HP_CORTICAL_DYSPLASIA		30	0.45109928	0.903017	0.6424802	1.0	1.0	1134	tags=23%, list=11%, signal=26%	
GOMF_OXIDOREDUCTASE_ACTIVITY_ACTING_ON_THE_ALDEHYDE_OR_OXO_GROUP_OF_DONORS_NAD_OR_NADP_AS_ACCEPTOR	GOMF_OXIDOREDUCTASE_ACTIVITY_ACTING_ON_THE_ALDEHYDE_OR_OXO_GROUP_OF_DONORS_NAD_OR_NADP_AS_ACCEPTOR		19	0.46904945	0.9029429	0.6099585	1.0	1.0	1611	tags=32%, list=15%, signal=37%	
GOBP_NEGATIVE_REGULATION_OF_WNT_SIGNALING_PATHWAY	GOBP_NEGATIVE_REGULATION_OF_WNT_SIGNALING_PATHWAY		72	0.40204224	0.90269804	0.6394472	1.0	1.0	968	tags=11%, list=9%, signal=12%	
GOBP_INNER_EAR_MORPHOGENESIS	GOBP_INNER_EAR_MORPHOGENESIS		32	0.43933603	0.90269166	0.6137931	1.0	1.0	2033	tags=34%, list=19%, signal=43%	
GOMF_NUCLEOSIDE_TRIPHOSPHATASE_REGULATOR_ACTIVITY	GOMF_NUCLEOSIDE_TRIPHOSPHATASE_REGULATOR_ACTIVITY		303	0.35498697	0.9024101	0.6973533	1.0	1.0	1625	tags=16%, list=16%, signal=18%	
HP_ABNORMAL_CIRCULATING_C_REACTIVE_PROTEIN_CONCENTRATION	HP_ABNORMAL_CIRCULATING_C_REACTIVE_PROTEIN_CONCENTRATION		53	0.4180441	0.9022479	0.63648295	1.0	1.0	583	tags=13%, list=6%, signal=14%	
GOBP_ENDOCYTIC_RECYCLING	GOBP_ENDOCYTIC_RECYCLING		73	0.39905328	0.90214276	0.6411917	1.0	1.0	1635	tags=15%, list=16%, signal=18%	
GOMF_DEUBIQUITINASE_ACTIVITY	GOMF_DEUBIQUITINASE_ACTIVITY		69	0.39808658	0.90200037	0.65526676	1.0	1.0	1340	tags=13%, list=13%, signal=15%	
GOBP_NEGATIVE_REGULATION_OF_INTRACELLULAR_SIGNAL_TRANSDUCTION	GOBP_NEGATIVE_REGULATION_OF_INTRACELLULAR_SIGNAL_TRANSDUCTION		464	0.34384674	0.90195197	0.7303128	1.0	1.0	1176	tags=13%, list=11%, signal=13%	
HP_CARDIOMEGALY	HP_CARDIOMEGALY		85	0.39831915	0.90193534	0.6383266	1.0	1.0	1491	tags=15%, list=14%, signal=18%	
HP_MACROTIA	HP_MACROTIA		171	0.37257326	0.9019087	0.6641883	1.0	1.0	1407	tags=13%, list=13%, signal=15%	
GOBP_POSITIVE_REGULATION_OF_PEPTIDE_SECRETION	GOBP_POSITIVE_REGULATION_OF_PEPTIDE_SECRETION		43	0.42351148	0.90185463	0.64912283	1.0	1.0	1935	tags=23%, list=19%, signal=28%	
GOCC_BASAL_PART_OF_CELL	GOCC_BASAL_PART_OF_CELL		123	0.37889716	0.9018462	0.67540574	1.0	1.0	1892	tags=18%, list=18%, signal=22%	
GOBP_CELLULAR_RESPONSE_TO_CHEMICAL_STRESS	GOBP_CELLULAR_RESPONSE_TO_CHEMICAL_STRESS		209	0.3664086	0.90183425	0.6868327	1.0	1.0	1883	tags=22%, list=18%, signal=26%	
GOCC_PHOTORECEPTOR_OUTER_SEGMENT	GOCC_PHOTORECEPTOR_OUTER_SEGMENT		33	0.43759435	0.9016817	0.61238223	1.0	1.0	1824	tags=27%, list=17%, signal=33%	
HP_NON_MENDELIAN_INHERITANCE	HP_NON_MENDELIAN_INHERITANCE		42	0.42461526	0.90160066	0.6261203	0.9999843	1.0	1094	tags=17%, list=10%, signal=19%	
GOMF_POLYPEPTIDE_CONFORMATION_OR_ASSEMBLY_ISOMERASE_ACTIVITY	GOMF_POLYPEPTIDE_CONFORMATION_OR_ASSEMBLY_ISOMERASE_ACTIVITY		56	0.42010516	0.90137136	0.62299466	1.0	1.0	1683	tags=20%, list=16%, signal=23%	
GOBP_REGULATION_OF_PROTEIN_POLYUBIQUITINATION	GOBP_REGULATION_OF_PROTEIN_POLYUBIQUITINATION		17	0.4703873	0.9012865	0.5986014	1.0	1.0	411	tags=12%, list=4%, signal=12%	
HP_PATENT_DUCTUS_ARTERIOSUS	HP_PATENT_DUCTUS_ARTERIOSUS		256	0.3598622	0.9011503	0.68969554	0.9999708	1.0	1626	tags=19%, list=16%, signal=22%	
HP_ERYTHRODERMA	HP_ERYTHRODERMA		33	0.44360197	0.9008984	0.60657895	1.0	1.0	1525	tags=24%, list=15%, signal=28%	
HP_PUBERTY_AND_GONADAL_DISORDERS	HP_PUBERTY_AND_GONADAL_DISORDERS		319	0.35195553	0.90057296	0.6996663	1.0	1.0	1693	tags=19%, list=16%, signal=22%	
HP_WIDELY_SPACED_TEETH	HP_WIDELY_SPACED_TEETH		84	0.39602152	0.90042365	0.6451613	1.0	1.0	1593	tags=19%, list=15%, signal=22%	
HP_CHIARI_TYPE_I_MALFORMATION	HP_CHIARI_TYPE_I_MALFORMATION		28	0.44945955	0.90026116	0.61202186	1.0	1.0	1610	tags=25%, list=15%, signal=29%	
GOBP_GLIAL_CELL_MIGRATION	GOBP_GLIAL_CELL_MIGRATION		25	0.45936942	0.9001441	0.63559324	1.0	1.0	777	tags=12%, list=7%, signal=13%	
GOBP_CELLULAR_HOMEOSTASIS	GOBP_CELLULAR_HOMEOSTASIS		408	0.34329036	0.89981836	0.74122804	1.0	1.0	1940	tags=24%, list=19%, signal=28%	
HP_RED_EYE	HP_RED_EYE		82	0.39666897	0.8992242	0.64728683	1.0	1.0	1779	tags=29%, list=17%, signal=35%	
GOMF_PROTEIN_KINASE_ACTIVITY	GOMF_PROTEIN_KINASE_ACTIVITY		328	0.35156676	0.89912367	0.6984127	1.0	1.0	2142	tags=21%, list=21%, signal=26%	
GOBP_CELLULAR_RESPONSE_TO_LIGHT_STIMULUS	GOBP_CELLULAR_RESPONSE_TO_LIGHT_STIMULUS		68	0.40746766	0.8989561	0.6485411	1.0	1.0	1681	tags=24%, list=16%, signal=28%	
HP_DYSPHONIA	HP_DYSPHONIA		97	0.39052337	0.89866483	0.6653846	1.0	1.0	353	tags=4%, list=3%, signal=4%	
HP_SEVERE_INTELLECTUAL_DISABILITY	HP_SEVERE_INTELLECTUAL_DISABILITY		244	0.3552674	0.8986535	0.71012807	1.0	1.0	2301	tags=23%, list=22%, signal=29%	
HP_ABNORMAL_TRACHEAL_MORPHOLOGY	HP_ABNORMAL_TRACHEAL_MORPHOLOGY		105	0.38563332	0.89865047	0.6636829	1.0	1.0	1993	tags=25%, list=19%, signal=30%	
HP_ABSENT_SPEECH	HP_ABSENT_SPEECH		265	0.35365388	0.8985626	0.7050691	1.0	1.0	1579	tags=15%, list=15%, signal=17%	
GOCC_TERMINAL_BOUTON	GOCC_TERMINAL_BOUTON		15	0.48481622	0.8983742	0.614011	1.0	1.0	371	tags=13%, list=4%, signal=14%	
HP_ABNORMAL_CORNEAL_EPITHELIUM_MORPHOLOGY	HP_ABNORMAL_CORNEAL_EPITHELIUM_MORPHOLOGY		71	0.40634382	0.89795697	0.6556544	1.0	1.0	1148	tags=18%, list=11%, signal=20%	
HP_MALABSORPTION	HP_MALABSORPTION		140	0.37515748	0.89794135	0.6625156	1.0	1.0	2229	tags=28%, list=21%, signal=35%	
HP_LYMPHOMA	HP_LYMPHOMA		76	0.400748	0.89789504	0.65561223	1.0	1.0	1502	tags=29%, list=14%, signal=34%	
GOBP_BONE_RESORPTION	GOBP_BONE_RESORPTION		33	0.43875578	0.89779085	0.6169631	1.0	1.0	2100	tags=24%, list=20%, signal=30%	
HP_STRIDOR	HP_STRIDOR		27	0.44923607	0.8975859	0.63795424	1.0	1.0	1719	tags=22%, list=16%, signal=27%	
GOBP_STRESS_FIBER_ASSEMBLY	GOBP_STRESS_FIBER_ASSEMBLY		56	0.41473675	0.8975557	0.64426875	1.0	1.0	1455	tags=21%, list=14%, signal=25%	
HP_INCREASED_CIRCULATING_IGG_CONCENTRATION	HP_INCREASED_CIRCULATING_IGG_CONCENTRATION		18	0.4658033	0.8972937	0.6181818	1.0	1.0	2075	tags=28%, list=20%, signal=35%	
GOCC_PHOTORECEPTOR_CONNECTING_CILIUM	GOCC_PHOTORECEPTOR_CONNECTING_CILIUM		24	0.4557611	0.8971972	0.6142473	1.0	1.0	2748	tags=29%, list=26%, signal=39%	
GOBP_POSITIVE_REGULATION_OF_TRANSPORT	GOBP_POSITIVE_REGULATION_OF_TRANSPORT		403	0.34495798	0.8971443	0.72387236	1.0	1.0	1333	tags=18%, list=13%, signal=20%	
GOBP_GLYCOPROTEIN_BIOSYNTHETIC_PROCESS	GOBP_GLYCOPROTEIN_BIOSYNTHETIC_PROCESS		194	0.36239102	0.89711815	0.692494	1.0	1.0	1719	tags=17%, list=16%, signal=20%	
GOBP_NEGATIVE_REGULATION_OF_PROGRAMMED_CELL_DEATH	GOBP_NEGATIVE_REGULATION_OF_PROGRAMMED_CELL_DEATH		486	0.3423172	0.8969506	0.74891305	1.0	1.0	1336	tags=20%, list=13%, signal=21%	
GOBP_MRNA_TRANSPORT	GOBP_MRNA_TRANSPORT		104	0.38400537	0.8967977	0.6633039	1.0	1.0	1916	tags=28%, list=18%, signal=34%	
GOBP_ENSHEATHMENT_OF_NEURONS	GOBP_ENSHEATHMENT_OF_NEURONS		76	0.39771935	0.8967862	0.6373057	1.0	1.0	1507	tags=17%, list=14%, signal=20%	
GOBP_DNA_TEMPLATED_TRANSCRIPTION_ELONGATION	GOBP_DNA_TEMPLATED_TRANSCRIPTION_ELONGATION		128	0.3787115	0.89631325	0.684949	1.0	1.0	2416	tags=27%, list=23%, signal=34%	
GOBP_CONNECTIVE_TISSUE_DEVELOPMENT	GOBP_CONNECTIVE_TISSUE_DEVELOPMENT		135	0.3791072	0.8961558	0.65474725	1.0	1.0	1658	tags=27%, list=16%, signal=31%	
GOBP_POSITIVE_REGULATION_OF_ORGANELLE_ORGANIZATION	GOBP_POSITIVE_REGULATION_OF_ORGANELLE_ORGANIZATION		312	0.3520592	0.895761	0.7256236	1.0	1.0	1906	tags=22%, list=18%, signal=26%	
GOBP_REGULATION_OF_BODY_FLUID_LEVELS	GOBP_REGULATION_OF_BODY_FLUID_LEVELS		170	0.36645168	0.89500886	0.6762246	1.0	1.0	1219	tags=15%, list=12%, signal=16%	
GOCC_TRANSFERASE_COMPLEX_TRANSFERRING_PHOSPHORUS_CONTAINING_GROUPS	GOCC_TRANSFERASE_COMPLEX_TRANSFERRING_PHOSPHORUS_CONTAINING_GROUPS		227	0.35825503	0.8950015	0.69736844	1.0	1.0	3009	tags=31%, list=29%, signal=43%	
HP_LARGE_FOREHEAD	HP_LARGE_FOREHEAD		19	0.4706602	0.8949613	0.6161074	1.0	1.0	2487	tags=37%, list=24%, signal=48%	
GOBP_REGULATION_OF_HORMONE_METABOLIC_PROCESS	GOBP_REGULATION_OF_HORMONE_METABOLIC_PROCESS		19	0.47209772	0.8948146	0.6312849	1.0	1.0	1612	tags=32%, list=15%, signal=37%	
GOBP_NEGATIVE_REGULATION_OF_EXOCYTOSIS	GOBP_NEGATIVE_REGULATION_OF_EXOCYTOSIS		21	0.4582459	0.8947748	0.6237898	1.0	1.0	1886	tags=38%, list=18%, signal=46%	
GOBP_RESPONSE_TO_IONIZING_RADIATION	GOBP_RESPONSE_TO_IONIZING_RADIATION		102	0.3847929	0.89469975	0.67098445	1.0	1.0	2397	tags=28%, list=23%, signal=37%	
GOBP_RESPONSE_TO_NICOTINE	GOBP_RESPONSE_TO_NICOTINE		17	0.47830334	0.89469194	0.63201094	1.0	1.0	1121	tags=24%, list=11%, signal=26%	
GOBP_NEGATIVE_REGULATION_OF_DNA_TEMPLATED_TRANSCRIPTION_ELONGATION	GOBP_NEGATIVE_REGULATION_OF_DNA_TEMPLATED_TRANSCRIPTION_ELONGATION		20	0.46281397	0.8945763	0.6060172	1.0	1.0	3027	tags=30%, list=29%, signal=42%	
HP_MIDFACE_RETRUSION	HP_MIDFACE_RETRUSION		181	0.3674597	0.8944003	0.66865313	1.0	1.0	2039	tags=23%, list=20%, signal=28%	
GOBP_MUSCLE_ADAPTATION	GOBP_MUSCLE_ADAPTATION		51	0.41518465	0.8943513	0.65019506	1.0	1.0	919	tags=18%, list=9%, signal=19%	
HP_ABNORMAL_INTERPRETATION_OF_EXTERNAL_STIMULI	HP_ABNORMAL_INTERPRETATION_OF_EXTERNAL_STIMULI		30	0.43865645	0.8943266	0.6241234	1.0	1.0	625	tags=10%, list=6%, signal=11%	
GOBP_NEGATIVE_REGULATION_OF_DEVELOPMENTAL_GROWTH	GOBP_NEGATIVE_REGULATION_OF_DEVELOPMENTAL_GROWTH		38	0.4303219	0.89412177	0.63772047	1.0	1.0	1833	tags=26%, list=18%, signal=32%	
GOBP_VIRAL_TRANSCRIPTION	GOBP_VIRAL_TRANSCRIPTION		20	0.46360567	0.89390093	0.6268861	1.0	1.0	1231	tags=25%, list=12%, signal=28%	
HP_FOCAL_MOTOR_SEIZURE	HP_FOCAL_MOTOR_SEIZURE		60	0.40847206	0.8938554	0.65135133	1.0	1.0	1883	tags=25%, list=18%, signal=30%	
HP_MODERATE_INTELLECTUAL_DISABILITY	HP_MODERATE_INTELLECTUAL_DISABILITY		112	0.37877414	0.8934131	0.6406053	1.0	1.0	1325	tags=13%, list=13%, signal=14%	
HP_APLASIA_HYPOPLASIA_AFFECTING_THE_ANTERIOR_SEGMENT_OF_THE_EYE	HP_APLASIA_HYPOPLASIA_AFFECTING_THE_ANTERIOR_SEGMENT_OF_THE_EYE		89	0.3927509	0.89291024	0.6594388	1.0	1.0	2154	tags=25%, list=21%, signal=31%	
GOBP_SIGNAL_RELEASE	GOBP_SIGNAL_RELEASE		205	0.36116397	0.89276564	0.70379144	1.0	1.0	1935	tags=23%, list=19%, signal=28%	
GOBP_NEGATIVE_REGULATION_OF_JNK_CASCADE	GOBP_NEGATIVE_REGULATION_OF_JNK_CASCADE		20	0.45789996	0.89233476	0.6321678	1.0	1.0	539	tags=10%, list=5%, signal=11%	
GOBP_FATTY_ACID_DERIVATIVE_BIOSYNTHETIC_PROCESS	GOBP_FATTY_ACID_DERIVATIVE_BIOSYNTHETIC_PROCESS		28	0.4495214	0.8921374	0.6310811	1.0	1.0	4004	tags=64%, list=38%, signal=104%	
GOBP_PYRIDINE_CONTAINING_COMPOUND_METABOLIC_PROCESS	GOBP_PYRIDINE_CONTAINING_COMPOUND_METABOLIC_PROCESS		116	0.38440722	0.89213514	0.68998796	1.0	1.0	1256	tags=10%, list=12%, signal=12%	
GOBP_REGULATION_OF_EXTRACELLULAR_MATRIX_ORGANIZATION	GOBP_REGULATION_OF_EXTRACELLULAR_MATRIX_ORGANIZATION		26	0.45461208	0.8921052	0.6352459	1.0	1.0	1937	tags=31%, list=19%, signal=38%	
GOBP_MUSCLE_ORGAN_DEVELOPMENT	GOBP_MUSCLE_ORGAN_DEVELOPMENT		139	0.3703865	0.89164424	0.6870324	1.0	1.0	1121	tags=17%, list=11%, signal=19%	
GOBP_PURINE_CONTAINING_COMPOUND_SALVAGE	GOBP_PURINE_CONTAINING_COMPOUND_SALVAGE		15	0.49251884	0.89145905	0.6502116	1.0	1.0	2597	tags=40%, list=25%, signal=53%	
GOBP_NEGATIVE_REGULATION_OF_MITOTIC_CELL_CYCLE	GOBP_NEGATIVE_REGULATION_OF_MITOTIC_CELL_CYCLE		165	0.37030837	0.89111984	0.6893204	1.0	1.0	2607	tags=33%, list=25%, signal=43%	
HP_OPPORTUNISTIC_INFECTION	HP_OPPORTUNISTIC_INFECTION		32	0.43536842	0.8910643	0.62106705	1.0	1.0	719	tags=22%, list=7%, signal=23%	
GOBP_LYMPHOCYTE_MIGRATION	GOBP_LYMPHOCYTE_MIGRATION		61	0.40953118	0.89089704	0.64421856	1.0	1.0	328	tags=7%, list=3%, signal=7%	
GOMF_PHOSPHATIDYLINOSITOL_BISPHOSPHATE_BINDING	GOMF_PHOSPHATIDYLINOSITOL_BISPHOSPHATE_BINDING		48	0.41462013	0.8907572	0.63193506	1.0	1.0	1103	tags=13%, list=11%, signal=14%	
HP_ABNORMAL_SPLEEN_PHYSIOLOGY	HP_ABNORMAL_SPLEEN_PHYSIOLOGY		17	0.4813549	0.8906811	0.62916666	1.0	1.0	24	tags=6%, list=0%, signal=6%	
GOBP_NUCLEOTIDE_BINDING_OLIGOMERIZATION_DOMAIN_CONTAINING_2_SIGNALING_PATHWAY	GOBP_NUCLEOTIDE_BINDING_OLIGOMERIZATION_DOMAIN_CONTAINING_2_SIGNALING_PATHWAY		15	0.47657475	0.89063185	0.63907737	1.0	1.0	216	tags=13%, list=2%, signal=14%	
HP_ABNORMALITY_OF_THE_CALF	HP_ABNORMALITY_OF_THE_CALF		188	0.36314818	0.89044815	0.6942446	1.0	1.0	2039	tags=19%, list=20%, signal=23%	
GOMF_TRANSLATION_INITIATION_FACTOR_BINDING	GOMF_TRANSLATION_INITIATION_FACTOR_BINDING		23	0.4602634	0.8904131	0.6592179	1.0	1.0	531	tags=9%, list=5%, signal=9%	
GOBP_POSITIVE_REGULATION_OF_MYELOID_CELL_DIFFERENTIATION	GOBP_POSITIVE_REGULATION_OF_MYELOID_CELL_DIFFERENTIATION		63	0.40183604	0.890388	0.66233766	1.0	1.0	586	tags=10%, list=6%, signal=10%	
HP_OSTEOMYELITIS	HP_OSTEOMYELITIS		46	0.4183852	0.8903476	0.62231183	1.0	1.0	1108	tags=15%, list=11%, signal=17%	
HP_ABNORMAL_IMMUNE_SERUM_PROTEIN_PHYSIOLOGY	HP_ABNORMAL_IMMUNE_SERUM_PROTEIN_PHYSIOLOGY		33	0.43953726	0.8903434	0.6455526	1.0	1.0	797	tags=12%, list=8%, signal=13%	
GOBP_TOLERANCE_INDUCTION	GOBP_TOLERANCE_INDUCTION		22	0.45833835	0.89018285	0.6349862	1.0	1.0	201	tags=9%, list=2%, signal=9%	
HP_ABNORMAL_CIRCULATING_PROTEIN_CONCENTRATION	HP_ABNORMAL_CIRCULATING_PROTEIN_CONCENTRATION		397	0.34233284	0.89017826	0.74336284	1.0	1.0	1024	tags=11%, list=10%, signal=11%	
HP_CURLY_HAIR	HP_CURLY_HAIR		21	0.45686454	0.88975126	0.628453	1.0	1.0	2942	tags=43%, list=28%, signal=60%	
HP_PRENATAL_MOVEMENT_ABNORMALITY	HP_PRENATAL_MOVEMENT_ABNORMALITY		124	0.38143378	0.8897399	0.6814044	1.0	1.0	2207	tags=24%, list=21%, signal=30%	
HP_INCREASED_CIRCULATING_IGA_CONCENTRATION	HP_INCREASED_CIRCULATING_IGA_CONCENTRATION		16	0.48724696	0.8895457	0.6484935	1.0	1.0	1856	tags=25%, list=18%, signal=30%	
GOBP_REGULATION_OF_IMMUNE_EFFECTOR_PROCESS	GOBP_REGULATION_OF_IMMUNE_EFFECTOR_PROCESS		215	0.35752568	0.8895452	0.69845057	1.0	1.0	1004	tags=17%, list=10%, signal=19%	
GOMF_GATED_CHANNEL_ACTIVITY	GOMF_GATED_CHANNEL_ACTIVITY		64	0.40195048	0.88953805	0.6619355	1.0	1.0	619	tags=9%, list=6%, signal=10%	
GOBP_PROTEIN_LOCALIZATION_TO_CILIUM	GOBP_PROTEIN_LOCALIZATION_TO_CILIUM		51	0.4128407	0.8894176	0.6524064	1.0	1.0	398	tags=8%, list=4%, signal=8%	
GOBP_POSITIVE_REGULATION_OF_PROGRAMMED_CELL_DEATH	GOBP_POSITIVE_REGULATION_OF_PROGRAMMED_CELL_DEATH		317	0.34563553	0.88929343	0.7163677	1.0	1.0	1301	tags=17%, list=12%, signal=19%	
GOCC_SAGA_COMPLEX	GOCC_SAGA_COMPLEX		21	0.4604536	0.88910633	0.63699585	1.0	1.0	2979	tags=29%, list=29%, signal=40%	
GOBP_TOR_SIGNALING	GOBP_TOR_SIGNALING		125	0.37572634	0.8889357	0.66958696	1.0	1.0	743	tags=10%, list=7%, signal=10%	
HP_PULMONARY_CYST	HP_PULMONARY_CYST		17	0.467242	0.8887323	0.61549497	1.0	1.0	1155	tags=24%, list=11%, signal=26%	
GOBP_MUSCLE_HYPERTROPHY	GOBP_MUSCLE_HYPERTROPHY		43	0.42346781	0.88871676	0.6462141	1.0	1.0	919	tags=19%, list=9%, signal=20%	
GOBP_REGULATION_OF_PLASMA_LIPOPROTEIN_PARTICLE_LEVELS	GOBP_REGULATION_OF_PLASMA_LIPOPROTEIN_PARTICLE_LEVELS		40	0.4236112	0.88832855	0.64619493	1.0	1.0	2	tags=3%, list=0%, signal=2%	
GOBP_RESPONSE_TO_METAL_ION	GOBP_RESPONSE_TO_METAL_ION		161	0.36778897	0.8881	0.69471157	1.0	1.0	1121	tags=19%, list=11%, signal=21%	
GOBP_SODIUM_ION_HOMEOSTASIS	GOBP_SODIUM_ION_HOMEOSTASIS		15	0.48380265	0.888089	0.6386913	1.0	1.0	2333	tags=47%, list=22%, signal=60%	
GOMF_GDP_BINDING	GOMF_GDP_BINDING		45	0.4172168	0.8880847	0.6571056	1.0	1.0	2154	tags=38%, list=21%, signal=47%	
HP_ESODEVIATION	HP_ESODEVIATION		139	0.36822706	0.8880735	0.69221556	1.0	1.0	2411	tags=24%, list=23%, signal=30%	
GOCC_COPI_COATED_VESICLE	GOCC_COPI_COATED_VESICLE		17	0.47598857	0.8880259	0.6265912	1.0	1.0	1134	tags=12%, list=11%, signal=13%	
GOBP_NEGATIVE_REGULATION_OF_CD4_POSITIVE_ALPHA_BETA_T_CELL_DIFFERENTIATION	GOBP_NEGATIVE_REGULATION_OF_CD4_POSITIVE_ALPHA_BETA_T_CELL_DIFFERENTIATION		18	0.4681066	0.8879673	0.6346705	1.0	1.0	686	tags=11%, list=7%, signal=12%	
GOBP_POSITIVE_REGULATION_OF_NEURAL_PRECURSOR_CELL_PROLIFERATION	GOBP_POSITIVE_REGULATION_OF_NEURAL_PRECURSOR_CELL_PROLIFERATION		16	0.47174135	0.88765657	0.61973876	1.0	1.0	985	tags=19%, list=9%, signal=21%	
GOBP_KERATINOCYTE_DIFFERENTIATION	GOBP_KERATINOCYTE_DIFFERENTIATION		51	0.41432163	0.8875778	0.63870096	1.0	1.0	751	tags=14%, list=7%, signal=15%	
HP_ATTENTION_DEFICIT_HYPERACTIVITY_DISORDER	HP_ATTENTION_DEFICIT_HYPERACTIVITY_DISORDER		221	0.35845324	0.8875678	0.70235294	1.0	1.0	1913	tags=21%, list=18%, signal=25%	
GOBP_POLYSACCHARIDE_CATABOLIC_PROCESS	GOBP_POLYSACCHARIDE_CATABOLIC_PROCESS		21	0.45995882	0.88746184	0.622191	1.0	1.0	955	tags=14%, list=9%, signal=16%	
HP_HEPATOCELLULAR_CARCINOMA	HP_HEPATOCELLULAR_CARCINOMA		46	0.4135903	0.88739026	0.63793105	1.0	1.0	1478	tags=13%, list=14%, signal=15%	
HP_ABNORMAL_PYRAMIDAL_TRACT_MORPHOLOGY	HP_ABNORMAL_PYRAMIDAL_TRACT_MORPHOLOGY		43	0.42597905	0.88737345	0.64314246	1.0	1.0	1642	tags=19%, list=16%, signal=22%	
GOBP_CARDIAC_VENTRICLE_MORPHOGENESIS	GOBP_CARDIAC_VENTRICLE_MORPHOGENESIS		24	0.45067498	0.8872867	0.64832217	1.0	1.0	642	tags=13%, list=6%, signal=13%	
GOCC_NUCLEAR_PERIPHERY	GOCC_NUCLEAR_PERIPHERY		26	0.4477995	0.8872686	0.62938005	0.9997589	1.0	772	tags=27%, list=7%, signal=29%	
HP_ABNORMAL_CORNEA_MORPHOLOGY	HP_ABNORMAL_CORNEA_MORPHOLOGY		398	0.33854607	0.8871874	0.74673915	0.99960864	1.0	1594	tags=15%, list=15%, signal=17%	
HP_HAMARTOMA_OF_THE_ORBITAL_REGION	HP_HAMARTOMA_OF_THE_ORBITAL_REGION		22	0.45588967	0.8870213	0.6455696	0.9996446	1.0	1532	tags=18%, list=15%, signal=21%	
HP_THICK_UPPER_LIP_VERMILION	HP_THICK_UPPER_LIP_VERMILION		15	0.4804814	0.88688844	0.6435935	0.9996156	1.0	2893	tags=47%, list=28%, signal=64%	
HP_PANIC_ATTACK	HP_PANIC_ATTACK		36	0.4326792	0.88673687	0.65449804	0.9996343	1.0	1776	tags=22%, list=17%, signal=27%	
HP_SKELETAL_MUSCLE_ATROPHY	HP_SKELETAL_MUSCLE_ATROPHY		370	0.33996138	0.8866978	0.7574751	0.99937767	1.0	1693	tags=14%, list=16%, signal=16%	
HP_ABNORMAL_URINE_PROTEIN_LEVEL	HP_ABNORMAL_URINE_PROTEIN_LEVEL		156	0.36885986	0.8865181	0.6811955	0.99943477	1.0	983	tags=12%, list=9%, signal=13%	
GOCC_BASOLATERAL_PLASMA_MEMBRANE	GOCC_BASOLATERAL_PLASMA_MEMBRANE		103	0.3807928	0.8865032	0.67948717	0.9991236	1.0	1892	tags=18%, list=18%, signal=22%	
HP_ABNORMALITY_OF_THE_HYPOTHALAMUS_PITUITARY_AXIS	HP_ABNORMALITY_OF_THE_HYPOTHALAMUS_PITUITARY_AXIS		227	0.35469964	0.88645625	0.7190476	0.9988821	1.0	1181	tags=14%, list=11%, signal=16%	
GOMF_GALACTOSYLTRANSFERASE_ACTIVITY	GOMF_GALACTOSYLTRANSFERASE_ACTIVITY		15	0.48286644	0.8863003	0.6399417	0.9989058	1.0	1697	tags=20%, list=16%, signal=24%	
GOBP_IMMUNE_RESPONSE_REGULATING_CELL_SURFACE_RECEPTOR_SIGNALING_PATHWAY	GOBP_IMMUNE_RESPONSE_REGULATING_CELL_SURFACE_RECEPTOR_SIGNALING_PATHWAY		233	0.35405466	0.8861926	0.7190367	0.99880445	1.0	1256	tags=18%, list=12%, signal=20%	
HP_CEREBRAL_INFARCT	HP_CEREBRAL_INFARCT		18	0.46593222	0.88592243	0.6304045	0.99907994	1.0	24	tags=6%, list=0%, signal=6%	
GOBP_GLYCEROPHOSPHOLIPID_METABOLIC_PROCESS	GOBP_GLYCEROPHOSPHOLIPID_METABOLIC_PROCESS		180	0.35973763	0.8858942	0.71531963	0.99879646	1.0	1946	tags=19%, list=19%, signal=23%	
GOBP_B_CELL_PROLIFERATION	GOBP_B_CELL_PROLIFERATION		61	0.400931	0.88573474	0.66883963	0.99881077	1.0	845	tags=16%, list=8%, signal=18%	
HP_ABNORMAL_GLOMERULAR_MESANGIUM_MORPHOLOGY	HP_ABNORMAL_GLOMERULAR_MESANGIUM_MORPHOLOGY		29	0.43705782	0.88563395	0.64965516	0.99869305	1.0	2253	tags=28%, list=22%, signal=35%	
HP_LIPODYSTROPHY	HP_LIPODYSTROPHY		67	0.39951798	0.8855369	0.66007906	0.99855673	1.0	1499	tags=22%, list=14%, signal=26%	
GOBP_REGULATION_OF_GLIOGENESIS	GOBP_REGULATION_OF_GLIOGENESIS		35	0.42855656	0.8851966	0.6485788	0.99898213	1.0	1004	tags=17%, list=10%, signal=19%	
GOBP_PROTEIN_FOLDING	GOBP_PROTEIN_FOLDING		156	0.36291328	0.88503176	0.6931677	0.99900365	1.0	1517	tags=21%, list=15%, signal=24%	
GOBP_REGULATION_OF_MUSCLE_HYPERTROPHY	GOBP_REGULATION_OF_MUSCLE_HYPERTROPHY		33	0.4341777	0.88499326	0.64267015	0.99874145	1.0	919	tags=21%, list=9%, signal=23%	
HP_LONG_PALPEBRAL_FISSURE	HP_LONG_PALPEBRAL_FISSURE		49	0.41348508	0.8847706	0.64928293	0.9989019	1.0	1380	tags=18%, list=13%, signal=21%	
GOMF_ATP_DEPENDENT_DNA_DAMAGE_SENSOR_ACTIVITY	GOMF_ATP_DEPENDENT_DNA_DAMAGE_SENSOR_ACTIVITY		17	0.458554	0.8847094	0.61218834	0.99870086	1.0	3099	tags=29%, list=30%, signal=42%	
HP_POSITIONAL_FOOT_DEFORMITY	HP_POSITIONAL_FOOT_DEFORMITY		284	0.34582934	0.88449717	0.7418224	0.998829	1.0	1612	tags=15%, list=15%, signal=17%	
GOBP_PROTEIN_LOCALIZATION_TO_PLASMA_MEMBRANE	GOBP_PROTEIN_LOCALIZATION_TO_PLASMA_MEMBRANE		176	0.36400396	0.88434494	0.70388347	0.99882674	1.0	1707	tags=22%, list=16%, signal=26%	
HP_ABNORMAL_CIRCULATING_BILIRUBIN_CONCENTRATION	HP_ABNORMAL_CIRCULATING_BILIRUBIN_CONCENTRATION		77	0.39088145	0.88426256	0.6705128	0.99866384	1.0	715	tags=10%, list=7%, signal=11%	
HP_FEEDING_DIFFICULTIES_IN_INFANCY	HP_FEEDING_DIFFICULTIES_IN_INFANCY		373	0.34419715	0.8841864	0.7601314	0.9984872	1.0	1163	tags=12%, list=11%, signal=13%	
HP_ABNORMALITY_OF_COAGULATION	HP_ABNORMALITY_OF_COAGULATION		148	0.3656094	0.88415766	0.69201994	0.99820745	1.0	1503	tags=18%, list=14%, signal=21%	
GOBP_RESPONSE_TO_VIRUS	GOBP_RESPONSE_TO_VIRUS		263	0.34898508	0.8837576	0.71428573	0.9987728	1.0	1357	tags=17%, list=13%, signal=20%	
GOBP_POSITIVE_REGULATION_OF_EXTRACELLULAR_MATRIX_ORGANIZATION	GOBP_POSITIVE_REGULATION_OF_EXTRACELLULAR_MATRIX_ORGANIZATION		15	0.48576245	0.8836571	0.64507043	0.99865836	1.0	2337	tags=47%, list=22%, signal=60%	
GOMF_MACROMOLECULAR_CONFORMATION_ISOMERASE_ACTIVITY	GOMF_MACROMOLECULAR_CONFORMATION_ISOMERASE_ACTIVITY		170	0.3587379	0.8832342	0.7045177	0.9992616	1.0	3127	tags=41%, list=30%, signal=58%	
GOBP_REGULATION_OF_MEIOTIC_CELL_CYCLE	GOBP_REGULATION_OF_MEIOTIC_CELL_CYCLE		36	0.4286414	0.88284	0.65045995	0.999804	1.0	3549	tags=56%, list=34%, signal=84%	
GOMF_RNA_POLYMERASE_II_SPECIFIC_DNA_BINDING_TRANSCRIPTION_FACTOR_BINDING	GOMF_RNA_POLYMERASE_II_SPECIFIC_DNA_BINDING_TRANSCRIPTION_FACTOR_BINDING		220	0.35730308	0.88271964	0.7072879	0.99972224	1.0	1121	tags=18%, list=11%, signal=19%	
GOMF_EXTRACELLULAR_MATRIX_BINDING	GOMF_EXTRACELLULAR_MATRIX_BINDING		18	0.46033734	0.8826009	0.64705884	0.9996482	1.0	77	tags=11%, list=1%, signal=11%	
GOCC_AXON	GOCC_AXON		272	0.35041043	0.88253796	0.7382319	0.9994478	1.0	2028	tags=21%, list=19%, signal=25%	
GOCC_ORGANELLE_MEMBRANE_CONTACT_SITE	GOCC_ORGANELLE_MEMBRANE_CONTACT_SITE		45	0.40822753	0.8824457	0.65887207	0.99931014	1.0	3368	tags=36%, list=32%, signal=52%	
GOBP_POSITIVE_REGULATION_OF_MUSCLE_CELL_DIFFERENTIATION	GOBP_POSITIVE_REGULATION_OF_MUSCLE_CELL_DIFFERENTIATION		24	0.45109022	0.8823384	0.6336088	0.9992023	1.0	1260	tags=17%, list=12%, signal=19%	
HP_SHUFFLING_GAIT	HP_SHUFFLING_GAIT		25	0.45279476	0.88227797	0.63835615	0.9989954	1.0	1443	tags=40%, list=14%, signal=46%	
GOBP_NEURAL_PRECURSOR_CELL_PROLIFERATION	GOBP_NEURAL_PRECURSOR_CELL_PROLIFERATION		72	0.39295328	0.88226473	0.67952126	0.99868995	1.0	1864	tags=18%, list=18%, signal=22%	
GOBP_SMALL_MOLECULE_BIOSYNTHETIC_PROCESS	GOBP_SMALL_MOLECULE_BIOSYNTHETIC_PROCESS		341	0.34362394	0.88222384	0.7421875	0.99843365	1.0	1285	tags=13%, list=12%, signal=14%	
GOCC_ENDOPLASMIC_RETICULUM_TUBULAR_NETWORK	GOCC_ENDOPLASMIC_RETICULUM_TUBULAR_NETWORK		21	0.45101553	0.8822025	0.6407767	0.9981418	1.0	141	tags=5%, list=1%, signal=5%	
GOBP_RNA_SPLICING_VIA_TRANSESTERIFICATION_REACTIONS	GOBP_RNA_SPLICING_VIA_TRANSESTERIFICATION_REACTIONS		257	0.35077432	0.88197064	0.7416378	0.99830055	1.0	1264	tags=21%, list=12%, signal=23%	
HP_ABNORMAL_CIRCULATING_IGG_CONCENTRATION	HP_ABNORMAL_CIRCULATING_IGG_CONCENTRATION		95	0.38126	0.881955	0.6894737	0.9979872	1.0	1478	tags=17%, list=14%, signal=19%	
GOBP_RESPONSE_TO_CALCIUM_ION	GOBP_RESPONSE_TO_CALCIUM_ION		64	0.40232766	0.88190717	0.6871728	0.9977487	1.0	521	tags=11%, list=5%, signal=11%	
HP_SKIN_ULCER	HP_SKIN_ULCER		90	0.3804147	0.88177717	0.68915343	0.9976968	1.0	865	tags=19%, list=8%, signal=20%	
HP_TENTED_UPPER_LIP_VERMILION	HP_TENTED_UPPER_LIP_VERMILION		61	0.4023481	0.8817589	0.67105263	0.99739873	1.0	2276	tags=28%, list=22%, signal=35%	
GOBP_MICROTUBULE_BASED_TRANSPORT	GOBP_MICROTUBULE_BASED_TRANSPORT		149	0.36428264	0.88158864	0.719603	0.9974418	1.0	1843	tags=17%, list=18%, signal=21%	
HP_ABNORMALITY_OF_SKIN_PIGMENTATION	HP_ABNORMALITY_OF_SKIN_PIGMENTATION		305	0.3455857	0.8813682	0.75114155	0.9976012	1.0	1779	tags=22%, list=17%, signal=25%	
GOMF_MAGNESIUM_ION_BINDING	GOMF_MAGNESIUM_ION_BINDING		158	0.36552846	0.881137	0.7008547	0.99777114	1.0	1946	tags=22%, list=19%, signal=27%	
HP_ESOPHAGEAL_STENOSIS	HP_ESOPHAGEAL_STENOSIS		21	0.45214346	0.88105893	0.62210095	0.99760604	1.0	1436	tags=33%, list=14%, signal=39%	
HP_CENTRAL_NERVOUS_SYSTEM_CYST	HP_CENTRAL_NERVOUS_SYSTEM_CYST		143	0.36555454	0.8810545	0.69912606	0.997279	1.0	2307	tags=27%, list=22%, signal=35%	
GOBP_STEROID_HORMONE_BIOSYNTHETIC_PROCESS	GOBP_STEROID_HORMONE_BIOSYNTHETIC_PROCESS		21	0.45141608	0.88096607	0.65874124	0.9971344	1.0	1558	tags=24%, list=15%, signal=28%	
HP_ABNORMAL_5TH_FINGER_MORPHOLOGY	HP_ABNORMAL_5TH_FINGER_MORPHOLOGY		332	0.34352902	0.88094115	0.7545045	0.99685085	1.0	2411	tags=27%, list=23%, signal=34%	
GOBP_SKELETAL_MUSCLE_ORGAN_DEVELOPMENT	GOBP_SKELETAL_MUSCLE_ORGAN_DEVELOPMENT		73	0.3977776	0.8809359	0.6831812	0.9965235	1.0	1061	tags=15%, list=10%, signal=17%	
GOBP_HORMONE_BIOSYNTHETIC_PROCESS	GOBP_HORMONE_BIOSYNTHETIC_PROCESS		26	0.44119972	0.8807523	0.6255319	0.99658847	1.0	1612	tags=27%, list=15%, signal=32%	
HP_APRAXIA	HP_APRAXIA		132	0.37207073	0.88075185	0.67919797	0.99624956	1.0	476	tags=5%, list=5%, signal=5%	
HP_SUDDEN_DEATH	HP_SUDDEN_DEATH		57	0.40385884	0.8806957	0.675	0.99603367	1.0	955	tags=18%, list=9%, signal=19%	
HP_EASY_FATIGABILITY	HP_EASY_FATIGABILITY		63	0.3980555	0.8803453	0.66622865	0.9964874	1.0	1882	tags=14%, list=18%, signal=17%	
GOMF_PROTEIN_DOMAIN_SPECIFIC_BINDING	GOMF_PROTEIN_DOMAIN_SPECIFIC_BINDING		386	0.33596385	0.8801127	0.74446905	0.99666184	1.0	1353	tags=17%, list=13%, signal=19%	
GOBP_REGULATION_OF_CELL_MORPHOGENESIS	GOBP_REGULATION_OF_CELL_MORPHOGENESIS		141	0.3677438	0.8800453	0.7018405	0.99647915	1.0	2228	tags=26%, list=21%, signal=33%	
GOBP_REGULATION_OF_UBIQUITIN_PROTEIN_TRANSFERASE_ACTIVITY	GOBP_REGULATION_OF_UBIQUITIN_PROTEIN_TRANSFERASE_ACTIVITY		16	0.46847665	0.8799526	0.65815604	0.9963524	1.0	1452	tags=31%, list=14%, signal=36%	
GOBP_REGULATION_OF_FATTY_ACID_METABOLIC_PROCESS	GOBP_REGULATION_OF_FATTY_ACID_METABOLIC_PROCESS		55	0.40770715	0.87988925	0.66842103	0.9961586	1.0	451	tags=9%, list=4%, signal=9%	
GOBP_REGULATION_OF_RAC_PROTEIN_SIGNAL_TRANSDUCTION	GOBP_REGULATION_OF_RAC_PROTEIN_SIGNAL_TRANSDUCTION		21	0.45752683	0.8795979	0.63391656	0.9964451	1.0	1510	tags=19%, list=14%, signal=22%	
HP_CONGENITAL_HYPOTHYROIDISM	HP_CONGENITAL_HYPOTHYROIDISM		15	0.4714144	0.8795289	0.64511496	0.996255	1.0	2039	tags=33%, list=20%, signal=41%	
GOMF_S_ADENOSYLMETHIONINE_DEPENDENT_METHYLTRANSFERASE_ACTIVITY	GOMF_S_ADENOSYLMETHIONINE_DEPENDENT_METHYLTRANSFERASE_ACTIVITY		121	0.37506208	0.8792395	0.68434346	0.99654204	1.0	1795	tags=10%, list=17%, signal=12%	
HP_TOE_CLINODACTYLY	HP_TOE_CLINODACTYLY		19	0.45921028	0.87920845	0.64217687	0.9962754	1.0	3244	tags=47%, list=31%, signal=69%	
GOBP_NUCLEAR_RECEPTOR_MEDIATED_SIGNALING_PATHWAY	GOBP_NUCLEAR_RECEPTOR_MEDIATED_SIGNALING_PATHWAY		119	0.3721972	0.8791965	0.71099746	0.995961	1.0	1314	tags=17%, list=13%, signal=19%	
HP_COLITIS	HP_COLITIS		51	0.41375074	0.8790892	0.6738836	0.99586755	1.0	1532	tags=22%, list=15%, signal=25%	
GOMF_CATALYTIC_ACTIVITY_ACTING_ON_A_TRNA	GOMF_CATALYTIC_ACTIVITY_ACTING_ON_A_TRNA		111	0.37689656	0.8789997	0.6978508	0.99573535	1.0	4019	tags=38%, list=38%, signal=61%	
HP_ANTENATAL_ONSET	HP_ANTENATAL_ONSET		152	0.3610667	0.8787373	0.7146312	0.9959842	1.0	958	tags=14%, list=9%, signal=15%	
HP_AREFLEXIA_OF_LOWER_LIMBS	HP_AREFLEXIA_OF_LOWER_LIMBS		63	0.3969181	0.8786683	0.6702557	0.9958053	1.0	1858	tags=17%, list=18%, signal=21%	
GOBP_POTASSIUM_ION_TRANSPORT	GOBP_POTASSIUM_ION_TRANSPORT		59	0.4064169	0.87842584	0.664465	0.9960138	1.0	922	tags=12%, list=9%, signal=13%	
GOBP_PYROPTOTIC_INFLAMMATORY_RESPONSE	GOBP_PYROPTOTIC_INFLAMMATORY_RESPONSE		30	0.4403534	0.87831247	0.65847	0.9959201	1.0	2191	tags=33%, list=21%, signal=42%	
GOCC_SCHAFFER_COLLATERAL_CA1_SYNAPSE	GOCC_SCHAFFER_COLLATERAL_CA1_SYNAPSE		40	0.42632124	0.87826663	0.66843504	0.9956894	1.0	1380	tags=18%, list=13%, signal=20%	
GOBP_POSITIVE_REGULATION_OF_IMMUNE_RESPONSE	GOBP_POSITIVE_REGULATION_OF_IMMUNE_RESPONSE		480	0.33315435	0.8782605	0.77898157	0.99536747	1.0	1291	tags=17%, list=12%, signal=18%	
GOBP_ANDROGEN_RECEPTOR_SIGNALING_PATHWAY	GOBP_ANDROGEN_RECEPTOR_SIGNALING_PATHWAY		27	0.44176885	0.8782023	0.65416664	0.9951656	1.0	973	tags=19%, list=9%, signal=20%	
GOBP_REGULATION_OF_GLUCOSE_METABOLIC_PROCESS	GOBP_REGULATION_OF_GLUCOSE_METABOLIC_PROCESS		53	0.40665326	0.8781324	0.6714472	0.9949855	1.0	1935	tags=19%, list=19%, signal=23%	
HP_POOR_HEAD_CONTROL	HP_POOR_HEAD_CONTROL		147	0.36451516	0.87798476	0.709599	0.9949511	1.0	1025	tags=16%, list=10%, signal=17%	
HP_HEPATIC_FIBROSIS	HP_HEPATIC_FIBROSIS		100	0.38441065	0.8778352	0.6995013	0.9949516	1.0	791	tags=7%, list=8%, signal=8%	
HP_ABNORMAL_MACULAR_PIGMENTATION	HP_ABNORMAL_MACULAR_PIGMENTATION		17	0.46599764	0.8778285	0.6345382	0.9946303	1.0	2648	tags=24%, list=25%, signal=31%	
GOBP_PROTEIN_METHYLATION	GOBP_PROTEIN_METHYLATION		28	0.44656634	0.8776577	0.65629226	0.9946715	1.0	3756	tags=46%, list=36%, signal=72%	
HP_MACROGLOSSIA	HP_MACROGLOSSIA		87	0.3849662	0.8775753	0.6963151	0.99452245	1.0	1072	tags=10%, list=10%, signal=11%	
GOBP_ESTABLISHMENT_OR_MAINTENANCE_OF_CELL_POLARITY	GOBP_ESTABLISHMENT_OR_MAINTENANCE_OF_CELL_POLARITY		145	0.36508054	0.8771166	0.69427526	0.9951557	1.0	1832	tags=26%, list=18%, signal=31%	
HP_TACHYCARDIA	HP_TACHYCARDIA		79	0.3893899	0.8770336	0.6930052	0.9949934	1.0	1095	tags=19%, list=10%, signal=21%	
GOBP_ANTIGEN_PROCESSING_AND_PRESENTATION_OF_PEPTIDE_ANTIGEN	GOBP_ANTIGEN_PROCESSING_AND_PRESENTATION_OF_PEPTIDE_ANTIGEN		44	0.41272306	0.8767815	0.66223407	0.99518937	1.0	797	tags=23%, list=8%, signal=25%	
GOMF_PHOSPHATIDYLINOSITOL_4_5_BISPHOSPHATE_BINDING	GOMF_PHOSPHATIDYLINOSITOL_4_5_BISPHOSPHATE_BINDING		34	0.42716873	0.87670577	0.6620879	0.9950313	1.0	994	tags=12%, list=10%, signal=13%	
HP_SLENDER_FINGER	HP_SLENDER_FINGER		88	0.38314846	0.8764826	0.6862996	0.99516577	1.0	2103	tags=24%, list=20%, signal=30%	
HP_IRREGULAR_HYPERPIGMENTATION	HP_IRREGULAR_HYPERPIGMENTATION		161	0.36282414	0.8764411	0.72860634	0.99492294	1.0	1745	tags=24%, list=17%, signal=29%	
GOCC_DENSE_CORE_GRANULE	GOCC_DENSE_CORE_GRANULE		16	0.46921945	0.87637204	0.64972526	0.99474037	1.0	21	tags=6%, list=0%, signal=6%	
HP_MACULE	HP_MACULE		164	0.35752743	0.8763172	0.71531963	0.99453837	1.0	1745	tags=24%, list=17%, signal=28%	
GOMF_PHOSPHATIDYLINOSITOL_3_4_5_TRISPHOSPHATE_BINDING	GOMF_PHOSPHATIDYLINOSITOL_3_4_5_TRISPHOSPHATE_BINDING		25	0.44514927	0.87630224	0.6614731	0.99423593	1.0	1217	tags=16%, list=12%, signal=18%	
HP_SLEEP_DISTURBANCE	HP_SLEEP_DISTURBANCE		356	0.33864868	0.8760475	0.766147	0.9944537	1.0	1642	tags=19%, list=16%, signal=21%	
GOCC_CILIARY_BASE	GOCC_CILIARY_BASE		20	0.4613694	0.875903	0.670904	0.9944377	1.0	1941	tags=20%, list=19%, signal=25%	
HP_ABNORMAL_PERIPHERAL_NERVOUS_SYSTEM_PHYSIOLOGY	HP_ABNORMAL_PERIPHERAL_NERVOUS_SYSTEM_PHYSIOLOGY		348	0.34096026	0.87572646	0.78149384	0.9944843	1.0	1291	tags=15%, list=12%, signal=17%	
HP_PAPILLOMA	HP_PAPILLOMA		41	0.41363668	0.87554973	0.6463576	0.9945426	1.0	2841	tags=29%, list=27%, signal=40%	
HP_CHRONIC_LEUKEMIA	HP_CHRONIC_LEUKEMIA		19	0.4552213	0.87540233	0.63037246	0.9945175	1.0	1452	tags=32%, list=14%, signal=37%	
GOBP_ESTABLISHMENT_OF_PROTEIN_LOCALIZATION_TO_MITOCHONDRION	GOBP_ESTABLISHMENT_OF_PROTEIN_LOCALIZATION_TO_MITOCHONDRION		95	0.37852526	0.8750904	0.66709846	0.99489605	1.0	2073	tags=26%, list=20%, signal=33%	
HP_ABNORMAL_BLOOD_ION_CONCENTRATION	HP_ABNORMAL_BLOOD_ION_CONCENTRATION		202	0.35320386	0.8746886	0.7417381	0.9954545	1.0	1624	tags=17%, list=16%, signal=20%	
HP_ABNORMAL_ODONTOID_TISSUE_MORPHOLOGY	HP_ABNORMAL_ODONTOID_TISSUE_MORPHOLOGY		130	0.37214702	0.87468374	0.71039605	0.99513155	1.0	1155	tags=12%, list=11%, signal=14%	
GOBP_SULFUR_COMPOUND_METABOLIC_PROCESS	GOBP_SULFUR_COMPOUND_METABOLIC_PROCESS		152	0.3635372	0.8744151	0.70197046	0.9953798	1.0	3497	tags=39%, list=33%, signal=58%	
HP_SYNOSTOSIS_INVOLVING_BONES_OF_THE_UPPER_LIMBS	HP_SYNOSTOSIS_INVOLVING_BONES_OF_THE_UPPER_LIMBS		64	0.4019787	0.874367	0.7016129	0.99515253	1.0	2302	tags=27%, list=22%, signal=34%	
HP_TACHYPNEA	HP_TACHYPNEA		56	0.397033	0.8743316	0.66753584	0.9948945	1.0	4117	tags=48%, list=39%, signal=79%	
GOBP_POSITIVE_REGULATION_OF_RECEPTOR_MEDIATED_ENDOCYTOSIS	GOBP_POSITIVE_REGULATION_OF_RECEPTOR_MEDIATED_ENDOCYTOSIS		24	0.44283122	0.87418544	0.6563342	0.9948855	1.0	21	tags=4%, list=0%, signal=4%	
HP_ABNORMAL_CLITORIS_MORPHOLOGY	HP_ABNORMAL_CLITORIS_MORPHOLOGY		53	0.40615964	0.87407607	0.672391	0.99479115	1.0	2580	tags=26%, list=25%, signal=35%	
GOBP_REGULATION_OF_EXTENT_OF_CELL_GROWTH	GOBP_REGULATION_OF_EXTENT_OF_CELL_GROWTH		36	0.42193136	0.8739696	0.6847826	0.9946896	1.0	2212	tags=28%, list=21%, signal=35%	
GOBP_SUPRAMOLECULAR_FIBER_ORGANIZATION	GOBP_SUPRAMOLECULAR_FIBER_ORGANIZATION		404	0.33736566	0.87391675	0.78405315	0.9944698	1.0	1287	tags=15%, list=12%, signal=16%	
GOBP_INTRACELLULAR_GLUCOSE_HOMEOSTASIS	GOBP_INTRACELLULAR_GLUCOSE_HOMEOSTASIS		83	0.38680375	0.8737042	0.6998739	0.9945945	1.0	1935	tags=25%, list=19%, signal=31%	
HP_COLOBOMA	HP_COLOBOMA		124	0.37125102	0.87349933	0.73007715	0.9946944	1.0	1536	tags=11%, list=15%, signal=13%	
GOMF_INOSITOL_PHOSPHATE_PHOSPHATASE_ACTIVITY	GOMF_INOSITOL_PHOSPHATE_PHOSPHATASE_ACTIVITY		18	0.4575675	0.8734309	0.65260196	0.99450654	1.0	2595	tags=33%, list=25%, signal=44%	
HP_EXAGGERATED_CUPID_S_BOW	HP_EXAGGERATED_CUPID_S_BOW		23	0.4536378	0.87322414	0.6519945	0.99460864	1.0	2148	tags=22%, list=21%, signal=27%	
GOBP_POSITIVE_REGULATION_OF_MYOBLAST_DIFFERENTIATION	GOBP_POSITIVE_REGULATION_OF_MYOBLAST_DIFFERENTIATION		25	0.43950418	0.87321967	0.6666667	0.9942847	1.0	1104	tags=28%, list=11%, signal=31%	
HP_IRIS_COLOBOMA	HP_IRIS_COLOBOMA		87	0.384814	0.87320143	0.686934	0.99399173	1.0	1536	tags=13%, list=15%, signal=15%	
HP_ABNORMAL_VISUAL_ELECTROPHYSIOLOGY	HP_ABNORMAL_VISUAL_ELECTROPHYSIOLOGY		140	0.36154073	0.8728767	0.6969697	0.9943768	1.0	956	tags=7%, list=9%, signal=8%	
HP_ABNORMAL_NUMBER_OF_TEETH	HP_ABNORMAL_NUMBER_OF_TEETH		220	0.3510692	0.8728384	0.7473684	0.99412465	1.0	1474	tags=15%, list=14%, signal=18%	
GOBP_LIPOPROTEIN_METABOLIC_PROCESS	GOBP_LIPOPROTEIN_METABOLIC_PROCESS		48	0.4065469	0.87270397	0.653897	0.9940887	1.0	265	tags=6%, list=3%, signal=6%	
GOBP_REGULATION_OF_TELOMERE_MAINTENANCE	GOBP_REGULATION_OF_TELOMERE_MAINTENANCE		86	0.37944442	0.87265205	0.6934487	0.99388015	1.0	1160	tags=16%, list=11%, signal=18%	
GOBP_INTRACELLULAR_RECEPTOR_SIGNALING_PATHWAY	GOBP_INTRACELLULAR_RECEPTOR_SIGNALING_PATHWAY		267	0.3450457	0.87262195	0.76357466	0.99362004	1.0	1196	tags=12%, list=11%, signal=14%	
GOMF_AMINO_ACID_TRANSMEMBRANE_TRANSPORTER_ACTIVITY	GOMF_AMINO_ACID_TRANSMEMBRANE_TRANSPORTER_ACTIVITY		35	0.42959788	0.87238413	0.6733871	0.9938115	1.0	216	tags=6%, list=2%, signal=6%	
GOMF_PROTEIN_SERINE_THREONINE_KINASE_ACTIVITY	GOMF_PROTEIN_SERINE_THREONINE_KINASE_ACTIVITY		275	0.34213185	0.872213	0.7389791	0.99385136	1.0	2142	tags=20%, list=21%, signal=24%	
HP_DEEP_PHILTRUM	HP_DEEP_PHILTRUM		45	0.4096632	0.87214434	0.67509985	0.9936664	1.0	1474	tags=24%, list=14%, signal=28%	
HP_BONE_MARROW_HYPERCELLULARITY	HP_BONE_MARROW_HYPERCELLULARITY		23	0.44365472	0.8721121	0.64689654	0.9934032	1.0	1579	tags=39%, list=15%, signal=46%	
GOBP_NEGATIVE_REGULATION_OF_DOUBLE_STRAND_BREAK_REPAIR_VIA_HOMOLOGOUS_RECOMBINATION	GOBP_NEGATIVE_REGULATION_OF_DOUBLE_STRAND_BREAK_REPAIR_VIA_HOMOLOGOUS_RECOMBINATION		16	0.4632592	0.8720348	0.66151685	0.993233	1.0	1584	tags=31%, list=15%, signal=37%	
GOBP_ANATOMICAL_STRUCTURE_MATURATION	GOBP_ANATOMICAL_STRUCTURE_MATURATION		109	0.37000096	0.8719602	0.71356785	0.9930631	1.0	1206	tags=16%, list=12%, signal=17%	
GOBP_CARBOHYDRATE_HOMEOSTASIS	GOBP_CARBOHYDRATE_HOMEOSTASIS		138	0.36888537	0.8717631	0.7227848	0.9931681	1.0	805	tags=14%, list=8%, signal=15%	
HP_GAIT_ATAXIA	HP_GAIT_ATAXIA		168	0.35713056	0.8716905	0.71848226	0.99300027	1.0	1133	tags=15%, list=11%, signal=16%	
GOBP_VESICLE_TARGETING_TO_FROM_OR_WITHIN_GOLGI	GOBP_VESICLE_TARGETING_TO_FROM_OR_WITHIN_GOLGI		27	0.43887013	0.8713473	0.67112297	0.99344194	1.0	3166	tags=26%, list=30%, signal=37%	
GOBP_REGULATION_OF_LAMELLIPODIUM_ORGANIZATION	GOBP_REGULATION_OF_LAMELLIPODIUM_ORGANIZATION		29	0.43484253	0.870531	0.6830295	0.9948781	1.0	1254	tags=31%, list=12%, signal=35%	
HP_ABNORMAL_EOSINOPHIL_MORPHOLOGY	HP_ABNORMAL_EOSINOPHIL_MORPHOLOGY		50	0.4006304	0.87039673	0.687013	0.9948268	1.0	1478	tags=28%, list=14%, signal=32%	
GOBP_EXPORT_FROM_CELL	GOBP_EXPORT_FROM_CELL		428	0.3313856	0.87039465	0.7882096	0.99450123	1.0	1945	tags=22%, list=19%, signal=26%	
HP_ABNORMALITY_OF_SKIN_PHYSIOLOGY	HP_ABNORMALITY_OF_SKIN_PHYSIOLOGY		355	0.3361257	0.8703483	0.78660613	0.9942747	1.0	1562	tags=17%, list=15%, signal=20%	
HP_DIARRHEA	HP_DIARRHEA		264	0.3430058	0.8703305	0.76349026	0.9939835	1.0	1711	tags=17%, list=16%, signal=20%	
GOBP_DOUBLE_STRAND_BREAK_REPAIR_VIA_NONHOMOLOGOUS_END_JOINING	GOBP_DOUBLE_STRAND_BREAK_REPAIR_VIA_NONHOMOLOGOUS_END_JOINING		61	0.395905	0.8700785	0.70064515	0.9941923	1.0	1079	tags=13%, list=10%, signal=15%	
HP_ABNORMAL_STERNUM_MORPHOLOGY	HP_ABNORMAL_STERNUM_MORPHOLOGY		296	0.34428087	0.8699561	0.7626728	0.9941139	1.0	2103	tags=19%, list=20%, signal=23%	
GOBP_POSITIVE_REGULATION_OF_SIGNAL_TRANSDUCTION_BY_P53_CLASS_MEDIATOR	GOBP_POSITIVE_REGULATION_OF_SIGNAL_TRANSDUCTION_BY_P53_CLASS_MEDIATOR		27	0.42486617	0.86994046	0.6563758	0.99381655	1.0	718	tags=33%, list=7%, signal=36%	
GOBP_ERYTHROCYTE_DEVELOPMENT	GOBP_ERYTHROCYTE_DEVELOPMENT		36	0.42134872	0.8699199	0.6635514	0.9935308	1.0	1074	tags=14%, list=10%, signal=15%	
GOBP_DENDRITE_DEVELOPMENT	GOBP_DENDRITE_DEVELOPMENT		111	0.37167725	0.86991566	0.7042079	0.99321246	1.0	1807	tags=19%, list=17%, signal=23%	
HP_ABNORMAL_PSYCHOTIC_PATTERN	HP_ABNORMAL_PSYCHOTIC_PATTERN		88	0.379539	0.8699086	0.67635906	0.99289626	1.0	1108	tags=16%, list=11%, signal=18%	
GOCC_PLASMA_MEMBRANE_SIGNALING_RECEPTOR_COMPLEX	GOCC_PLASMA_MEMBRANE_SIGNALING_RECEPTOR_COMPLEX		78	0.385393	0.8697767	0.7051114	0.99285084	1.0	1658	tags=23%, list=16%, signal=27%	
HP_ABNORMAL_LARYNX_PHYSIOLOGY	HP_ABNORMAL_LARYNX_PHYSIOLOGY		28	0.44063413	0.8697236	0.6570645	0.99263513	1.0	2016	tags=21%, list=19%, signal=26%	
HP_CUBITUS_VALGUS	HP_CUBITUS_VALGUS		37	0.41567454	0.8696648	0.67733335	0.9924269	1.0	3523	tags=46%, list=34%, signal=69%	
HP_SPARSE_OR_ABSENT_EYELASHES	HP_SPARSE_OR_ABSENT_EYELASHES		51	0.40806502	0.8693047	0.6827309	0.992859	1.0	924	tags=27%, list=9%, signal=30%	
GOMF_INTRAMOLECULAR_TRANSFERASE_ACTIVITY	GOMF_INTRAMOLECULAR_TRANSFERASE_ACTIVITY		21	0.44793117	0.8692997	0.6675978	0.9925393	1.0	3954	tags=48%, list=38%, signal=76%	
GOMF_METAL_CATION_MONOATOMIC_CATION_ANTIPORTER_ACTIVITY	GOMF_METAL_CATION_MONOATOMIC_CATION_ANTIPORTER_ACTIVITY		20	0.45759416	0.8692967	0.67741936	0.99221605	1.0	2365	tags=30%, list=23%, signal=39%	
HP_ABNORMAL_ZYGOMATIC_BONE_MORPHOLOGY	HP_ABNORMAL_ZYGOMATIC_BONE_MORPHOLOGY		150	0.3573756	0.8688427	0.7125891	0.9928208	1.0	1064	tags=12%, list=10%, signal=13%	
GOBP_NEGATIVE_REGULATION_OF_CELL_CYCLE_G2_M_PHASE_TRANSITION	GOBP_NEGATIVE_REGULATION_OF_CELL_CYCLE_G2_M_PHASE_TRANSITION		58	0.40335512	0.8688064	0.684949	0.99256945	1.0	1971	tags=22%, list=19%, signal=27%	
HP_RAPIDLY_PROGRESSIVE	HP_RAPIDLY_PROGRESSIVE		22	0.44204172	0.8687632	0.6621438	0.9923298	1.0	1024	tags=18%, list=10%, signal=20%	
GOBP_NEGATIVE_REGULATION_OF_INTERLEUKIN_6_PRODUCTION	GOBP_NEGATIVE_REGULATION_OF_INTERLEUKIN_6_PRODUCTION		29	0.43203357	0.86865634	0.6617843	0.99223405	1.0	907	tags=14%, list=9%, signal=15%	
HP_BULBOUS_NOSE	HP_BULBOUS_NOSE		131	0.36437207	0.8685407	0.70143884	0.99215966	1.0	1251	tags=14%, list=12%, signal=15%	
HP_ABNORMAL_T_CELL_SUBSET_DISTRIBUTION	HP_ABNORMAL_T_CELL_SUBSET_DISTRIBUTION		60	0.39795136	0.86834663	0.6833977	0.99226224	1.0	2250	tags=25%, list=22%, signal=32%	
GOBP_ESTABLISHMENT_OF_CELL_POLARITY	GOBP_ESTABLISHMENT_OF_CELL_POLARITY		105	0.37607893	0.8683394	0.71859294	0.99195135	1.0	1832	tags=28%, list=18%, signal=33%	
HP_GLOSSOPTOSIS	HP_GLOSSOPTOSIS		19	0.4596614	0.86810315	0.6680912	0.9921357	1.0	2519	tags=37%, list=24%, signal=48%	
GOMF_HYDROLASE_ACTIVITY_ACTING_ON_ACID_ANHYDRIDES	GOMF_HYDROLASE_ACTIVITY_ACTING_ON_ACID_ANHYDRIDES		467	0.3323221	0.86755913	0.7928417	0.99294627	1.0	2005	tags=23%, list=19%, signal=27%	
HP_HOLOPROSENCEPHALY	HP_HOLOPROSENCEPHALY		37	0.41451642	0.86724985	0.66713095	0.9932943	1.0	2031	tags=30%, list=19%, signal=37%	
GOBP_ACETYL_COA_METABOLIC_PROCESS	GOBP_ACETYL_COA_METABOLIC_PROCESS		30	0.4287225	0.8670648	0.6657682	0.9933664	1.0	2056	tags=27%, list=20%, signal=33%	
HP_SPASTIC_TETRAPLEGIA	HP_SPASTIC_TETRAPLEGIA		81	0.38206944	0.8667956	0.69537276	0.9936123	1.0	2657	tags=32%, list=25%, signal=43%	
GOBP_REGULATION_OF_SPINDLE_CHECKPOINT	GOBP_REGULATION_OF_SPINDLE_CHECKPOINT		25	0.44065672	0.86659205	0.66757494	0.9937194	1.0	1789	tags=24%, list=17%, signal=29%	
GOCC_EXOSOME_RNASE_COMPLEX	GOCC_EXOSOME_RNASE_COMPLEX		16	0.46181592	0.86648	0.66201115	0.9936226	1.0	3846	tags=50%, list=37%, signal=79%	
HP_ABNORMAL_NASAL_TIP_MORPHOLOGY	HP_ABNORMAL_NASAL_TIP_MORPHOLOGY		242	0.34501502	0.8664368	0.7576832	0.9933919	1.0	1642	tags=19%, list=16%, signal=22%	
HP_ABNORMALITY_OF_THE_MIDDLE_EAR	HP_ABNORMALITY_OF_THE_MIDDLE_EAR		341	0.3355501	0.8662551	0.7823129	0.99343723	1.0	1642	tags=17%, list=16%, signal=20%	
GOBP_PROTEASOME_MEDIATED_UBIQUITIN_DEPENDENT_PROTEIN_CATABOLIC_PROCESS	GOBP_PROTEASOME_MEDIATED_UBIQUITIN_DEPENDENT_PROTEIN_CATABOLIC_PROCESS		349	0.33343694	0.8658159	0.79867256	0.9940475	1.0	1449	tags=13%, list=14%, signal=14%	
GOBP_NUCLEAR_TRANSPORT	GOBP_NUCLEAR_TRANSPORT		251	0.34327602	0.8657739	0.78621495	0.99380195	1.0	1426	tags=19%, list=14%, signal=22%	
GOBP_REGULATION_OF_TUBE_SIZE	GOBP_REGULATION_OF_TUBE_SIZE		57	0.39795086	0.8655203	0.68903226	0.9940106	1.0	1260	tags=21%, list=12%, signal=24%	
HP_INTRACRANIAL_HEMORRHAGE	HP_INTRACRANIAL_HEMORRHAGE		84	0.38062838	0.8654792	0.70603335	0.99376696	1.0	743	tags=11%, list=7%, signal=11%	
HP_INGUINAL_HERNIA	HP_INGUINAL_HERNIA		195	0.35146397	0.86493003	0.7509069	0.994618	1.0	901	tags=7%, list=9%, signal=7%	
GOBP_POSITIVE_REGULATION_OF_INFLAMMATORY_RESPONSE	GOBP_POSITIVE_REGULATION_OF_INFLAMMATORY_RESPONSE		94	0.3768401	0.86491174	0.7063197	0.99432933	1.0	777	tags=16%, list=7%, signal=17%	
GOBP_ESTABLISHMENT_OF_EPITHELIAL_CELL_POLARITY	GOBP_ESTABLISHMENT_OF_EPITHELIAL_CELL_POLARITY		17	0.45854095	0.8648062	0.6694215	0.99421203	1.0	1733	tags=41%, list=17%, signal=49%	
HP_PRURITUS	HP_PRURITUS		75	0.3862138	0.8645623	0.67183465	0.9944198	1.0	1639	tags=25%, list=16%, signal=30%	
HP_LIMB_HYPERTONIA	HP_LIMB_HYPERTONIA		95	0.37996626	0.8643057	0.69863015	0.9946397	1.0	4131	tags=39%, list=40%, signal=64%	
GOMF_ACTIN_BINDING	GOMF_ACTIN_BINDING		222	0.34776565	0.8642563	0.7610209	0.99441564	1.0	1296	tags=17%, list=12%, signal=19%	
GOBP_RNA_EXPORT_FROM_NUCLEUS	GOBP_RNA_EXPORT_FROM_NUCLEUS		74	0.3884661	0.8642539	0.7102564	0.99409485	1.0	1355	tags=24%, list=13%, signal=28%	
GOBP_TUBE_MORPHOGENESIS	GOBP_TUBE_MORPHOGENESIS		397	0.3346168	0.86420476	0.82045704	0.9938659	1.0	1000	tags=10%, list=10%, signal=10%	
GOBP_RESPONSE_TO_BMP	GOBP_RESPONSE_TO_BMP		64	0.38958848	0.86406416	0.6989796	0.99382895	1.0	1729	tags=25%, list=17%, signal=30%	
HP_ABNORMAL_AORTIC_VALVE_MORPHOLOGY	HP_ABNORMAL_AORTIC_VALVE_MORPHOLOGY		111	0.3677806	0.86386436	0.7068127	0.99391663	1.0	338	tags=5%, list=3%, signal=5%	
HP_IMPULSIVITY	HP_IMPULSIVITY		65	0.392492	0.86383265	0.6818182	0.9936603	1.0	2468	tags=28%, list=24%, signal=36%	
HP_HYPERACTIVITY	HP_HYPERACTIVITY		314	0.3363746	0.86381626	0.77453274	0.99337465	1.0	1913	tags=21%, list=18%, signal=25%	
GOBP_POSITIVE_REGULATION_OF_ERBB_SIGNALING_PATHWAY	GOBP_POSITIVE_REGULATION_OF_ERBB_SIGNALING_PATHWAY		20	0.44759133	0.8637999	0.6773296	0.9930811	1.0	1768	tags=35%, list=17%, signal=42%	
HP_BONE_MARROW_HYPOCELLULARITY	HP_BONE_MARROW_HYPOCELLULARITY		54	0.3996852	0.8637981	0.6760753	0.99276006	1.0	1693	tags=30%, list=16%, signal=35%	
GOBP_REGULATION_OF_RECEPTOR_INTERNALIZATION	GOBP_REGULATION_OF_RECEPTOR_INTERNALIZATION		39	0.40869772	0.8636476	0.6662338	0.9927298	1.0	727	tags=8%, list=7%, signal=8%	
GOCC_ACTIN_CYTOSKELETON	GOCC_ACTIN_CYTOSKELETON		250	0.34693965	0.8634049	0.7693222	0.99291193	1.0	1874	tags=24%, list=18%, signal=29%	
GOMF_PROTEIN_HOMODIMERIZATION_ACTIVITY	GOMF_PROTEIN_HOMODIMERIZATION_ACTIVITY		406	0.33119535	0.86337656	0.79217875	0.99264604	1.0	1184	tags=13%, list=11%, signal=14%	
GOBP_CELL_PROJECTION_ASSEMBLY	GOBP_CELL_PROJECTION_ASSEMBLY		364	0.33198115	0.8633748	0.77923495	0.9923249	1.0	1786	tags=15%, list=17%, signal=18%	
GOBP_NUCLEOTIDE_TRANSPORT	GOBP_NUCLEOTIDE_TRANSPORT		31	0.42488822	0.8632353	0.6809392	0.9922871	1.0	2018	tags=35%, list=19%, signal=44%	
GOMF_KINASE_ACTIVITY	GOMF_KINASE_ACTIVITY		436	0.33275917	0.8631209	0.8107221	0.99221814	1.0	2142	tags=20%, list=21%, signal=24%	
HP_OVERLAPPING_FINGERS	HP_OVERLAPPING_FINGERS		24	0.4386414	0.86305	0.67896175	0.9920551	1.0	1850	tags=21%, list=18%, signal=25%	
GOBP_PROTEIN_MODIFICATION_BY_SMALL_PROTEIN_REMOVAL	GOBP_PROTEIN_MODIFICATION_BY_SMALL_PROTEIN_REMOVAL		83	0.37874126	0.8630408	0.6988564	0.9917507	1.0	1340	tags=12%, list=13%, signal=14%	
HP_ABNORMALITY_OF_THE_THYROID_GLAND	HP_ABNORMALITY_OF_THE_THYROID_GLAND		294	0.33893266	0.86296463	0.7876712	0.9916003	1.0	1507	tags=18%, list=14%, signal=21%	
GOMF_CORECEPTOR_ACTIVITY	GOMF_CORECEPTOR_ACTIVITY		24	0.43514138	0.8629262	0.65924895	0.99135834	1.0	2075	tags=38%, list=20%, signal=47%	
GOBP_STEROID_HORMONE_RECEPTOR_SIGNALING_PATHWAY	GOBP_STEROID_HORMONE_RECEPTOR_SIGNALING_PATHWAY		84	0.3815219	0.8628397	0.708798	0.9912105	1.0	1314	tags=17%, list=13%, signal=19%	
GOBP_NEGATIVE_REGULATION_OF_TRANSCRIPTION_ELONGATION_BY_RNA_POLYMERASE_II	GOBP_NEGATIVE_REGULATION_OF_TRANSCRIPTION_ELONGATION_BY_RNA_POLYMERASE_II		16	0.45918125	0.86283255	0.64880115	0.99090034	1.0	960	tags=13%, list=9%, signal=14%	
GOBP_PROTEIN_LOCALIZATION_TO_CILIARY_TRANSITION_ZONE	GOBP_PROTEIN_LOCALIZATION_TO_CILIARY_TRANSITION_ZONE		15	0.46875304	0.8627422	0.68616265	0.99076784	1.0	272	tags=13%, list=3%, signal=14%	
HP_ABNORMAL_VISUAL_FIXATION	HP_ABNORMAL_VISUAL_FIXATION		19	0.45635685	0.8625462	0.6671159	0.9908543	1.0	1503	tags=21%, list=14%, signal=25%	
GOBP_PRIMARY_ALCOHOL_METABOLIC_PROCESS	GOBP_PRIMARY_ALCOHOL_METABOLIC_PROCESS		41	0.4164583	0.8622117	0.6953552	0.9912226	1.0	1748	tags=22%, list=17%, signal=26%	
HP_POOR_SUCK	HP_POOR_SUCK		89	0.37844422	0.86212355	0.70472443	0.99107236	1.0	1362	tags=20%, list=13%, signal=23%	
HP_ERECTILE_DYSFUNCTION	HP_ERECTILE_DYSFUNCTION		35	0.4158948	0.862025	0.67105263	0.99095213	1.0	558	tags=11%, list=5%, signal=12%	
HP_ACCESSORY_ORAL_FRENULUM	HP_ACCESSORY_ORAL_FRENULUM		15	0.4603484	0.86194164	0.66390043	0.9908129	1.0	3133	tags=40%, list=30%, signal=57%	
GOBP_POSITIVE_REGULATION_OF_NF_KAPPAB_TRANSCRIPTION_FACTOR_ACTIVITY	GOBP_POSITIVE_REGULATION_OF_NF_KAPPAB_TRANSCRIPTION_FACTOR_ACTIVITY		46	0.40538916	0.86178535	0.67994505	0.99081874	1.0	1383	tags=22%, list=13%, signal=25%	
HP_HIGH_NARROW_PALATE	HP_HIGH_NARROW_PALATE		91	0.3725966	0.8617322	0.6960526	0.99061537	1.0	2944	tags=30%, list=28%, signal=41%	
HP_IMMUNOLOGIC_HYPERSENSITIVITY	HP_IMMUNOLOGIC_HYPERSENSITIVITY		137	0.3628398	0.86141765	0.74653214	0.99092937	1.0	1639	tags=18%, list=16%, signal=21%	
GOBP_ORGANIC_ACID_BIOSYNTHETIC_PROCESS	GOBP_ORGANIC_ACID_BIOSYNTHETIC_PROCESS		180	0.3501441	0.86131656	0.7404674	0.99082017	1.0	1779	tags=16%, list=17%, signal=19%	
GOCC_CLUSTER_OF_ACTIN_BASED_CELL_PROJECTIONS	GOCC_CLUSTER_OF_ACTIN_BASED_CELL_PROJECTIONS		65	0.39167294	0.8612741	0.6874172	0.9905908	1.0	383	tags=5%, list=4%, signal=5%	
GOBP_PROTEIN_LOCALIZATION_TO_NUCLEOLUS	GOBP_PROTEIN_LOCALIZATION_TO_NUCLEOLUS		17	0.45779443	0.8612264	0.67375886	0.9903712	1.0	1427	tags=29%, list=14%, signal=34%	
GOBP_NEGATIVE_REGULATION_OF_PHOSPHORUS_METABOLIC_PROCESS	GOBP_NEGATIVE_REGULATION_OF_PHOSPHORUS_METABOLIC_PROCESS		99	0.37201107	0.86108464	0.71208227	0.9903457	1.0	1383	tags=19%, list=13%, signal=22%	
HP_FEBRILE_SEIZURE_WITHIN_THE_AGE_RANGE_OF_3_MONTHS_TO_6_YEARS	HP_FEBRILE_SEIZURE_WITHIN_THE_AGE_RANGE_OF_3_MONTHS_TO_6_YEARS		82	0.37960175	0.86072457	0.71867007	0.9907763	1.0	983	tags=12%, list=9%, signal=13%	
HP_SMALL_NAIL	HP_SMALL_NAIL		107	0.37611467	0.8606298	0.7351077	0.9906501	1.0	2031	tags=23%, list=19%, signal=29%	
GOCC_CYTOPLASMIC_RIBONUCLEOPROTEIN_GRANULE	GOCC_CYTOPLASMIC_RIBONUCLEOPROTEIN_GRANULE		156	0.3597692	0.8606291	0.743309	0.9903302	1.0	1342	tags=19%, list=13%, signal=22%	
HP_ABNORMAL_CIRCULATING_ALPHA_FETOPROTEIN_CONCENTRATION	HP_ABNORMAL_CIRCULATING_ALPHA_FETOPROTEIN_CONCENTRATION		24	0.43983784	0.86055356	0.67061925	0.99017537	1.0	1680	tags=21%, list=16%, signal=25%	
GOBP_CONSTITUTIVE_HETEROCHROMATIN_FORMATION	GOBP_CONSTITUTIVE_HETEROCHROMATIN_FORMATION		29	0.42759845	0.86032766	0.6775068	0.9903315	1.0	1357	tags=28%, list=13%, signal=32%	
GOMF_NEUTRAL_L_AMINO_ACID_TRANSMEMBRANE_TRANSPORTER_ACTIVITY	GOMF_NEUTRAL_L_AMINO_ACID_TRANSMEMBRANE_TRANSPORTER_ACTIVITY		19	0.4469381	0.860108	0.6486486	0.9904605	1.0	189	tags=5%, list=2%, signal=5%	
GOBP_REGULATION_OF_POSTSYNAPTIC_MEMBRANE_NEUROTRANSMITTER_RECEPTOR_LEVELS	GOBP_REGULATION_OF_POSTSYNAPTIC_MEMBRANE_NEUROTRANSMITTER_RECEPTOR_LEVELS		57	0.39497837	0.8599463	0.69401044	0.990477	1.0	1635	tags=16%, list=16%, signal=19%	
HP_BRONCHIECTASIS	HP_BRONCHIECTASIS		83	0.37784347	0.85986066	0.7146597	0.99033064	1.0	1052	tags=12%, list=10%, signal=13%	
HP_ABNORMALLY_INCREASED_VOLITION	HP_ABNORMALLY_INCREASED_VOLITION		456	0.3273223	0.85939753	0.81277055	0.99094117	1.0	1644	tags=18%, list=16%, signal=21%	
GOBP_CELL_SUBSTRATE_ADHESION	GOBP_CELL_SUBSTRATE_ADHESION		171	0.35686976	0.85900885	0.7557998	0.99142593	1.0	1471	tags=19%, list=14%, signal=21%	
HP_ABNORMAL_CEREBRAL_ARTERY_MORPHOLOGY	HP_ABNORMAL_CEREBRAL_ARTERY_MORPHOLOGY		46	0.40334076	0.85881656	0.6944444	0.99151087	1.0	1150	tags=13%, list=11%, signal=15%	
HP_HEMIPLEGIA	HP_HEMIPLEGIA		24	0.43400508	0.8588146	0.66484267	0.99119556	1.0	946	tags=21%, list=9%, signal=23%	
GOBP_ENDOTHELIAL_CELL_PROLIFERATION	GOBP_ENDOTHELIAL_CELL_PROLIFERATION		65	0.38572672	0.85881335	0.6787149	0.9908796	1.0	560	tags=12%, list=5%, signal=13%	
GOMF_LIGAND_GATED_CHANNEL_ACTIVITY	GOMF_LIGAND_GATED_CHANNEL_ACTIVITY		39	0.40860584	0.8587918	0.6745407	0.9906113	1.0	619	tags=10%, list=6%, signal=11%	
GOBP_PROTEIN_O_LINKED_GLYCOSYLATION_VIA_N_ACETYL_GALACTOSAMINE	GOBP_PROTEIN_O_LINKED_GLYCOSYLATION_VIA_N_ACETYL_GALACTOSAMINE		19	0.45709652	0.8584346	0.70155585	0.99101764	1.0	2633	tags=21%, list=25%, signal=28%	
GOBP_PROTEIN_LOCALIZATION_TO_MEMBRANE	GOBP_PROTEIN_LOCALIZATION_TO_MEMBRANE		256	0.33796468	0.85833174	0.7906712	0.9909103	1.0	1740	tags=19%, list=17%, signal=22%	
GOBP_REGULATION_OF_HEMOPOIESIS	GOBP_REGULATION_OF_HEMOPOIESIS		263	0.3406543	0.8583175	0.7835648	0.99062204	1.0	1471	tags=22%, list=14%, signal=25%	
HP_ABNORMALITY_OF_MUSCLE_SIZE	HP_ABNORMALITY_OF_MUSCLE_SIZE		145	0.3572762	0.85826856	0.7280488	0.990398	1.0	1598	tags=14%, list=15%, signal=17%	
HP_ABNORMAL_CONJUNCTIVA_MORPHOLOGY	HP_ABNORMAL_CONJUNCTIVA_MORPHOLOGY		113	0.36876523	0.8580499	0.7368421	0.9905211	1.0	1779	tags=26%, list=17%, signal=31%	
GOBP_DETECTION_OF_ABIOTIC_STIMULUS	GOBP_DETECTION_OF_ABIOTIC_STIMULUS		41	0.4037189	0.858041	0.6802168	0.9902205	1.0	1112	tags=12%, list=11%, signal=14%	
GOBP_REGULATION_OF_INTRACELLULAR_PROTEIN_TRANSPORT	GOBP_REGULATION_OF_INTRACELLULAR_PROTEIN_TRANSPORT		109	0.3683119	0.85774374	0.73891	0.9905097	1.0	1109	tags=17%, list=11%, signal=18%	
HP_ABNORMAL_MORPHOLOGY_OF_THE_MUSCULATURE_OF_THE_NECK	HP_ABNORMAL_MORPHOLOGY_OF_THE_MUSCULATURE_OF_THE_NECK		43	0.40433663	0.8575737	0.68121696	0.9905564	1.0	4142	tags=47%, list=40%, signal=77%	
GOMF_PROTEIN_SERINE_KINASE_ACTIVITY	GOMF_PROTEIN_SERINE_KINASE_ACTIVITY		227	0.34218562	0.8571349	0.76251453	0.9911338	1.0	2142	tags=20%, list=21%, signal=24%	
GOBP_CELL_SURFACE_TOLL_LIKE_RECEPTOR_SIGNALING_PATHWAY	GOBP_CELL_SURFACE_TOLL_LIKE_RECEPTOR_SIGNALING_PATHWAY		48	0.40505567	0.8567655	0.68575066	0.991568	1.0	844	tags=13%, list=8%, signal=14%	
HP_IMPAIRED_DISTAL_VIBRATION_SENSATION	HP_IMPAIRED_DISTAL_VIBRATION_SENSATION		30	0.4212224	0.85666484	0.6751678	0.99145114	1.0	2910	tags=33%, list=28%, signal=46%	
HP_MUSCLE_SPASM	HP_MUSCLE_SPASM		104	0.3739258	0.85663867	0.7278402	0.99119604	1.0	2056	tags=24%, list=20%, signal=30%	
GOMF_PROTEIN_METHYLTRANSFERASE_ACTIVITY	GOMF_PROTEIN_METHYLTRANSFERASE_ACTIVITY		65	0.38586995	0.85656595	0.71592355	0.9910248	1.0	3919	tags=35%, list=38%, signal=56%	
HP_GENERALIZED_ONSET_SEIZURE	HP_GENERALIZED_ONSET_SEIZURE		215	0.34359816	0.8562729	0.77496994	0.9913026	1.0	1127	tags=12%, list=11%, signal=13%	
GOBP_SPINDLE_ASSEMBLY	GOBP_SPINDLE_ASSEMBLY		108	0.3676256	0.85610616	0.7423858	0.99134225	1.0	2374	tags=26%, list=23%, signal=33%	
GOBP_REGULATION_OF_UBIQUITIN_DEPENDENT_PROTEIN_CATABOLIC_PROCESS	GOBP_REGULATION_OF_UBIQUITIN_DEPENDENT_PROTEIN_CATABOLIC_PROCESS		122	0.36308834	0.8560827	0.7342569	0.9910774	1.0	1832	tags=23%, list=18%, signal=28%	
GOBP_MONOCARBOXYLIC_ACID_METABOLIC_PROCESS	GOBP_MONOCARBOXYLIC_ACID_METABOLIC_PROCESS		354	0.3297608	0.8560618	0.81152993	0.99080235	1.0	1096	tags=10%, list=10%, signal=11%	
GOBP_NEGATIVE_REGULATION_OF_INTRACELLULAR_PROTEIN_TRANSPORT	GOBP_NEGATIVE_REGULATION_OF_INTRACELLULAR_PROTEIN_TRANSPORT		31	0.4119088	0.85592145	0.6756032	0.99075943	1.0	1848	tags=23%, list=18%, signal=27%	
GOBP_POSITIVE_REGULATION_OF_PROTEIN_SECRETION	GOBP_POSITIVE_REGULATION_OF_PROTEIN_SECRETION		69	0.38559303	0.8558468	0.6949807	0.9905896	1.0	2016	tags=26%, list=19%, signal=32%	
GOBP_DEVELOPMENTAL_PIGMENTATION	GOBP_DEVELOPMENTAL_PIGMENTATION		23	0.4385201	0.85555935	0.69337016	0.9908592	1.0	1260	tags=22%, list=12%, signal=25%	
GOBP_RESPONSE_TO_CARBOHYDRATE	GOBP_RESPONSE_TO_CARBOHYDRATE		124	0.36580375	0.8553557	0.75547445	0.9909619	1.0	899	tags=11%, list=9%, signal=12%	
GOBP_GLUCAN_METABOLIC_PROCESS	GOBP_GLUCAN_METABOLIC_PROCESS		45	0.40002146	0.8552257	0.6898327	0.9909012	1.0	1439	tags=16%, list=14%, signal=18%	
HP_FATIGUE	HP_FATIGUE		272	0.3417762	0.855087	0.77764976	0.99086994	1.0	1639	tags=21%, list=16%, signal=25%	
HP_CUTIS_LAXA	HP_CUTIS_LAXA		85	0.37662375	0.8549966	0.72820514	0.99074423	1.0	760	tags=6%, list=7%, signal=6%	
GOBP_RESPONSE_TO_LIGHT_STIMULUS	GOBP_RESPONSE_TO_LIGHT_STIMULUS		168	0.35421792	0.85457516	0.75738126	0.9912685	1.0	1681	tags=21%, list=16%, signal=25%	
HP_CEREBRAL_PALSY	HP_CEREBRAL_PALSY		114	0.36226803	0.8544016	0.72153467	0.9913048	1.0	2476	tags=30%, list=24%, signal=39%	
HP_BRUISING_SUSCEPTIBILITY	HP_BRUISING_SUSCEPTIBILITY		105	0.36660248	0.8543623	0.732342	0.99107325	1.0	2106	tags=28%, list=20%, signal=34%	
GOBP_CELLULAR_PROCESS_INVOLVED_IN_REPRODUCTION_IN_MULTICELLULAR_ORGANISM	GOBP_CELLULAR_PROCESS_INVOLVED_IN_REPRODUCTION_IN_MULTICELLULAR_ORGANISM		165	0.35122052	0.8543102	0.7536058	0.9908576	1.0	1142	tags=13%, list=11%, signal=15%	
GOMF_DNA_BINDING_TRANSCRIPTION_REPRESSOR_ACTIVITY	GOMF_DNA_BINDING_TRANSCRIPTION_REPRESSOR_ACTIVITY		160	0.35239592	0.8542599	0.74069625	0.9906484	1.0	1547	tags=18%, list=15%, signal=21%	
GOBP_FC_RECEPTOR_SIGNALING_PATHWAY	GOBP_FC_RECEPTOR_SIGNALING_PATHWAY		39	0.4091836	0.85402304	0.6793478	0.99081075	1.0	1832	tags=21%, list=18%, signal=25%	
HP_REDUCED_ATTENTION_REGULATION	HP_REDUCED_ATTENTION_REGULATION		293	0.33444005	0.85399175	0.7967853	0.9905581	1.0	1913	tags=21%, list=18%, signal=25%	
GOBP_CELLULAR_RESPONSE_TO_INSULIN_STIMULUS	GOBP_CELLULAR_RESPONSE_TO_INSULIN_STIMULUS		134	0.35696486	0.853919	0.7381865	0.9903819	1.0	1336	tags=17%, list=13%, signal=19%	
GOMF_LNCRNA_BINDING	GOMF_LNCRNA_BINDING		22	0.43944123	0.853781	0.68342394	0.99033296	1.0	1108	tags=23%, list=11%, signal=25%	
GOBP_HAIR_CELL_DIFFERENTIATION	GOBP_HAIR_CELL_DIFFERENTIATION		20	0.44032407	0.8534892	0.6703755	0.9905956	1.0	1807	tags=25%, list=17%, signal=30%	
GOBP_SEQUESTERING_OF_CALCIUM_ION	GOBP_SEQUESTERING_OF_CALCIUM_ION		53	0.39404583	0.8534393	0.70507544	0.99037874	1.0	2039	tags=36%, list=20%, signal=44%	
GOCC_RECYCLING_ENDOSOME	GOCC_RECYCLING_ENDOSOME		123	0.36266956	0.85337394	0.73794806	0.99019575	1.0	1074	tags=13%, list=10%, signal=14%	
GOBP_PROTEIN_LOCALIZATION_TO_GOLGI_APPARATUS	GOBP_PROTEIN_LOCALIZATION_TO_GOLGI_APPARATUS		23	0.43241242	0.8533253	0.67270195	0.98996276	1.0	1843	tags=26%, list=18%, signal=32%	
HP_CHRONIC_ORAL_CANDIDIASIS	HP_CHRONIC_ORAL_CANDIDIASIS		21	0.4393235	0.8532793	0.6930423	0.98973566	1.0	1243	tags=19%, list=12%, signal=22%	
HP_ABNORMAL_EXPERIENCE_OF_REALITY	HP_ABNORMAL_EXPERIENCE_OF_REALITY		345	0.3316293	0.85327286	0.7962348	0.98943317	1.0	1624	tags=18%, list=16%, signal=20%	
HP_PAPULE	HP_PAPULE		68	0.38404787	0.85323334	0.7053455	0.9891961	1.0	743	tags=13%, list=7%, signal=14%	
GOBP_L_AMINO_ACID_CATABOLIC_PROCESS	GOBP_L_AMINO_ACID_CATABOLIC_PROCESS		44	0.4030202	0.8532279	0.6744186	0.9888914	1.0	1644	tags=11%, list=16%, signal=13%	
HP_APLASIA_HYPOPLASIA_OF_THE_CLITORIS	HP_APLASIA_HYPOPLASIA_OF_THE_CLITORIS		18	0.44701654	0.8530639	0.6822695	0.9889126	1.0	2476	tags=28%, list=24%, signal=36%	
HP_MIXED_HEARING_IMPAIRMENT	HP_MIXED_HEARING_IMPAIRMENT		19	0.44277996	0.85297817	0.6781293	0.9887609	1.0	626	tags=16%, list=6%, signal=17%	
GOBP_MUSCLE_CELL_MIGRATION	GOBP_MUSCLE_CELL_MIGRATION		39	0.40794906	0.8525918	0.70871264	0.9892261	1.0	1381	tags=38%, list=13%, signal=44%	
GOMF_TRANSCRIPTION_COREGULATOR_ACTIVITY	GOMF_TRANSCRIPTION_COREGULATOR_ACTIVITY		367	0.3304109	0.85233265	0.8226872	0.98943126	1.0	1668	tags=20%, list=16%, signal=23%	
HP_HYPOPITUITARISM	HP_HYPOPITUITARISM		86	0.37467504	0.8522886	0.7355584	0.98920643	1.0	1181	tags=15%, list=11%, signal=17%	
HP_ABSENT_FOREARM_BONE	HP_ABSENT_FOREARM_BONE		18	0.45304224	0.85227257	0.6697861	0.9889214	1.0	1591	tags=28%, list=15%, signal=33%	
HP_DILATATION_OF_THE_CEREBRAL_ARTERY	HP_DILATATION_OF_THE_CEREBRAL_ARTERY		28	0.42464548	0.85222346	0.6842818	0.98870933	1.0	3006	tags=36%, list=29%, signal=50%	
GOBP_MRNA_TRANSCRIPTION	GOBP_MRNA_TRANSCRIPTION		42	0.39983052	0.8519742	0.6898907	0.98889446	1.0	1121	tags=12%, list=11%, signal=13%	
GOCC_TRANSCRIPTION_ELONGATION_FACTOR_COMPLEX	GOCC_TRANSCRIPTION_ELONGATION_FACTOR_COMPLEX		42	0.39982936	0.8519447	0.67158175	0.98864317	1.0	843	tags=14%, list=8%, signal=15%	
HP_EPISTAXIS	HP_EPISTAXIS		52	0.39293623	0.8518735	0.6891892	0.98847073	1.0	421	tags=10%, list=4%, signal=10%	
GOBP_NEGATIVE_REGULATION_OF_CELL_POPULATION_PROLIFERATION	GOBP_NEGATIVE_REGULATION_OF_CELL_POPULATION_PROLIFERATION		340	0.3302979	0.8517503	0.79731244	0.988411	1.0	1526	tags=20%, list=15%, signal=23%	
HP_ADENOMA_SEBACEUM	HP_ADENOMA_SEBACEUM		17	0.45627394	0.851427	0.66950357	0.9887346	1.0	3099	tags=29%, list=30%, signal=42%	
GOBP_PHOSPHATIDIC_ACID_METABOLIC_PROCESS	GOBP_PHOSPHATIDIC_ACID_METABOLIC_PROCESS		22	0.43176964	0.8512241	0.6735537	0.9888347	1.0	2831	tags=27%, list=27%, signal=37%	
HP_MULTIFOCAL_SEIZURES	HP_MULTIFOCAL_SEIZURES		16	0.45647916	0.85062474	0.7043236	0.989702	1.0	2058	tags=19%, list=20%, signal=23%	
GOBP_SUBSTANTIA_NIGRA_DEVELOPMENT	GOBP_SUBSTANTIA_NIGRA_DEVELOPMENT		27	0.4283704	0.8505967	0.71369296	0.9894477	1.0	884	tags=22%, list=8%, signal=24%	
GOCC_INTERMEDIATE_FILAMENT_CYTOSKELETON	GOCC_INTERMEDIATE_FILAMENT_CYTOSKELETON		42	0.40475503	0.8505633	0.6923077	0.98919725	1.0	353	tags=12%, list=3%, signal=12%	
GOBP_CHLORIDE_TRANSPORT	GOBP_CHLORIDE_TRANSPORT		35	0.41236812	0.8505531	0.7097204	0.9889039	1.0	1095	tags=14%, list=10%, signal=16%	
GOBP_MOTILE_CILIUM_ASSEMBLY	GOBP_MOTILE_CILIUM_ASSEMBLY		41	0.40508053	0.8505216	0.70252323	0.9886569	1.0	3395	tags=41%, list=33%, signal=61%	
GOBP_SULFUR_AMINO_ACID_METABOLIC_PROCESS	GOBP_SULFUR_AMINO_ACID_METABOLIC_PROCESS		18	0.44620764	0.85043544	0.6961326	0.9885232	1.0	3157	tags=50%, list=30%, signal=72%	
HP_HYDROURETER	HP_HYDROURETER		48	0.3975283	0.8503071	0.71466315	0.9884547	1.0	1594	tags=17%, list=15%, signal=20%	
GOBP_ANTIGEN_PROCESSING_AND_PRESENTATION_OF_EXOGENOUS_PEPTIDE_ANTIGEN	GOBP_ANTIGEN_PROCESSING_AND_PRESENTATION_OF_EXOGENOUS_PEPTIDE_ANTIGEN		33	0.4117955	0.8502973	0.68758714	0.988164	1.0	797	tags=27%, list=8%, signal=29%	
GOBP_PHOSPHOLIPID_DEPHOSPHORYLATION	GOBP_PHOSPHOLIPID_DEPHOSPHORYLATION		22	0.44308397	0.8502597	0.7138927	0.98793536	1.0	1616	tags=18%, list=15%, signal=21%	
GOBP_CELL_MORPHOGENESIS_INVOLVED_IN_NEURON_DIFFERENTIATION	GOBP_CELL_MORPHOGENESIS_INVOLVED_IN_NEURON_DIFFERENTIATION		235	0.33729345	0.8500352	0.7843823	0.9880781	1.0	1198	tags=17%, list=11%, signal=18%	
GOBP_HEAD_DEVELOPMENT	GOBP_HEAD_DEVELOPMENT		349	0.33102927	0.84974533	0.82789654	0.98834574	1.0	1865	tags=21%, list=18%, signal=24%	
GOBP_APOPTOTIC_PROCESS_INVOLVED_IN_DEVELOPMENT	GOBP_APOPTOTIC_PROCESS_INVOLVED_IN_DEVELOPMENT		16	0.4541524	0.84973496	0.6742857	0.98805517	1.0	1707	tags=31%, list=16%, signal=37%	
GOBP_ACTIN_NUCLEATION	GOBP_ACTIN_NUCLEATION		35	0.4170813	0.849706	0.71525884	0.9877969	1.0	1254	tags=17%, list=12%, signal=19%	
HP_ABNORMALITY_IRIS_MORPHOLOGY	HP_ABNORMALITY_IRIS_MORPHOLOGY		248	0.3369084	0.8496694	0.803298	0.98756266	1.0	2103	tags=21%, list=20%, signal=25%	
GOCC_CILIUM	GOCC_CILIUM		343	0.33049962	0.8493326	0.8006682	0.9879295	1.0	1142	tags=10%, list=11%, signal=11%	
GOMF_GTPASE_ACTIVATOR_ACTIVITY	GOMF_GTPASE_ACTIVATOR_ACTIVITY		172	0.3447746	0.84927696	0.760514	0.987734	1.0	888	tags=10%, list=9%, signal=11%	
HP_FETAL_DISTRESS	HP_FETAL_DISTRESS		49	0.39537814	0.84913665	0.69302946	0.98769456	1.0	1025	tags=22%, list=10%, signal=25%	
GOBP_DNA_INTEGRITY_CHECKPOINT_SIGNALING	GOBP_DNA_INTEGRITY_CHECKPOINT_SIGNALING		103	0.36747298	0.84902436	0.73307294	0.98761237	1.0	2607	tags=29%, list=25%, signal=38%	
HP_URINARY_RETENTION	HP_URINARY_RETENTION		17	0.45698965	0.84873843	0.69199455	0.9878615	1.0	353	tags=6%, list=3%, signal=6%	
HP_NARROW_MOUTH	HP_NARROW_MOUTH		137	0.35506758	0.8483206	0.75216854	0.9883815	1.0	815	tags=10%, list=8%, signal=11%	
GOBP_SOMATIC_DIVERSIFICATION_OF_IMMUNOGLOBULINS	GOBP_SOMATIC_DIVERSIFICATION_OF_IMMUNOGLOBULINS		48	0.39579755	0.84812665	0.73280424	0.9884715	1.0	2402	tags=35%, list=23%, signal=46%	
HP_APLASIA_HYPOPLASIA_OF_THE_ULNA	HP_APLASIA_HYPOPLASIA_OF_THE_ULNA		39	0.4069212	0.84778404	0.71983916	0.9888272	1.0	1594	tags=23%, list=15%, signal=27%	
HP_DELAYED_PUBERTY	HP_DELAYED_PUBERTY		111	0.36171502	0.8476649	0.7602996	0.9887385	1.0	1325	tags=18%, list=13%, signal=20%	
GOMF_SINGLE_STRANDED_RNA_BINDING	GOMF_SINGLE_STRANDED_RNA_BINDING		54	0.39060903	0.8474359	0.708166	0.98889196	1.0	1231	tags=24%, list=12%, signal=27%	
HP_NEPHROLITHIASIS	HP_NEPHROLITHIASIS		71	0.3765519	0.8473367	0.7230169	0.9887797	1.0	1150	tags=13%, list=11%, signal=14%	
HP_CLUBBING_OF_FINGERS	HP_CLUBBING_OF_FINGERS		21	0.44359976	0.8469072	0.69722223	0.98932993	1.0	748	tags=14%, list=7%, signal=15%	
HP_MITOCHONDRIAL_DEPLETION	HP_MITOCHONDRIAL_DEPLETION		19	0.44239455	0.8468122	0.69167805	0.98919904	1.0	780	tags=11%, list=7%, signal=11%	
HP_NEOPLASM_OF_THE_LIVER	HP_NEOPLASM_OF_THE_LIVER		84	0.3749129	0.8466355	0.733758	0.98923874	1.0	1112	tags=13%, list=11%, signal=15%	
GOBP_SKIN_DEVELOPMENT	GOBP_SKIN_DEVELOPMENT		104	0.3626426	0.84651566	0.75353014	0.98916894	1.0	1471	tags=19%, list=14%, signal=22%	
GOBP_SKELETAL_MUSCLE_TISSUE_REGENERATION	GOBP_SKELETAL_MUSCLE_TISSUE_REGENERATION		21	0.43573856	0.84645474	0.6816269	0.98897594	1.0	89	tags=5%, list=1%, signal=5%	
GOBP_AMINE_TRANSPORT	GOBP_AMINE_TRANSPORT		32	0.4208079	0.84584856	0.69742197	0.9898823	1.0	213	tags=6%, list=2%, signal=6%	
GOBP_HETEROCHROMATIN_ORGANIZATION	GOBP_HETEROCHROMATIN_ORGANIZATION		115	0.35818943	0.84564006	0.7226994	0.9899899	1.0	1432	tags=20%, list=14%, signal=23%	
GOCC_EXORIBONUCLEASE_COMPLEX	GOCC_EXORIBONUCLEASE_COMPLEX		20	0.43739268	0.8456101	0.6730769	0.9897348	1.0	3846	tags=45%, list=37%, signal=71%	
GOBP_HIPPOCAMPUS_DEVELOPMENT	GOBP_HIPPOCAMPUS_DEVELOPMENT		47	0.40100643	0.84523153	0.7352556	0.99015707	1.0	2969	tags=40%, list=28%, signal=56%	
GOMF_ACYLTRANSFERASE_ACTIVITY_TRANSFERRING_GROUPS_OTHER_THAN_AMINO_ACYL_GROUPS	GOMF_ACYLTRANSFERASE_ACTIVITY_TRANSFERRING_GROUPS_OTHER_THAN_AMINO_ACYL_GROUPS		137	0.34860167	0.8448533	0.75507617	0.99058837	1.0	2036	tags=17%, list=19%, signal=21%	
GOBP_MECHANORECEPTOR_DIFFERENTIATION	GOBP_MECHANORECEPTOR_DIFFERENTIATION		26	0.42291284	0.8447494	0.7021563	0.9904757	1.0	1807	tags=23%, list=17%, signal=28%	
HP_SUPRAVENTRICULAR_TACHYCARDIA	HP_SUPRAVENTRICULAR_TACHYCARDIA		23	0.43659285	0.84455603	0.7020979	0.9905418	1.0	446	tags=22%, list=4%, signal=23%	
GOCC_P_BODY	GOCC_P_BODY		74	0.37671408	0.8444942	0.7140992	0.9903609	1.0	1342	tags=18%, list=13%, signal=20%	
HP_SHORT_LONG_BONE	HP_SHORT_LONG_BONE		173	0.34563026	0.84449416	0.7868453	0.9900507	1.0	2039	tags=21%, list=20%, signal=25%	
GOCC_SCF_UBIQUITIN_LIGASE_COMPLEX	GOCC_SCF_UBIQUITIN_LIGASE_COMPLEX		58	0.38899368	0.8444653	0.7277487	0.98980767	1.0	2054	tags=19%, list=20%, signal=23%	
HP_BRACHYCEPHALY	HP_BRACHYCEPHALY		158	0.3492177	0.8443982	0.77454543	0.9896303	1.0	2539	tags=28%, list=24%, signal=36%	
HP_LYMPHEDEMA	HP_LYMPHEDEMA		46	0.39623547	0.844354	0.7209909	0.9894068	1.0	1559	tags=22%, list=15%, signal=25%	
GOBP_NEGATIVE_REGULATION_OF_CELL_CYCLE_G1_S_PHASE_TRANSITION	GOBP_NEGATIVE_REGULATION_OF_CELL_CYCLE_G1_S_PHASE_TRANSITION		39	0.40800434	0.84421015	0.7197802	0.9893671	1.0	2197	tags=33%, list=21%, signal=42%	
HP_ELEVATED_CIRCULATING_LUTEINIZING_HORMONE_LEVEL	HP_ELEVATED_CIRCULATING_LUTEINIZING_HORMONE_LEVEL		20	0.43995154	0.84412533	0.69498605	0.98922926	1.0	1889	tags=30%, list=18%, signal=37%	
GOBP_METAPHASE_CHROMOSOME_ALIGNMENT	GOBP_METAPHASE_CHROMOSOME_ALIGNMENT		88	0.36732486	0.84404063	0.7429306	0.9890829	1.0	2569	tags=26%, list=25%, signal=34%	
HP_INCREASED_CIRCULATING_GONADOTROPIN_LEVEL	HP_INCREASED_CIRCULATING_GONADOTROPIN_LEVEL		41	0.40664932	0.8440235	0.7105943	0.9888046	1.0	1889	tags=24%, list=18%, signal=30%	
HP_ABNORMALITY_OF_FACIAL_SOFT_TISSUE	HP_ABNORMALITY_OF_FACIAL_SOFT_TISSUE		286	0.33064246	0.84371746	0.8160652	0.98907614	1.0	912	tags=9%, list=9%, signal=9%	
HP_AMINOACIDURIA	HP_AMINOACIDURIA		85	0.37167946	0.8435128	0.7351077	0.9891754	1.0	1743	tags=16%, list=17%, signal=20%	
GOBP_FOREBRAIN_DEVELOPMENT	GOBP_FOREBRAIN_DEVELOPMENT		168	0.34582585	0.84345114	0.77466506	0.98899573	1.0	1121	tags=13%, list=11%, signal=14%	
HP_OPPORTUNISTIC_BACTERIAL_INFECTION	HP_OPPORTUNISTIC_BACTERIAL_INFECTION		16	0.4506476	0.8434285	0.6925247	0.98873156	1.0	719	tags=25%, list=7%, signal=27%	
HP_ABNORMALITY_OF_THE_CHIN	HP_ABNORMALITY_OF_THE_CHIN		254	0.33565834	0.8432809	0.8074324	0.9887066	1.0	1507	tags=15%, list=14%, signal=18%	
GOMF_MIRNA_BINDING	GOMF_MIRNA_BINDING		23	0.43199027	0.84323376	0.70498616	0.98849595	1.0	292	tags=17%, list=3%, signal=18%	
HP_ABNORMAL_THROMBOSIS	HP_ABNORMAL_THROMBOSIS		95	0.36630696	0.84317106	0.74044794	0.9883099	1.0	797	tags=16%, list=8%, signal=17%	
HP_ABNORMAL_TOE_PHALANX_MORPHOLOGY	HP_ABNORMAL_TOE_PHALANX_MORPHOLOGY		72	0.37805298	0.8431412	0.7213542	0.98805183	1.0	1598	tags=25%, list=15%, signal=29%	
HP_ABNORMAL_TEMPER_TANTRUMS	HP_ABNORMAL_TEMPER_TANTRUMS		22	0.43919614	0.84281427	0.68715847	0.9883716	1.0	2738	tags=36%, list=26%, signal=49%	
GOMF_MONOATOMIC_ANION_TRANSMEMBRANE_TRANSPORTER_ACTIVITY	GOMF_MONOATOMIC_ANION_TRANSMEMBRANE_TRANSPORTER_ACTIVITY		44	0.39960447	0.84279656	0.7185386	0.9880983	1.0	2018	tags=20%, list=19%, signal=25%	
GOBP_REGULATION_OF_ACTIN_FILAMENT_ORGANIZATION	GOBP_REGULATION_OF_ACTIN_FILAMENT_ORGANIZATION		139	0.35287672	0.84266865	0.7522236	0.9880427	1.0	1541	tags=20%, list=15%, signal=23%	
HP_ABNORMAL_JUDGMENT	HP_ABNORMAL_JUDGMENT		282	0.33298004	0.8426334	0.81693363	0.98780394	1.0	1913	tags=22%, list=18%, signal=26%	
GOMF_CYTOSKELETAL_ANCHOR_ACTIVITY	GOMF_CYTOSKELETAL_ANCHOR_ACTIVITY		17	0.44184238	0.8425658	0.67420214	0.9876226	1.0	2960	tags=35%, list=28%, signal=49%	
GOBP_ANIMAL_ORGAN_MORPHOGENESIS	GOBP_ANIMAL_ORGAN_MORPHOGENESIS		388	0.3271629	0.8423317	0.8237935	0.98778045	1.0	1658	tags=20%, list=16%, signal=23%	
GOMF_NUCLEAR_IMPORT_SIGNAL_RECEPTOR_ACTIVITY	GOMF_NUCLEAR_IMPORT_SIGNAL_RECEPTOR_ACTIVITY		20	0.43559378	0.8422864	0.7022161	0.9875599	1.0	1426	tags=15%, list=14%, signal=17%	
GOCC_CONDENSED_NUCLEAR_CHROMOSOME	GOCC_CONDENSED_NUCLEAR_CHROMOSOME		47	0.39188266	0.8421561	0.70872486	0.98750544	1.0	3847	tags=53%, list=37%, signal=84%	
HP_ABNORMALITY_OF_THE_URETER	HP_ABNORMALITY_OF_THE_URETER		224	0.33421144	0.84202385	0.7915152	0.9874488	1.0	1036	tags=12%, list=10%, signal=13%	
GOBP_NEGATIVE_REGULATION_OF_PROTEIN_LOCALIZATION_TO_MEMBRANE	GOBP_NEGATIVE_REGULATION_OF_PROTEIN_LOCALIZATION_TO_MEMBRANE		20	0.43202612	0.84198076	0.68590605	0.9872319	1.0	1558	tags=30%, list=15%, signal=35%	
GOBP_POSITIVE_REGULATION_OF_PROTEOLYSIS	GOBP_POSITIVE_REGULATION_OF_PROTEOLYSIS		133	0.35245854	0.84194475	0.74969023	0.9869984	1.0	1187	tags=13%, list=11%, signal=14%	
GOMF_UDP_GLYCOSYLTRANSFERASE_ACTIVITY	GOMF_UDP_GLYCOSYLTRANSFERASE_ACTIVITY		61	0.38220453	0.8415776	0.7150466	0.9874193	1.0	1666	tags=16%, list=16%, signal=19%	
GOBP_PROTEIN_HETEROOLIGOMERIZATION	GOBP_PROTEIN_HETEROOLIGOMERIZATION		18	0.44539717	0.8414832	0.69861114	0.9872948	1.0	3006	tags=50%, list=29%, signal=70%	
HP_ABNORMAL_DENTAL_MORPHOLOGY	HP_ABNORMAL_DENTAL_MORPHOLOGY		165	0.35019058	0.84114873	0.7762836	0.9876224	1.0	1474	tags=16%, list=14%, signal=18%	
HP_INCREASED_TOTAL_EOSINOPHIL_COUNT	HP_INCREASED_TOTAL_EOSINOPHIL_COUNT		42	0.39909732	0.8410883	0.71164024	0.9874425	1.0	1478	tags=29%, list=14%, signal=33%	
GOMF_STEROID_DEHYDROGENASE_ACTIVITY	GOMF_STEROID_DEHYDROGENASE_ACTIVITY		17	0.44666272	0.8409979	0.6774629	0.9873168	1.0	3638	tags=53%, list=35%, signal=81%	
HP_DEEP_PLANTAR_CREASES	HP_DEEP_PLANTAR_CREASES		15	0.44925863	0.84099406	0.68604654	0.9870172	1.0	4076	tags=47%, list=39%, signal=76%	
GOBP_NEGATIVE_REGULATION_OF_CELLULAR_SENESCENCE	GOBP_NEGATIVE_REGULATION_OF_CELLULAR_SENESCENCE		15	0.4548233	0.84094733	0.7131035	0.98680085	1.0	410	tags=13%, list=4%, signal=14%	
GOBP_PHAGOCYTOSIS_ENGULFMENT	GOBP_PHAGOCYTOSIS_ENGULFMENT		30	0.41101274	0.8407983	0.7100671	0.986792	1.0	6	tags=3%, list=0%, signal=3%	
GOBP_NEURAL_NUCLEUS_DEVELOPMENT	GOBP_NEURAL_NUCLEUS_DEVELOPMENT		34	0.41618106	0.84061986	0.70844686	0.9868389	1.0	884	tags=21%, list=8%, signal=22%	
GOBP_REGULATION_OF_B_CELL_DIFFERENTIATION	GOBP_REGULATION_OF_B_CELL_DIFFERENTIATION		19	0.4398141	0.8406136	0.6855524	0.9865456	1.0	1373	tags=21%, list=13%, signal=24%	
HP_LONG_TRACT_SIGN	HP_LONG_TRACT_SIGN		300	0.32700706	0.8404298	0.82662195	0.9865958	1.0	1108	tags=10%, list=11%, signal=11%	
GOBP_POSITIVE_REGULATION_OF_CELL_PROJECTION_ORGANIZATION	GOBP_POSITIVE_REGULATION_OF_CELL_PROJECTION_ORGANIZATION		183	0.34215003	0.84038705	0.78212976	0.9863755	1.0	1918	tags=22%, list=18%, signal=27%	
GOMF_PROTEIN_FOLDING_CHAPERONE	GOMF_PROTEIN_FOLDING_CHAPERONE		50	0.3893973	0.8403243	0.71467024	0.98617977	1.0	798	tags=18%, list=8%, signal=19%	
GOBP_PEPTIDYL_SERINE_MODIFICATION	GOBP_PEPTIDYL_SERINE_MODIFICATION		49	0.3953424	0.84007704	0.71690696	0.98636675	1.0	1850	tags=24%, list=18%, signal=30%	
HP_NASOGASTRIC_TUBE_FEEDING	HP_NASOGASTRIC_TUBE_FEEDING		21	0.43531093	0.84000474	0.6929348	0.9861995	1.0	3887	tags=43%, list=37%, signal=68%	
GOBP_POSITIVE_REGULATION_OF_STEROID_METABOLIC_PROCESS	GOBP_POSITIVE_REGULATION_OF_STEROID_METABOLIC_PROCESS		20	0.4238824	0.83987504	0.6966292	0.98614746	1.0	1935	tags=25%, list=19%, signal=31%	
HP_ELEVATED_CIRCULATING_CREATINE_KINASE_CONCENTRATION	HP_ELEVATED_CIRCULATING_CREATINE_KINASE_CONCENTRATION		188	0.3421757	0.8395709	0.7777778	0.9864186	1.0	1858	tags=18%, list=18%, signal=21%	
HP_ABNORMAL_FORM_OF_THE_VERTEBRAL_BODIES	HP_ABNORMAL_FORM_OF_THE_VERTEBRAL_BODIES		209	0.33679324	0.83950025	0.8025404	0.986253	1.0	1642	tags=14%, list=16%, signal=16%	
GOCC_GUANYL_NUCLEOTIDE_EXCHANGE_FACTOR_COMPLEX	GOCC_GUANYL_NUCLEOTIDE_EXCHANGE_FACTOR_COMPLEX		21	0.43409586	0.839208	0.7001357	0.98652667	1.0	2842	tags=43%, list=27%, signal=59%	
GOBP_REGULATION_OF_T_CELL_MIGRATION	GOBP_REGULATION_OF_T_CELL_MIGRATION		30	0.4191154	0.839074	0.70341206	0.9864798	1.0	777	tags=13%, list=7%, signal=14%	
GOBP_DNA_DOUBLE_STRAND_BREAK_PROCESSING	GOBP_DNA_DOUBLE_STRAND_BREAK_PROCESSING		15	0.46055922	0.8390514	0.7103064	0.9862212	1.0	1594	tags=20%, list=15%, signal=24%	
GOBP_NEGATIVE_REGULATION_OF_PROTEIN_CONTAINING_COMPLEX_ASSEMBLY	GOBP_NEGATIVE_REGULATION_OF_PROTEIN_CONTAINING_COMPLEX_ASSEMBLY		87	0.36686903	0.8388463	0.7378882	0.9863058	1.0	1117	tags=17%, list=11%, signal=19%	
GOMF_TRANSCRIPTION_COREPRESSOR_ACTIVITY	GOMF_TRANSCRIPTION_COREPRESSOR_ACTIVITY		131	0.35296842	0.8387451	0.7889318	0.9861862	1.0	1644	tags=24%, list=16%, signal=29%	
GOCC_U1_SNRNP	GOCC_U1_SNRNP		22	0.42638937	0.8384577	0.69376695	0.98642236	1.0	1158	tags=32%, list=11%, signal=36%	
HP_ABNORMAL_SUBSTANTIA_NIGRA_MORPHOLOGY	HP_ABNORMAL_SUBSTANTIA_NIGRA_MORPHOLOGY		15	0.4532062	0.83828056	0.67525035	0.9864475	1.0	503	tags=27%, list=5%, signal=28%	
HP_FUNCTIONAL_ABNORMALITY_OF_THE_MIDDLE_EAR	HP_FUNCTIONAL_ABNORMALITY_OF_THE_MIDDLE_EAR		185	0.34105965	0.8382071	0.7684964	0.9862828	1.0	1642	tags=16%, list=16%, signal=19%	
GOBP_REGULATION_OF_TRANSCRIPTION_BY_RNA_POLYMERASE_III	GOBP_REGULATION_OF_TRANSCRIPTION_BY_RNA_POLYMERASE_III		30	0.4207177	0.83778846	0.70516306	0.98676765	1.0	1993	tags=23%, list=19%, signal=29%	
HP_CARDIAC_DIVERTICULUM	HP_CARDIAC_DIVERTICULUM		16	0.4490197	0.8373848	0.7001357	0.98722106	1.0	2103	tags=31%, list=20%, signal=39%	
HP_DELAYED_MYELINATION	HP_DELAYED_MYELINATION		200	0.33530876	0.837379	0.7960928	0.9869273	1.0	1916	tags=18%, list=18%, signal=22%	
HP_PARASOMNIA	HP_PARASOMNIA		53	0.3886341	0.8372536	0.7152318	0.9868662	1.0	1108	tags=19%, list=11%, signal=21%	
HP_WEAK_CRY	HP_WEAK_CRY		24	0.42991418	0.8369516	0.6881119	0.98711956	1.0	1036	tags=13%, list=10%, signal=14%	
GOBP_RESPONSE_TO_PROSTAGLANDIN_E	GOBP_RESPONSE_TO_PROSTAGLANDIN_E		15	0.45378605	0.83654803	0.69602275	0.98757863	1.0	1693	tags=33%, list=16%, signal=40%	
HP_EVERTED_LOWER_LIP_VERMILION	HP_EVERTED_LOWER_LIP_VERMILION		77	0.36698893	0.8364017	0.753886	0.9875534	1.0	1579	tags=18%, list=15%, signal=21%	
HP_ABNORMAL_RETINAL_VASCULAR_MORPHOLOGY	HP_ABNORMAL_RETINAL_VASCULAR_MORPHOLOGY		154	0.35145196	0.8363968	0.7882775	0.98725873	1.0	473	tags=6%, list=5%, signal=6%	
GOBP_ALCOHOL_CATABOLIC_PROCESS	GOBP_ALCOHOL_CATABOLIC_PROCESS		18	0.44099647	0.8361473	0.6769663	0.9874168	1.0	102	tags=6%, list=1%, signal=6%	
GOCC_DYNEIN_COMPLEX	GOCC_DYNEIN_COMPLEX		19	0.43951258	0.8358955	0.7197368	0.98761004	1.0	263	tags=5%, list=3%, signal=5%	
GOBP_NEGATIVE_REGULATION_OF_CD4_POSITIVE_ALPHA_BETA_T_CELL_ACTIVATION	GOBP_NEGATIVE_REGULATION_OF_CD4_POSITIVE_ALPHA_BETA_T_CELL_ACTIVATION		22	0.43179688	0.835757	0.70299727	0.9875801	1.0	686	tags=9%, list=7%, signal=10%	
HP_METAPHYSEAL_WIDENING	HP_METAPHYSEAL_WIDENING		65	0.37978655	0.8357511	0.72703063	0.9872933	1.0	2063	tags=20%, list=20%, signal=25%	
GOCC_RIBONUCLEOPROTEIN_GRANULE	GOCC_RIBONUCLEOPROTEIN_GRANULE		481	0.31878248	0.83567584	0.86586696	0.9871374	1.0	1383	tags=18%, list=13%, signal=20%	
GOBP_POSITIVE_REGULATION_OF_ESTABLISHMENT_OF_PROTEIN_LOCALIZATION_TO_MITOCHONDRION	GOBP_POSITIVE_REGULATION_OF_ESTABLISHMENT_OF_PROTEIN_LOCALIZATION_TO_MITOCHONDRION		26	0.426699	0.83551574	0.7154471	0.9871469	1.0	2729	tags=35%, list=26%, signal=47%	
GOMF_CYTOSKELETAL_MOTOR_ACTIVITY	GOMF_CYTOSKELETAL_MOTOR_ACTIVITY		49	0.3951737	0.83533084	0.72450334	0.9871932	1.0	1683	tags=20%, list=16%, signal=24%	
HP_ABNORMAL_ENDOMETRIUM_MORPHOLOGY	HP_ABNORMAL_ENDOMETRIUM_MORPHOLOGY		21	0.43487072	0.835121	0.7090164	0.9872953	1.0	3099	tags=29%, list=30%, signal=41%	
HP_ABNORMALITY_OF_THE_VOICE	HP_ABNORMALITY_OF_THE_VOICE		279	0.32997286	0.83511764	0.80717486	0.98699886	1.0	1084	tags=10%, list=10%, signal=11%	
GOCC_PERINUCLEAR_REGION_OF_CYTOPLASM	GOCC_PERINUCLEAR_REGION_OF_CYTOPLASM		399	0.31931838	0.8347024	0.8558952	0.98747516	1.0	2069	tags=23%, list=20%, signal=28%	
GOBP_POSITIVE_REGULATION_OF_HORMONE_SECRETION	GOBP_POSITIVE_REGULATION_OF_HORMONE_SECRETION		56	0.38011563	0.8346674	0.7125506	0.9872385	1.0	1935	tags=25%, list=19%, signal=31%	
GOBP_ENDOCRINE_HORMONE_SECRETION	GOBP_ENDOCRINE_HORMONE_SECRETION		21	0.43417788	0.8346183	0.67582417	0.9870239	1.0	1660	tags=29%, list=16%, signal=34%	
HP_ACCESSORY_SPLEEN	HP_ACCESSORY_SPLEEN		23	0.42891905	0.8344444	0.7201646	0.98704594	1.0	2031	tags=35%, list=19%, signal=43%	
GOBP_SYNAPTIC_TRANSMISSION_GABAERGIC	GOBP_SYNAPTIC_TRANSMISSION_GABAERGIC		19	0.43337715	0.83441365	0.7076923	0.98680454	1.0	2942	tags=37%, list=28%, signal=51%	
GOMF_BETA_CATENIN_BINDING	GOMF_BETA_CATENIN_BINDING		47	0.3927623	0.83390623	0.7338603	0.9874634	1.0	3122	tags=30%, list=30%, signal=42%	
GOBP_REGULATION_OF_MEMBRANE_PERMEABILITY	GOBP_REGULATION_OF_MEMBRANE_PERMEABILITY		45	0.39772657	0.833842	0.72348994	0.9872792	1.0	1192	tags=20%, list=11%, signal=22%	
GOBP_ENERGY_RESERVE_METABOLIC_PROCESS	GOBP_ENERGY_RESERVE_METABOLIC_PROCESS		48	0.3870054	0.8336474	0.723822	0.98733115	1.0	1439	tags=15%, list=14%, signal=17%	
GOMF_LIGAND_GATED_MONOATOMIC_CATION_CHANNEL_ACTIVITY	GOMF_LIGAND_GATED_MONOATOMIC_CATION_CHANNEL_ACTIVITY		31	0.41330114	0.8333932	0.7225981	0.987518	1.0	512	tags=10%, list=5%, signal=10%	
GOBP_REGULATION_OF_POLYSACCHARIDE_BIOSYNTHETIC_PROCESS	GOBP_REGULATION_OF_POLYSACCHARIDE_BIOSYNTHETIC_PROCESS		17	0.44229528	0.83330536	0.6666667	0.98739016	1.0	3799	tags=47%, list=36%, signal=74%	
GOBP_CELLULAR_RESPONSE_TO_ANGIOTENSIN	GOBP_CELLULAR_RESPONSE_TO_ANGIOTENSIN		17	0.44599104	0.8332722	0.70745426	0.98714674	1.0	2302	tags=41%, list=22%, signal=53%	
HP_FATIGABLE_WEAKNESS_OF_RESPIRATORY_MUSCLES	HP_FATIGABLE_WEAKNESS_OF_RESPIRATORY_MUSCLES		32	0.41136113	0.83324987	0.7132964	0.9868877	1.0	2016	tags=19%, list=19%, signal=23%	
GOCC_CORTICAL_ACTIN_CYTOSKELETON	GOCC_CORTICAL_ACTIN_CYTOSKELETON		39	0.40206966	0.83290243	0.7131579	0.98723704	1.0	1103	tags=13%, list=11%, signal=14%	
HP_CONJUGATED_HYPERBILIRUBINEMIA	HP_CONJUGATED_HYPERBILIRUBINEMIA		17	0.44867834	0.83281326	0.6830986	0.9871027	1.0	3088	tags=35%, list=30%, signal=50%	
HP_ABNORMAL_SIZE_OF_THE_PALPEBRAL_FISSURES	HP_ABNORMAL_SIZE_OF_THE_PALPEBRAL_FISSURES		194	0.33759657	0.83274573	0.8195755	0.986926	1.0	1594	tags=20%, list=15%, signal=23%	
HP_APATHY	HP_APATHY		47	0.39233983	0.83267	0.7240473	0.98676807	1.0	1438	tags=23%, list=14%, signal=27%	
GOBP_PROTEIN_LOCALIZATION_TO_ENDOSOME	GOBP_PROTEIN_LOCALIZATION_TO_ENDOSOME		23	0.43282133	0.8326629	0.7144809	0.9864804	1.0	1701	tags=30%, list=16%, signal=36%	
GOBP_INNATE_IMMUNE_RESPONSE_ACTIVATING_CELL_SURFACE_RECEPTOR_SIGNALING_PATHWAY	GOBP_INNATE_IMMUNE_RESPONSE_ACTIVATING_CELL_SURFACE_RECEPTOR_SIGNALING_PATHWAY		59	0.38006294	0.8325193	0.7506667	0.98644304	1.0	844	tags=12%, list=8%, signal=13%	
GOMF_HORMONE_ACTIVITY	GOMF_HORMONE_ACTIVITY		16	0.4477511	0.8324546	0.70647484	0.98627025	1.0	2574	tags=44%, list=25%, signal=58%	
GOBP_POSITIVE_REGULATION_OF_PROTEASOMAL_PROTEIN_CATABOLIC_PROCESS	GOBP_POSITIVE_REGULATION_OF_PROTEASOMAL_PROTEIN_CATABOLIC_PROCESS		78	0.3683661	0.8324238	0.7423858	0.9860234	1.0	1117	tags=14%, list=11%, signal=16%	
GOCC_CENTROSOME	GOCC_CENTROSOME		421	0.31816077	0.8323786	0.87027025	0.98579985	1.0	1849	tags=15%, list=18%, signal=18%	
GOBP_NEGATIVE_REGULATION_OF_EPITHELIAL_CELL_DIFFERENTIATION	GOBP_NEGATIVE_REGULATION_OF_EPITHELIAL_CELL_DIFFERENTIATION		16	0.4571042	0.8320183	0.70066226	0.98616	1.0	2033	tags=38%, list=19%, signal=46%	
HP_SUBCUTANEOUS_HEMORRHAGE	HP_SUBCUTANEOUS_HEMORRHAGE		141	0.34567258	0.8316022	0.78895706	0.9866575	1.0	421	tags=6%, list=4%, signal=7%	
HP_ABNORMAL_BRONCHUS_MORPHOLOGY	HP_ABNORMAL_BRONCHUS_MORPHOLOGY		109	0.35756758	0.8314652	0.747782	0.986617	1.0	1719	tags=19%, list=16%, signal=23%	
HP_TOOTH_MALPOSITION	HP_TOOTH_MALPOSITION		252	0.33308566	0.8314127	0.8390129	0.98641473	1.0	1993	tags=21%, list=19%, signal=25%	
HP_LARGE_FOR_GESTATIONAL_AGE	HP_LARGE_FOR_GESTATIONAL_AGE		31	0.40554112	0.8313437	0.69863015	0.98624724	1.0	1864	tags=26%, list=18%, signal=31%	
GOBP_SUPEROXIDE_ANION_GENERATION	GOBP_SUPEROXIDE_ANION_GENERATION		23	0.42974454	0.8309678	0.71939474	0.98664707	1.0	1260	tags=26%, list=12%, signal=30%	
HP_OPTIC_ATROPHY	HP_OPTIC_ATROPHY		372	0.320871	0.83085614	0.86879826	0.98654956	1.0	2580	tags=24%, list=25%, signal=31%	
GOBP_RECEPTOR_INTERNALIZATION	GOBP_RECEPTOR_INTERNALIZATION		77	0.37240872	0.83076286	0.760101	0.9864126	1.0	1129	tags=14%, list=11%, signal=16%	
HP_ABNORMAL_RESPONSE_TO_ENDOCRINE_STIMULATION_TEST	HP_ABNORMAL_RESPONSE_TO_ENDOCRINE_STIMULATION_TEST		76	0.36688498	0.83067936	0.7620915	0.9862661	1.0	2245	tags=24%, list=21%, signal=30%	
HP_ABNORMAL_METATARSAL_MORPHOLOGY	HP_ABNORMAL_METATARSAL_MORPHOLOGY		90	0.367087	0.83065313	0.74872446	0.98600924	1.0	2075	tags=22%, list=20%, signal=27%	
HP_HYPOPIGMENTED_SKIN_PATCHES	HP_HYPOPIGMENTED_SKIN_PATCHES		76	0.36405885	0.83040977	0.7463672	0.986142	1.0	1594	tags=22%, list=15%, signal=26%	
GOBP_POSITIVE_REGULATION_OF_LIPID_METABOLIC_PROCESS	GOBP_POSITIVE_REGULATION_OF_LIPID_METABOLIC_PROCESS		68	0.36915433	0.8302604	0.7314211	0.98611474	1.0	1939	tags=21%, list=19%, signal=25%	
GOMF_NUCLEOBASE_CONTAINING_COMPOUND_TRANSMEMBRANE_TRANSPORTER_ACTIVITY	GOMF_NUCLEOBASE_CONTAINING_COMPOUND_TRANSMEMBRANE_TRANSPORTER_ACTIVITY		38	0.40508625	0.8299676	0.6998689	0.9863765	1.0	3573	tags=50%, list=34%, signal=76%	
GOBP_AMINE_METABOLIC_PROCESS	GOBP_AMINE_METABOLIC_PROCESS		33	0.39770928	0.82991314	0.6963563	0.9861915	1.0	749	tags=18%, list=7%, signal=20%	
GOMF_UBIQUITIN_SPECIFIC_PROTEASE_BINDING	GOMF_UBIQUITIN_SPECIFIC_PROTEASE_BINDING		15	0.44814238	0.82971877	0.68285716	0.9862472	1.0	749	tags=13%, list=7%, signal=14%	
HP_SPARSE_EYEBROW	HP_SPARSE_EYEBROW		93	0.35972312	0.8296991	0.78819	0.9859803	1.0	1064	tags=18%, list=10%, signal=20%	
HP_CEREBELLAR_CYST	HP_CEREBELLAR_CYST		104	0.3585887	0.82946914	0.7641026	0.9861194	1.0	1259	tags=14%, list=12%, signal=16%	
GOBP_SMOOTH_MUSCLE_CELL_MIGRATION	GOBP_SMOOTH_MUSCLE_CELL_MIGRATION		31	0.40574276	0.8291623	0.73395723	0.98640436	1.0	1381	tags=42%, list=13%, signal=48%	
GOBP_SPERM_AXONEME_ASSEMBLY	GOBP_SPERM_AXONEME_ASSEMBLY		15	0.4532074	0.828642	0.7048023	0.98706293	1.0	3257	tags=40%, list=31%, signal=58%	
GOBP_REGULATION_OF_HIPPO_SIGNALING	GOBP_REGULATION_OF_HIPPO_SIGNALING		34	0.40684018	0.82780796	0.7079277	0.98829603	1.0	2939	tags=32%, list=28%, signal=45%	
GOBP_ESTABLISHMENT_OF_ENDOTHELIAL_BARRIER	GOBP_ESTABLISHMENT_OF_ENDOTHELIAL_BARRIER		35	0.40117216	0.8275145	0.71675533	0.98852223	1.0	2039	tags=23%, list=20%, signal=28%	
GOCC_CUL2_RING_UBIQUITIN_LIGASE_COMPLEX	GOCC_CUL2_RING_UBIQUITIN_LIGASE_COMPLEX		22	0.42726812	0.8273495	0.7031464	0.98853123	1.0	2846	tags=23%, list=27%, signal=31%	
HP_RECURRENT_URINARY_TRACT_INFECTIONS	HP_RECURRENT_URINARY_TRACT_INFECTIONS		103	0.35559493	0.82712847	0.7811321	0.9886406	1.0	2893	tags=34%, list=28%, signal=47%	
HP_BRUXISM	HP_BRUXISM		27	0.416595	0.8269395	0.72619045	0.9886946	1.0	2411	tags=26%, list=23%, signal=34%	
GOBP_RESPONSE_TO_OXYGEN_LEVELS	GOBP_RESPONSE_TO_OXYGEN_LEVELS		192	0.3360596	0.8267965	0.8082353	0.98864496	1.0	1282	tags=18%, list=12%, signal=20%	
GOCC_MOTILE_CILIUM	GOCC_MOTILE_CILIUM		99	0.35558987	0.82669675	0.7681347	0.98853314	1.0	1027	tags=15%, list=10%, signal=17%	
GOBP_POSITIVE_REGULATION_OF_FATTY_ACID_METABOLIC_PROCESS	GOBP_POSITIVE_REGULATION_OF_FATTY_ACID_METABOLIC_PROCESS		20	0.43175	0.82664293	0.71763086	0.9883375	1.0	317	tags=10%, list=3%, signal=10%	
GOBP_POSITIVE_REGULATION_OF_LAMELLIPODIUM_ORGANIZATION	GOBP_POSITIVE_REGULATION_OF_LAMELLIPODIUM_ORGANIZATION		21	0.4309133	0.826503	0.71123755	0.98830396	1.0	1254	tags=38%, list=12%, signal=43%	
GOBP_MITOTIC_CELL_CYCLE_CHECKPOINT_SIGNALING	GOBP_MITOTIC_CELL_CYCLE_CHECKPOINT_SIGNALING		110	0.35824797	0.82606846	0.7559748	0.9888	1.0	1971	tags=25%, list=19%, signal=30%	
HP_LONG_NOSE	HP_LONG_NOSE		26	0.41129908	0.825975	0.72677594	0.98866564	1.0	552	tags=8%, list=5%, signal=8%	
GOBP_RETINOL_METABOLIC_PROCESS	GOBP_RETINOL_METABOLIC_PROCESS		18	0.43342063	0.82594115	0.7090164	0.9884267	1.0	3406	tags=50%, list=33%, signal=74%	
GOMF_CATALYTIC_ACTIVITY_ACTING_ON_RNA	GOMF_CATALYTIC_ACTIVITY_ACTING_ON_RNA		304	0.32382593	0.82593685	0.849252	0.98813653	1.0	3234	tags=33%, list=31%, signal=47%	
GOBP_POLYSACCHARIDE_METABOLIC_PROCESS	GOBP_POLYSACCHARIDE_METABOLIC_PROCESS		51	0.384728	0.8256436	0.7446808	0.98837394	1.0	1786	tags=18%, list=17%, signal=21%	
GOBP_VASCULAR_ASSOCIATED_SMOOTH_MUSCLE_CELL_MIGRATION	GOBP_VASCULAR_ASSOCIATED_SMOOTH_MUSCLE_CELL_MIGRATION		16	0.44491094	0.8254002	0.6917808	0.98851925	1.0	1381	tags=44%, list=13%, signal=50%	
GOBP_RESPONSE_TO_INTERLEUKIN_1	GOBP_RESPONSE_TO_INTERLEUKIN_1		58	0.37960452	0.8253897	0.74054056	0.9882418	1.0	1256	tags=19%, list=12%, signal=21%	
GOBP_T_CELL_HOMEOSTASIS	GOBP_T_CELL_HOMEOSTASIS		39	0.39893648	0.82537955	0.7431319	0.98796505	1.0	3524	tags=54%, list=34%, signal=81%	
HP_EPISODIC_TACHYPNEA	HP_EPISODIC_TACHYPNEA		32	0.4013411	0.8250653	0.7011019	0.9882386	1.0	4117	tags=53%, list=39%, signal=87%	
HP_INCREASED_URINARY_NON_PROTEINOGENIC_AMINO_ACID_LEVEL	HP_INCREASED_URINARY_NON_PROTEINOGENIC_AMINO_ACID_LEVEL		16	0.44034535	0.8249364	0.70042795	0.98818463	1.0	2747	tags=44%, list=26%, signal=59%	
GOBP_REGULATION_OF_AMIDE_METABOLIC_PROCESS	GOBP_REGULATION_OF_AMIDE_METABOLIC_PROCESS		46	0.39082277	0.8247675	0.7443709	0.9882058	1.0	583	tags=11%, list=6%, signal=11%	
GOBP_INFLAMMATORY_RESPONSE_TO_ANTIGENIC_STIMULUS	GOBP_INFLAMMATORY_RESPONSE_TO_ANTIGENIC_STIMULUS		45	0.3826857	0.8247355	0.7406417	0.9879735	1.0	921	tags=16%, list=9%, signal=17%	
GOBP_REGULATION_OF_CELL_SHAPE	GOBP_REGULATION_OF_CELL_SHAPE		82	0.3661892	0.82465005	0.7690355	0.98783606	1.0	2228	tags=28%, list=21%, signal=35%	
HP_PERIPHERAL_CYANOSIS	HP_PERIPHERAL_CYANOSIS		21	0.4275577	0.8245426	0.72063035	0.9877419	1.0	791	tags=24%, list=8%, signal=26%	
HP_TREMOR	HP_TREMOR		382	0.32081294	0.8244079	0.8662983	0.9876934	1.0	819	tags=9%, list=8%, signal=9%	
HP_UNUSUAL_FUNGAL_INFECTION	HP_UNUSUAL_FUNGAL_INFECTION		69	0.37046745	0.82427055	0.75298804	0.98763937	1.0	719	tags=13%, list=7%, signal=14%	
HP_SELF_INJURIOUS_BEHAVIOR	HP_SELF_INJURIOUS_BEHAVIOR		121	0.34762344	0.82426107	0.80453974	0.9873602	1.0	1568	tags=24%, list=15%, signal=28%	
GOBP_MITOTIC_CYTOKINETIC_PROCESS	GOBP_MITOTIC_CYTOKINETIC_PROCESS		34	0.4045379	0.8242311	0.7408377	0.98711914	1.0	1511	tags=15%, list=14%, signal=17%	
GOBP_TRANSCRIPTION_ELONGATION_BY_RNA_POLYMERASE_II	GOBP_TRANSCRIPTION_ELONGATION_BY_RNA_POLYMERASE_II		107	0.35557255	0.82415754	0.79297364	0.98694384	1.0	3161	tags=36%, list=30%, signal=52%	
GOBP_NEGATIVE_REGULATION_OF_TYPE_II_INTERFERON_PRODUCTION	GOBP_NEGATIVE_REGULATION_OF_TYPE_II_INTERFERON_PRODUCTION		21	0.42566183	0.82380354	0.7107438	0.9872746	1.0	995	tags=29%, list=10%, signal=32%	
GOMF_3_5_EXONUCLEASE_ACTIVITY	GOMF_3_5_EXONUCLEASE_ACTIVITY		44	0.39087173	0.8235537	0.72845954	0.9874397	1.0	2708	tags=27%, list=26%, signal=37%	
GOBP_POSITIVE_REGULATION_OF_G1_S_TRANSITION_OF_MITOTIC_CELL_CYCLE	GOBP_POSITIVE_REGULATION_OF_G1_S_TRANSITION_OF_MITOTIC_CELL_CYCLE		31	0.406343	0.82349014	0.7187079	0.98726326	1.0	1199	tags=16%, list=11%, signal=18%	
GOBP_HETEROTYPIC_CELL_CELL_ADHESION	GOBP_HETEROTYPIC_CELL_CELL_ADHESION		32	0.40815815	0.82343537	0.7213997	0.98706543	1.0	554	tags=13%, list=5%, signal=13%	
GOBP_RESPONSE_TO_TUMOR_CELL	GOBP_RESPONSE_TO_TUMOR_CELL		29	0.40242356	0.82340974	0.7028886	0.9868197	1.0	1269	tags=21%, list=12%, signal=23%	
GOBP_LIPID_EXPORT_FROM_CELL	GOBP_LIPID_EXPORT_FROM_CELL		21	0.4223633	0.8233943	0.73461014	0.9865521	1.0	1660	tags=29%, list=16%, signal=34%	
HP_REDUCED_SPERM_MOTILITY	HP_REDUCED_SPERM_MOTILITY		27	0.4100328	0.82334465	0.7112583	0.9863359	1.0	2543	tags=30%, list=24%, signal=39%	
HP_ANGINA_PECTORIS	HP_ANGINA_PECTORIS		17	0.43768522	0.82305527	0.71207863	0.98656017	1.0	350	tags=18%, list=3%, signal=18%	
GOCC_APICAL_PLASMA_MEMBRANE	GOCC_APICAL_PLASMA_MEMBRANE		139	0.34698418	0.82252157	0.81476843	0.9872321	1.0	2039	tags=23%, list=20%, signal=28%	
GOBP_ORGANIC_ACID_CATABOLIC_PROCESS	GOBP_ORGANIC_ACID_CATABOLIC_PROCESS		138	0.34277058	0.82245684	0.8027638	0.9870572	1.0	1713	tags=11%, list=16%, signal=13%	
HP_ABNORMALITY_OF_REPRODUCTIVE_SYSTEM_PHYSIOLOGY	HP_ABNORMALITY_OF_REPRODUCTIVE_SYSTEM_PHYSIOLOGY		422	0.31447542	0.82232827	0.8858058	0.9869944	1.0	1693	tags=18%, list=16%, signal=21%	
HP_HIATUS_HERNIA	HP_HIATUS_HERNIA		22	0.4172709	0.82229424	0.73779637	0.9867578	1.0	4276	tags=64%, list=41%, signal=108%	
HP_CEREBRAL_HYPOMYELINATION	HP_CEREBRAL_HYPOMYELINATION		21	0.42711428	0.82198614	0.7275281	0.98702997	1.0	2276	tags=33%, list=22%, signal=43%	
GOBP_POSITIVE_REGULATION_OF_MRNA_PROCESSING	GOBP_POSITIVE_REGULATION_OF_MRNA_PROCESSING		17	0.43638787	0.82183874	0.70810056	0.9869916	1.0	2197	tags=41%, list=21%, signal=52%	
HP_ABNORMAL_FEMALE_EXTERNAL_GENITALIA_MORPHOLOGY	HP_ABNORMAL_FEMALE_EXTERNAL_GENITALIA_MORPHOLOGY		86	0.35891527	0.821716	0.78067887	0.9869298	1.0	2039	tags=27%, list=20%, signal=33%	
GOBP_REGULATION_OF_ANATOMICAL_STRUCTURE_MORPHOGENESIS	GOBP_REGULATION_OF_ANATOMICAL_STRUCTURE_MORPHOGENESIS		377	0.31491596	0.821454	0.8686534	0.98712474	1.0	2258	tags=25%, list=22%, signal=31%	
GOCC_CUL3_RING_UBIQUITIN_LIGASE_COMPLEX	GOCC_CUL3_RING_UBIQUITIN_LIGASE_COMPLEX		43	0.38798842	0.8213935	0.7398922	0.98694205	1.0	2746	tags=23%, list=26%, signal=31%	
HP_SCLEROCORNEA	HP_SCLEROCORNEA		24	0.41657048	0.8210792	0.7287671	0.98719984	1.0	2031	tags=33%, list=19%, signal=41%	
GOBP_SYNAPTIC_VESICLE_EXOCYTOSIS	GOBP_SYNAPTIC_VESICLE_EXOCYTOSIS		43	0.39106226	0.821049	0.7379679	0.9869608	1.0	1536	tags=19%, list=15%, signal=22%	
HP_DELAYED_GROSS_MOTOR_DEVELOPMENT	HP_DELAYED_GROSS_MOTOR_DEVELOPMENT		324	0.32219374	0.82094985	0.86733556	0.98685086	1.0	1568	tags=14%, list=15%, signal=16%	
HP_INCOORDINATION	HP_INCOORDINATION		92	0.36173308	0.82085615	0.7609255	0.9867196	1.0	2487	tags=32%, list=24%, signal=41%	
GOBP_REGULATION_OF_CELLULAR_RESPONSE_TO_TRANSFORMING_GROWTH_FACTOR_BETA_STIMULUS	GOBP_REGULATION_OF_CELLULAR_RESPONSE_TO_TRANSFORMING_GROWTH_FACTOR_BETA_STIMULUS		86	0.36285833	0.82067376	0.76738304	0.98676825	1.0	1539	tags=22%, list=15%, signal=26%	
HP_NON_HODGKIN_LYMPHOMA	HP_NON_HODGKIN_LYMPHOMA		32	0.39988595	0.8205494	0.7246377	0.98669755	1.0	1502	tags=25%, list=14%, signal=29%	
GOBP_AMIDE_TRANSPORT	GOBP_AMIDE_TRANSPORT		136	0.34508866	0.8203723	0.7863354	0.98670083	1.0	1935	tags=22%, list=19%, signal=27%	
GOBP_PROTEIN_CATABOLIC_PROCESS_IN_THE_VACUOLE	GOBP_PROTEIN_CATABOLIC_PROCESS_IN_THE_VACUOLE		20	0.43357247	0.8203494	0.72524405	0.9864437	1.0	375	tags=15%, list=4%, signal=16%	
GOBP_SODIUM_ION_TRANSMEMBRANE_TRANSPORT	GOBP_SODIUM_ION_TRANSMEMBRANE_TRANSPORT		50	0.3823112	0.819707	0.76375836	0.98730457	1.0	2067	tags=24%, list=20%, signal=30%	
GOBP_ANTIGEN_PROCESSING_AND_PRESENTATION_OF_EXOGENOUS_ANTIGEN	GOBP_ANTIGEN_PROCESSING_AND_PRESENTATION_OF_EXOGENOUS_ANTIGEN		37	0.39533126	0.81946826	0.7351779	0.9874192	1.0	797	tags=24%, list=8%, signal=26%	
HP_ABNORMAL_NERVOUS_SYSTEM_ELECTROPHYSIOLOGY	HP_ABNORMAL_NERVOUS_SYSTEM_ELECTROPHYSIOLOGY		439	0.31384656	0.8194538	0.90217394	0.9871466	1.0	1763	tags=15%, list=17%, signal=18%	
HP_DEATH_IN_INFANCY	HP_DEATH_IN_INFANCY		144	0.33650833	0.81943387	0.8114144	0.9868843	1.0	1362	tags=15%, list=13%, signal=17%	
HP_SOMATIC_SENSORY_DYSFUNCTION	HP_SOMATIC_SENSORY_DYSFUNCTION		261	0.32456985	0.8190895	0.84125143	0.98720866	1.0	1707	tags=21%, list=16%, signal=24%	
GOBP_SCF_DEPENDENT_PROTEASOMAL_UBIQUITIN_DEPENDENT_PROTEIN_CATABOLIC_PROCESS	GOBP_SCF_DEPENDENT_PROTEASOMAL_UBIQUITIN_DEPENDENT_PROTEIN_CATABOLIC_PROCESS		54	0.37964675	0.8190773	0.7398922	0.98693484	1.0	1269	tags=9%, list=12%, signal=10%	
HP_THICKENED_HELICES	HP_THICKENED_HELICES		31	0.40109193	0.8189589	0.723796	0.9868695	1.0	848	tags=13%, list=8%, signal=14%	
HP_HYPOPHOSPHATEMIA	HP_HYPOPHOSPHATEMIA		30	0.40617815	0.81878257	0.70954907	0.9868842	1.0	3523	tags=43%, list=34%, signal=65%	
HP_ACCELERATED_SKELETAL_MATURATION	HP_ACCELERATED_SKELETAL_MATURATION		39	0.40282202	0.8183135	0.75761586	0.987407	1.0	2039	tags=23%, list=20%, signal=29%	
GOBP_REGULATION_OF_LYMPHOCYTE_MIGRATION	GOBP_REGULATION_OF_LYMPHOCYTE_MIGRATION		40	0.39018038	0.8180793	0.74630874	0.9875413	1.0	777	tags=10%, list=7%, signal=11%	
GOBP_COLUMNAR_CUBOIDAL_EPITHELIAL_CELL_DIFFERENTIATION	GOBP_COLUMNAR_CUBOIDAL_EPITHELIAL_CELL_DIFFERENTIATION		33	0.40187836	0.81761914	0.7252011	0.98805404	1.0	1800	tags=30%, list=17%, signal=36%	
GOBP_NEGATIVE_REGULATION_OF_MUSCLE_HYPERTROPHY	GOBP_NEGATIVE_REGULATION_OF_MUSCLE_HYPERTROPHY		21	0.42414445	0.81729287	0.7171429	0.9883391	1.0	470	tags=14%, list=5%, signal=15%	
GOMF_NUCLEOTIDE_TRANSMEMBRANE_TRANSPORTER_ACTIVITY	GOMF_NUCLEOTIDE_TRANSMEMBRANE_TRANSPORTER_ACTIVITY		22	0.4218236	0.81698346	0.7261236	0.9885642	1.0	1690	tags=27%, list=16%, signal=32%	
HP_NEONATAL_ONSET	HP_NEONATAL_ONSET		298	0.32316014	0.81695896	0.8681447	0.9883183	1.0	1664	tags=17%, list=16%, signal=20%	
HP_AUTOIMMUNE_ANTIBODY_POSITIVITY	HP_AUTOIMMUNE_ANTIBODY_POSITIVITY		106	0.3525734	0.81690174	0.80735105	0.9881184	1.0	1072	tags=13%, list=10%, signal=15%	
HP_CNS_HYPOMYELINATION	HP_CNS_HYPOMYELINATION		63	0.3695573	0.8168994	0.7726675	0.9878298	1.0	2857	tags=30%, list=27%, signal=41%	
GOCC_LUMENAL_SIDE_OF_ENDOPLASMIC_RETICULUM_MEMBRANE	GOCC_LUMENAL_SIDE_OF_ENDOPLASMIC_RETICULUM_MEMBRANE		27	0.41292086	0.8168427	0.73259056	0.9876294	1.0	1024	tags=22%, list=10%, signal=25%	
GOBP_MEGAKARYOCYTE_DIFFERENTIATION	GOBP_MEGAKARYOCYTE_DIFFERENTIATION		32	0.398548	0.8168318	0.73333335	0.987359	1.0	778	tags=16%, list=7%, signal=17%	
GOBP_AMINO_ACID_ACTIVATION	GOBP_AMINO_ACID_ACTIVATION		23	0.41952673	0.816509	0.72465754	0.9876506	1.0	4620	tags=52%, list=44%, signal=93%	
GOBP_TRANSITION_METAL_ION_TRANSPORT	GOBP_TRANSITION_METAL_ION_TRANSPORT		53	0.378123	0.8163872	0.7632653	0.9875742	1.0	2365	tags=34%, list=23%, signal=44%	
GOCC_ACROSOMAL_VESICLE	GOCC_ACROSOMAL_VESICLE		49	0.38322493	0.8163188	0.7533875	0.98739505	1.0	785	tags=12%, list=8%, signal=13%	
HP_APLASIA_HYPOPLASIA_OF_THE_TONGUE	HP_APLASIA_HYPOPLASIA_OF_THE_TONGUE		21	0.42179003	0.816307	0.7258741	0.9871215	1.0	585	tags=14%, list=6%, signal=15%	
GOBP_NEGATIVE_REGULATION_OF_GLIOGENESIS	GOBP_NEGATIVE_REGULATION_OF_GLIOGENESIS		16	0.43992305	0.8159552	0.71805555	0.98745024	1.0	1507	tags=25%, list=14%, signal=29%	
HP_ABNORMALITY_OF_THE_VASCULATURE_OF_THE_EYE	HP_ABNORMALITY_OF_THE_VASCULATURE_OF_THE_EYE		239	0.326949	0.81566846	0.8596491	0.9876793	1.0	1779	tags=18%, list=17%, signal=21%	
HP_RESPIRATORY_FAILURE	HP_RESPIRATORY_FAILURE		149	0.33744663	0.815551	0.8318695	0.98760307	1.0	1089	tags=9%, list=10%, signal=10%	
GOBP_LATE_ENDOSOME_TO_LYSOSOME_TRANSPORT	GOBP_LATE_ENDOSOME_TO_LYSOSOME_TRANSPORT		19	0.42733938	0.8152624	0.7286713	0.9878143	1.0	1377	tags=16%, list=13%, signal=18%	
GOBP_POSITIVE_REGULATION_OF_PATTERN_RECOGNITION_RECEPTOR_SIGNALING_PATHWAY	GOBP_POSITIVE_REGULATION_OF_PATTERN_RECOGNITION_RECEPTOR_SIGNALING_PATHWAY		54	0.37652555	0.81511307	0.77213544	0.9877831	1.0	1226	tags=13%, list=12%, signal=15%	
GOBP_PROTEIN_SUMOYLATION	GOBP_PROTEIN_SUMOYLATION		48	0.37720975	0.8144693	0.74900925	0.9885998	1.0	1273	tags=21%, list=12%, signal=24%	
HP_ABNORMAL_GAMMA_GLUTAMYLTRANSFERASE_LEVEL	HP_ABNORMAL_GAMMA_GLUTAMYLTRANSFERASE_LEVEL		32	0.40263447	0.81446904	0.7231788	0.98830783	1.0	3088	tags=41%, list=30%, signal=58%	
HP_ABNORMAL_LABIA_MORPHOLOGY	HP_ABNORMAL_LABIA_MORPHOLOGY		46	0.38586587	0.81393206	0.7523179	0.98897916	1.0	1127	tags=20%, list=11%, signal=22%	
HP_CRANIOSYNOSTOSIS	HP_CRANIOSYNOSTOSIS		121	0.343205	0.8138091	0.8084833	0.98890275	1.0	1977	tags=17%, list=19%, signal=21%	
GOBP_POSITIVE_REGULATION_OF_ENDOCYTOSIS	GOBP_POSITIVE_REGULATION_OF_ENDOCYTOSIS		84	0.3596938	0.8137151	0.7889785	0.9887807	1.0	744	tags=13%, list=7%, signal=14%	
HP_INFLAMMATION_OF_THE_LARGE_INTESTINE	HP_INFLAMMATION_OF_THE_LARGE_INTESTINE		81	0.35431957	0.8134743	0.78516626	0.9889282	1.0	1577	tags=19%, list=15%, signal=22%	
GOBP_REGULATION_OF_MAST_CELL_DEGRANULATION	GOBP_REGULATION_OF_MAST_CELL_DEGRANULATION		16	0.4363648	0.8133925	0.69819194	0.98877454	1.0	290	tags=6%, list=3%, signal=6%	
GOCC_SAGA_TYPE_COMPLEX	GOCC_SAGA_TYPE_COMPLEX		33	0.39867562	0.8133761	0.75507444	0.9885067	1.0	3586	tags=30%, list=34%, signal=46%	
HP_ABNORMAL_SOCIAL_BEHAVIOR	HP_ABNORMAL_SOCIAL_BEHAVIOR		94	0.3504212	0.81320846	0.7868421	0.98850644	1.0	1133	tags=13%, list=11%, signal=14%	
HP_MULTIPLE_LIPOMAS	HP_MULTIPLE_LIPOMAS		20	0.427639	0.8131939	0.7475317	0.9882384	1.0	93	tags=5%, list=1%, signal=5%	
GOBP_ROOF_OF_MOUTH_DEVELOPMENT	GOBP_ROOF_OF_MOUTH_DEVELOPMENT		33	0.3984018	0.81306005	0.744249	0.98817825	1.0	2103	tags=42%, list=20%, signal=53%	
GOBP_CARDIAC_MUSCLE_CELL_DIFFERENTIATION	GOBP_CARDIAC_MUSCLE_CELL_DIFFERENTIATION		47	0.3834312	0.8129923	0.746114	0.9880026	1.0	1701	tags=28%, list=16%, signal=33%	
HP_BLEPHAROPHIMOSIS	HP_BLEPHAROPHIMOSIS		71	0.36923897	0.8129197	0.77662337	0.9878364	1.0	1993	tags=23%, list=19%, signal=28%	
HP_FLARED_METAPHYSIS	HP_FLARED_METAPHYSIS		34	0.40031776	0.81279427	0.73541385	0.9877574	1.0	3541	tags=32%, list=34%, signal=49%	
HP_OPEN_NEURAL_TUBE_DEFECT	HP_OPEN_NEURAL_TUBE_DEFECT		73	0.36698675	0.8127707	0.76657826	0.9875037	1.0	901	tags=8%, list=9%, signal=9%	
HP_APLASIA_HYPOPLASIA_OF_THE_UVULA	HP_APLASIA_HYPOPLASIA_OF_THE_UVULA		26	0.40686673	0.8127126	0.74515235	0.98731273	1.0	3795	tags=50%, list=36%, signal=78%	
GOBP_POSITIVE_REGULATION_OF_LIPID_BIOSYNTHETIC_PROCESS	GOBP_POSITIVE_REGULATION_OF_LIPID_BIOSYNTHETIC_PROCESS		53	0.37453118	0.81254214	0.7506562	0.98732525	1.0	1935	tags=19%, list=19%, signal=23%	
GOBP_NATURAL_KILLER_CELL_ACTIVATION	GOBP_NATURAL_KILLER_CELL_ACTIVATION		55	0.3747638	0.81250143	0.7473822	0.9871115	1.0	758	tags=9%, list=7%, signal=10%	
GOCC_LUMENAL_SIDE_OF_MEMBRANE	GOCC_LUMENAL_SIDE_OF_MEMBRANE		34	0.39475605	0.812412	0.7661823	0.9869824	1.0	1024	tags=21%, list=10%, signal=23%	
HP_ABNORMALITY_OF_CRANIAL_SUTURES	HP_ABNORMALITY_OF_CRANIAL_SUTURES		232	0.32633796	0.8123599	0.8484849	0.9867846	1.0	1988	tags=20%, list=19%, signal=24%	
GOBP_CEREBRAL_CORTEX_CELL_MIGRATION	GOBP_CEREBRAL_CORTEX_CELL_MIGRATION		20	0.41841438	0.8122801	0.7201166	0.98663	1.0	2661	tags=35%, list=25%, signal=47%	
GOBP_NEGATIVE_REGULATION_OF_DNA_REPAIR	GOBP_NEGATIVE_REGULATION_OF_DNA_REPAIR		25	0.41630548	0.8120661	0.7385892	0.9867183	1.0	2287	tags=28%, list=22%, signal=36%	
GOMF_PROTEIN_FOLDING_CHAPERONE_BINDING	GOMF_PROTEIN_FOLDING_CHAPERONE_BINDING		89	0.3547341	0.8114916	0.79586565	0.9874297	1.0	1175	tags=20%, list=11%, signal=23%	
HP_RESPIRATORY_TRACT_INFECTION	HP_RESPIRATORY_TRACT_INFECTION		469	0.31181526	0.8113252	0.91612905	0.98743427	1.0	1386	tags=15%, list=13%, signal=17%	
GOBP_DNA_REPAIR_DEPENDENT_CHROMATIN_REMODELING	GOBP_DNA_REPAIR_DEPENDENT_CHROMATIN_REMODELING		19	0.4317835	0.81132376	0.74225354	0.9871462	1.0	2596	tags=26%, list=25%, signal=35%	
GOMF_PEPTIDE_ANTIGEN_BINDING	GOMF_PEPTIDE_ANTIGEN_BINDING		24	0.41560417	0.81131214	0.72703063	0.9868722	1.0	1024	tags=29%, list=10%, signal=32%	
GOBP_REGULATION_OF_FATTY_ACID_BIOSYNTHETIC_PROCESS	GOBP_REGULATION_OF_FATTY_ACID_BIOSYNTHETIC_PROCESS		30	0.4043353	0.81087893	0.72089946	0.98733705	1.0	451	tags=10%, list=4%, signal=10%	
GOBP_UNSATURATED_FATTY_ACID_METABOLIC_PROCESS	GOBP_UNSATURATED_FATTY_ACID_METABOLIC_PROCESS		48	0.37516308	0.8104806	0.75291073	0.9877162	1.0	1834	tags=21%, list=18%, signal=25%	
HP_APLASIA_HYPOPLASIA_OF_THE_EYEBROW	HP_APLASIA_HYPOPLASIA_OF_THE_EYEBROW		124	0.34627748	0.8103141	0.82097185	0.98772585	1.0	1916	tags=29%, list=18%, signal=35%	
HP_ABNORMALITY_OF_THE_FEMALE_GENITALIA	HP_ABNORMALITY_OF_THE_FEMALE_GENITALIA		319	0.31486005	0.8102868	0.88321996	0.98748654	1.0	2039	tags=24%, list=20%, signal=28%	
GOBP_REGULATION_OF_CELL_PROJECTION_ASSEMBLY	GOBP_REGULATION_OF_CELL_PROJECTION_ASSEMBLY		145	0.33927336	0.8101807	0.8264563	0.98738444	1.0	1786	tags=20%, list=17%, signal=24%	
GOBP_MONOATOMIC_ION_HOMEOSTASIS	GOBP_MONOATOMIC_ION_HOMEOSTASIS		279	0.3170291	0.8099422	0.86265606	0.9875071	1.0	1894	tags=23%, list=18%, signal=27%	
HP_APLASIA_HYPOPLASIA_OF_THE_CEREBELLUM	HP_APLASIA_HYPOPLASIA_OF_THE_CEREBELLUM		333	0.31493264	0.809942	0.8716216	0.9872179	1.0	1491	tags=16%, list=14%, signal=18%	
GOBP_REGULATION_OF_CELL_FATE_COMMITMENT	GOBP_REGULATION_OF_CELL_FATE_COMMITMENT		20	0.41655967	0.8099177	0.7217631	0.9869777	1.0	2414	tags=30%, list=23%, signal=39%	
GOBP_ZINC_ION_TRANSPORT	GOBP_ZINC_ION_TRANSPORT		18	0.425673	0.80990154	0.7131035	0.9867191	1.0	2365	tags=33%, list=23%, signal=43%	
GOCC_UBIQUITIN_LIGASE_COMPLEX	GOCC_UBIQUITIN_LIGASE_COMPLEX		273	0.31655478	0.8095193	0.86712486	0.9871	1.0	2746	tags=23%, list=26%, signal=30%	
GOBP_TUMOR_NECROSIS_FACTOR_MEDIATED_SIGNALING_PATHWAY	GOBP_TUMOR_NECROSIS_FACTOR_MEDIATED_SIGNALING_PATHWAY		72	0.3627048	0.80924785	0.7619048	0.987285	1.0	1276	tags=14%, list=12%, signal=16%	
GOBP_CILIUM_ORGANIZATION	GOBP_CILIUM_ORGANIZATION		254	0.32175997	0.8091701	0.87543255	0.9871336	1.0	1786	tags=11%, list=17%, signal=13%	
HP_POLYDACTYLY	HP_POLYDACTYLY		150	0.33535248	0.8090148	0.83665836	0.9871106	1.0	2326	tags=21%, list=22%, signal=26%	
GOBP_RESPONSE_TO_OSMOTIC_STRESS	GOBP_RESPONSE_TO_OSMOTIC_STRESS		55	0.3745965	0.8086624	0.7685422	0.9874192	1.0	1883	tags=20%, list=18%, signal=24%	
GOBP_NUCLEAR_MEMBRANE_ORGANIZATION	GOBP_NUCLEAR_MEMBRANE_ORGANIZATION		38	0.383019	0.80862415	0.758988	0.98719555	1.0	2888	tags=29%, list=28%, signal=40%	
HP_SPARSE_HAIR	HP_SPARSE_HAIR		216	0.32607388	0.8086233	0.8382878	0.9869084	1.0	1155	tags=16%, list=11%, signal=17%	
GOBP_RESPONSE_TO_VITAMIN_D	GOBP_RESPONSE_TO_VITAMIN_D		18	0.42062488	0.80818367	0.73103446	0.9873483	1.0	650	tags=11%, list=6%, signal=12%	
GOMF_RNA_NUCLEASE_ACTIVITY	GOMF_RNA_NUCLEASE_ACTIVITY		87	0.35735163	0.80799335	0.79949236	0.9873798	1.0	3559	tags=45%, list=34%, signal=67%	
GOBP_MITOCHONDRIAL_DNA_METABOLIC_PROCESS	GOBP_MITOCHONDRIAL_DNA_METABOLIC_PROCESS		19	0.4179764	0.80788314	0.73525375	0.9872822	1.0	2910	tags=32%, list=28%, signal=44%	
GOBP_FILOPODIUM_ASSEMBLY	GOBP_FILOPODIUM_ASSEMBLY		39	0.3893901	0.8078431	0.7717391	0.98705506	1.0	1781	tags=31%, list=17%, signal=37%	
HP_INCREASED_PROTEINOGENIC_AMINO_ACID_LEVEL_IN_URINE	HP_INCREASED_PROTEINOGENIC_AMINO_ACID_LEVEL_IN_URINE		21	0.41559893	0.8076737	0.71548116	0.98703897	1.0	2163	tags=24%, list=21%, signal=30%	
GOCC_APICAL_PART_OF_CELL	GOCC_APICAL_PART_OF_CELL		191	0.32765007	0.8075865	0.86052006	0.98689497	1.0	2039	tags=20%, list=20%, signal=24%	
GOBP_INNER_EAR_RECEPTOR_CELL_DEVELOPMENT	GOBP_INNER_EAR_RECEPTOR_CELL_DEVELOPMENT		23	0.41137397	0.8075296	0.7217514	0.98670936	1.0	1807	tags=22%, list=17%, signal=26%	
GOMF_CYCLIN_DEPENDENT_PROTEIN_KINASE_ACTIVITY	GOMF_CYCLIN_DEPENDENT_PROTEIN_KINASE_ACTIVITY		18	0.43248385	0.8070434	0.73006994	0.98726666	1.0	2607	tags=28%, list=25%, signal=37%	
HP_ABNORMALITY_OF_EXTRAPYRAMIDAL_MOTOR_FUNCTION	HP_ABNORMALITY_OF_EXTRAPYRAMIDAL_MOTOR_FUNCTION		199	0.32245052	0.8070103	0.8489209	0.9870366	1.0	1443	tags=15%, list=14%, signal=17%	
GOBP_DEFENSE_RESPONSE_TO_VIRUS	GOBP_DEFENSE_RESPONSE_TO_VIRUS		207	0.32195488	0.80700237	0.8549528	0.9867631	1.0	1357	tags=15%, list=13%, signal=17%	
HP_OCULOMOTOR_APRAXIA	HP_OCULOMOTOR_APRAXIA		76	0.3589875	0.8069515	0.7720403	0.9865692	1.0	319	tags=4%, list=3%, signal=4%	
HP_ATYPICAL_SCARRING_OF_SKIN	HP_ATYPICAL_SCARRING_OF_SKIN		35	0.39033994	0.80653083	0.75239396	0.98699456	1.0	142	tags=6%, list=1%, signal=6%	
HP_ABNORMAL_INTRAOCULAR_PRESSURE	HP_ABNORMAL_INTRAOCULAR_PRESSURE		16	0.43172428	0.8064552	0.73024523	0.9868389	1.0	797	tags=19%, list=8%, signal=20%	
GOBP_VESICLE_LOCALIZATION	GOBP_VESICLE_LOCALIZATION		144	0.33540013	0.80548245	0.83538085	0.98818123	1.0	1816	tags=13%, list=17%, signal=16%	
GOBP_MICROTUBULE_BASED_MOVEMENT	GOBP_MICROTUBULE_BASED_MOVEMENT		245	0.31876004	0.80541635	0.8704784	0.9880026	1.0	1843	tags=19%, list=18%, signal=22%	
GOBP_CARBOHYDRATE_CATABOLIC_PROCESS	GOBP_CARBOHYDRATE_CATABOLIC_PROCESS		111	0.3410875	0.80520546	0.8086185	0.988074	1.0	160	tags=4%, list=2%, signal=4%	
GOBP_ORGANIC_ACID_TRANSPORT	GOBP_ORGANIC_ACID_TRANSPORT		142	0.339033	0.80509174	0.81148565	0.9879714	1.0	449	tags=8%, list=4%, signal=8%	
HP_ABNORMALITY_OF_THE_TONGUE	HP_ABNORMALITY_OF_THE_TONGUE		268	0.31642392	0.8050895	0.87108016	0.9876878	1.0	1642	tags=16%, list=16%, signal=18%	
HP_FINGER_SYNDACTYLY	HP_FINGER_SYNDACTYLY		114	0.34534284	0.80499214	0.82493705	0.9875777	1.0	1635	tags=13%, list=16%, signal=15%	
GOBP_NEGATIVE_REGULATION_OF_BMP_SIGNALING_PATHWAY	GOBP_NEGATIVE_REGULATION_OF_BMP_SIGNALING_PATHWAY		26	0.40605453	0.80493575	0.723099	0.987385	1.0	1507	tags=23%, list=14%, signal=27%	
GOBP_MYELOID_CELL_ACTIVATION_INVOLVED_IN_IMMUNE_RESPONSE	GOBP_MYELOID_CELL_ACTIVATION_INVOLVED_IN_IMMUNE_RESPONSE		64	0.3636338	0.80440694	0.7859008	0.98799115	1.0	921	tags=13%, list=9%, signal=14%	
GOBP_PROTEIN_BRANCHED_POLYUBIQUITINATION	GOBP_PROTEIN_BRANCHED_POLYUBIQUITINATION		16	0.43193182	0.8043606	0.73054755	0.98777777	1.0	3549	tags=38%, list=34%, signal=57%	
GOCC_MITOCHONDRIA_ASSOCIATED_ENDOPLASMIC_RETICULUM_MEMBRANE_CONTACT_SITE	GOCC_MITOCHONDRIA_ASSOCIATED_ENDOPLASMIC_RETICULUM_MEMBRANE_CONTACT_SITE		20	0.41337812	0.8043433	0.7208976	0.9875217	1.0	3924	tags=45%, list=38%, signal=72%	
GOBP_RAC_PROTEIN_SIGNAL_TRANSDUCTION	GOBP_RAC_PROTEIN_SIGNAL_TRANSDUCTION		38	0.3854593	0.80430293	0.75342464	0.98729664	1.0	2190	tags=29%, list=21%, signal=36%	
GOBP_NUCLEOTIDE_TRANSMEMBRANE_TRANSPORT	GOBP_NUCLEOTIDE_TRANSMEMBRANE_TRANSPORT		17	0.42845783	0.80428654	0.71448666	0.9870408	1.0	2018	tags=41%, list=19%, signal=51%	
HP_JOINT_HYPERMOBILITY	HP_JOINT_HYPERMOBILITY		344	0.30832472	0.80425745	0.90391064	0.986802	1.0	1626	tags=16%, list=16%, signal=19%	
GOBP_NUCLEOTIDE_BINDING_DOMAIN_LEUCINE_RICH_REPEAT_CONTAINING_RECEPTOR_SIGNALING_PATHWAY	GOBP_NUCLEOTIDE_BINDING_DOMAIN_LEUCINE_RICH_REPEAT_CONTAINING_RECEPTOR_SIGNALING_PATHWAY		24	0.40619698	0.80383813	0.73297	0.98723143	1.0	216	tags=8%, list=2%, signal=8%	
HP_ABNORMAL_LOWER_LIMB_BONE_MORPHOLOGY	HP_ABNORMAL_LOWER_LIMB_BONE_MORPHOLOGY		473	0.30514506	0.8034303	0.9366812	0.98763067	1.0	2075	tags=20%, list=20%, signal=23%	
HP_KETOACIDOSIS	HP_KETOACIDOSIS		22	0.4194188	0.80330807	0.744382	0.9875597	1.0	1823	tags=27%, list=17%, signal=33%	
GOBP_KETONE_BIOSYNTHETIC_PROCESS	GOBP_KETONE_BIOSYNTHETIC_PROCESS		31	0.397359	0.80324554	0.7581081	0.9873766	1.0	1664	tags=26%, list=16%, signal=31%	
HP_SHORT_FOOT	HP_SHORT_FOOT		90	0.3557501	0.8029508	0.8025641	0.98758703	1.0	1579	tags=19%, list=15%, signal=22%	
GOBP_REGULATION_OF_LIPID_LOCALIZATION	GOBP_REGULATION_OF_LIPID_LOCALIZATION		79	0.35270664	0.80251014	0.7799228	0.9880563	1.0	1660	tags=20%, list=16%, signal=24%	
GOBP_VASCULAR_TRANSPORT	GOBP_VASCULAR_TRANSPORT		44	0.38726112	0.8025054	0.775	0.9877799	1.0	705	tags=11%, list=7%, signal=12%	
HP_STILLBIRTH	HP_STILLBIRTH		20	0.41868043	0.80248046	0.74930364	0.98753554	1.0	1635	tags=45%, list=16%, signal=53%	
GOBP_PROTEIN_K11_LINKED_UBIQUITINATION	GOBP_PROTEIN_K11_LINKED_UBIQUITINATION		30	0.3951441	0.8022267	0.7393617	0.9876727	1.0	2818	tags=30%, list=27%, signal=41%	
GOBP_POSITIVE_REGULATION_OF_HYDROLASE_ACTIVITY	GOBP_POSITIVE_REGULATION_OF_HYDROLASE_ACTIVITY		58	0.3649103	0.80192786	0.77602106	0.98788786	1.0	486	tags=5%, list=5%, signal=5%	
HP_ABDOMINAL_PAIN	HP_ABDOMINAL_PAIN		202	0.3293184	0.8015986	0.852459	0.988144	1.0	1123	tags=14%, list=11%, signal=16%	
HP_ECLABION	HP_ECLABION		95	0.34869173	0.8015437	0.8298429	0.9879487	1.0	1133	tags=14%, list=11%, signal=15%	
HP_GENERALIZED_NEONATAL_HYPOTONIA	HP_GENERALIZED_NEONATAL_HYPOTONIA		19	0.4183523	0.8015303	0.73098594	0.98768276	1.0	3414	tags=47%, list=33%, signal=70%	
GOMF_AMYLOID_BETA_BINDING	GOMF_AMYLOID_BETA_BINDING		47	0.37388805	0.8014426	0.7557355	0.98753333	1.0	705	tags=17%, list=7%, signal=18%	
HP_CONGENITAL_MALFORMATION_OF_THE_GREAT_ARTERIES	HP_CONGENITAL_MALFORMATION_OF_THE_GREAT_ARTERIES		317	0.313695	0.8014093	0.89088863	0.987305	1.0	1658	tags=19%, list=16%, signal=21%	
GOBP_EXTRACELLULAR_TRANSPORT	GOBP_EXTRACELLULAR_TRANSPORT		21	0.4166323	0.80128586	0.72789115	0.98723733	1.0	3273	tags=43%, list=31%, signal=62%	
GOBP_FOREBRAIN_GENERATION_OF_NEURONS	GOBP_FOREBRAIN_GENERATION_OF_NEURONS		23	0.41031304	0.80117214	0.73124146	0.98713714	1.0	1977	tags=39%, list=19%, signal=48%	
GOBP_DEVELOPMENTAL_MATURATION	GOBP_DEVELOPMENTAL_MATURATION		142	0.3342446	0.80052066	0.8245399	0.9879338	1.0	1251	tags=14%, list=12%, signal=16%	
HP_SKIN_RASH	HP_SKIN_RASH		111	0.3397785	0.80029833	0.81748074	0.988002	1.0	797	tags=11%, list=8%, signal=12%	
GOBP_PLACENTA_BLOOD_VESSEL_DEVELOPMENT	GOBP_PLACENTA_BLOOD_VESSEL_DEVELOPMENT		19	0.41832584	0.80005604	0.7628294	0.98813	1.0	642	tags=11%, list=6%, signal=11%	
GOBP_NUCLEIC_ACID_CATABOLIC_PROCESS	GOBP_NUCLEIC_ACID_CATABOLIC_PROCESS		277	0.3194734	0.7999697	0.87205386	0.987991	1.0	1388	tags=19%, list=13%, signal=21%	
GOBP_LOCALIZATION_WITHIN_MEMBRANE	GOBP_LOCALIZATION_WITHIN_MEMBRANE		440	0.30514023	0.7997934	0.9192478	0.9879912	1.0	1652	tags=17%, list=16%, signal=19%	
HP_NEUROGENIC_BLADDER	HP_NEUROGENIC_BLADDER		46	0.37449363	0.79967934	0.75821286	0.98788863	1.0	2468	tags=17%, list=24%, signal=23%	
GOBP_VASCULAR_ENDOTHELIAL_CELL_RESPONSE_TO_FLUID_SHEAR_STRESS	GOBP_VASCULAR_ENDOTHELIAL_CELL_RESPONSE_TO_FLUID_SHEAR_STRESS		17	0.42602882	0.79945505	0.7386364	0.98796904	1.0	1935	tags=29%, list=19%, signal=36%	
GOBP_RNA_SPLICING	GOBP_RNA_SPLICING		355	0.30982903	0.79881054	0.90555555	0.9887427	1.0	1438	tags=21%, list=14%, signal=23%	
GOMF_OXIDOREDUCTASE_ACTIVITY_ACTING_ON_CH_OH_GROUP_OF_DONORS	GOMF_OXIDOREDUCTASE_ACTIVITY_ACTING_ON_CH_OH_GROUP_OF_DONORS		67	0.35643533	0.7986163	0.75096774	0.9887896	1.0	2958	tags=28%, list=28%, signal=39%	
GOBP_POSITIVE_REGULATION_OF_TOR_SIGNALING	GOBP_POSITIVE_REGULATION_OF_TOR_SIGNALING		52	0.36242473	0.79856616	0.76993465	0.9885872	1.0	405	tags=8%, list=4%, signal=8%	
GOBP_REGULATION_OF_TRANSMEMBRANE_TRANSPORTER_ACTIVITY	GOBP_REGULATION_OF_TRANSMEMBRANE_TRANSPORTER_ACTIVITY		45	0.37418863	0.7984797	0.7770361	0.988452	1.0	884	tags=16%, list=8%, signal=17%	
GOBP_REGULATION_OF_DNA_TEMPLATED_TRANSCRIPTION_ELONGATION	GOBP_REGULATION_OF_DNA_TEMPLATED_TRANSCRIPTION_ELONGATION		81	0.35459995	0.79840285	0.7992126	0.9882906	1.0	2347	tags=25%, list=22%, signal=32%	
HP_AGANGLIONIC_MEGACOLON	HP_AGANGLIONIC_MEGACOLON		91	0.34605592	0.7982044	0.82225066	0.9883279	1.0	3915	tags=38%, list=37%, signal=61%	
HP_ABNORMAL_MORPHOLOGY_OF_ULNA	HP_ABNORMAL_MORPHOLOGY_OF_ULNA		97	0.34902805	0.79802716	0.7915058	0.98833257	1.0	1626	tags=21%, list=16%, signal=24%	
HP_POOR_SPEECH	HP_POOR_SPEECH		124	0.3360768	0.7974072	0.83497536	0.98903346	1.0	2333	tags=23%, list=22%, signal=30%	
HP_INCREASED_CIRCULATING_IGM_LEVEL	HP_INCREASED_CIRCULATING_IGM_LEVEL		24	0.40246522	0.7973307	0.7493188	0.9888745	1.0	1478	tags=17%, list=14%, signal=19%	
GOBP_INTRACILIARY_TRANSPORT	GOBP_INTRACILIARY_TRANSPORT		36	0.38282457	0.7972395	0.7437673	0.98874295	1.0	263	tags=3%, list=3%, signal=3%	
GOBP_REGULATION_OF_DNA_DAMAGE_RESPONSE_SIGNAL_TRANSDUCTION_BY_P53_CLASS_MEDIATOR	GOBP_REGULATION_OF_DNA_DAMAGE_RESPONSE_SIGNAL_TRANSDUCTION_BY_P53_CLASS_MEDIATOR		25	0.4020198	0.7970395	0.7438692	0.98877805	1.0	743	tags=20%, list=7%, signal=21%	
HP_RETINAL_DYSTROPHY	HP_RETINAL_DYSTROPHY		186	0.32587892	0.79700494	0.8762019	0.9885509	1.0	473	tags=6%, list=5%, signal=6%	
GOBP_FATTY_ACYL_COA_METABOLIC_PROCESS	GOBP_FATTY_ACYL_COA_METABOLIC_PROCESS		30	0.39570066	0.79697126	0.73930484	0.98832315	1.0	4165	tags=53%, list=40%, signal=88%	
GOBP_EPIDERMAL_CELL_DIFFERENTIATION	GOBP_EPIDERMAL_CELL_DIFFERENTIATION		76	0.35481656	0.79683936	0.8069498	0.9882463	1.0	1440	tags=17%, list=14%, signal=20%	
GOBP_NEGATIVE_REGULATION_OF_PHOSPHATIDYLINOSITOL_3_KINASE_PROTEIN_KINASE_B_SIGNAL_TRANSDUCTION	GOBP_NEGATIVE_REGULATION_OF_PHOSPHATIDYLINOSITOL_3_KINASE_PROTEIN_KINASE_B_SIGNAL_TRANSDUCTION		32	0.39326978	0.7966565	0.77537215	0.98826927	1.0	258	tags=6%, list=2%, signal=6%	
HP_PROMINENT_NASAL_TIP	HP_PROMINENT_NASAL_TIP		15	0.42725676	0.7966004	0.75106084	0.9880739	1.0	2248	tags=47%, list=22%, signal=59%	
HP_NIGHT_SWEATS	HP_NIGHT_SWEATS		16	0.42646658	0.79651594	0.75753427	0.98793197	1.0	797	tags=25%, list=8%, signal=27%	
GOBP_INTRINSIC_APOPTOTIC_SIGNALING_PATHWAY_IN_RESPONSE_TO_ENDOPLASMIC_RETICULUM_STRESS	GOBP_INTRINSIC_APOPTOTIC_SIGNALING_PATHWAY_IN_RESPONSE_TO_ENDOPLASMIC_RETICULUM_STRESS		45	0.3740536	0.7963234	0.77066666	0.9879689	1.0	749	tags=13%, list=7%, signal=14%	
HP_ABNORMAL_IRIS_PIGMENTATION	HP_ABNORMAL_IRIS_PIGMENTATION		80	0.35593635	0.7961805	0.82005143	0.9879245	1.0	1507	tags=13%, list=14%, signal=14%	
GOBP_REGULATION_OF_OSTEOCLAST_DIFFERENTIATION	GOBP_REGULATION_OF_OSTEOCLAST_DIFFERENTIATION		35	0.38548732	0.795992	0.75166005	0.9879472	1.0	1121	tags=23%, list=11%, signal=26%	
HP_CHEILITIS	HP_CHEILITIS		27	0.39040497	0.7959048	0.7387141	0.9878101	1.0	797	tags=11%, list=8%, signal=12%	
GOMF_PHOSPHATIDYLINOSITOL_BINDING	GOMF_PHOSPHATIDYLINOSITOL_BINDING		170	0.3255424	0.7956767	0.875467	0.9879071	1.0	1217	tags=11%, list=12%, signal=12%	
GOMF_PROTEIN_TYROSINE_KINASE_ACTIVITY	GOMF_PROTEIN_TYROSINE_KINASE_ACTIVITY		61	0.36239433	0.7955898	0.772	0.9877682	1.0	1113	tags=13%, list=11%, signal=15%	
HP_GRAY_MATTER_HETEROTOPIA	HP_GRAY_MATTER_HETEROTOPIA		87	0.34823695	0.7955307	0.8204134	0.9875812	1.0	1134	tags=13%, list=11%, signal=14%	
GOCC_NON_MOTILE_CILIUM	GOCC_NON_MOTILE_CILIUM		65	0.3618077	0.7954863	0.7844941	0.9873692	1.0	1824	tags=17%, list=17%, signal=20%	
GOMF_SH3_DOMAIN_BINDING	GOMF_SH3_DOMAIN_BINDING		65	0.3610834	0.7952133	0.77470356	0.9875292	1.0	2372	tags=25%, list=23%, signal=32%	
HP_APLASIA_HYPOPLASIA_INVOLVING_BONES_OF_THE_LOWER_LIMBS	HP_APLASIA_HYPOPLASIA_INVOLVING_BONES_OF_THE_LOWER_LIMBS		237	0.3172727	0.7951485	0.89227164	0.9873402	1.0	2074	tags=23%, list=20%, signal=28%	
GOBP_LYMPHOCYTE_MEDIATED_IMMUNITY	GOBP_LYMPHOCYTE_MEDIATED_IMMUNITY		174	0.32851163	0.79509294	0.8733087	0.9871413	1.0	1115	tags=16%, list=11%, signal=18%	
GOBP_POSITIVE_REGULATION_OF_MRNA_METABOLIC_PROCESS	GOBP_POSITIVE_REGULATION_OF_MRNA_METABOLIC_PROCESS		97	0.34581634	0.7949969	0.8245614	0.9870127	1.0	1844	tags=25%, list=18%, signal=30%	
GOMF_NF_KAPPAB_BINDING	GOMF_NF_KAPPAB_BINDING		25	0.40187156	0.7946858	0.7623498	0.98724246	1.0	2373	tags=28%, list=23%, signal=36%	
HP_RADIOULNAR_SYNOSTOSIS	HP_RADIOULNAR_SYNOSTOSIS		48	0.3758187	0.79462606	0.7777778	0.98704904	1.0	1993	tags=23%, list=19%, signal=28%	
HP_HIGH_ANTERIOR_HAIRLINE	HP_HIGH_ANTERIOR_HAIRLINE		48	0.37332118	0.79459107	0.78907245	0.98682415	1.0	3502	tags=44%, list=34%, signal=66%	
GOBP_L_AMINO_ACID_TRANSPORT	GOBP_L_AMINO_ACID_TRANSPORT		46	0.37282646	0.79442436	0.77613944	0.986805	1.0	432	tags=7%, list=4%, signal=7%	
GOBP_REGULATION_OF_RESPONSE_TO_CYTOKINE_STIMULUS	GOBP_REGULATION_OF_RESPONSE_TO_CYTOKINE_STIMULUS		128	0.33384168	0.79429275	0.8331242	0.9867487	1.0	1331	tags=15%, list=13%, signal=17%	
GOBP_POSITIVE_REGULATION_OF_ACTIN_FILAMENT_POLYMERIZATION	GOBP_POSITIVE_REGULATION_OF_ACTIN_FILAMENT_POLYMERIZATION		22	0.4066877	0.79423994	0.7562674	0.986545	1.0	1510	tags=27%, list=14%, signal=32%	
HP_HEART_BLOCK	HP_HEART_BLOCK		63	0.35781682	0.794054	0.7994723	0.9865512	1.0	922	tags=17%, list=9%, signal=19%	
HP_INCREASED_HEAD_CIRCUMFERENCE	HP_INCREASED_HEAD_CIRCUMFERENCE		294	0.31107774	0.79300374	0.8972067	0.9879496	1.0	1626	tags=14%, list=16%, signal=16%	
GOBP_RENAL_SYSTEM_DEVELOPMENT	GOBP_RENAL_SYSTEM_DEVELOPMENT		133	0.33273453	0.7929278	0.8351384	0.9877888	1.0	1701	tags=23%, list=16%, signal=27%	
GOBP_RESPIRATORY_SYSTEM_DEVELOPMENT	GOBP_RESPIRATORY_SYSTEM_DEVELOPMENT		100	0.34589884	0.79265326	0.84565496	0.9879637	1.0	2312	tags=27%, list=22%, signal=34%	
GOBP_RESPONSE_TO_STEROL	GOBP_RESPONSE_TO_STEROL		17	0.42698947	0.7919703	0.73214287	0.98881525	1.0	2103	tags=24%, list=20%, signal=29%	
GOBP_NEGATIVE_REGULATION_OF_OSTEOCLAST_DIFFERENTIATION	GOBP_NEGATIVE_REGULATION_OF_OSTEOCLAST_DIFFERENTIATION		18	0.41981268	0.7914802	0.73435324	0.9893023	1.0	995	tags=17%, list=10%, signal=18%	
GOBP_ACTOMYOSIN_STRUCTURE_ORGANIZATION	GOBP_ACTOMYOSIN_STRUCTURE_ORGANIZATION		91	0.34775734	0.7914559	0.8125	0.98906094	1.0	1486	tags=18%, list=14%, signal=20%	
GOMF_HISTONE_KINASE_ACTIVITY	GOMF_HISTONE_KINASE_ACTIVITY		22	0.40904185	0.7911276	0.74715906	0.98931354	1.0	2655	tags=41%, list=25%, signal=55%	
GOCC_NUCLEAR_CHROMOSOME	GOCC_NUCLEAR_CHROMOSOME		166	0.32592705	0.7908254	0.8647343	0.9895179	1.0	2050	tags=28%, list=20%, signal=35%	
HP_DEVELOPMENTAL_REGRESSION	HP_DEVELOPMENTAL_REGRESSION		274	0.3125452	0.7906502	0.9031142	0.98951983	1.0	1642	tags=17%, list=16%, signal=19%	
GOMF_2_IRON_2_SULFUR_CLUSTER_BINDING	GOMF_2_IRON_2_SULFUR_CLUSTER_BINDING		22	0.41002274	0.7905766	0.7649456	0.98937374	1.0	3057	tags=50%, list=29%, signal=71%	
HP_SMOOTH_PHILTRUM	HP_SMOOTH_PHILTRUM		132	0.32985735	0.7905492	0.8289638	0.989133	1.0	1644	tags=18%, list=16%, signal=21%	
GOMF_METALLOEXOPEPTIDASE_ACTIVITY	GOMF_METALLOEXOPEPTIDASE_ACTIVITY		34	0.38495567	0.7904834	0.7742364	0.98896086	1.0	743	tags=15%, list=7%, signal=16%	
GOBP_AXON_EXTENSION	GOBP_AXON_EXTENSION		41	0.37411094	0.7897584	0.7683246	0.9898202	1.0	2212	tags=29%, list=21%, signal=37%	
GOBP_CARDIAC_CELL_DEVELOPMENT	GOBP_CARDIAC_CELL_DEVELOPMENT		33	0.3823528	0.78964776	0.76060194	0.9897109	1.0	1825	tags=36%, list=17%, signal=44%	
HP_ABNORMAL_CRY	HP_ABNORMAL_CRY		29	0.38564783	0.78964347	0.7771664	0.9894377	1.0	1036	tags=10%, list=10%, signal=11%	
GOBP_T_CELL_CYTOKINE_PRODUCTION	GOBP_T_CELL_CYTOKINE_PRODUCTION		24	0.4014744	0.78951705	0.76462394	0.989358	1.0	1449	tags=25%, list=14%, signal=29%	
GOBP_TERMINATION_OF_RNA_POLYMERASE_III_TRANSCRIPTION	GOBP_TERMINATION_OF_RNA_POLYMERASE_III_TRANSCRIPTION		17	0.4164866	0.7894898	0.7567185	0.9891222	1.0	3091	tags=29%, list=30%, signal=42%	
GOBP_ARF_PROTEIN_SIGNAL_TRANSDUCTION	GOBP_ARF_PROTEIN_SIGNAL_TRANSDUCTION		16	0.4332058	0.7892143	0.76268864	0.98928756	1.0	1217	tags=13%, list=12%, signal=14%	
GOBP_EPITHELIAL_CELL_DEVELOPMENT	GOBP_EPITHELIAL_CELL_DEVELOPMENT		109	0.33461577	0.7891213	0.84724003	0.9891565	1.0	1930	tags=19%, list=18%, signal=23%	
HP_GASTROSTOMY_TUBE_FEEDING_IN_INFANCY	HP_GASTROSTOMY_TUBE_FEEDING_IN_INFANCY		64	0.35994014	0.7886936	0.8116129	0.98956174	1.0	3190	tags=34%, list=31%, signal=49%	
GOBP_PORPHYRIN_CONTAINING_COMPOUND_METABOLIC_PROCESS	GOBP_PORPHYRIN_CONTAINING_COMPOUND_METABOLIC_PROCESS		31	0.38908473	0.7884986	0.77055705	0.9896057	1.0	3675	tags=45%, list=35%, signal=69%	
GOBP_PROTEIN_LOCALIZATION_TO_EXTRACELLULAR_REGION	GOBP_PROTEIN_LOCALIZATION_TO_EXTRACELLULAR_REGION		178	0.3259649	0.7884169	0.86982965	0.9894634	1.0	2016	tags=26%, list=19%, signal=32%	
HP_HAND_POLYDACTYLY	HP_HAND_POLYDACTYLY		101	0.33583245	0.7878211	0.8154034	0.99011743	1.0	2326	tags=20%, list=22%, signal=25%	
GOBP_REGULATION_OF_ACTIN_FILAMENT_LENGTH	GOBP_REGULATION_OF_ACTIN_FILAMENT_LENGTH		81	0.35142544	0.78708625	0.8214732	0.9910067	1.0	1541	tags=21%, list=15%, signal=24%	
HP_INABILITY_TO_WALK	HP_INABILITY_TO_WALK		236	0.3130181	0.7866126	0.9004684	0.9914683	1.0	1134	tags=9%, list=11%, signal=10%	
GOMF_NUCLEIC_ACID_CONFORMATION_ISOMERASE_ACTIVITY	GOMF_NUCLEIC_ACID_CONFORMATION_ISOMERASE_ACTIVITY		114	0.3381384	0.78640014	0.84170854	0.99153215	1.0	3127	tags=45%, list=30%, signal=63%	
GOBP_KETONE_METABOLIC_PROCESS	GOBP_KETONE_METABOLIC_PROCESS		118	0.33769113	0.7862417	0.8168317	0.9915053	1.0	1664	tags=17%, list=16%, signal=20%	
HP_FEMALE_REPRODUCTIVE_SYSTEM_NEOPLASM	HP_FEMALE_REPRODUCTIVE_SYSTEM_NEOPLASM		47	0.3658982	0.78617126	0.7744966	0.99134266	1.0	3378	tags=38%, list=32%, signal=56%	
HP_ABNORMALITY_OF_THE_GALLBLADDER	HP_ABNORMALITY_OF_THE_GALLBLADDER		64	0.3501241	0.78513145	0.8010204	0.99270463	1.0	1993	tags=20%, list=19%, signal=25%	
HP_YOUNG_ADULT_ONSET	HP_YOUNG_ADULT_ONSET		318	0.3076428	0.7849823	0.92420816	0.99265563	1.0	1660	tags=17%, list=16%, signal=19%	
GOBP_TRNA_WOBBLE_BASE_MODIFICATION	GOBP_TRNA_WOBBLE_BASE_MODIFICATION		19	0.41205493	0.78491247	0.73153406	0.99249333	1.0	2878	tags=32%, list=28%, signal=44%	
HP_DISPROPORTIONATE_SHORT_LIMB_SHORT_STATURE	HP_DISPROPORTIONATE_SHORT_LIMB_SHORT_STATURE		62	0.35695484	0.78483677	0.8185328	0.99233955	1.0	1990	tags=16%, list=19%, signal=20%	
HP_PULMONARY_EMBOLISM	HP_PULMONARY_EMBOLISM		21	0.40332568	0.78439236	0.77178425	0.992764	1.0	1853	tags=33%, list=18%, signal=40%	
GOBP_REGULATION_OF_PROTEASOMAL_UBIQUITIN_DEPENDENT_PROTEIN_CATABOLIC_PROCESS	GOBP_REGULATION_OF_PROTEASOMAL_UBIQUITIN_DEPENDENT_PROTEIN_CATABOLIC_PROCESS		92	0.34130317	0.7843021	0.83246076	0.9926318	1.0	1558	tags=21%, list=15%, signal=24%	
HP_TALL_STATURE	HP_TALL_STATURE		98	0.33860692	0.7841761	0.83829236	0.9925485	1.0	2121	tags=15%, list=20%, signal=19%	
HP_ABNORMAL_TONGUE_MORPHOLOGY	HP_ABNORMAL_TONGUE_MORPHOLOGY		219	0.31598514	0.7835315	0.87810653	0.99327296	1.0	1072	tags=11%, list=10%, signal=12%	
HP_WADDLING_GAIT	HP_WADDLING_GAIT		66	0.3535	0.78351253	0.81233597	0.99302155	1.0	922	tags=12%, list=9%, signal=13%	
GOBP_REGULATION_OF_MICROTUBULE_POLYMERIZATION	GOBP_REGULATION_OF_MICROTUBULE_POLYMERIZATION		46	0.36696523	0.78350043	0.7950066	0.9927582	1.0	1452	tags=13%, list=14%, signal=15%	
GOMF_PEPTIDE_BINDING	GOMF_PEPTIDE_BINDING		120	0.33374563	0.782981	0.8510101	0.9932717	1.0	1066	tags=16%, list=10%, signal=17%	
GOBP_REGULATION_OF_MYELOID_CELL_DIFFERENTIATION	GOBP_REGULATION_OF_MYELOID_CELL_DIFFERENTIATION		123	0.33527356	0.7827213	0.84634763	0.99338824	1.0	1471	tags=20%, list=14%, signal=23%	
HP_PROMINENT_NASAL_BRIDGE	HP_PROMINENT_NASAL_BRIDGE		151	0.3250591	0.7826345	0.8754579	0.9932504	1.0	3506	tags=36%, list=34%, signal=53%	
GOBP_POSITIVE_REGULATION_OF_RESPONSE_TO_CYTOKINE_STIMULUS	GOBP_POSITIVE_REGULATION_OF_RESPONSE_TO_CYTOKINE_STIMULUS		50	0.36519435	0.782519	0.7805195	0.9931542	1.0	2191	tags=30%, list=21%, signal=38%	
HP_HYPEREXTENSIBILITY_OF_THE_FINGER_JOINTS	HP_HYPEREXTENSIBILITY_OF_THE_FINGER_JOINTS		16	0.42390186	0.78251326	0.77030814	0.992885	1.0	724	tags=13%, list=7%, signal=13%	
GOBP_T_CELL_MEDIATED_IMMUNITY	GOBP_T_CELL_MEDIATED_IMMUNITY		80	0.3477264	0.7819723	0.82102627	0.99344033	1.0	1115	tags=19%, list=11%, signal=21%	
HP_DENTAL_MALOCCLUSION	HP_DENTAL_MALOCCLUSION		79	0.3462564	0.7816997	0.8170267	0.9935745	1.0	1993	tags=24%, list=19%, signal=29%	
GOMF_MONOATOMIC_ANION_CHANNEL_ACTIVITY	GOMF_MONOATOMIC_ANION_CHANNEL_ACTIVITY		28	0.39275074	0.7814066	0.77272725	0.9937407	1.0	2018	tags=21%, list=19%, signal=26%	
GOBP_ENDOTHELIAL_CELL_DEVELOPMENT	GOBP_ENDOTHELIAL_CELL_DEVELOPMENT		45	0.3721699	0.78079575	0.7830688	0.99438655	1.0	2039	tags=20%, list=20%, signal=25%	
HP_ABNORMAL_ANKLE_MORPHOLOGY	HP_ABNORMAL_ANKLE_MORPHOLOGY		52	0.36099952	0.7806532	0.79477125	0.9943253	1.0	994	tags=8%, list=10%, signal=8%	
HP_HYPERPITUITARISM	HP_HYPERPITUITARISM		64	0.35128796	0.78052735	0.81638044	0.9942402	1.0	1889	tags=22%, list=18%, signal=27%	
HP_GLIOSIS	HP_GLIOSIS		73	0.34769604	0.78047496	0.8238342	0.99404037	1.0	503	tags=10%, list=5%, signal=10%	
HP_ABNORMAL_RIB_CAGE_MORPHOLOGY	HP_ABNORMAL_RIB_CAGE_MORPHOLOGY		217	0.31444493	0.7803499	0.90337604	0.99395293	1.0	1990	tags=20%, list=19%, signal=25%	
GOBP_PHOSPHATIDYLINOSITOL_METABOLIC_PROCESS	GOBP_PHOSPHATIDYLINOSITOL_METABOLIC_PROCESS		98	0.33638948	0.7800671	0.8271919	0.9941064	1.0	2595	tags=23%, list=25%, signal=31%	
GOBP_FC_EPSILON_RECEPTOR_SIGNALING_PATHWAY	GOBP_FC_EPSILON_RECEPTOR_SIGNALING_PATHWAY		18	0.42019352	0.7800005	0.7777778	0.99393404	1.0	1054	tags=17%, list=10%, signal=19%	
GOBP_TRANSLATIONAL_INITIATION	GOBP_TRANSLATIONAL_INITIATION		99	0.3358657	0.7798782	0.83773583	0.9938416	1.0	1599	tags=22%, list=15%, signal=26%	
HP_CHRONIC_LUNG_DISEASE	HP_CHRONIC_LUNG_DISEASE		19	0.40985593	0.779418	0.7567935	0.9942713	1.0	1460	tags=16%, list=14%, signal=18%	
GOBP_EXTRACELLULAR_MATRIX_ASSEMBLY	GOBP_EXTRACELLULAR_MATRIX_ASSEMBLY		18	0.40961403	0.7791619	0.7765517	0.9943858	1.0	1997	tags=33%, list=19%, signal=41%	
GOBP_NEGATIVE_REGULATION_OF_DNA_METABOLIC_PROCESS	GOBP_NEGATIVE_REGULATION_OF_DNA_METABOLIC_PROCESS		86	0.34385464	0.77913666	0.8454774	0.99413943	1.0	2594	tags=26%, list=25%, signal=34%	
HP_MITRAL_VALVE_PROLAPSE	HP_MITRAL_VALVE_PROLAPSE		77	0.34132195	0.77904147	0.83226633	0.99401736	1.0	2219	tags=27%, list=21%, signal=34%	
HP_REDUCED_VISUAL_ACUITY	HP_REDUCED_VISUAL_ACUITY		328	0.30428493	0.7790317	0.9144144	0.9937542	1.0	1074	tags=10%, list=10%, signal=11%	
HP_SMALL_HAND	HP_SMALL_HAND		76	0.34815028	0.7788388	0.83942556	0.9937752	1.0	2521	tags=30%, list=24%, signal=40%	
HP_BROAD_TOE	HP_BROAD_TOE		47	0.35870057	0.77882254	0.8097686	0.9935209	1.0	2411	tags=23%, list=23%, signal=30%	
HP_ABNORMAL_NUMBER_OF_PERMANENT_TEETH	HP_ABNORMAL_NUMBER_OF_PERMANENT_TEETH		17	0.4164829	0.77882	0.76965517	0.99324584	1.0	526	tags=12%, list=5%, signal=12%	
HP_EEG_WITH_GENERALIZED_EPILEPTIFORM_DISCHARGES	HP_EEG_WITH_GENERALIZED_EPILEPTIFORM_DISCHARGES		157	0.31833428	0.778652	0.8665851	0.99320865	1.0	1644	tags=17%, list=16%, signal=19%	
HP_ABNORMAL_CEREBELLAR_VERMIS_MORPHOLOGY	HP_ABNORMAL_CEREBELLAR_VERMIS_MORPHOLOGY		228	0.31213412	0.77851325	0.90689653	0.9931415	1.0	1326	tags=14%, list=13%, signal=16%	
GOBP_MITOTIC_G2_M_TRANSITION_CHECKPOINT	GOBP_MITOTIC_G2_M_TRANSITION_CHECKPOINT		43	0.36227536	0.77848583	0.8097754	0.9929059	1.0	1971	tags=26%, list=19%, signal=31%	
GOBP_REGULATION_OF_CELLULAR_RESPONSE_TO_HYPOXIA	GOBP_REGULATION_OF_CELLULAR_RESPONSE_TO_HYPOXIA		15	0.4228346	0.77809626	0.75872093	0.9932176	1.0	2258	tags=33%, list=22%, signal=42%	
GOBP_PROTEIN_LOCALIZATION_TO_CHROMATIN	GOBP_PROTEIN_LOCALIZATION_TO_CHROMATIN		36	0.37206617	0.77806085	0.78486055	0.99299645	1.0	3502	tags=39%, list=34%, signal=58%	
GOMF_SODIUM_ION_TRANSMEMBRANE_TRANSPORTER_ACTIVITY	GOMF_SODIUM_ION_TRANSMEMBRANE_TRANSPORTER_ACTIVITY		42	0.37259004	0.7777742	0.79342103	0.99315226	1.0	3125	tags=33%, list=30%, signal=47%	
GOCC_RNA_POLYMERASE_III_COMPLEX	GOCC_RNA_POLYMERASE_III_COMPLEX		17	0.4164866	0.77775925	0.7619048	0.9928956	1.0	3091	tags=29%, list=30%, signal=42%	
HP_TRACHEAL_STENOSIS	HP_TRACHEAL_STENOSIS		15	0.42080292	0.77775097	0.74714285	0.9926325	1.0	1635	tags=27%, list=16%, signal=32%	
GOBP_POSITIVE_REGULATION_OF_CELL_CYCLE_G1_S_PHASE_TRANSITION	GOBP_POSITIVE_REGULATION_OF_CELL_CYCLE_G1_S_PHASE_TRANSITION		37	0.37874833	0.777657	0.78038675	0.99250346	1.0	1199	tags=14%, list=11%, signal=15%	
HP_PALMOPLANTAR_HYPERKERATOSIS	HP_PALMOPLANTAR_HYPERKERATOSIS		60	0.35957995	0.7775815	0.8215223	0.9923354	1.0	1525	tags=18%, list=15%, signal=21%	
GOBP_POSITIVE_REGULATION_OF_PLASMA_MEMBRANE_BOUNDED_CELL_PROJECTION_ASSEMBLY	GOBP_POSITIVE_REGULATION_OF_PLASMA_MEMBRANE_BOUNDED_CELL_PROJECTION_ASSEMBLY		68	0.35237163	0.7775372	0.83549225	0.992123	1.0	1786	tags=26%, list=17%, signal=32%	
GOBP_GLYCOPROTEIN_METABOLIC_PROCESS	GOBP_GLYCOPROTEIN_METABOLIC_PROCESS		232	0.31437576	0.77700734	0.8981481	0.99268085	1.0	1719	tags=16%, list=16%, signal=19%	
GOBP_REGULATION_OF_MAST_CELL_ACTIVATION	GOBP_REGULATION_OF_MAST_CELL_ACTIVATION		15	0.42044893	0.7768743	0.7827927	0.99260384	1.0	919	tags=20%, list=9%, signal=22%	
HP_DECREASED_FERTILITY_IN_MALES	HP_DECREASED_FERTILITY_IN_MALES		92	0.33729824	0.77658534	0.84526855	0.99275726	1.0	1596	tags=18%, list=15%, signal=22%	
HP_MILD_INTELLECTUAL_DISABILITY	HP_MILD_INTELLECTUAL_DISABILITY		222	0.31021327	0.7764734	0.91309524	0.99264896	1.0	1662	tags=15%, list=16%, signal=18%	
HP_AUTOIMMUNITY	HP_AUTOIMMUNITY		177	0.3163873	0.7759802	0.88447654	0.99310786	1.0	1564	tags=18%, list=15%, signal=20%	
HP_ABNORMAL_INTERNAL_GENITALIA	HP_ABNORMAL_INTERNAL_GENITALIA		303	0.30368575	0.7759666	0.920354	0.9928534	1.0	2031	tags=24%, list=19%, signal=29%	
GOMF_THIOLESTER_HYDROLASE_ACTIVITY	GOMF_THIOLESTER_HYDROLASE_ACTIVITY		29	0.3876962	0.7758715	0.7852349	0.9927238	1.0	3028	tags=31%, list=29%, signal=44%	
GOMF_ENZYME_SUBSTRATE_ADAPTOR_ACTIVITY	GOMF_ENZYME_SUBSTRATE_ADAPTOR_ACTIVITY		103	0.33116654	0.77582884	0.84061694	0.99251795	1.0	2669	tags=22%, list=26%, signal=30%	
HP_ABNORMAL_GALLBLADDER_MORPHOLOGY	HP_ABNORMAL_GALLBLADDER_MORPHOLOGY		54	0.3603716	0.7757322	0.8191781	0.9923849	1.0	808	tags=9%, list=8%, signal=10%	
GOBP_REGULATORY_T_CELL_DIFFERENTIATION	GOBP_REGULATORY_T_CELL_DIFFERENTIATION		41	0.36607274	0.7754782	0.7899729	0.9924876	1.0	1591	tags=29%, list=15%, signal=34%	
HP_CEREBELLAR_VERMIS_ATROPHY	HP_CEREBELLAR_VERMIS_ATROPHY		38	0.37073871	0.77542365	0.7773386	0.9922949	1.0	1628	tags=21%, list=16%, signal=25%	
GOBP_INSULIN_LIKE_GROWTH_FACTOR_RECEPTOR_SIGNALING_PATHWAY	GOBP_INSULIN_LIKE_GROWTH_FACTOR_RECEPTOR_SIGNALING_PATHWAY		28	0.38795283	0.7750143	0.7819149	0.9926375	1.0	665	tags=7%, list=6%, signal=8%	
HP_ABNORMAL_LYMPHOCYTE_PROLIFERATION	HP_ABNORMAL_LYMPHOCYTE_PROLIFERATION		31	0.3775644	0.7750056	0.78521615	0.992372	1.0	892	tags=10%, list=9%, signal=11%	
HP_APLASIA_HYPOPLASIA_OF_THE_SKIN	HP_APLASIA_HYPOPLASIA_OF_THE_SKIN		126	0.32761368	0.774126	0.87153655	0.9934006	1.0	1456	tags=21%, list=14%, signal=24%	
GOBP_BONE_GROWTH	GOBP_BONE_GROWTH		15	0.41614258	0.77412355	0.76371306	0.9931284	1.0	2146	tags=33%, list=21%, signal=42%	
GOCC_PERINUCLEAR_ENDOPLASMIC_RETICULUM	GOCC_PERINUCLEAR_ENDOPLASMIC_RETICULUM		16	0.4174205	0.7738643	0.76	0.9932092	1.0	665	tags=13%, list=6%, signal=13%	
HP_TUBULOINTERSTITIAL_NEPHRITIS	HP_TUBULOINTERSTITIAL_NEPHRITIS		17	0.41084614	0.7738176	0.78291315	0.99301356	1.0	2748	tags=29%, list=26%, signal=40%	
GOBP_MACROPHAGE_ACTIVATION_INVOLVED_IN_IMMUNE_RESPONSE	GOBP_MACROPHAGE_ACTIVATION_INVOLVED_IN_IMMUNE_RESPONSE		18	0.41113573	0.7735593	0.784153	0.9931318	1.0	533	tags=11%, list=5%, signal=12%	
HP_VERTIGO	HP_VERTIGO		77	0.34372082	0.77337384	0.8445596	0.99313945	1.0	884	tags=13%, list=8%, signal=14%	
HP_DEVIATION_OF_TOES	HP_DEVIATION_OF_TOES		72	0.34764832	0.77316934	0.8368883	0.993172	1.0	3315	tags=39%, list=32%, signal=57%	
GOBP_SMALL_GTPASE_MEDIATED_SIGNAL_TRANSDUCTION	GOBP_SMALL_GTPASE_MEDIATED_SIGNAL_TRANSDUCTION		301	0.30279252	0.772992	0.92825115	0.993163	1.0	1550	tags=16%, list=15%, signal=19%	
GOBP_RESPONSE_TO_MONOSACCHARIDE	GOBP_RESPONSE_TO_MONOSACCHARIDE		109	0.332513	0.7728162	0.8612144	0.9931604	1.0	1095	tags=13%, list=10%, signal=14%	
GOBP_REGULATION_OF_MICROTUBULE_POLYMERIZATION_OR_DEPOLYMERIZATION	GOBP_REGULATION_OF_MICROTUBULE_POLYMERIZATION_OR_DEPOLYMERIZATION		63	0.34883648	0.7727868	0.83245385	0.9929261	1.0	1452	tags=13%, list=14%, signal=15%	
HP_ASPIRATION_PNEUMONIA	HP_ASPIRATION_PNEUMONIA		59	0.34888572	0.7724425	0.8033206	0.99316657	1.0	1363	tags=19%, list=13%, signal=21%	
HP_LIPOATROPHY	HP_LIPOATROPHY		38	0.37212193	0.77227914	0.78731835	0.9931382	1.0	1128	tags=21%, list=11%, signal=24%	
HP_AKATHISIA	HP_AKATHISIA		20	0.405389	0.7722033	0.7851124	0.9929739	1.0	1024	tags=30%, list=10%, signal=33%	
HP_CHILDHOOD_ONSET_TRUNCAL_OBESITY	HP_CHILDHOOD_ONSET_TRUNCAL_OBESITY		20	0.3961412	0.7721979	0.7884058	0.9927057	1.0	1407	tags=10%, list=13%, signal=12%	
GOBP_PALLIUM_DEVELOPMENT	GOBP_PALLIUM_DEVELOPMENT		96	0.33829153	0.77216345	0.86329114	0.99248123	1.0	2745	tags=29%, list=26%, signal=39%	
GOBP_PROTEIN_POLYUBIQUITINATION	GOBP_PROTEIN_POLYUBIQUITINATION		197	0.3121737	0.7719036	0.91917974	0.9925918	1.0	2914	tags=23%, list=28%, signal=32%	
GOBP_NEGATIVE_REGULATION_OF_AUTOPHAGY	GOBP_NEGATIVE_REGULATION_OF_AUTOPHAGY		68	0.344082	0.77186507	0.8254777	0.9923685	1.0	1595	tags=18%, list=15%, signal=21%	
GOMF_STRUCTURAL_CONSTITUENT_OF_CYTOSKELETON	GOMF_STRUCTURAL_CONSTITUENT_OF_CYTOSKELETON		51	0.3621762	0.77173126	0.81578946	0.9922867	1.0	1450	tags=27%, list=14%, signal=32%	
GOMF_CATALYTIC_ACTIVITY_ACTING_ON_A_NUCLEIC_ACID	GOMF_CATALYTIC_ACTIVITY_ACTING_ON_A_NUCLEIC_ACID		487	0.29464006	0.7715943	0.95788336	0.9922169	1.0	3379	tags=35%, list=32%, signal=50%	
HP_JUVENILE_ONSET	HP_JUVENILE_ONSET		395	0.29590508	0.7715537	0.94621295	0.9920053	1.0	1869	tags=19%, list=18%, signal=22%	
HP_SIMPLE_EAR	HP_SIMPLE_EAR		20	0.4026744	0.7709282	0.7825465	0.99263823	1.0	1635	tags=40%, list=16%, signal=47%	
GOBP_ARP2_3_COMPLEX_MEDIATED_ACTIN_NUCLEATION	GOBP_ARP2_3_COMPLEX_MEDIATED_ACTIN_NUCLEATION		29	0.38530853	0.7707885	0.7886945	0.9925717	1.0	1254	tags=17%, list=12%, signal=20%	
GOCC_CULLIN_RING_UBIQUITIN_LIGASE_COMPLEX	GOCC_CULLIN_RING_UBIQUITIN_LIGASE_COMPLEX		164	0.31551427	0.7707256	0.88820636	0.99238926	1.0	2746	tags=23%, list=26%, signal=30%	
HP_SYMPTOMATIC_SEIZURES	HP_SYMPTOMATIC_SEIZURES		21	0.4007727	0.7702809	0.7897649	0.9927617	1.0	2063	tags=38%, list=20%, signal=47%	
GOBP_REGULATION_OF_GLIAL_CELL_DIFFERENTIATION	GOBP_REGULATION_OF_GLIAL_CELL_DIFFERENTIATION		19	0.4006659	0.7702802	0.7787234	0.99248993	1.0	2228	tags=37%, list=21%, signal=47%	
GOBP_CALCIUM_ION_HOMEOSTASIS	GOBP_CALCIUM_ION_HOMEOSTASIS		128	0.3250431	0.77005726	0.8675743	0.9925317	1.0	1961	tags=27%, list=19%, signal=32%	
HP_MICROVESICULAR_HEPATIC_STEATOSIS	HP_MICROVESICULAR_HEPATIC_STEATOSIS		20	0.40906653	0.7699853	0.80277777	0.99236363	1.0	1988	tags=25%, list=19%, signal=31%	
HP_MALAR_FLATTENING	HP_MALAR_FLATTENING		124	0.3274656	0.7697057	0.877193	0.9925074	1.0	1064	tags=13%, list=10%, signal=14%	
HP_FLAT_ACETABULAR_ROOF	HP_FLAT_ACETABULAR_ROOF		20	0.40282032	0.7696112	0.76529163	0.99237156	1.0	2414	tags=35%, list=23%, signal=45%	
HP_ENCEPHALOCELE	HP_ENCEPHALOCELE		59	0.35143253	0.7695678	0.81589407	0.99215806	1.0	741	tags=7%, list=7%, signal=7%	
HP_ABNORMAL_DIAPHYSIS_MORPHOLOGY	HP_ABNORMAL_DIAPHYSIS_MORPHOLOGY		211	0.31226358	0.76932234	0.9164706	0.9922512	1.0	2063	tags=19%, list=20%, signal=23%	
GOBP_METANEPHROS_DEVELOPMENT	GOBP_METANEPHROS_DEVELOPMENT		27	0.3942022	0.76927894	0.7894737	0.9920486	1.0	1220	tags=22%, list=12%, signal=25%	
GOBP_REGULATION_OF_HYDROLASE_ACTIVITY	GOBP_REGULATION_OF_HYDROLASE_ACTIVITY		93	0.33415627	0.768891	0.83164555	0.9923312	1.0	1521	tags=17%, list=15%, signal=20%	
HP_ABNORMAL_METABOLISM	HP_ABNORMAL_METABOLISM		105	0.33019057	0.76874846	0.84821427	0.99226403	1.0	3172	tags=33%, list=30%, signal=47%	
HP_MUCOSAL_TELANGIECTASIAE	HP_MUCOSAL_TELANGIECTASIAE		31	0.38371387	0.76840633	0.8193277	0.99246806	1.0	2841	tags=35%, list=27%, signal=49%	
HP_UNSTEADY_GAIT	HP_UNSTEADY_GAIT		124	0.32233915	0.76839733	0.882793	0.99220693	1.0	1642	tags=15%, list=16%, signal=17%	
HP_ABNORMAL_MIDDLE_EAR_MORPHOLOGY	HP_ABNORMAL_MIDDLE_EAR_MORPHOLOGY		210	0.30963212	0.768001	0.9082353	0.99247867	1.0	1596	tags=17%, list=15%, signal=19%	
GOBP_ACTIN_POLYMERIZATION_OR_DEPOLYMERIZATION	GOBP_ACTIN_POLYMERIZATION_OR_DEPOLYMERIZATION		102	0.33015883	0.7677582	0.85341614	0.9925631	1.0	1541	tags=21%, list=15%, signal=24%	
GOBP_POSITIVE_REGULATION_OF_LIPID_TRANSPORT	GOBP_POSITIVE_REGULATION_OF_LIPID_TRANSPORT		35	0.3668777	0.7675765	0.81769437	0.99255204	1.0	1600	tags=17%, list=15%, signal=20%	
HP_LARGE_EARLOBE	HP_LARGE_EARLOBE		25	0.39402473	0.7675712	0.7798658	0.9922874	1.0	1386	tags=12%, list=13%, signal=14%	
GOMF_SIGNALING_ADAPTOR_ACTIVITY	GOMF_SIGNALING_ADAPTOR_ACTIVITY		86	0.340013	0.7674968	0.8476071	0.9921313	1.0	1833	tags=22%, list=18%, signal=27%	
GOBP_ADIPOSE_TISSUE_DEVELOPMENT	GOBP_ADIPOSE_TISSUE_DEVELOPMENT		49	0.3603752	0.76718044	0.8047809	0.9923379	1.0	758	tags=16%, list=7%, signal=18%	
HP_SUPERNUMERARY_SPLEENS	HP_SUPERNUMERARY_SPLEENS		46	0.36182278	0.7670318	0.81233245	0.9922895	1.0	2031	tags=24%, list=19%, signal=30%	
GOBP_INSULIN_RECEPTOR_SIGNALING_PATHWAY	GOBP_INSULIN_RECEPTOR_SIGNALING_PATHWAY		86	0.3358098	0.76701367	0.8514212	0.9920397	1.0	1439	tags=20%, list=14%, signal=23%	
GOCC_MIDBODY	GOCC_MIDBODY		129	0.31913847	0.7668498	0.8816794	0.99200207	1.0	1825	tags=22%, list=17%, signal=26%	
GOMF_RIBOSOME_BINDING	GOMF_RIBOSOME_BINDING		90	0.33091557	0.76675326	0.85604113	0.9918743	1.0	851	tags=13%, list=8%, signal=14%	
GOCC_GOLGI_APPARATUS_SUBCOMPARTMENT	GOCC_GOLGI_APPARATUS_SUBCOMPARTMENT		253	0.30179945	0.76648486	0.9303136	0.9919896	1.0	1738	tags=18%, list=17%, signal=21%	
GOBP_MONOATOMIC_ANION_TRANSPORT	GOBP_MONOATOMIC_ANION_TRANSPORT		52	0.356226	0.76630473	0.8052126	0.9919842	1.0	1393	tags=15%, list=13%, signal=18%	
HP_ABNORMAL_CRANIAL_NERVE_MORPHOLOGY	HP_ABNORMAL_CRANIAL_NERVE_MORPHOLOGY		51	0.35327566	0.7660926	0.82735723	0.99201655	1.0	128	tags=4%, list=1%, signal=4%	
GOBP_VESICLE_MEDIATED_TRANSPORT_BETWEEN_ENDOSOMAL_COMPARTMENTS	GOBP_VESICLE_MEDIATED_TRANSPORT_BETWEEN_ENDOSOMAL_COMPARTMENTS		37	0.3738323	0.7660885	0.807537	0.9917508	1.0	319	tags=5%, list=3%, signal=6%	
HP_ABNORMAL_FACIAL_EXPRESSION	HP_ABNORMAL_FACIAL_EXPRESSION		105	0.3276511	0.7658604	0.85479796	0.9918178	1.0	1440	tags=14%, list=14%, signal=16%	
GOBP_NEGATIVE_REGULATION_OF_TRANSMEMBRANE_RECEPTOR_PROTEIN_SERINE_THREONINE_KINASE_SIGNALING_PATHWAY	GOBP_NEGATIVE_REGULATION_OF_TRANSMEMBRANE_RECEPTOR_PROTEIN_SERINE_THREONINE_KINASE_SIGNALING_PATHWAY		79	0.34099168	0.76586	0.84724003	0.99154603	1.0	1539	tags=24%, list=15%, signal=28%	
GOBP_ACROSOME_ASSEMBLY	GOBP_ACROSOME_ASSEMBLY		19	0.4009799	0.7657544	0.76604277	0.9914257	1.0	2890	tags=37%, list=28%, signal=51%	
GOBP_PROTEIN_DEACYLATION	GOBP_PROTEIN_DEACYLATION		28	0.38259813	0.7651209	0.7930574	0.99205035	1.0	3586	tags=29%, list=34%, signal=43%	
GOBP_CELLULAR_RESPONSE_TO_EXTERNAL_STIMULUS	GOBP_CELLULAR_RESPONSE_TO_EXTERNAL_STIMULUS		45	0.36080772	0.76508474	0.8135593	0.9918307	1.0	1869	tags=24%, list=18%, signal=30%	
GOBP_PHOSPHOLIPID_METABOLIC_PROCESS	GOBP_PHOSPHOLIPID_METABOLIC_PROCESS		230	0.3058106	0.7650223	0.91943127	0.9916357	1.0	1946	tags=18%, list=19%, signal=21%	
HP_LISSENCEPHALY	HP_LISSENCEPHALY		123	0.32359698	0.7650172	0.8781407	0.99137145	1.0	2243	tags=26%, list=21%, signal=33%	
GOBP_REGULATION_OF_ISOTYPE_SWITCHING	GOBP_REGULATION_OF_ISOTYPE_SWITCHING		23	0.38623562	0.7649821	0.76495135	0.99114776	1.0	1751	tags=22%, list=17%, signal=26%	
HP_SCAPHOCEPHALY	HP_SCAPHOCEPHALY		29	0.37566265	0.7649808	0.80649716	0.99087745	1.0	1774	tags=28%, list=17%, signal=33%	
GOBP_CENTRAL_NERVOUS_SYSTEM_NEURON_DIFFERENTIATION	GOBP_CENTRAL_NERVOUS_SYSTEM_NEURON_DIFFERENTIATION		65	0.3482958	0.7649127	0.8411458	0.99070334	1.0	2127	tags=25%, list=20%, signal=31%	
HP_PECTUS_EXCAVATUM	HP_PECTUS_EXCAVATUM		209	0.30759504	0.7648059	0.91597635	0.9905871	1.0	2103	tags=19%, list=20%, signal=23%	
HP_ABNORMALITY_OF_RENAL_EXCRETION	HP_ABNORMALITY_OF_RENAL_EXCRETION		27	0.383509	0.7646914	0.7832168	0.99047756	1.0	3765	tags=56%, list=36%, signal=87%	
HP_RENAL_TUBULAR_ACIDOSIS	HP_RENAL_TUBULAR_ACIDOSIS		29	0.37704048	0.76426953	0.81163436	0.9908278	1.0	1202	tags=14%, list=12%, signal=16%	
GOBP_REGULATION_OF_PROTEIN_EXPORT_FROM_NUCLEUS	GOBP_REGULATION_OF_PROTEIN_EXPORT_FROM_NUCLEUS		28	0.38250095	0.7642084	0.78619754	0.9906453	1.0	778	tags=14%, list=7%, signal=15%	
GOBP_ORGANIC_ANION_TRANSPORT	GOBP_ORGANIC_ANION_TRANSPORT		194	0.31037667	0.76404023	0.899061	0.9905947	1.0	449	tags=6%, list=4%, signal=6%	
HP_JOINT_DISLOCATION	HP_JOINT_DISLOCATION		228	0.30489242	0.76395005	0.9177438	0.9904517	1.0	2411	tags=25%, list=23%, signal=31%	
HP_TYPICAL_ABSENCE_SEIZURE	HP_TYPICAL_ABSENCE_SEIZURE		18	0.3986966	0.7639216	0.77414775	0.99021864	1.0	2411	tags=28%, list=23%, signal=36%	
HP_BILATERAL_TONIC_CLONIC_SEIZURE_WITH_GENERALIZED_ONSET	HP_BILATERAL_TONIC_CLONIC_SEIZURE_WITH_GENERALIZED_ONSET		26	0.38622406	0.763856	0.8032787	0.9900429	1.0	2210	tags=23%, list=21%, signal=29%	
HP_RECURRENT_HYPOGLYCEMIA	HP_RECURRENT_HYPOGLYCEMIA		17	0.40397426	0.7636531	0.7740113	0.99004775	1.0	1095	tags=18%, list=10%, signal=20%	
HP_NEOPLASM_OF_THE_ANTERIOR_PITUITARY	HP_NEOPLASM_OF_THE_ANTERIOR_PITUITARY		48	0.35340646	0.76317143	0.83243966	0.99044144	1.0	2219	tags=29%, list=21%, signal=37%	
GOBP_TETRAPYRROLE_METABOLIC_PROCESS	GOBP_TETRAPYRROLE_METABOLIC_PROCESS		38	0.3672475	0.76283634	0.8164384	0.9906376	1.0	3675	tags=42%, list=35%, signal=65%	
GOBP_MEMBRANE_LIPID_CATABOLIC_PROCESS	GOBP_MEMBRANE_LIPID_CATABOLIC_PROCESS		27	0.383267	0.7625715	0.79679143	0.99074805	1.0	1648	tags=26%, list=16%, signal=31%	
GOBP_MICROTUBULE_ORGANIZING_CENTER_ORGANIZATION	GOBP_MICROTUBULE_ORGANIZING_CENTER_ORGANIZATION		125	0.32268623	0.76236516	0.8743781	0.99077713	1.0	2607	tags=26%, list=25%, signal=34%	
HP_HYPOTENSION	HP_HYPOTENSION		53	0.35114917	0.7621977	0.82529336	0.99073684	1.0	2039	tags=25%, list=20%, signal=30%	
GOCC_HISTONE_METHYLTRANSFERASE_COMPLEX	GOCC_HISTONE_METHYLTRANSFERASE_COMPLEX		55	0.35105187	0.76210207	0.8157182	0.99059796	1.0	3603	tags=35%, list=35%, signal=52%	
HP_AREFLEXIA	HP_AREFLEXIA		198	0.3102568	0.762054	0.9222488	0.9903957	1.0	1939	tags=16%, list=19%, signal=19%	
HP_APLASIA_HYPOPLASIA_OF_THE_PHALANGES_OF_THE_HAND	HP_APLASIA_HYPOPLASIA_OF_THE_PHALANGES_OF_THE_HAND		143	0.3159978	0.7617813	0.89	0.99051994	1.0	1693	tags=20%, list=16%, signal=23%	
HP_ORTHOSTATIC_HYPOTENSION	HP_ORTHOSTATIC_HYPOTENSION		23	0.38685647	0.7615368	0.7819225	0.9905813	1.0	371	tags=13%, list=4%, signal=13%	
GOBP_REGULATION_OF_KETONE_METABOLIC_PROCESS	GOBP_REGULATION_OF_KETONE_METABOLIC_PROCESS		72	0.3396201	0.7610543	0.8666667	0.99099195	1.0	451	tags=7%, list=4%, signal=7%	
HP_ABNORMAL_CLASS_SWITCHED_MEMORY_B_CELL_PROPORTION	HP_ABNORMAL_CLASS_SWITCHED_MEMORY_B_CELL_PROPORTION		15	0.41773507	0.76028997	0.77588654	0.9917642	1.0	37	tags=7%, list=0%, signal=7%	
GOCC_EARLY_ENDOSOME	GOCC_EARLY_ENDOSOME		277	0.29892942	0.76007926	0.9491329	0.9917915	1.0	1525	tags=15%, list=15%, signal=17%	
GOBP_MEMBRANE_INVAGINATION	GOBP_MEMBRANE_INVAGINATION		43	0.36454025	0.7599014	0.82444733	0.9917855	1.0	6	tags=2%, list=0%, signal=2%	
GOBP_DICARBOXYLIC_ACID_TRANSPORT	GOBP_DICARBOXYLIC_ACID_TRANSPORT		45	0.35786647	0.7596541	0.82767624	0.99184537	1.0	1393	tags=13%, list=13%, signal=15%	
GOBP_ATTACHMENT_OF_SPINDLE_MICROTUBULES_TO_KINETOCHORE	GOBP_ATTACHMENT_OF_SPINDLE_MICROTUBULES_TO_KINETOCHORE		48	0.35169125	0.75929004	0.8104575	0.9920963	1.0	2569	tags=33%, list=25%, signal=44%	
GOCC_PHOTORECEPTOR_CELL_CILIUM	GOCC_PHOTORECEPTOR_CELL_CILIUM		48	0.3526194	0.75927997	0.8249027	0.991843	1.0	2376	tags=25%, list=23%, signal=32%	
GOBP_VESICLE_CYTOSKELETAL_TRAFFICKING	GOBP_VESICLE_CYTOSKELETAL_TRAFFICKING		43	0.35998335	0.75924265	0.8201342	0.99163014	1.0	2517	tags=23%, list=24%, signal=31%	
HP_ABNORMAL_SPERM_PHYSIOLOGY	HP_ABNORMAL_SPERM_PHYSIOLOGY		42	0.36069706	0.7587691	0.80984044	0.9920152	1.0	3006	tags=31%, list=29%, signal=43%	
GOBP_REGULATION_OF_REACTIVE_OXYGEN_SPECIES_BIOSYNTHETIC_PROCESS	GOBP_REGULATION_OF_REACTIVE_OXYGEN_SPECIES_BIOSYNTHETIC_PROCESS		27	0.38449025	0.75852734	0.8063624	0.9920868	1.0	1478	tags=22%, list=14%, signal=26%	
GOBP_POST_EMBRYONIC_DEVELOPMENT	GOBP_POST_EMBRYONIC_DEVELOPMENT		63	0.3404015	0.7582542	0.83444595	0.9921953	1.0	1774	tags=27%, list=17%, signal=32%	
HP_ABSCESS	HP_ABSCESS		53	0.35060716	0.75820893	0.83089215	0.9919894	1.0	650	tags=8%, list=6%, signal=8%	
GOBP_RESPONSE_TO_ACETYLCHOLINE	GOBP_RESPONSE_TO_ACETYLCHOLINE		17	0.40353933	0.75820637	0.78194445	0.99172413	1.0	2969	tags=35%, list=28%, signal=49%	
HP_ABNORMAL_RIB_MORPHOLOGY	HP_ABNORMAL_RIB_MORPHOLOGY		175	0.30972958	0.7582022	0.91247004	0.9914601	1.0	1990	tags=22%, list=19%, signal=26%	
HP_ABNORMAL_CONSUMPTION_BEHAVIOR	HP_ABNORMAL_CONSUMPTION_BEHAVIOR		89	0.3301587	0.75803757	0.8630491	0.9914144	1.0	2295	tags=26%, list=22%, signal=33%	
GOBP_LAMELLIPODIUM_ASSEMBLY	GOBP_LAMELLIPODIUM_ASSEMBLY		42	0.36035565	0.7576219	0.82133335	0.9917245	1.0	2337	tags=38%, list=22%, signal=49%	
HP_ABNORMAL_FOREARM_MORPHOLOGY	HP_ABNORMAL_FOREARM_MORPHOLOGY		139	0.3160473	0.7576134	0.8852259	0.9914684	1.0	1626	tags=20%, list=16%, signal=24%	
HP_DECREASED_DLCO	HP_DECREASED_DLCO		17	0.40301526	0.75755095	0.7755396	0.9912826	1.0	1990	tags=35%, list=19%, signal=44%	
GOMF_OXIDOREDUCTASE_ACTIVITY_ACTING_ON_THE_CH_CH_GROUP_OF_DONORS_NAD_OR_NADP_AS_ACCEPTOR	GOMF_OXIDOREDUCTASE_ACTIVITY_ACTING_ON_THE_CH_CH_GROUP_OF_DONORS_NAD_OR_NADP_AS_ACCEPTOR		21	0.39307538	0.7573819	0.7971631	0.99124813	1.0	1965	tags=24%, list=19%, signal=29%	
GOMF_G_PROTEIN_ACTIVITY	GOMF_G_PROTEIN_ACTIVITY		70	0.34150273	0.7569454	0.8708389	0.99156433	1.0	2066	tags=31%, list=20%, signal=39%	
HP_ENCHONDROMA	HP_ENCHONDROMA		18	0.40346622	0.756929	0.7776204	0.99131817	1.0	778	tags=22%, list=7%, signal=24%	
GOBP_PEPTIDYL_LYSINE_MODIFICATION	GOBP_PEPTIDYL_LYSINE_MODIFICATION		88	0.33115643	0.75692254	0.8843085	0.9910569	1.0	2249	tags=22%, list=22%, signal=27%	
GOBP_CELL_REDOX_HOMEOSTASIS	GOBP_CELL_REDOX_HOMEOSTASIS		37	0.36864945	0.7568411	0.82002705	0.9908951	1.0	2176	tags=38%, list=21%, signal=48%	
GOBP_RESPONSE_TO_PROSTAGLANDIN	GOBP_RESPONSE_TO_PROSTAGLANDIN		19	0.39553443	0.75645	0.7824897	0.99115074	1.0	1693	tags=37%, list=16%, signal=44%	
HP_ABNORMAL_HEART_VALVE_PHYSIOLOGY	HP_ABNORMAL_HEART_VALVE_PHYSIOLOGY		225	0.30168384	0.7564437	0.9355972	0.99089116	1.0	1075	tags=10%, list=10%, signal=11%	
HP_HYPOPLASIA_OF_THE_CORPUS_CALLOSUM	HP_HYPOPLASIA_OF_THE_CORPUS_CALLOSUM		312	0.2959744	0.75635093	0.9474273	0.9907509	1.0	1375	tags=15%, list=13%, signal=16%	
GOBP_NEURONAL_STEM_CELL_POPULATION_MAINTENANCE	GOBP_NEURONAL_STEM_CELL_POPULATION_MAINTENANCE		15	0.40782148	0.75589573	0.7907648	0.9911135	1.0	1591	tags=20%, list=15%, signal=24%	
HP_COARSE_HAIR	HP_COARSE_HAIR		41	0.35873947	0.75585985	0.8240741	0.99089515	1.0	2375	tags=27%, list=23%, signal=35%	
HP_MYELOID_LEUKEMIA	HP_MYELOID_LEUKEMIA		22	0.38988498	0.75582033	0.8038674	0.99068296	1.0	982	tags=14%, list=9%, signal=15%	
GOMF_SOLUTE_SODIUM_SYMPORTER_ACTIVITY	GOMF_SOLUTE_SODIUM_SYMPORTER_ACTIVITY		19	0.39834905	0.7554157	0.79831934	0.9909799	1.0	189	tags=5%, list=2%, signal=5%	
GOCC_CUL4A_RING_E3_UBIQUITIN_LIGASE_COMPLEX	GOCC_CUL4A_RING_E3_UBIQUITIN_LIGASE_COMPLEX		24	0.38220656	0.7547094	0.79658794	0.99165887	1.0	1760	tags=25%, list=17%, signal=30%	
HP_PRIMITIVE_NEUROECTODERMAL_TUMOR	HP_PRIMITIVE_NEUROECTODERMAL_TUMOR		42	0.35469002	0.75458455	0.8018494	0.9915586	1.0	1826	tags=26%, list=17%, signal=32%	
GOBP_NEGATIVE_REGULATION_OF_CYTOKINE_PRODUCTION_INVOLVED_IN_INFLAMMATORY_RESPONSE	GOBP_NEGATIVE_REGULATION_OF_CYTOKINE_PRODUCTION_INVOLVED_IN_INFLAMMATORY_RESPONSE		16	0.40058607	0.7543331	0.7884892	0.9916196	1.0	2372	tags=25%, list=23%, signal=32%	
HP_ABNORMAL_BREATH_SOUND	HP_ABNORMAL_BREATH_SOUND		59	0.3475851	0.75419426	0.8509804	0.9915174	1.0	1719	tags=20%, list=16%, signal=24%	
HP_ATROPHY_DEGENERATION_AFFECTING_THE_BRAINSTEM	HP_ATROPHY_DEGENERATION_AFFECTING_THE_BRAINSTEM		24	0.39000344	0.75391054	0.8135135	0.99163	1.0	1108	tags=13%, list=11%, signal=14%	
GOBP_TRICARBOXYLIC_ACID_CYCLE	GOBP_TRICARBOXYLIC_ACID_CYCLE		22	0.3828374	0.75383127	0.79970974	0.99147475	1.0	1982	tags=18%, list=19%, signal=22%	
GOBP_STRESS_ACTIVATED_PROTEIN_KINASE_SIGNALING_CASCADE	GOBP_STRESS_ACTIVATED_PROTEIN_KINASE_SIGNALING_CASCADE		36	0.36519352	0.7537596	0.79919136	0.99130505	1.0	743	tags=11%, list=7%, signal=12%	
GOBP_DNA_TEMPLATED_TRANSCRIPTION_TERMINATION	GOBP_DNA_TEMPLATED_TRANSCRIPTION_TERMINATION		35	0.36680242	0.75351334	0.8024032	0.99137515	1.0	2679	tags=26%, list=26%, signal=34%	
HP_SYRINGOMYELIA	HP_SYRINGOMYELIA		22	0.3950202	0.7532548	0.7988981	0.9914553	1.0	581	tags=9%, list=6%, signal=10%	
GOCC_CELL_PROJECTION_MEMBRANE	GOCC_CELL_PROJECTION_MEMBRANE		148	0.31157202	0.75212795	0.92288864	0.9927186	1.0	1510	tags=17%, list=14%, signal=19%	
HP_ABNORMAL_CIRCULATING_INSULIN_LIKE_GROWTH_FACTOR_1_CONCENTRATION	HP_ABNORMAL_CIRCULATING_INSULIN_LIKE_GROWTH_FACTOR_1_CONCENTRATION		19	0.400196	0.7520388	0.7924791	0.99256015	1.0	1128	tags=16%, list=11%, signal=18%	
GOBP_CYTOPLASMIC_PATTERN_RECOGNITION_RECEPTOR_SIGNALING_PATHWAY	GOBP_CYTOPLASMIC_PATTERN_RECOGNITION_RECEPTOR_SIGNALING_PATHWAY		137	0.31702596	0.75200486	0.8948655	0.9923359	1.0	1196	tags=9%, list=11%, signal=11%	
HP_ABNORMALITY_OF_BINOCULAR_VISION	HP_ABNORMALITY_OF_BINOCULAR_VISION		47	0.34859896	0.75165564	0.828084	0.99253863	1.0	1024	tags=13%, list=10%, signal=14%	
GOMF_CHLORIDE_TRANSMEMBRANE_TRANSPORTER_ACTIVITY	GOMF_CHLORIDE_TRANSMEMBRANE_TRANSPORTER_ACTIVITY		31	0.3678041	0.7516374	0.8083671	0.99229443	1.0	1095	tags=13%, list=10%, signal=14%	
GOBP_POSITIVE_REGULATION_OF_PROTEOLYSIS_INVOLVED_IN_PROTEIN_CATABOLIC_PROCESS	GOBP_POSITIVE_REGULATION_OF_PROTEOLYSIS_INVOLVED_IN_PROTEIN_CATABOLIC_PROCESS		93	0.32818463	0.7514774	0.87234044	0.99223804	1.0	1832	tags=20%, list=18%, signal=25%	
GOBP_TETRAPYRROLE_BIOSYNTHETIC_PROCESS	GOBP_TETRAPYRROLE_BIOSYNTHETIC_PROCESS		26	0.38247356	0.75142163	0.8053221	0.992044	1.0	3675	tags=46%, list=35%, signal=71%	
HP_HEAD_TREMOR	HP_HEAD_TREMOR		28	0.37566873	0.75068027	0.82245433	0.992735	1.0	1628	tags=25%, list=16%, signal=30%	
HP_COARSE_FACIAL_FEATURES	HP_COARSE_FACIAL_FEATURES		171	0.30648226	0.75059456	0.93333334	0.99258184	1.0	2613	tags=27%, list=25%, signal=35%	
GOBP_REGULATION_OF_MRNA_3_END_PROCESSING	GOBP_REGULATION_OF_MRNA_3_END_PROCESSING		15	0.4058018	0.75043297	0.7841226	0.9925351	1.0	3817	tags=60%, list=37%, signal=94%	
GOBP_BODY_FLUID_SECRETION	GOBP_BODY_FLUID_SECRETION		41	0.35690647	0.7503528	0.8423841	0.99237543	1.0	3329	tags=46%, list=32%, signal=68%	
HP_ABNORMAL_BLOOD_PHOSPHATE_CONCENTRATION	HP_ABNORMAL_BLOOD_PHOSPHATE_CONCENTRATION		39	0.35997334	0.74985754	0.83378744	0.9927489	1.0	2197	tags=28%, list=21%, signal=36%	
GOMF_OXIDOREDUCTASE_ACTIVITY_ACTING_ON_NAD_P_H	GOMF_OXIDOREDUCTASE_ACTIVITY_ACTING_ON_NAD_P_H		44	0.3525614	0.7497052	0.82978725	0.99267286	1.0	1909	tags=30%, list=18%, signal=36%	
GOBP_PROTEIN_N_LINKED_GLYCOSYLATION_VIA_ASPARAGINE	GOBP_PROTEIN_N_LINKED_GLYCOSYLATION_VIA_ASPARAGINE		17	0.39869443	0.74957544	0.7802504	0.9925765	1.0	2637	tags=41%, list=25%, signal=55%	
GOCC_TERTIARY_GRANULE_LUMEN	GOCC_TERTIARY_GRANULE_LUMEN		36	0.36564916	0.74953866	0.828	0.99235433	1.0	1020	tags=14%, list=10%, signal=15%	
HP_FUNCTIONAL_MOTOR_DEFICIT	HP_FUNCTIONAL_MOTOR_DEFICIT		204	0.3020905	0.7487748	0.92789596	0.99306655	1.0	1996	tags=18%, list=19%, signal=21%	
HP_ABNORMAL_CARTILAGE_MORPHOLOGY	HP_ABNORMAL_CARTILAGE_MORPHOLOGY		30	0.37018785	0.7487439	0.82171583	0.9928348	1.0	2031	tags=27%, list=19%, signal=33%	
GOBP_CELL_MATRIX_ADHESION	GOBP_CELL_MATRIX_ADHESION		112	0.31875393	0.7484862	0.8853093	0.99291265	1.0	1471	tags=18%, list=14%, signal=21%	
HP_ABNORMAL_CORTICOSPINAL_TRACT_MORPHOLOGY	HP_ABNORMAL_CORTICOSPINAL_TRACT_MORPHOLOGY		31	0.37019363	0.7484091	0.8135135	0.99274474	1.0	1438	tags=16%, list=14%, signal=19%	
GOBP_REGULATION_OF_INTRACELLULAR_TRANSPORT	GOBP_REGULATION_OF_INTRACELLULAR_TRANSPORT		181	0.3047635	0.74832237	0.92789596	0.9925959	1.0	1286	tags=16%, list=12%, signal=18%	
HP_MENINGOCELE	HP_MENINGOCELE		21	0.38957804	0.7482606	0.8024032	0.9924133	1.0	228	tags=5%, list=2%, signal=5%	
HP_CELIAC_DISEASE	HP_CELIAC_DISEASE		37	0.36470452	0.7479542	0.8267196	0.9925489	1.0	1407	tags=16%, list=13%, signal=19%	
HP_DYSREGULATED_NEGATIVE_EMOTIONAL_STATE	HP_DYSREGULATED_NEGATIVE_EMOTIONAL_STATE		179	0.3046133	0.7478549	0.9377335	0.9924036	1.0	1108	tags=11%, list=11%, signal=12%	
HP_LOWER_LIMB_MUSCLE_WEAKNESS	HP_LOWER_LIMB_MUSCLE_WEAKNESS		142	0.31078708	0.74784595	0.90601504	0.99214786	1.0	2017	tags=18%, list=19%, signal=22%	
GOBP_PHOSPHOLIPID_BIOSYNTHETIC_PROCESS	GOBP_PHOSPHOLIPID_BIOSYNTHETIC_PROCESS		168	0.30315566	0.7474141	0.9162791	0.99245447	1.0	1946	tags=18%, list=19%, signal=22%	
GOBP_SIGNAL_TRANSDUCTION_IN_RESPONSE_TO_DNA_DAMAGE	GOBP_SIGNAL_TRANSDUCTION_IN_RESPONSE_TO_DNA_DAMAGE		150	0.31372407	0.74692714	0.90909094	0.99280655	1.0	1594	tags=18%, list=15%, signal=21%	
HP_PARAGANGLIOMA	HP_PARAGANGLIOMA		15	0.4095316	0.7469156	0.7917847	0.99255687	1.0	1532	tags=13%, list=15%, signal=16%	
GOBP_DETERMINATION_OF_ADULT_LIFESPAN	GOBP_DETERMINATION_OF_ADULT_LIFESPAN		20	0.3871844	0.7467013	0.7846365	0.9925689	1.0	1360	tags=20%, list=13%, signal=23%	
HP_PITUITARY_ADENOMA	HP_PITUITARY_ADENOMA		39	0.3537249	0.7461595	0.8278689	0.9930102	1.0	2219	tags=33%, list=21%, signal=42%	
GOBP_ODONTOGENESIS_OF_DENTIN_CONTAINING_TOOTH	GOBP_ODONTOGENESIS_OF_DENTIN_CONTAINING_TOOTH		29	0.37106884	0.7457872	0.8253095	0.9932255	1.0	1856	tags=24%, list=18%, signal=29%	
GOBP_PROTEASOMAL_PROTEIN_CATABOLIC_PROCESS	GOBP_PROTEASOMAL_PROTEIN_CATABOLIC_PROCESS		444	0.28325558	0.74574125	0.9771987	0.9930136	1.0	1449	tags=13%, list=14%, signal=14%	
GOBP_SPERM_FLAGELLUM_ASSEMBLY	GOBP_SPERM_FLAGELLUM_ASSEMBLY		24	0.38415524	0.74560547	0.8180536	0.9929327	1.0	3257	tags=38%, list=31%, signal=54%	
HP_RETINAL_DETACHMENT	HP_RETINAL_DETACHMENT		59	0.33846533	0.74550825	0.85619175	0.9927858	1.0	797	tags=7%, list=8%, signal=7%	
HP_INTERICTAL_EEG_ABNORMALITY	HP_INTERICTAL_EEG_ABNORMALITY		190	0.30075377	0.74531996	0.9295102	0.9927738	1.0	1912	tags=17%, list=18%, signal=20%	
GOBP_RESPONSE_TO_RETINOIC_ACID	GOBP_RESPONSE_TO_RETINOIC_ACID		39	0.35868683	0.7451888	0.8296774	0.9926837	1.0	2060	tags=26%, list=20%, signal=32%	
HP_HETEROTROPIA	HP_HETEROTROPIA		162	0.3052959	0.7449314	0.93082523	0.99274606	1.0	2411	tags=23%, list=23%, signal=30%	
GOCC_CUL4_RING_E3_UBIQUITIN_LIGASE_COMPLEX	GOCC_CUL4_RING_E3_UBIQUITIN_LIGASE_COMPLEX		26	0.37467465	0.7444232	0.81284916	0.9931155	1.0	1760	tags=23%, list=17%, signal=28%	
GOBP_LIPID_MODIFICATION	GOBP_LIPID_MODIFICATION		100	0.3237903	0.74440366	0.8920676	0.99288017	1.0	2024	tags=15%, list=19%, signal=18%	
HP_SLEEP_RELATED_BREATHING_DISORDERS	HP_SLEEP_RELATED_BREATHING_DISORDERS		104	0.31970504	0.7439617	0.9035088	0.9931847	1.0	1843	tags=23%, list=18%, signal=28%	
GOBP_VESICLE_MEDIATED_TRANSPORT_TO_THE_PLASMA_MEMBRANE	GOBP_VESICLE_MEDIATED_TRANSPORT_TO_THE_PLASMA_MEMBRANE		121	0.3190256	0.7439509	0.90161896	0.99293315	1.0	1635	tags=14%, list=16%, signal=16%	
HP_GENU_VALGUM	HP_GENU_VALGUM		106	0.3222482	0.74374336	0.88257575	0.99293256	1.0	1711	tags=12%, list=16%, signal=15%	
GOCC_MITOCHONDRIAL_LARGE_RIBOSOMAL_SUBUNIT	GOCC_MITOCHONDRIAL_LARGE_RIBOSOMAL_SUBUNIT		44	0.35650396	0.7437032	0.85013264	0.99272317	1.0	2630	tags=41%, list=25%, signal=54%	
HP_ABNORMAL_T_CELL_MORPHOLOGY	HP_ABNORMAL_T_CELL_MORPHOLOGY		89	0.3308635	0.7436339	0.87117344	0.9925445	1.0	2644	tags=27%, list=25%, signal=36%	
HP_MYOPIA	HP_MYOPIA		255	0.29411912	0.743598	0.95752007	0.99232584	1.0	2411	tags=22%, list=23%, signal=28%	
GOBP_POSITIVE_REGULATION_OF_COLD_INDUCED_THERMOGENESIS	GOBP_POSITIVE_REGULATION_OF_COLD_INDUCED_THERMOGENESIS		54	0.3402062	0.7432248	0.8516043	0.9925344	1.0	1701	tags=19%, list=16%, signal=22%	
HP_HORIZONTAL_NYSTAGMUS	HP_HORIZONTAL_NYSTAGMUS		71	0.3320104	0.74321234	0.8540333	0.9922859	1.0	845	tags=13%, list=8%, signal=14%	
HP_PARKINSONISM_WITH_FAVORABLE_RESPONSE_TO_DOPAMINERGIC_MEDICATION	HP_PARKINSONISM_WITH_FAVORABLE_RESPONSE_TO_DOPAMINERGIC_MEDICATION		17	0.38961855	0.7431559	0.7956104	0.99208945	1.0	1443	tags=35%, list=14%, signal=41%	
GOMF_COA_LIGASE_ACTIVITY	GOMF_COA_LIGASE_ACTIVITY		15	0.40239674	0.74241185	0.79479766	0.9927911	1.0	1197	tags=13%, list=11%, signal=15%	
HP_LIPOMATOUS_TUMOR	HP_LIPOMATOUS_TUMOR		32	0.36385542	0.7421289	0.8184246	0.9928793	1.0	93	tags=3%, list=1%, signal=3%	
HP_SPINAL_MUSCULAR_ATROPHY	HP_SPINAL_MUSCULAR_ATROPHY		19	0.38493517	0.7420425	0.7921348	0.99271506	1.0	3394	tags=32%, list=33%, signal=47%	
HP_ASTIGMATISM	HP_ASTIGMATISM		138	0.30955938	0.74188834	0.9204406	0.99264634	1.0	2414	tags=25%, list=23%, signal=33%	
GOBP_NEURON_PROJECTION_EXTENSION	GOBP_NEURON_PROJECTION_EXTENSION		61	0.34169286	0.74176836	0.84980744	0.9925314	1.0	2212	tags=28%, list=21%, signal=35%	
GOBP_REGULATION_OF_DENDRITIC_SPINE_DEVELOPMENT	GOBP_REGULATION_OF_DENDRITIC_SPINE_DEVELOPMENT		30	0.3631203	0.74152434	0.82019365	0.9925817	1.0	2661	tags=33%, list=25%, signal=45%	
GOBP_PHAGOSOME_MATURATION	GOBP_PHAGOSOME_MATURATION		20	0.38296488	0.74150467	0.8013986	0.992345	1.0	2066	tags=20%, list=20%, signal=25%	
HP_ABNORMAL_AORTIC_VALVE_CUSP_MORPHOLOGY	HP_ABNORMAL_AORTIC_VALVE_CUSP_MORPHOLOGY		70	0.33161715	0.7414881	0.8689138	0.9921043	1.0	338	tags=4%, list=3%, signal=4%	
HP_ABNORMAL_RETINAL_PIGMENTATION	HP_ABNORMAL_RETINAL_PIGMENTATION		178	0.310794	0.7413435	0.93448704	0.99202925	1.0	845	tags=7%, list=8%, signal=7%	
GOBP_REGULATION_OF_RAS_PROTEIN_SIGNAL_TRANSDUCTION	GOBP_REGULATION_OF_RAS_PROTEIN_SIGNAL_TRANSDUCTION		29	0.36853552	0.74118316	0.81646425	0.9919578	1.0	3346	tags=41%, list=32%, signal=61%	
GOBP_NEGATIVE_REGULATION_OF_CATALYTIC_ACTIVITY	GOBP_NEGATIVE_REGULATION_OF_CATALYTIC_ACTIVITY		93	0.3224731	0.7410402	0.88265306	0.991872	1.0	1949	tags=31%, list=19%, signal=38%	
HP_AMBIGUOUS_GENITALIA	HP_AMBIGUOUS_GENITALIA		55	0.343796	0.7409987	0.85214007	0.99166095	1.0	3080	tags=40%, list=29%, signal=56%	
GOBP_HEART_VALVE_DEVELOPMENT	GOBP_HEART_VALVE_DEVELOPMENT		27	0.36839193	0.74055254	0.8072289	0.9919482	1.0	2103	tags=30%, list=20%, signal=37%	
HP_VISUAL_FIELD_DEFECT	HP_VISUAL_FIELD_DEFECT		159	0.3048317	0.7405089	0.936803	0.9917434	1.0	1142	tags=11%, list=11%, signal=12%	
GOMF_CATALYTIC_ACTIVITY_ACTING_ON_DNA	GOMF_CATALYTIC_ACTIVITY_ACTING_ON_DNA		192	0.3001295	0.74025667	0.9413174	0.9917777	1.0	1820	tags=19%, list=17%, signal=22%	
HP_ATROPHY_DEGENERATION_INVOLVING_THE_CORTICOSPINAL_TRACTS	HP_ATROPHY_DEGENERATION_INVOLVING_THE_CORTICOSPINAL_TRACTS		26	0.36572647	0.740094	0.8193277	0.9917295	1.0	1438	tags=15%, list=14%, signal=18%	
HP_BREECH_PRESENTATION	HP_BREECH_PRESENTATION		29	0.36284837	0.739935	0.81382227	0.9916847	1.0	964	tags=17%, list=9%, signal=19%	
HP_CUTANEOUS_FINGER_SYNDACTYLY	HP_CUTANEOUS_FINGER_SYNDACTYLY		20	0.381722	0.7398039	0.8256131	0.9915792	1.0	2748	tags=30%, list=26%, signal=41%	
GOBP_REGULATION_OF_SMALL_GTPASE_MEDIATED_SIGNAL_TRANSDUCTION	GOBP_REGULATION_OF_SMALL_GTPASE_MEDIATED_SIGNAL_TRANSDUCTION		187	0.30183497	0.7394194	0.9447709	0.99178493	1.0	1621	tags=15%, list=16%, signal=17%	
HP_SPASTIC_TETRAPARESIS	HP_SPASTIC_TETRAPARESIS		53	0.3457286	0.73941064	0.8459563	0.9915325	1.0	476	tags=9%, list=5%, signal=10%	
HP_PAPILLARY_THYROID_CARCINOMA	HP_PAPILLARY_THYROID_CARCINOMA		16	0.39568633	0.7393202	0.7959732	0.99138933	1.0	1104	tags=25%, list=11%, signal=28%	
HP_ABNORMALITY_OF_THE_UTERUS	HP_ABNORMALITY_OF_THE_UTERUS		144	0.31275666	0.73912716	0.9206349	0.991371	1.0	2015	tags=25%, list=19%, signal=31%	
GOMF_RNA_ENDONUCLEASE_ACTIVITY	GOMF_RNA_ENDONUCLEASE_ACTIVITY		47	0.35008037	0.7389034	0.8509235	0.99138016	1.0	3504	tags=47%, list=34%, signal=70%	
HP_RECURRENT_OTITIS_MEDIA	HP_RECURRENT_OTITIS_MEDIA		125	0.30924228	0.7386421	0.91095066	0.9914474	1.0	1596	tags=21%, list=15%, signal=24%	
HP_ABNORMAL_B_CELL_MORPHOLOGY	HP_ABNORMAL_B_CELL_MORPHOLOGY		80	0.32933825	0.73815393	0.8713528	0.9918017	1.0	1478	tags=16%, list=14%, signal=19%	
GOBP_REGULATION_OF_LIPID_BIOSYNTHETIC_PROCESS	GOBP_REGULATION_OF_LIPID_BIOSYNTHETIC_PROCESS		99	0.31806526	0.73800564	0.8810742	0.9917226	1.0	1263	tags=12%, list=12%, signal=14%	
HP_BILATERAL_PTOSIS	HP_BILATERAL_PTOSIS		38	0.3576393	0.73723185	0.8156124	0.99241394	1.0	1251	tags=16%, list=12%, signal=18%	
HP_ELEVATED_CIRCULATING_FOLLICLE_STIMULATING_HORMONE_LEVEL	HP_ELEVATED_CIRCULATING_FOLLICLE_STIMULATING_HORMONE_LEVEL		27	0.37084132	0.73716384	0.82463187	0.99224806	1.0	1889	tags=26%, list=18%, signal=32%	
HP_INFERTILITY	HP_INFERTILITY		108	0.31395328	0.73708516	0.90237796	0.9920904	1.0	1596	tags=18%, list=15%, signal=21%	
GOBP_INTRACELLULAR_MRNA_LOCALIZATION	GOBP_INTRACELLULAR_MRNA_LOCALIZATION		16	0.39297965	0.7362906	0.8055944	0.9928099	1.0	2283	tags=31%, list=22%, signal=40%	
HP_APLASIA_HYPOPLASIA_INVOLVING_THE_METACARPAL_BONES	HP_APLASIA_HYPOPLASIA_INVOLVING_THE_METACARPAL_BONES		88	0.32206753	0.73623407	0.89158165	0.992613	1.0	1693	tags=22%, list=16%, signal=26%	
HP_COMPLETE_RIGHT_BUNDLE_BRANCH_BLOCK	HP_COMPLETE_RIGHT_BUNDLE_BRANCH_BLOCK		25	0.37108055	0.7359575	0.8064067	0.9926892	1.0	922	tags=16%, list=9%, signal=18%	
GOMF_ACYL_COA_HYDROLASE_ACTIVITY	GOMF_ACYL_COA_HYDROLASE_ACTIVITY		15	0.39482054	0.73585004	0.7949438	0.99255013	1.0	4507	tags=67%, list=43%, signal=117%	
GOBP_REGULATION_OF_CYTOPLASMIC_PATTERN_RECOGNITION_RECEPTOR_SIGNALING_PATHWAY	GOBP_REGULATION_OF_CYTOPLASMIC_PATTERN_RECOGNITION_RECEPTOR_SIGNALING_PATHWAY		88	0.3199147	0.7355617	0.9062901	0.99265224	1.0	1196	tags=10%, list=11%, signal=11%	
HP_DEVIATION_OF_THE_HALLUX	HP_DEVIATION_OF_THE_HALLUX		49	0.3440834	0.7355107	0.84594953	0.9924478	1.0	2779	tags=31%, list=27%, signal=42%	
GOBP_INTERMEMBRANE_LIPID_TRANSFER	GOBP_INTERMEMBRANE_LIPID_TRANSFER		27	0.36527842	0.73524016	0.8259109	0.9925061	1.0	2104	tags=22%, list=20%, signal=28%	
HP_DELUSION	HP_DELUSION		16	0.39706394	0.734933	0.798103	0.99260885	1.0	213	tags=13%, list=2%, signal=13%	
HP_PIERRE_ROBIN_SEQUENCE	HP_PIERRE_ROBIN_SEQUENCE		23	0.3733157	0.73491985	0.8111413	0.9923658	1.0	1556	tags=30%, list=15%, signal=36%	
HP_THICK_HAIR	HP_THICK_HAIR		17	0.3945419	0.7347533	0.80497926	0.99231535	1.0	3144	tags=35%, list=30%, signal=50%	
HP_APLASIA_HYPOPLASIA_OF_THE_CEREBELLAR_VERMIS	HP_APLASIA_HYPOPLASIA_OF_THE_CEREBELLAR_VERMIS		191	0.2972078	0.734687	0.9418182	0.9921359	1.0	1326	tags=14%, list=13%, signal=15%	
HP_DISORDER_OF_THOUGHT_CONTENT	HP_DISORDER_OF_THOUGHT_CONTENT		41	0.353616	0.73462176	0.8376963	0.9919596	1.0	1904	tags=22%, list=18%, signal=27%	
GOCC_NUCLEAR_MEMBRANE	GOCC_NUCLEAR_MEMBRANE		186	0.2946015	0.73436105	0.9326241	0.99200135	1.0	1951	tags=20%, list=19%, signal=24%	
GOBP_RESPONSE_TO_FLUID_SHEAR_STRESS	GOBP_RESPONSE_TO_FLUID_SHEAR_STRESS		40	0.35419554	0.7343054	0.8533686	0.9918091	1.0	1935	tags=28%, list=19%, signal=34%	
GOMF_SECONDARY_ACTIVE_TRANSMEMBRANE_TRANSPORTER_ACTIVITY	GOMF_SECONDARY_ACTIVE_TRANSMEMBRANE_TRANSPORTER_ACTIVITY		127	0.30991822	0.7342973	0.90920097	0.9915607	1.0	1920	tags=15%, list=18%, signal=18%	
GOCC_PROTEIN_KINASE_COMPLEX	GOCC_PROTEIN_KINASE_COMPLEX		116	0.31015834	0.7339781	0.9159456	0.9916824	1.0	2103	tags=22%, list=20%, signal=28%	
GOBP_TUBULIN_DEACETYLATION	GOBP_TUBULIN_DEACETYLATION		16	0.39476186	0.7339409	0.8162693	0.9914687	1.0	3586	tags=31%, list=34%, signal=48%	
HP_ABNORMAL_CRANIAL_SUTURE_FONTANELLE_MORPHOLOGY	HP_ABNORMAL_CRANIAL_SUTURE_FONTANELLE_MORPHOLOGY		282	0.29047215	0.73377705	0.9594907	0.9914058	1.0	1988	tags=18%, list=19%, signal=22%	
HP_RETINAL_ARTERIOLAR_TORTUOSITY	HP_RETINAL_ARTERIOLAR_TORTUOSITY		15	0.40213206	0.7334876	0.8042253	0.99147785	1.0	186	tags=7%, list=2%, signal=7%	
GOMF_HISTONE_ACETYLTRANSFERASE_BINDING	GOMF_HISTONE_ACETYLTRANSFERASE_BINDING		21	0.3743913	0.7328366	0.82103825	0.9919794	1.0	1121	tags=29%, list=11%, signal=32%	
GOBP_REGULATION_OF_ERYTHROCYTE_DIFFERENTIATION	GOBP_REGULATION_OF_ERYTHROCYTE_DIFFERENTIATION		37	0.35150155	0.73260474	0.8286479	0.9919934	1.0	126	tags=5%, list=1%, signal=5%	
HP_ABNORMAL_LIVER_METABOLITE_CONCENTRATION	HP_ABNORMAL_LIVER_METABOLITE_CONCENTRATION		129	0.31165293	0.7325217	0.9290162	0.99183565	1.0	2134	tags=19%, list=20%, signal=23%	
HP_ABNORMAL_B_CELL_SUBSET_DISTRIBUTION	HP_ABNORMAL_B_CELL_SUBSET_DISTRIBUTION		27	0.37365246	0.73235834	0.82596684	0.99176884	1.0	980	tags=11%, list=9%, signal=12%	
HP_ABNORMAL_SACRUM_MORPHOLOGY	HP_ABNORMAL_SACRUM_MORPHOLOGY		94	0.31878617	0.73229617	0.9039191	0.99158525	1.0	2475	tags=24%, list=24%, signal=32%	
HP_ABNORMAL_FINGERNAIL_MORPHOLOGY	HP_ABNORMAL_FINGERNAIL_MORPHOLOGY		116	0.311358	0.7319431	0.9207921	0.9917252	1.0	1399	tags=19%, list=13%, signal=22%	
GOBP_POSTSYNAPTIC_SIGNAL_TRANSDUCTION	GOBP_POSTSYNAPTIC_SIGNAL_TRANSDUCTION		16	0.38517708	0.7317534	0.80307263	0.99168575	1.0	2069	tags=31%, list=20%, signal=39%	
GOCC_MRNA_CLEAVAGE_AND_POLYADENYLATION_SPECIFICITY_FACTOR_COMPLEX	GOCC_MRNA_CLEAVAGE_AND_POLYADENYLATION_SPECIFICITY_FACTOR_COMPLEX		15	0.39484215	0.7317301	0.8028777	0.99145854	1.0	3699	tags=73%, list=35%, signal=113%	
HP_ABNORMALITY_OF_SKELETAL_MATURATION	HP_ABNORMALITY_OF_SKELETAL_MATURATION		240	0.29239973	0.73144895	0.95438594	0.9915508	1.0	1148	tags=13%, list=11%, signal=14%	
GOBP_AXONAL_TRANSPORT	GOBP_AXONAL_TRANSPORT		48	0.33693883	0.7312137	0.853211	0.9915824	1.0	1358	tags=15%, list=13%, signal=17%	
HP_ABNORMALITY_OF_DENTAL_STRUCTURE	HP_ABNORMALITY_OF_DENTAL_STRUCTURE		205	0.29551372	0.731117	0.9588875	0.99144214	1.0	2063	tags=22%, list=20%, signal=27%	
HP_SHORT_PALPEBRAL_FISSURE	HP_SHORT_PALPEBRAL_FISSURE		84	0.3194351	0.7307797	0.88932294	0.9915736	1.0	1594	tags=25%, list=15%, signal=29%	
HP_RECURRENT_APHTHOUS_STOMATITIS	HP_RECURRENT_APHTHOUS_STOMATITIS		32	0.35482126	0.73053586	0.8136054	0.9916011	1.0	1857	tags=28%, list=18%, signal=34%	
GOBP_REGULATION_OF_CYTOPLASMIC_TRANSLATION	GOBP_REGULATION_OF_CYTOPLASMIC_TRANSLATION		28	0.36041555	0.73048997	0.8196721	0.99139696	1.0	1681	tags=21%, list=16%, signal=25%	
HP_ATONIC_SEIZURE	HP_ATONIC_SEIZURE		53	0.33370414	0.73030245	0.8733509	0.9913488	1.0	2202	tags=28%, list=21%, signal=36%	
GOCC_LATERAL_PLASMA_MEMBRANE	GOCC_LATERAL_PLASMA_MEMBRANE		31	0.3577022	0.7300721	0.84322035	0.9913652	1.0	1876	tags=29%, list=18%, signal=35%	
HP_ABNORMALITY_OF_LOWER_LIMB_JOINT	HP_ABNORMALITY_OF_LOWER_LIMB_JOINT		457	0.2801628	0.73005784	0.987013	0.9911236	1.0	1719	tags=14%, list=16%, signal=16%	
HP_HOARSE_VOICE	HP_HOARSE_VOICE		64	0.32798633	0.7299744	0.88005394	0.99096787	1.0	2598	tags=28%, list=25%, signal=37%	
HP_ABNORMALITY_OF_THE_BREAST	HP_ABNORMALITY_OF_THE_BREAST		280	0.28876016	0.72951543	0.9674523	0.9912628	1.0	1719	tags=19%, list=16%, signal=22%	
GOBP_CARBOHYDRATE_METABOLIC_PROCESS	GOBP_CARBOHYDRATE_METABOLIC_PROCESS		320	0.28483656	0.72946787	0.97485715	0.99106246	1.0	1339	tags=12%, list=13%, signal=13%	
HP_ABNORMAL_CONUS_TERMINALIS_MORPHOLOGY	HP_ABNORMAL_CONUS_TERMINALIS_MORPHOLOGY		21	0.37827924	0.72905874	0.8373409	0.9912837	1.0	2468	tags=33%, list=24%, signal=44%	
GOBP_SULFUR_COMPOUND_TRANSPORT	GOBP_SULFUR_COMPOUND_TRANSPORT		37	0.34903198	0.7287427	0.8448276	0.9913801	1.0	1393	tags=14%, list=13%, signal=16%	
GOBP_CYTOPLASMIC_MICROTUBULE_ORGANIZATION	GOBP_CYTOPLASMIC_MICROTUBULE_ORGANIZATION		40	0.3510387	0.7284106	0.84697986	0.99152523	1.0	2805	tags=33%, list=27%, signal=44%	
GOBP_IMMUNOGLOBULIN_PRODUCTION_INVOLVED_IN_IMMUNOGLOBULIN_MEDIATED_IMMUNE_RESPONSE	GOBP_IMMUNOGLOBULIN_PRODUCTION_INVOLVED_IN_IMMUNOGLOBULIN_MEDIATED_IMMUNE_RESPONSE		36	0.3475103	0.72812337	0.8412073	0.9916052	1.0	2402	tags=33%, list=23%, signal=43%	
GOCC_SITE_OF_DNA_DAMAGE	GOCC_SITE_OF_DNA_DAMAGE		101	0.3123418	0.72784334	0.89819586	0.9916581	1.0	1755	tags=25%, list=17%, signal=29%	
GOMF_HYDROLASE_ACTIVITY_ACTING_ON_GLYCOSYL_BONDS	GOMF_HYDROLASE_ACTIVITY_ACTING_ON_GLYCOSYL_BONDS		67	0.32689783	0.7275796	0.8816645	0.99170226	1.0	579	tags=7%, list=6%, signal=8%	
HP_RENAL_HYPOPLASIA	HP_RENAL_HYPOPLASIA		78	0.32351407	0.72727174	0.89439374	0.9918071	1.0	566	tags=10%, list=5%, signal=11%	
GOCC_CIS_GOLGI_NETWORK	GOCC_CIS_GOLGI_NETWORK		48	0.33721152	0.7271433	0.8638184	0.9917002	1.0	1622	tags=15%, list=16%, signal=17%	
HP_SLEEP_WAKE_CYCLE_DISTURBANCE	HP_SLEEP_WAKE_CYCLE_DISTURBANCE		22	0.36345053	0.72650015	0.8185654	0.9921827	1.0	1568	tags=18%, list=15%, signal=21%	
GOCC_AXON_CYTOPLASM	GOCC_AXON_CYTOPLASM		42	0.34761894	0.7261209	0.8508065	0.992363	1.0	1358	tags=14%, list=13%, signal=16%	
HP_EEG_WITH_BURST_SUPPRESSION	HP_EEG_WITH_BURST_SUPPRESSION		42	0.3435959	0.72569656	0.85924935	0.9925975	1.0	1624	tags=21%, list=16%, signal=25%	
GOBP_IN_UTERO_EMBRYONIC_DEVELOPMENT	GOBP_IN_UTERO_EMBRYONIC_DEVELOPMENT		233	0.29397717	0.72553414	0.9575472	0.99252695	1.0	1098	tags=12%, list=11%, signal=13%	
GOMF_CHOLESTEROL_BINDING	GOMF_CHOLESTEROL_BINDING		34	0.35132575	0.7249146	0.86585367	0.9929638	1.0	991	tags=12%, list=9%, signal=13%	
HP_PULMONARY_ARTERY_ATRESIA	HP_PULMONARY_ARTERY_ATRESIA		20	0.3753593	0.7248409	0.83908045	0.9927889	1.0	1658	tags=25%, list=16%, signal=30%	
HP_PREAURICULAR_SKIN_TAG	HP_PREAURICULAR_SKIN_TAG		44	0.34046617	0.72461313	0.8751678	0.99278784	1.0	1536	tags=18%, list=15%, signal=21%	
GOMF_ATP_DEPENDENT_ACTIVITY	GOMF_ATP_DEPENDENT_ACTIVITY		344	0.27876452	0.72447616	0.979638	0.9926757	1.0	1738	tags=19%, list=17%, signal=22%	
HP_MULTIFOCAL_EPILEPTIFORM_DISCHARGES	HP_MULTIFOCAL_EPILEPTIFORM_DISCHARGES		36	0.3437417	0.72407806	0.8370565	0.99287736	1.0	1883	tags=28%, list=18%, signal=34%	
GOBP_DENDRITE_MORPHOGENESIS	GOBP_DENDRITE_MORPHOGENESIS		66	0.32913813	0.7239172	0.89467007	0.99280065	1.0	1807	tags=23%, list=17%, signal=27%	
GOBP_POSITIVE_REGULATION_OF_VIRAL_PROCESS	GOBP_POSITIVE_REGULATION_OF_VIRAL_PROCESS		49	0.33907163	0.7236083	0.8569604	0.99287766	1.0	758	tags=10%, list=7%, signal=11%	
GOBP_MACROMOLECULE_DEACYLATION	GOBP_MACROMOLECULE_DEACYLATION		36	0.35342532	0.7234046	0.847569	0.99283737	1.0	3729	tags=31%, list=36%, signal=47%	
GOBP_NEGATIVE_REGULATION_OF_ACTIN_FILAMENT_DEPOLYMERIZATION	GOBP_NEGATIVE_REGULATION_OF_ACTIN_FILAMENT_DEPOLYMERIZATION		24	0.3660084	0.72332543	0.8527778	0.992664	1.0	1867	tags=25%, list=18%, signal=30%	
GOBP_POSTSYNAPTIC_SPECIALIZATION_ORGANIZATION	GOBP_POSTSYNAPTIC_SPECIALIZATION_ORGANIZATION		21	0.37704352	0.72316635	0.8446602	0.9925831	1.0	1510	tags=19%, list=14%, signal=22%	
GOCC_RECYCLING_ENDOSOME_MEMBRANE	GOCC_RECYCLING_ENDOSOME_MEMBRANE		66	0.32286838	0.72297025	0.8746736	0.99254125	1.0	2052	tags=27%, list=20%, signal=34%	
GOMF_LIGASE_ACTIVITY_FORMING_CARBON_OXYGEN_BONDS	GOMF_LIGASE_ACTIVITY_FORMING_CARBON_OXYGEN_BONDS		18	0.377661	0.722948	0.82173914	0.9923143	1.0	4620	tags=50%, list=44%, signal=90%	
HP_ABNORMAL_PELVIC_GIRDLE_BONE_MORPHOLOGY	HP_ABNORMAL_PELVIC_GIRDLE_BONE_MORPHOLOGY		382	0.2795641	0.7222818	0.9791438	0.99280494	1.0	1993	tags=18%, list=19%, signal=21%	
GOMF_UBIQUITIN_LIKE_PROTEIN_BINDING	GOMF_UBIQUITIN_LIKE_PROTEIN_BINDING		99	0.31579512	0.7219988	0.918136	0.99286824	1.0	2481	tags=21%, list=24%, signal=28%	
HP_AUTOIMMUNE_THROMBOCYTOPENIA	HP_AUTOIMMUNE_THROMBOCYTOPENIA		31	0.35962	0.7213968	0.8375499	0.99325144	1.0	3337	tags=35%, list=32%, signal=52%	
HP_DECREASED_CIRCULATING_IGG_CONCENTRATION	HP_DECREASED_CIRCULATING_IGG_CONCENTRATION		81	0.3167199	0.720786	0.92091835	0.9936761	1.0	1478	tags=16%, list=14%, signal=19%	
HP_UNILATERAL_RENAL_AGENESIS	HP_UNILATERAL_RENAL_AGENESIS		64	0.32763478	0.7204551	0.88431877	0.9937915	1.0	2569	tags=27%, list=25%, signal=35%	
GOBP_ENDOPLASMIC_RETICULUM_CALCIUM_ION_HOMEOSTASIS	GOBP_ENDOPLASMIC_RETICULUM_CALCIUM_ION_HOMEOSTASIS		20	0.38399482	0.7200393	0.81894153	0.99397886	1.0	915	tags=20%, list=9%, signal=22%	
GOCC_CYCLIN_DEPENDENT_PROTEIN_KINASE_HOLOENZYME_COMPLEX	GOCC_CYCLIN_DEPENDENT_PROTEIN_KINASE_HOLOENZYME_COMPLEX		50	0.33370385	0.719777	0.8815612	0.9940084	1.0	2069	tags=28%, list=20%, signal=35%	
HP_ABNORMALITY_OF_URINE_CALCIUM_CONCENTRATION	HP_ABNORMALITY_OF_URINE_CALCIUM_CONCENTRATION		32	0.3552847	0.71974933	0.8590604	0.99378306	1.0	1202	tags=22%, list=12%, signal=25%	
GOBP_MUSCLE_CELL_DEVELOPMENT	GOBP_MUSCLE_CELL_DEVELOPMENT		67	0.32835048	0.7191112	0.88962764	0.9942137	1.0	1701	tags=21%, list=16%, signal=25%	
GOBP_LIPOPOLYSACCHARIDE_MEDIATED_SIGNALING_PATHWAY	GOBP_LIPOPOLYSACCHARIDE_MEDIATED_SIGNALING_PATHWAY		48	0.33791593	0.71863896	0.8627451	0.99446595	1.0	824	tags=13%, list=8%, signal=14%	
HP_ABNORMAL_DELIVERY	HP_ABNORMAL_DELIVERY		56	0.32926396	0.7186389	0.8748387	0.9942084	1.0	1089	tags=14%, list=10%, signal=16%	
GOBP_PROTEIN_EXIT_FROM_ENDOPLASMIC_RETICULUM	GOBP_PROTEIN_EXIT_FROM_ENDOPLASMIC_RETICULUM		46	0.33386	0.71852934	0.8882834	0.99407154	1.0	851	tags=9%, list=8%, signal=9%	
GOBP_REGULATION_OF_PROTEIN_EXIT_FROM_ENDOPLASMIC_RETICULUM	GOBP_REGULATION_OF_PROTEIN_EXIT_FROM_ENDOPLASMIC_RETICULUM		26	0.36308318	0.7184335	0.8391892	0.99392736	1.0	319	tags=8%, list=3%, signal=8%	
HP_ABNORMALITY_OF_ENDOCRINE_PANCREAS_PHYSIOLOGY	HP_ABNORMALITY_OF_ENDOCRINE_PANCREAS_PHYSIOLOGY		15	0.37969416	0.7170853	0.8236131	0.9951374	1.0	1559	tags=33%, list=15%, signal=39%	
HP_ABNORMAL_METAPHYSIS_MORPHOLOGY	HP_ABNORMAL_METAPHYSIS_MORPHOLOGY		160	0.2956209	0.7169922	0.94692403	0.9949852	1.0	2063	tags=19%, list=20%, signal=23%	
HP_APPENDICULAR_SPASTICITY	HP_APPENDICULAR_SPASTICITY		299	0.2799393	0.71663046	0.97377425	0.9951256	1.0	1440	tags=12%, list=14%, signal=14%	
GOBP_REGULATION_OF_LIPID_METABOLIC_PROCESS	GOBP_REGULATION_OF_LIPID_METABOLIC_PROCESS		168	0.29078567	0.71617484	0.95151514	0.99536765	1.0	1663	tags=14%, list=16%, signal=17%	
HP_ABNORMALITY_OF_THE_PHARYNX	HP_ABNORMALITY_OF_THE_PHARYNX		138	0.30071723	0.71613234	0.93844223	0.9951592	1.0	1719	tags=20%, list=16%, signal=24%	
HP_ABNORMALITY_OF_REFRACTION	HP_ABNORMALITY_OF_REFRACTION		410	0.2758133	0.71587193	0.9847328	0.9951788	1.0	2414	tags=21%, list=23%, signal=27%	
GOCC_NUCLEAR_CYCLIN_DEPENDENT_PROTEIN_KINASE_HOLOENZYME_COMPLEX	GOCC_NUCLEAR_CYCLIN_DEPENDENT_PROTEIN_KINASE_HOLOENZYME_COMPLEX		19	0.36895233	0.7158269	0.824417	0.9949723	1.0	3122	tags=32%, list=30%, signal=45%	
GOBP_ORGANISM_EMERGENCE_FROM_PROTECTIVE_STRUCTURE	GOBP_ORGANISM_EMERGENCE_FROM_PROTECTIVE_STRUCTURE		16	0.38187945	0.7156332	0.82446045	0.9949279	1.0	1579	tags=38%, list=15%, signal=44%	
GOBP_ADAPTIVE_THERMOGENESIS	GOBP_ADAPTIVE_THERMOGENESIS		88	0.31336313	0.71561325	0.91410255	0.9946951	1.0	1701	tags=22%, list=16%, signal=26%	
HP_FETAL_ONSET	HP_FETAL_ONSET		122	0.30079302	0.7155592	0.9423313	0.9944931	1.0	2248	tags=25%, list=22%, signal=31%	
HP_APLASIA_HYPOPLASIA_OF_THE_EYELID	HP_APLASIA_HYPOPLASIA_OF_THE_EYELID		29	0.3529948	0.71536976	0.8401084	0.99443495	1.0	901	tags=17%, list=9%, signal=19%	
HP_ENLARGED_POSTERIOR_FOSSA	HP_ENLARGED_POSTERIOR_FOSSA		129	0.29859787	0.7152713	0.937046	0.9942894	1.0	1259	tags=14%, list=12%, signal=16%	
HP_ABNORMAL_BONE_STRUCTURE	HP_ABNORMAL_BONE_STRUCTURE		488	0.27133435	0.7148305	0.99467516	0.99449366	1.0	1993	tags=19%, list=19%, signal=22%	
HP_SKIN_TAGS	HP_SKIN_TAGS		50	0.32979044	0.71474475	0.8822785	0.994322	1.0	1536	tags=16%, list=15%, signal=19%	
GOBP_PHOSPHATIDYLINOSITOL_PHOSPHATE_BIOSYNTHETIC_PROCESS	GOBP_PHOSPHATIDYLINOSITOL_PHOSPHATE_BIOSYNTHETIC_PROCESS		43	0.33311874	0.7144486	0.85694826	0.99438876	1.0	2309	tags=21%, list=22%, signal=27%	
GOBP_GLUCOSE_METABOLIC_PROCESS	GOBP_GLUCOSE_METABOLIC_PROCESS		115	0.30223784	0.71354944	0.9418458	0.99508923	1.0	1539	tags=13%, list=15%, signal=15%	
GOBP_PROTEIN_EXPORT_FROM_NUCLEUS	GOBP_PROTEIN_EXPORT_FROM_NUCLEUS		51	0.33479828	0.71350294	0.8914432	0.9948796	1.0	1232	tags=14%, list=12%, signal=15%	
HP_PLAGIOCEPHALY	HP_PLAGIOCEPHALY		99	0.3145664	0.7134864	0.91191065	0.9946401	1.0	2504	tags=32%, list=24%, signal=42%	
HP_PORENCEPHALIC_CYST	HP_PORENCEPHALIC_CYST		21	0.3673977	0.7133188	0.8385346	0.9945419	1.0	642	tags=14%, list=6%, signal=15%	
GOMF_P53_BINDING	GOMF_P53_BINDING		45	0.33660513	0.7130321	0.87275064	0.9945857	1.0	1160	tags=18%, list=11%, signal=20%	
HP_APLASIA_HYPOPLASIA_INVOLVING_BONES_OF_THE_FEET	HP_APLASIA_HYPOPLASIA_INVOLVING_BONES_OF_THE_FEET		178	0.28840196	0.71291804	0.96506023	0.9944527	1.0	1711	tags=20%, list=16%, signal=24%	
HP_ABNORMAL_PITUITARY_GLAND_MORPHOLOGY	HP_ABNORMAL_PITUITARY_GLAND_MORPHOLOGY		182	0.29058373	0.71288174	0.95346063	0.9942373	1.0	1360	tags=16%, list=13%, signal=18%	
GOBP_MONOCARBOXYLIC_ACID_BIOSYNTHETIC_PROCESS	GOBP_MONOCARBOXYLIC_ACID_BIOSYNTHETIC_PROCESS		122	0.30370232	0.7126715	0.93672454	0.9942055	1.0	1096	tags=11%, list=10%, signal=12%	
GOBP_REGULATION_OF_NECROPTOTIC_PROCESS	GOBP_REGULATION_OF_NECROPTOTIC_PROCESS		23	0.36275464	0.712332	0.84045583	0.994292	1.0	1642	tags=17%, list=16%, signal=21%	
GOMF_OXIDOREDUCTASE_ACTIVITY	GOMF_OXIDOREDUCTASE_ACTIVITY		365	0.27680677	0.711832	0.9888018	0.9945562	1.0	2248	tags=23%, list=22%, signal=28%	
HP_YELLOW_WHITE_RETINAL_LESION	HP_YELLOW_WHITE_RETINAL_LESION		61	0.31764072	0.7109886	0.8964613	0.99519354	1.0	2648	tags=26%, list=25%, signal=35%	
GOBP_AXONEME_ASSEMBLY	GOBP_AXONEME_ASSEMBLY		29	0.35606	0.710945	0.84832215	0.99498796	1.0	4044	tags=52%, list=39%, signal=84%	
GOMF_ORGANOPHOSPHATE_ESTER_TRANSMEMBRANE_TRANSPORTER_ACTIVITY	GOMF_ORGANOPHOSPHATE_ESTER_TRANSMEMBRANE_TRANSPORTER_ACTIVITY		36	0.3437508	0.71088105	0.8770718	0.99479735	1.0	3573	tags=44%, list=34%, signal=67%	
GOBP_RECEPTOR_LOCALIZATION_TO_SYNAPSE	GOBP_RECEPTOR_LOCALIZATION_TO_SYNAPSE		37	0.34303373	0.7097645	0.8720627	0.9957266	1.0	1886	tags=22%, list=18%, signal=26%	
GOBP_POSTSYNAPTIC_MEMBRANE_ORGANIZATION	GOBP_POSTSYNAPTIC_MEMBRANE_ORGANIZATION		17	0.37361014	0.7097136	0.83147633	0.995524	1.0	1082	tags=12%, list=10%, signal=13%	
HP_ABNORMAL_ELASTICITY_OF_SKIN	HP_ABNORMAL_ELASTICITY_OF_SKIN		146	0.2960355	0.7092819	0.9547124	0.9957143	1.0	2163	tags=23%, list=21%, signal=29%	
HP_ARTERIAL_THROMBOSIS	HP_ARTERIAL_THROMBOSIS		15	0.3836117	0.70927536	0.826685	0.99546534	1.0	797	tags=20%, list=8%, signal=22%	
HP_DEHYDRATION	HP_DEHYDRATION		52	0.32469252	0.70901453	0.89115644	0.9954709	1.0	1356	tags=15%, list=13%, signal=18%	
HP_ANONYCHIA	HP_ANONYCHIA		30	0.34479666	0.7088416	0.8506224	0.9953915	1.0	1883	tags=33%, list=18%, signal=41%	
HP_APLASIA_HYPOPLASIA_OF_THE_NAILS	HP_APLASIA_HYPOPLASIA_OF_THE_NAILS		149	0.29673997	0.7086219	0.9508816	0.9953616	1.0	2031	tags=26%, list=19%, signal=31%	
HP_TONIC_SEIZURE	HP_TONIC_SEIZURE		76	0.3136658	0.7083218	0.9016818	0.9954072	1.0	1579	tags=20%, list=15%, signal=23%	
HP_ENTEROCOLITIS	HP_ENTEROCOLITIS		20	0.3595234	0.7078134	0.82191783	0.9956958	1.0	1532	tags=25%, list=15%, signal=29%	
GOMF_NUCLEOTIDYLTRANSFERASE_ACTIVITY	GOMF_NUCLEOTIDYLTRANSFERASE_ACTIVITY		104	0.30219454	0.7076013	0.9289406	0.9956584	1.0	3295	tags=28%, list=32%, signal=40%	
GOBP_CEREBRAL_CORTEX_DEVELOPMENT	GOBP_CEREBRAL_CORTEX_DEVELOPMENT		64	0.31842104	0.7074533	0.8815789	0.99555576	1.0	2745	tags=25%, list=26%, signal=34%	
HP_BONE_FRACTURE	HP_BONE_FRACTURE		18	0.3715894	0.7073393	0.8161245	0.99541616	1.0	2361	tags=28%, list=23%, signal=36%	
GOBP_ESTABLISHMENT_OF_ORGANELLE_LOCALIZATION	GOBP_ESTABLISHMENT_OF_ORGANELLE_LOCALIZATION		274	0.27926686	0.70725304	0.9830508	0.9952469	1.0	1843	tags=18%, list=18%, signal=21%	
HP_HEREDITARY_NONPOLYPOSIS_COLORECTAL_CARCINOMA	HP_HEREDITARY_NONPOLYPOSIS_COLORECTAL_CARCINOMA		17	0.36850503	0.70719373	0.8232819	0.99505883	1.0	2103	tags=29%, list=20%, signal=37%	
GOBP_CELLULAR_RESPONSE_TO_OSMOTIC_STRESS	GOBP_CELLULAR_RESPONSE_TO_OSMOTIC_STRESS		39	0.33497646	0.707149	0.87415427	0.99485457	1.0	1883	tags=21%, list=18%, signal=25%	
GOBP_POSITIVE_REGULATION_OF_SUBSTRATE_ADHESION_DEPENDENT_CELL_SPREADING	GOBP_POSITIVE_REGULATION_OF_SUBSTRATE_ADHESION_DEPENDENT_CELL_SPREADING		27	0.35325348	0.70699185	0.8641161	0.9947568	1.0	1558	tags=26%, list=15%, signal=30%	
GOBP_RESPONSE_TO_ACID_CHEMICAL	GOBP_RESPONSE_TO_ACID_CHEMICAL		69	0.31686985	0.7066949	0.9011407	0.99481606	1.0	1140	tags=23%, list=11%, signal=26%	
HP_ABNORMAL_NASAL_DORSUM_MORPHOLOGY	HP_ABNORMAL_NASAL_DORSUM_MORPHOLOGY		147	0.2939846	0.70632553	0.9536341	0.9949393	1.0	2039	tags=26%, list=20%, signal=32%	
GOCC_SPINDLE_MIDZONE	GOCC_SPINDLE_MIDZONE		24	0.35915336	0.70522517	0.85345995	0.995826	1.0	2028	tags=29%, list=19%, signal=36%	
GOBP_FATTY_ACID_DERIVATIVE_METABOLIC_PROCESS	GOBP_FATTY_ACID_DERIVATIVE_METABOLIC_PROCESS		44	0.3313618	0.70489067	0.87399465	0.99592906	1.0	4004	tags=48%, list=38%, signal=77%	
HP_ABNORMALITY_OF_VITAMIN_METABOLISM	HP_ABNORMALITY_OF_VITAMIN_METABOLISM		57	0.32425165	0.70446974	0.90133333	0.9961045	1.0	1779	tags=19%, list=17%, signal=23%	
HP_PERIAURICULAR_SKIN_PITS	HP_PERIAURICULAR_SKIN_PITS		31	0.35577238	0.70425016	0.85497236	0.9960726	1.0	1456	tags=29%, list=14%, signal=34%	
HP_DRUSEN	HP_DRUSEN		50	0.32543945	0.7041373	0.8888889	0.9959294	1.0	2648	tags=24%, list=25%, signal=32%	
HP_LOW_HANGING_COLUMELLA	HP_LOW_HANGING_COLUMELLA		39	0.33348167	0.70386213	0.86745405	0.99595535	1.0	1074	tags=15%, list=10%, signal=17%	
HP_MEGALOCORNEA	HP_MEGALOCORNEA		27	0.35308075	0.70371664	0.87262875	0.99585176	1.0	3179	tags=41%, list=30%, signal=58%	
GOBP_GLYCEROPHOSPHOLIPID_BIOSYNTHETIC_PROCESS	GOBP_GLYCEROPHOSPHOLIPID_BIOSYNTHETIC_PROCESS		132	0.29411626	0.70355195	0.9495586	0.99576235	1.0	1946	tags=17%, list=19%, signal=20%	
GOCC_NUCLEAR_OUTER_MEMBRANE	GOCC_NUCLEAR_OUTER_MEMBRANE		22	0.3621938	0.70331955	0.83994526	0.99574655	1.0	1763	tags=23%, list=17%, signal=27%	
GOCC_CENTRIOLE	GOCC_CENTRIOLE		111	0.30183983	0.7030604	0.92893404	0.99575543	1.0	3133	tags=26%, list=30%, signal=37%	
HP_URETHRAL_OBSTRUCTION	HP_URETHRAL_OBSTRUCTION		37	0.33577764	0.70305675	0.864682	0.99550503	1.0	1468	tags=19%, list=14%, signal=22%	
HP_URETHRAL_STENOSIS	HP_URETHRAL_STENOSIS		35	0.34091717	0.70282996	0.8795181	0.99546826	1.0	1468	tags=20%, list=14%, signal=23%	
GOBP_MYOTUBE_CELL_DEVELOPMENT	GOBP_MYOTUBE_CELL_DEVELOPMENT		16	0.3805044	0.7028259	0.837535	0.9952199	1.0	2519	tags=31%, list=24%, signal=41%	
HP_FURROWED_TONGUE	HP_FURROWED_TONGUE		28	0.34565797	0.7028089	0.85552406	0.9949784	1.0	724	tags=11%, list=7%, signal=11%	
GOBP_MITOTIC_RECOMBINATION	GOBP_MITOTIC_RECOMBINATION		21	0.35866565	0.7028038	0.86084586	0.9947305	1.0	2841	tags=24%, list=27%, signal=33%	
HP_ATHETOSIS	HP_ATHETOSIS		110	0.29973838	0.7024524	0.9396985	0.99484134	1.0	2299	tags=25%, list=22%, signal=32%	
GOBP_NEGATIVE_REGULATION_OF_ERK1_AND_ERK2_CASCADE	GOBP_NEGATIVE_REGULATION_OF_ERK1_AND_ERK2_CASCADE		37	0.341738	0.7022848	0.88874173	0.9947593	1.0	1558	tags=30%, list=15%, signal=35%	
HP_ABNORMAL_PIGMENTATION_OF_THE_ORAL_MUCOSA	HP_ABNORMAL_PIGMENTATION_OF_THE_ORAL_MUCOSA		26	0.34592935	0.7018542	0.85915494	0.9949314	1.0	1990	tags=27%, list=19%, signal=33%	
HP_APPENDICULAR_HYPOTONIA	HP_APPENDICULAR_HYPOTONIA		20	0.36334488	0.70116067	0.84844387	0.99537295	1.0	2566	tags=30%, list=25%, signal=40%	
GOMF_HISTONE_H3K4ME3_READER_ACTIVITY	GOMF_HISTONE_H3K4ME3_READER_ACTIVITY		21	0.36773792	0.70050466	0.85103446	0.995759	1.0	1809	tags=19%, list=17%, signal=23%	
HP_RHABDOMYOLYSIS	HP_RHABDOMYOLYSIS		25	0.3534921	0.7004969	0.846568	0.9955135	1.0	2926	tags=36%, list=28%, signal=50%	
GOBP_CALCIUM_ION_REGULATED_EXOCYTOSIS	GOBP_CALCIUM_ION_REGULATED_EXOCYTOSIS		16	0.37756318	0.6996215	0.8230563	0.9961106	1.0	2174	tags=25%, list=21%, signal=32%	
HP_CLUMSINESS	HP_CLUMSINESS		60	0.32200298	0.6994505	0.88829786	0.996017	1.0	503	tags=7%, list=5%, signal=7%	
HP_AUTISM	HP_AUTISM		137	0.29319772	0.6992801	0.95115995	0.99592835	1.0	3278	tags=33%, list=31%, signal=47%	
GOBP_VACUOLAR_LOCALIZATION	GOBP_VACUOLAR_LOCALIZATION		55	0.32519683	0.69915307	0.8915033	0.9957924	1.0	1704	tags=15%, list=16%, signal=17%	
GOBP_GAMMA_DELTA_T_CELL_ACTIVATION	GOBP_GAMMA_DELTA_T_CELL_ACTIVATION		17	0.3743831	0.6989621	0.84210527	0.9957261	1.0	1324	tags=29%, list=13%, signal=34%	
GOBP_MEIOSIS_I_CELL_CYCLE_PROCESS	GOBP_MEIOSIS_I_CELL_CYCLE_PROCESS		86	0.30699793	0.69870126	0.93147206	0.9957181	1.0	3515	tags=47%, list=34%, signal=70%	
HP_ABNORMALITY_OF_THE_CURVATURE_OF_THE_CORNEA	HP_ABNORMALITY_OF_THE_CURVATURE_OF_THE_CORNEA		191	0.2852969	0.69838315	0.9725209	0.9957838	1.0	2453	tags=24%, list=23%, signal=30%	
GOCC_MLL1_2_COMPLEX	GOCC_MLL1_2_COMPLEX		24	0.35491186	0.6983211	0.8633194	0.9955954	1.0	2555	tags=25%, list=24%, signal=33%	
GOBP_BILE_ACID_BIOSYNTHETIC_PROCESS	GOBP_BILE_ACID_BIOSYNTHETIC_PROCESS		16	0.37397224	0.6981164	0.8497191	0.9955396	1.0	1096	tags=13%, list=10%, signal=14%	
HP_FASCICULATIONS	HP_FASCICULATIONS		86	0.3044349	0.69790274	0.92639595	0.9955012	1.0	1642	tags=16%, list=16%, signal=19%	
HP_PLATYSPONDYLY	HP_PLATYSPONDYLY		79	0.30882457	0.69767016	0.9173127	0.99546564	1.0	443	tags=6%, list=4%, signal=7%	
GOCC_CLATHRIN_ADAPTOR_COMPLEX	GOCC_CLATHRIN_ADAPTOR_COMPLEX		18	0.3626529	0.6974261	0.8452055	0.99546254	1.0	3086	tags=22%, list=30%, signal=31%	
HP_SYNOSTOSIS_OF_JOINTS	HP_SYNOSTOSIS_OF_JOINTS		95	0.30396798	0.6971219	0.9351145	0.99549836	1.0	2468	tags=26%, list=24%, signal=34%	
HP_DIMINISHED_MOVEMENT	HP_DIMINISHED_MOVEMENT		44	0.32857764	0.69700277	0.89920425	0.99535894	1.0	1642	tags=16%, list=16%, signal=19%	
GOBP_RAB_PROTEIN_SIGNAL_TRANSDUCTION	GOBP_RAB_PROTEIN_SIGNAL_TRANSDUCTION		18	0.36686474	0.69677067	0.85520977	0.9953259	1.0	1983	tags=28%, list=19%, signal=34%	
GOBP_NEGATIVE_REGULATION_OF_TRANSLATIONAL_INITIATION	GOBP_NEGATIVE_REGULATION_OF_TRANSLATIONAL_INITIATION		26	0.34699997	0.6962168	0.8773585	0.99561334	1.0	3606	tags=46%, list=35%, signal=70%	
GOBP_PURINE_NUCLEOSIDE_MONOPHOSPHATE_METABOLIC_PROCESS	GOBP_PURINE_NUCLEOSIDE_MONOPHOSPHATE_METABOLIC_PROCESS		29	0.34710145	0.69612366	0.87791497	0.99545395	1.0	2253	tags=31%, list=22%, signal=39%	
HP_TRACHEOESOPHAGEAL_FISTULA	HP_TRACHEOESOPHAGEAL_FISTULA		61	0.3175673	0.69611675	0.8980645	0.9952086	1.0	1993	tags=25%, list=19%, signal=30%	
GOBP_IMPORT_INTO_NUCLEUS	GOBP_IMPORT_INTO_NUCLEUS		126	0.29214814	0.695629	0.95625	0.9954404	1.0	1511	tags=18%, list=14%, signal=21%	
GOBP_NEGATIVE_REGULATION_OF_INFLAMMATORY_RESPONSE_TO_ANTIGENIC_STIMULUS	GOBP_NEGATIVE_REGULATION_OF_INFLAMMATORY_RESPONSE_TO_ANTIGENIC_STIMULUS		19	0.36487228	0.69507337	0.83845127	0.99571776	1.0	1693	tags=21%, list=16%, signal=25%	
GOBP_HOMEOSTASIS_OF_NUMBER_OF_CELLS_WITHIN_A_TISSUE	GOBP_HOMEOSTASIS_OF_NUMBER_OF_CELLS_WITHIN_A_TISSUE		25	0.34842712	0.69507134	0.8508655	0.9954683	1.0	1977	tags=40%, list=19%, signal=49%	
HP_THORACOLUMBAR_SCOLIOSIS	HP_THORACOLUMBAR_SCOLIOSIS		24	0.3528962	0.6943777	0.8684583	0.9958712	1.0	1719	tags=21%, list=16%, signal=25%	
GOMF_HYDRO_LYASE_ACTIVITY	GOMF_HYDRO_LYASE_ACTIVITY		36	0.33502313	0.69414777	0.88736266	0.99583	1.0	1888	tags=25%, list=18%, signal=30%	
GOBP_CELLULAR_RESPONSE_TO_RETINOIC_ACID	GOBP_CELLULAR_RESPONSE_TO_RETINOIC_ACID		18	0.37143803	0.69373584	0.85653406	0.9959709	1.0	2060	tags=28%, list=20%, signal=35%	
HP_RETINAL_PIGMENT_EPITHELIAL_MOTTLING	HP_RETINAL_PIGMENT_EPITHELIAL_MOTTLING		25	0.34779248	0.6931529	0.85560054	0.9962574	1.0	741	tags=8%, list=7%, signal=9%	
HP_CLINODACTYLY	HP_CLINODACTYLY		369	0.26760113	0.69308126	0.9913138	0.99607223	1.0	2312	tags=25%, list=22%, signal=31%	
HP_CONGENITAL_CONTRACTURE	HP_CONGENITAL_CONTRACTURE		87	0.30470583	0.6928239	0.93014705	0.99606484	1.0	1244	tags=11%, list=12%, signal=13%	
GOBP_NECROPTOTIC_PROCESS	GOBP_NECROPTOTIC_PROCESS		31	0.3444808	0.6926092	0.85928965	0.9960232	1.0	1777	tags=23%, list=17%, signal=27%	
GOMF_CARBON_OXYGEN_LYASE_ACTIVITY	GOMF_CARBON_OXYGEN_LYASE_ACTIVITY		49	0.3234871	0.69163525	0.90789473	0.9966891	1.0	2321	tags=27%, list=22%, signal=34%	
GOBP_PIGMENTATION	GOBP_PIGMENTATION		65	0.30964825	0.69156474	0.92689294	0.99650383	1.0	2106	tags=23%, list=20%, signal=29%	
GOBP_CENTROSOME_DUPLICATION	GOBP_CENTROSOME_DUPLICATION		65	0.31462365	0.69127345	0.9175127	0.99651974	1.0	2607	tags=20%, list=25%, signal=26%	
GOBP_NUCLEAR_MEMBRANE_REASSEMBLY	GOBP_NUCLEAR_MEMBRANE_REASSEMBLY		22	0.35305154	0.69120944	0.8633952	0.9963282	1.0	1499	tags=18%, list=14%, signal=21%	
GOBP_VESICLE_TRANSPORT_ALONG_MICROTUBULE	GOBP_VESICLE_TRANSPORT_ALONG_MICROTUBULE		35	0.3395824	0.6911031	0.892	0.9961741	1.0	2517	tags=23%, list=24%, signal=30%	
GOMF_PROTEIN_N_ACYLTRANSFERASE_ACTIVITY	GOMF_PROTEIN_N_ACYLTRANSFERASE_ACTIVITY		44	0.32325453	0.690955	0.88962764	0.99605304	1.0	3194	tags=25%, list=31%, signal=36%	
HP_FACIAL_ASYMMETRY	HP_FACIAL_ASYMMETRY		84	0.2992725	0.68986344	0.93951094	0.99679464	1.0	1971	tags=25%, list=19%, signal=31%	
GOCC_ATPASE_DEPENDENT_TRANSMEMBRANE_TRANSPORT_COMPLEX	GOCC_ATPASE_DEPENDENT_TRANSMEMBRANE_TRANSPORT_COMPLEX		28	0.34545845	0.68981457	0.87564766	0.9965898	1.0	2524	tags=32%, list=24%, signal=42%	
HP_HYDROCEPHALUS	HP_HYDROCEPHALUS		250	0.27431577	0.6897299	0.9904762	0.9964166	1.0	2103	tags=19%, list=20%, signal=23%	
HP_ABNORMAL_ANTERIOR_CHAMBER_MORPHOLOGY	HP_ABNORMAL_ANTERIOR_CHAMBER_MORPHOLOGY		24	0.35167077	0.6893098	0.84517044	0.9965334	1.0	2075	tags=25%, list=20%, signal=31%	
HP_AXIAL_HYPOTONIA	HP_AXIAL_HYPOTONIA		218	0.27840406	0.68895274	0.9800469	0.99661416	1.0	2601	tags=24%, list=25%, signal=32%	
GOBP_REGULATION_OF_SYNAPTIC_TRANSMISSION_GLUTAMATERGIC	GOBP_REGULATION_OF_SYNAPTIC_TRANSMISSION_GLUTAMATERGIC		22	0.35901305	0.68869877	0.8678996	0.9965977	1.0	777	tags=14%, list=7%, signal=15%	
HP_ABNORMAL_MORPHOLOGY_OF_THE_CONJUNCTIVAL_VASCULATURE	HP_ABNORMAL_MORPHOLOGY_OF_THE_CONJUNCTIVAL_VASCULATURE		21	0.3556415	0.68841714	0.86880857	0.99660474	1.0	1339	tags=19%, list=13%, signal=22%	
HP_OLIGOMENORRHEA	HP_OLIGOMENORRHEA		22	0.35253143	0.6879449	0.8688982	0.99676895	1.0	3077	tags=36%, list=29%, signal=51%	
HP_SEVERE_SHORT_STATURE	HP_SEVERE_SHORT_STATURE		76	0.30173147	0.6877366	0.94304633	0.9967067	1.0	2063	tags=21%, list=20%, signal=26%	
GOBP_DNA_METHYLATION_DEPENDENT_CONSTITUTIVE_HETEROCHROMATIN_FORMATION	GOBP_DNA_METHYLATION_DEPENDENT_CONSTITUTIVE_HETEROCHROMATIN_FORMATION		20	0.349934	0.687732	0.87306064	0.9964608	1.0	1357	tags=25%, list=13%, signal=29%	
GOBP_RESPONSE_TO_ANGIOTENSIN	GOBP_RESPONSE_TO_ANGIOTENSIN		20	0.35567638	0.6876751	0.8497268	0.9962631	1.0	2302	tags=35%, list=22%, signal=45%	
GOBP_NEGATIVE_REGULATION_OF_MYELOID_LEUKOCYTE_DIFFERENTIATION	GOBP_NEGATIVE_REGULATION_OF_MYELOID_LEUKOCYTE_DIFFERENTIATION		29	0.34227616	0.687618	0.86927223	0.9960662	1.0	1639	tags=21%, list=16%, signal=24%	
HP_ABNORMAL_METACARPAL_MORPHOLOGY	HP_ABNORMAL_METACARPAL_MORPHOLOGY		132	0.29071778	0.6874647	0.97106916	0.99595857	1.0	2081	tags=22%, list=20%, signal=27%	
GOBP_AUTOPHAGY_OF_MITOCHONDRION	GOBP_AUTOPHAGY_OF_MITOCHONDRION		82	0.30349243	0.6872963	0.94520545	0.9958508	1.0	1359	tags=13%, list=13%, signal=15%	
GOBP_RESPONSE_TO_GAMMA_RADIATION	GOBP_RESPONSE_TO_GAMMA_RADIATION		43	0.33122885	0.68724144	0.8863636	0.995652	1.0	2121	tags=35%, list=20%, signal=44%	
GOBP_GLYCEROLIPID_BIOSYNTHETIC_PROCESS	GOBP_GLYCEROLIPID_BIOSYNTHETIC_PROCESS		154	0.28576303	0.6869385	0.9693251	0.9956681	1.0	2595	tags=21%, list=25%, signal=27%	
GOMF_TRANSCRIPTION_COREPRESSOR_BINDING	GOMF_TRANSCRIPTION_COREPRESSOR_BINDING		40	0.3268942	0.686184	0.91152817	0.99611866	1.0	1785	tags=23%, list=17%, signal=27%	
GOMF_LIPID_TRANSMEMBRANE_TRANSPORTER_ACTIVITY	GOMF_LIPID_TRANSMEMBRANE_TRANSPORTER_ACTIVITY		18	0.35940847	0.68602145	0.8492958	0.9960104	1.0	1343	tags=17%, list=13%, signal=19%	
HP_GENERALIZED_HYPOPIGMENTATION_OF_HAIR	HP_GENERALIZED_HYPOPIGMENTATION_OF_HAIR		30	0.34010434	0.68601376	0.8787062	0.9957691	1.0	1719	tags=23%, list=16%, signal=28%	
GOMF_ZINC_ION_TRANSMEMBRANE_TRANSPORTER_ACTIVITY	GOMF_ZINC_ION_TRANSMEMBRANE_TRANSPORTER_ACTIVITY		16	0.3682681	0.6857772	0.8644793	0.99572366	1.0	2365	tags=31%, list=23%, signal=40%	
HP_SELF_MUTILATION	HP_SELF_MUTILATION		32	0.33550665	0.6855711	0.8927614	0.995664	1.0	960	tags=16%, list=9%, signal=17%	
HP_BLOODY_DIARRHEA	HP_BLOODY_DIARRHEA		28	0.34790158	0.68546903	0.8818792	0.99550724	1.0	1155	tags=14%, list=11%, signal=16%	
GOMF_METAL_CLUSTER_BINDING	GOMF_METAL_CLUSTER_BINDING		65	0.30858284	0.6854646	0.91591203	0.99526054	1.0	3331	tags=32%, list=32%, signal=47%	
GOBP_DETECTION_OF_STIMULUS_INVOLVED_IN_SENSORY_PERCEPTION	GOBP_DETECTION_OF_STIMULUS_INVOLVED_IN_SENSORY_PERCEPTION		24	0.34710422	0.6853646	0.8613861	0.99509895	1.0	1112	tags=13%, list=11%, signal=14%	
HP_ULNAR_DEVIATION_OF_THE_HAND_OR_OF_FINGERS_OF_THE_HAND	HP_ULNAR_DEVIATION_OF_THE_HAND_OR_OF_FINGERS_OF_THE_HAND		33	0.33240244	0.68536425	0.89133424	0.99484956	1.0	2132	tags=30%, list=20%, signal=38%	
HP_ABNORMAL_CIRCULATING_FATTY_ACID_ANION_CONCENTRATION	HP_ABNORMAL_CIRCULATING_FATTY_ACID_ANION_CONCENTRATION		28	0.34864667	0.6851581	0.87972975	0.99478483	1.0	1202	tags=11%, list=12%, signal=12%	
GOBP_MITOTIC_G2_DNA_DAMAGE_CHECKPOINT_SIGNALING	GOBP_MITOTIC_G2_DNA_DAMAGE_CHECKPOINT_SIGNALING		27	0.3452979	0.68477595	0.87983423	0.99487364	1.0	1825	tags=22%, list=17%, signal=27%	
HP_NEVUS	HP_NEVUS		98	0.29730016	0.68466914	0.94871795	0.9947175	1.0	1148	tags=9%, list=11%, signal=10%	
GOBP_GLUCAN_BIOSYNTHETIC_PROCESS	GOBP_GLUCAN_BIOSYNTHETIC_PROCESS		20	0.35127658	0.6844453	0.86226684	0.9946663	1.0	3844	tags=50%, list=37%, signal=79%	
GOMF_NUCLEOBASE_CONTAINING_COMPOUND_KINASE_ACTIVITY	GOMF_NUCLEOBASE_CONTAINING_COMPOUND_KINASE_ACTIVITY		28	0.3412055	0.6842872	0.8844086	0.99455774	1.0	3273	tags=50%, list=31%, signal=73%	
GOBP_REGULATION_OF_SYNAPTIC_VESICLE_EXOCYTOSIS	GOBP_REGULATION_OF_SYNAPTIC_VESICLE_EXOCYTOSIS		22	0.3531609	0.684269	0.8679245	0.99432534	1.0	915	tags=18%, list=9%, signal=20%	
GOMF_PENTOSYLTRANSFERASE_ACTIVITY	GOMF_PENTOSYLTRANSFERASE_ACTIVITY		35	0.32734564	0.68312687	0.8807212	0.99507713	1.0	2892	tags=31%, list=28%, signal=43%	
GOBP_VITAMIN_TRANSPORT	GOBP_VITAMIN_TRANSPORT		24	0.3528286	0.68303025	0.8736413	0.99491334	1.0	4111	tags=42%, list=39%, signal=69%	
GOBP_SNRNA_3_END_PROCESSING	GOBP_SNRNA_3_END_PROCESSING		16	0.35917246	0.68257195	0.8483548	0.9950467	1.0	4182	tags=44%, list=40%, signal=73%	
HP_STEPPAGE_GAIT	HP_STEPPAGE_GAIT		64	0.30888823	0.6824441	0.9168798	0.99491084	1.0	1520	tags=22%, list=15%, signal=25%	
GOBP_REGULATION_OF_TUMOR_NECROSIS_FACTOR_MEDIATED_SIGNALING_PATHWAY	GOBP_REGULATION_OF_TUMOR_NECROSIS_FACTOR_MEDIATED_SIGNALING_PATHWAY		45	0.31969905	0.68238723	0.8931507	0.99470544	1.0	2191	tags=22%, list=21%, signal=28%	
HP_CLOSED_NEURAL_TUBE_DEFECT	HP_CLOSED_NEURAL_TUBE_DEFECT		33	0.3320892	0.68234867	0.89373296	0.99448895	1.0	3537	tags=36%, list=34%, signal=55%	
HP_NARROW_PALATE	HP_NARROW_PALATE		126	0.28817725	0.68212694	0.96766466	0.9944474	1.0	2944	tags=27%, list=28%, signal=37%	
GOBP_NEGATIVE_REGULATION_OF_DNA_RECOMBINATION	GOBP_NEGATIVE_REGULATION_OF_DNA_RECOMBINATION		25	0.3462464	0.6819957	0.87222224	0.99431115	1.0	1584	tags=24%, list=15%, signal=28%	
HP_SLURRED_SPEECH	HP_SLURRED_SPEECH		41	0.32634234	0.68179697	0.9073107	0.9942407	1.0	2148	tags=17%, list=21%, signal=21%	
GOBP_POSITIVE_REGULATION_OF_NEURON_PROJECTION_DEVELOPMENT	GOBP_POSITIVE_REGULATION_OF_NEURON_PROJECTION_DEVELOPMENT		71	0.3041988	0.68179244	0.92710996	0.99399555	1.0	1886	tags=20%, list=18%, signal=24%	
HP_CUTANEOUS_SYNDACTYLY	HP_CUTANEOUS_SYNDACTYLY		44	0.324347	0.68168	0.8950202	0.9938444	1.0	2748	tags=32%, list=26%, signal=43%	
GOBP_REGULATION_OF_T_HELPER_17_TYPE_IMMUNE_RESPONSE	GOBP_REGULATION_OF_T_HELPER_17_TYPE_IMMUNE_RESPONSE		24	0.34608066	0.681268	0.87702703	0.9939711	1.0	1054	tags=17%, list=10%, signal=18%	
HP_NARROW_FOREHEAD	HP_NARROW_FOREHEAD		121	0.28905234	0.68070465	0.9691358	0.99422175	1.0	2511	tags=24%, list=24%, signal=31%	
GOBP_REGULATION_OF_EPIDERMIS_DEVELOPMENT	GOBP_REGULATION_OF_EPIDERMIS_DEVELOPMENT		23	0.34950507	0.6803517	0.8883117	0.9942733	1.0	475	tags=9%, list=5%, signal=9%	
HP_GASTROINTESTINAL_INFLAMMATION	HP_GASTROINTESTINAL_INFLAMMATION		109	0.29611367	0.6799129	0.9594937	0.99439347	1.0	1577	tags=17%, list=15%, signal=19%	
GOBP_ORGANELLE_MEMBRANE_FUSION	GOBP_ORGANELLE_MEMBRANE_FUSION		86	0.30162078	0.679806	0.945	0.9942407	1.0	2370	tags=20%, list=23%, signal=25%	
GOMF_ACYLTRANSFERASE_ACTIVITY	GOMF_ACYLTRANSFERASE_ACTIVITY		455	0.25763938	0.67896354	0.9978237	0.9947403	1.0	3024	tags=24%, list=29%, signal=32%	
HP_ABNORMAL_URINARY_ELECTROLYTE_CONCENTRATION	HP_ABNORMAL_URINARY_ELECTROLYTE_CONCENTRATION		56	0.31508714	0.6789632	0.92460316	0.9944932	1.0	2598	tags=32%, list=25%, signal=43%	
GOBP_POSITIVE_REGULATION_OF_CELL_SUBSTRATE_ADHESION	GOBP_POSITIVE_REGULATION_OF_CELL_SUBSTRATE_ADHESION		61	0.31276423	0.678872	0.90414506	0.9943287	1.0	2067	tags=31%, list=20%, signal=39%	
GOBP_ICOSANOID_METABOLIC_PROCESS	GOBP_ICOSANOID_METABOLIC_PROCESS		50	0.3143534	0.6781323	0.9132176	0.9947325	1.0	475	tags=8%, list=5%, signal=8%	
GOBP_CYTOKINETIC_PROCESS	GOBP_CYTOKINETIC_PROCESS		44	0.32212138	0.6778871	0.922252	0.9946908	1.0	1511	tags=11%, list=14%, signal=13%	
GOBP_PYRIDINE_CONTAINING_COMPOUND_BIOSYNTHETIC_PROCESS	GOBP_PYRIDINE_CONTAINING_COMPOUND_BIOSYNTHETIC_PROCESS		15	0.36307624	0.67782736	0.8753501	0.9944867	1.0	1713	tags=13%, list=16%, signal=16%	
GOBP_FATTY_ACID_METABOLIC_PROCESS	GOBP_FATTY_ACID_METABOLIC_PROCESS		221	0.2716396	0.67734545	0.9907085	0.9946584	1.0	1939	tags=15%, list=19%, signal=18%	
HP_VERTEBRAL_CLEFTING	HP_VERTEBRAL_CLEFTING		19	0.3545899	0.67711353	0.8720445	0.99461013	1.0	3188	tags=32%, list=31%, signal=45%	
HP_ABNORMAL_CIRCULATING_CREATININE_CONCENTRATION	HP_ABNORMAL_CIRCULATING_CREATININE_CONCENTRATION		40	0.3259129	0.67694616	0.9052069	0.99450946	1.0	1150	tags=13%, list=11%, signal=14%	
HP_IMPAIRED_SMOOTH_PURSUIT	HP_IMPAIRED_SMOOTH_PURSUIT		29	0.34202555	0.6769251	0.8765101	0.99427813	1.0	2229	tags=41%, list=21%, signal=52%	
GOBP_REGULATION_OF_ARP2_3_COMPLEX_MEDIATED_ACTIN_NUCLEATION	GOBP_REGULATION_OF_ARP2_3_COMPLEX_MEDIATED_ACTIN_NUCLEATION		16	0.3578921	0.6768685	0.86118597	0.9940776	1.0	2690	tags=44%, list=26%, signal=59%	
GOBP_SEGMENTATION	GOBP_SEGMENTATION		38	0.32247275	0.6764907	0.900135	0.99414945	1.0	3375	tags=42%, list=32%, signal=62%	
GOBP_CEREBELLAR_CORTEX_MORPHOGENESIS	GOBP_CEREBELLAR_CORTEX_MORPHOGENESIS		17	0.35891178	0.6761813	0.8776671	0.9941547	1.0	2312	tags=29%, list=22%, signal=38%	
GOBP_NEGATIVE_REGULATION_OF_TYPE_I_INTERFERON_MEDIATED_SIGNALING_PATHWAY	GOBP_NEGATIVE_REGULATION_OF_TYPE_I_INTERFERON_MEDIATED_SIGNALING_PATHWAY		18	0.36242262	0.676145	0.87225276	0.9939358	1.0	1331	tags=11%, list=13%, signal=13%	
HP_ABNORMAL_CHOROID_MORPHOLOGY	HP_ABNORMAL_CHOROID_MORPHOLOGY		94	0.29526782	0.676087	0.94162434	0.99373937	1.0	2033	tags=17%, list=19%, signal=21%	
HP_HYPOTELORISM	HP_HYPOTELORISM		85	0.29874465	0.6760056	0.93734336	0.99356544	1.0	2411	tags=26%, list=23%, signal=33%	
HP_ABNORMALITY_OF_THE_DISTAL_PHALANX_OF_THE_5TH_FINGER	HP_ABNORMALITY_OF_THE_DISTAL_PHALANX_OF_THE_5TH_FINGER		21	0.35089684	0.6757102	0.8657534	0.99356514	1.0	3395	tags=29%, list=33%, signal=42%	
GOCC_9PLUS0_NON_MOTILE_CILIUM	GOCC_9PLUS0_NON_MOTILE_CILIUM		54	0.3129507	0.67505276	0.928475	0.9938653	1.0	2192	tags=20%, list=21%, signal=26%	
HP_ABNORMAL_RENAL_TUBULAR_RESORPTION	HP_ABNORMAL_RENAL_TUBULAR_RESORPTION		15	0.36305863	0.6749616	0.86750346	0.99369574	1.0	1602	tags=20%, list=15%, signal=24%	
GOBP_DENDRITIC_SPINE_DEVELOPMENT	GOBP_DENDRITIC_SPINE_DEVELOPMENT		48	0.3173164	0.6749293	0.9214381	0.9934787	1.0	2661	tags=33%, list=25%, signal=45%	
GOMF_RNA_CAP_BINDING	GOMF_RNA_CAP_BINDING		16	0.37030783	0.67480946	0.8627451	0.9933281	1.0	2885	tags=31%, list=28%, signal=43%	
GOCC_FLEMMING_BODY	GOCC_FLEMMING_BODY		20	0.34856805	0.6743777	0.88135594	0.9934472	1.0	1511	tags=25%, list=14%, signal=29%	
HP_LUMBAR_HYPERLORDOSIS	HP_LUMBAR_HYPERLORDOSIS		51	0.31379616	0.6740432	0.91700137	0.99347496	1.0	3520	tags=35%, list=34%, signal=53%	
HP_ABNORMAL_FIFTH_TOE_MORPHOLOGY	HP_ABNORMAL_FIFTH_TOE_MORPHOLOGY		55	0.31361556	0.67346495	0.9278215	0.9937055	1.0	2326	tags=24%, list=22%, signal=30%	
GOBP_HYPEROSMOTIC_RESPONSE	GOBP_HYPEROSMOTIC_RESPONSE		16	0.36348882	0.6730212	0.8879668	0.9938144	1.0	1677	tags=31%, list=16%, signal=37%	
HP_HYPODONTIA	HP_HYPODONTIA		125	0.28152522	0.67298245	0.9625	0.9935987	1.0	1598	tags=17%, list=15%, signal=20%	
GOBP_TELOMERE_CAPPING	GOBP_TELOMERE_CAPPING		24	0.34214535	0.6729335	0.8703704	0.99339044	1.0	1850	tags=17%, list=18%, signal=20%	
GOMF_UBIQUITIN_LIKE_LIGASE_SUBSTRATE_ADAPTOR_ACTIVITY	GOMF_UBIQUITIN_LIKE_LIGASE_SUBSTRATE_ADAPTOR_ACTIVITY		84	0.29292768	0.6728407	0.94402033	0.99322057	1.0	4497	tags=44%, list=43%, signal=77%	
HP_ABNORMAL_BLOOD_INORGANIC_CATION_CONCENTRATION	HP_ABNORMAL_BLOOD_INORGANIC_CATION_CONCENTRATION		106	0.28999847	0.6723857	0.9573643	0.9933424	1.0	2063	tags=23%, list=20%, signal=28%	
GOBP_IMMUNOGLOBULIN_PRODUCTION	GOBP_IMMUNOGLOBULIN_PRODUCTION		69	0.30044168	0.6720054	0.94716495	0.9934012	1.0	2402	tags=29%, list=23%, signal=37%	
GOBP_NEGATIVE_REGULATION_OF_MUSCLE_CELL_APOPTOTIC_PROCESS	GOBP_NEGATIVE_REGULATION_OF_MUSCLE_CELL_APOPTOTIC_PROCESS		19	0.3500711	0.6716292	0.88794327	0.99347675	1.0	1108	tags=11%, list=11%, signal=12%	
HP_PERIVENTRICULAR_HETEROTOPIA	HP_PERIVENTRICULAR_HETEROTOPIA		27	0.34183684	0.67130923	0.89522547	0.99348646	1.0	956	tags=15%, list=9%, signal=16%	
HP_ABNORMAL_MITOCHONDRIAL_MORPHOLOGY	HP_ABNORMAL_MITOCHONDRIAL_MORPHOLOGY		18	0.3550408	0.6711296	0.86027396	0.99338794	1.0	1819	tags=33%, list=17%, signal=40%	
HP_GENU_VARUM	HP_GENU_VARUM		34	0.32832977	0.6705844	0.91152817	0.9935851	1.0	2039	tags=21%, list=20%, signal=26%	
GOMF_RNA_EXONUCLEASE_ACTIVITY	GOMF_RNA_EXONUCLEASE_ACTIVITY		36	0.32130182	0.6705296	0.8973333	0.9933811	1.0	2896	tags=33%, list=28%, signal=46%	
HP_ABNORMAL_LUMBAR_SPINE_MORPHOLOGY	HP_ABNORMAL_LUMBAR_SPINE_MORPHOLOGY		21	0.3487138	0.6702529	0.88950276	0.99336195	1.0	1719	tags=24%, list=16%, signal=28%	
HP_CRANIOFACIAL_HYPEROSTOSIS	HP_CRANIOFACIAL_HYPEROSTOSIS		20	0.3427246	0.66989195	0.87447107	0.99340165	1.0	2942	tags=30%, list=28%, signal=42%	
HP_STAGE_5_CHRONIC_KIDNEY_DISEASE	HP_STAGE_5_CHRONIC_KIDNEY_DISEASE		88	0.2891773	0.6696016	0.9583333	0.99337375	1.0	3006	tags=27%, list=29%, signal=38%	
HP_TETRAPLEGIA_TETRAPARESIS	HP_TETRAPLEGIA_TETRAPARESIS		107	0.28629693	0.6691948	0.9559748	0.99344385	1.0	1904	tags=19%, list=18%, signal=23%	
HP_ABNORMAL_AFFECT_REGULATION	HP_ABNORMAL_AFFECT_REGULATION		114	0.28543657	0.6689323	0.97769517	0.99341524	1.0	2056	tags=21%, list=20%, signal=26%	
GOMF_SNARE_BINDING	GOMF_SNARE_BINDING		62	0.30333045	0.668792	0.9386423	0.9932757	1.0	568	tags=6%, list=5%, signal=7%	
GOBP_PROTEIN_DESTABILIZATION	GOBP_PROTEIN_DESTABILIZATION		40	0.32001156	0.66876936	0.9068493	0.99304986	1.0	375	tags=8%, list=4%, signal=8%	
GOMF_HISTONE_H4_ACETYLTRANSFERASE_ACTIVITY	GOMF_HISTONE_H4_ACETYLTRANSFERASE_ACTIVITY		20	0.34567	0.66854817	0.86327076	0.9929862	1.0	3024	tags=30%, list=29%, signal=42%	
GOBP_ACETYL_COA_BIOSYNTHETIC_PROCESS	GOBP_ACETYL_COA_BIOSYNTHETIC_PROCESS		19	0.34956616	0.66751033	0.8785311	0.99355143	1.0	2508	tags=32%, list=24%, signal=41%	
HP_METATARSUS_ADDUCTUS	HP_METATARSUS_ADDUCTUS		28	0.33391255	0.66711223	0.8810811	0.9936138	1.0	3446	tags=46%, list=33%, signal=69%	
HP_DOWNTURNED_CORNERS_OF_MOUTH	HP_DOWNTURNED_CORNERS_OF_MOUTH		104	0.2841277	0.66698074	0.957638	0.99347013	1.0	1784	tags=17%, list=17%, signal=21%	
GOBP_PROTEIN_DEACETYLATION	GOBP_PROTEIN_DEACETYLATION		22	0.34110132	0.6663626	0.8878249	0.9937079	1.0	3586	tags=27%, list=34%, signal=41%	
GOMF_SYNTAXIN_BINDING	GOMF_SYNTAXIN_BINDING		37	0.32555318	0.6660672	0.89705884	0.9937011	1.0	2370	tags=22%, list=23%, signal=28%	
GOBP_INNER_EAR_RECEPTOR_CELL_STEREOCILIUM_ORGANIZATION	GOBP_INNER_EAR_RECEPTOR_CELL_STEREOCILIUM_ORGANIZATION		17	0.3537187	0.66588265	0.8880814	0.9936031	1.0	1622	tags=18%, list=16%, signal=21%	
HP_BOWING_OF_THE_LEGS	HP_BOWING_OF_THE_LEGS		153	0.275259	0.6658406	0.97973776	0.9933889	1.0	2039	tags=16%, list=20%, signal=19%	
GOBP_RESPONSE_TO_ATP	GOBP_RESPONSE_TO_ATP		15	0.35970312	0.6656254	0.86694676	0.99330443	1.0	1023	tags=27%, list=10%, signal=30%	
GOCC_MULTIVESICULAR_BODY_MEMBRANE	GOCC_MULTIVESICULAR_BODY_MEMBRANE		17	0.35045204	0.66537553	0.86126375	0.9932529	1.0	1262	tags=12%, list=12%, signal=13%	
HP_POLYURIA	HP_POLYURIA		15	0.3620352	0.6650096	0.8504155	0.9932859	1.0	1595	tags=20%, list=15%, signal=24%	
HP_ABNORMAL_SPERMATOGENESIS	HP_ABNORMAL_SPERMATOGENESIS		80	0.29123577	0.6649158	0.9348958	0.9931151	1.0	1978	tags=25%, list=19%, signal=31%	
HP_DELAYED_ABILITY_TO_WALK	HP_DELAYED_ABILITY_TO_WALK		217	0.26798904	0.6640786	0.98690474	0.9935165	1.0	1559	tags=13%, list=15%, signal=15%	
HP_UNUSUAL_VIRUS_REACTIVATION	HP_UNUSUAL_VIRUS_REACTIVATION		20	0.34608024	0.6633607	0.89060307	0.9938165	1.0	3261	tags=25%, list=31%, signal=36%	
HP_ABNORMAL_CARPAL_MORPHOLOGY	HP_ABNORMAL_CARPAL_MORPHOLOGY		48	0.3102683	0.66287774	0.9265092	0.993935	1.0	3711	tags=44%, list=36%, signal=68%	
GOCC_POSTSYNAPTIC_DENSITY_MEMBRANE	GOCC_POSTSYNAPTIC_DENSITY_MEMBRANE		25	0.33872566	0.6621542	0.87874657	0.9942207	1.0	2296	tags=20%, list=22%, signal=26%	
GOBP_NEGATIVE_REGULATION_OF_ORGANELLE_ASSEMBLY	GOBP_NEGATIVE_REGULATION_OF_ORGANELLE_ASSEMBLY		36	0.3190003	0.6615658	0.9025641	0.99442	1.0	383	tags=6%, list=4%, signal=6%	
GOBP_MITOTIC_SPINDLE_ASSEMBLY	GOBP_MITOTIC_SPINDLE_ASSEMBLY		65	0.29975235	0.6614795	0.9360614	0.99424154	1.0	2131	tags=23%, list=20%, signal=29%	
HP_ABNORMAL_UPPER_LIMB_BONE_MORPHOLOGY	HP_ABNORMAL_UPPER_LIMB_BONE_MORPHOLOGY		268	0.25963238	0.6613047	0.9954181	0.99413794	1.0	1719	tags=17%, list=16%, signal=20%	
GOBP_MITOCHONDRIAL_DNA_REPLICATION	GOBP_MITOCHONDRIAL_DNA_REPLICATION		15	0.36133236	0.66119087	0.8839161	0.9939862	1.0	1752	tags=13%, list=17%, signal=16%	
HP_NEOPLASM_OF_THE_PANCREAS	HP_NEOPLASM_OF_THE_PANCREAS		62	0.3001983	0.66076005	0.9219577	0.9940689	1.0	1826	tags=23%, list=17%, signal=27%	
HP_ANENCEPHALY	HP_ANENCEPHALY		23	0.34154496	0.66068053	0.89943343	0.99388385	1.0	901	tags=13%, list=9%, signal=14%	
HP_CAPILLARY_MALFORMATION	HP_CAPILLARY_MALFORMATION		42	0.31790796	0.6606501	0.9180108	0.99366236	1.0	1086	tags=12%, list=10%, signal=13%	
HP_NAUSEA	HP_NAUSEA		60	0.30304137	0.6590854	0.9464286	0.99456215	1.0	1564	tags=17%, list=15%, signal=19%	
GOBP_REGULATION_OF_CILIUM_ASSEMBLY	GOBP_REGULATION_OF_CILIUM_ASSEMBLY		74	0.2963694	0.6586675	0.9591837	0.99460995	1.0	1786	tags=14%, list=17%, signal=16%	
GOMF_ATPASE_COUPLED_TRANSMEMBRANE_TRANSPORTER_ACTIVITY	GOMF_ATPASE_COUPLED_TRANSMEMBRANE_TRANSPORTER_ACTIVITY		40	0.31179583	0.6583972	0.9112583	0.99456435	1.0	2333	tags=25%, list=22%, signal=32%	
HP_ABNORMAL_CIRCULATING_GONADOTROPIN_CONCENTRATION	HP_ABNORMAL_CIRCULATING_GONADOTROPIN_CONCENTRATION		55	0.30092925	0.6567123	0.95238096	0.9955549	1.0	2063	tags=25%, list=20%, signal=32%	
GOBP_WNT_SIGNALING_PATHWAY_PLANAR_CELL_POLARITY_PATHWAY	GOBP_WNT_SIGNALING_PATHWAY_PLANAR_CELL_POLARITY_PATHWAY		23	0.33669114	0.65665746	0.8710125	0.9953523	1.0	1558	tags=26%, list=15%, signal=31%	
HP_X_LINKED_DOMINANT_INHERITANCE	HP_X_LINKED_DOMINANT_INHERITANCE		35	0.3146922	0.65664184	0.9197861	0.99511635	1.0	1036	tags=17%, list=10%, signal=19%	
GOBP_PHOSPHATIDYLINOSITOL_BIOSYNTHETIC_PROCESS	GOBP_PHOSPHATIDYLINOSITOL_BIOSYNTHETIC_PROCESS		84	0.2889978	0.65660936	0.95244217	0.99490005	1.0	1858	tags=15%, list=18%, signal=19%	
GOMF_CYSTEINE_TYPE_PEPTIDASE_ACTIVITY	GOMF_CYSTEINE_TYPE_PEPTIDASE_ACTIVITY		110	0.2849429	0.6563757	0.96419436	0.9948357	1.0	1340	tags=12%, list=13%, signal=13%	
HP_INCREASED_INTRAMYOCELLULAR_LIPID_DROPLETS	HP_INCREASED_INTRAMYOCELLULAR_LIPID_DROPLETS		16	0.35393408	0.65597093	0.8743094	0.99488413	1.0	1939	tags=19%, list=19%, signal=23%	
HP_FUSED_CERVICAL_VERTEBRAE	HP_FUSED_CERVICAL_VERTEBRAE		16	0.35085043	0.6556698	0.87482804	0.99486613	1.0	2414	tags=31%, list=23%, signal=41%	
GOBP_MITOCHONDRIAL_TRANSCRIPTION	GOBP_MITOCHONDRIAL_TRANSCRIPTION		15	0.3512663	0.65498155	0.871612	0.9951193	1.0	696	tags=7%, list=7%, signal=7%	
HP_ABNORMAL_CORTICAL_BONE_MORPHOLOGY	HP_ABNORMAL_CORTICAL_BONE_MORPHOLOGY		61	0.2971741	0.65469337	0.9608355	0.995094	1.0	1134	tags=10%, list=11%, signal=11%	
HP_NEOPLASM_OF_THE_EYE	HP_NEOPLASM_OF_THE_EYE		36	0.32021773	0.6542257	0.9173333	0.99517965	1.0	1680	tags=19%, list=16%, signal=23%	
GOBP_MRNA_METHYLGUANOSINE_CAP_DECAPPING	GOBP_MRNA_METHYLGUANOSINE_CAP_DECAPPING		20	0.34300822	0.65332305	0.89329684	0.9955933	1.0	1331	tags=20%, list=13%, signal=23%	
GOMF_ANTIPORTER_ACTIVITY	GOMF_ANTIPORTER_ACTIVITY		70	0.2933411	0.6532667	0.93481094	0.9953926	1.0	3573	tags=37%, list=34%, signal=56%	
GOMF_HSP90_PROTEIN_BINDING	GOMF_HSP90_PROTEIN_BINDING		23	0.32734847	0.6532254	0.8839779	0.9951787	1.0	2405	tags=26%, list=23%, signal=34%	
HP_SECONDARY_MICROCEPHALY	HP_SECONDARY_MICROCEPHALY		152	0.26752093	0.6519839	0.98763907	0.9957996	1.0	1624	tags=14%, list=16%, signal=17%	
HP_BULBAR_PALSY	HP_BULBAR_PALSY		24	0.33502635	0.6510036	0.89459085	0.99624145	1.0	1974	tags=21%, list=19%, signal=26%	
GOBP_MICROTUBULE_ANCHORING	GOBP_MICROTUBULE_ANCHORING		16	0.34654596	0.65053475	0.8908046	0.9963129	1.0	2940	tags=31%, list=28%, signal=43%	
HP_NEPHROTIC_SYNDROME	HP_NEPHROTIC_SYNDROME		81	0.2878685	0.6504958	0.95231956	0.9960992	1.0	1127	tags=11%, list=11%, signal=12%	
HP_ABNORMAL_EARLOBE_MORPHOLOGY	HP_ABNORMAL_EARLOBE_MORPHOLOGY		101	0.2827062	0.650229	0.97823304	0.996046	1.0	2521	tags=28%, list=24%, signal=36%	
GOBP_POSITIVE_REGULATION_OF_MAP_KINASE_ACTIVITY	GOBP_POSITIVE_REGULATION_OF_MAP_KINASE_ACTIVITY		16	0.35206246	0.6497092	0.8891967	0.99615455	1.0	251	tags=6%, list=2%, signal=6%	
HP_ABNORMAL_PERIAURICULAR_REGION_MORPHOLOGY	HP_ABNORMAL_PERIAURICULAR_REGION_MORPHOLOGY		66	0.29341352	0.6495494	0.95039165	0.9960126	1.0	1536	tags=20%, list=15%, signal=23%	
GOMF_ALCOHOL_BINDING	GOMF_ALCOHOL_BINDING		47	0.30730653	0.6484564	0.9350649	0.99651706	1.0	1465	tags=13%, list=14%, signal=15%	
GOBP_RIG_I_SIGNALING_PATHWAY	GOBP_RIG_I_SIGNALING_PATHWAY		23	0.32900968	0.6482704	0.89747006	0.99639624	1.0	3118	tags=43%, list=30%, signal=62%	
GOBP_REGULATION_OF_PROGRAMMED_NECROTIC_CELL_DEATH	GOBP_REGULATION_OF_PROGRAMMED_NECROTIC_CELL_DEATH		25	0.32648587	0.64804274	0.9057105	0.9963098	1.0	1642	tags=16%, list=16%, signal=19%	
GOBP_POSITIVE_REGULATION_OF_ISOTYPE_SWITCHING	GOBP_POSITIVE_REGULATION_OF_ISOTYPE_SWITCHING		18	0.33968282	0.64785933	0.90536726	0.99618685	1.0	2644	tags=33%, list=25%, signal=45%	
GOBP_PROTEIN_MONOUBIQUITINATION	GOBP_PROTEIN_MONOUBIQUITINATION		43	0.31015548	0.6472133	0.9379947	0.9963682	1.0	405	tags=5%, list=4%, signal=5%	
GOBP_INSULIN_SECRETION_INVOLVED_IN_CELLULAR_RESPONSE_TO_GLUCOSE_STIMULUS	GOBP_INSULIN_SECRETION_INVOLVED_IN_CELLULAR_RESPONSE_TO_GLUCOSE_STIMULUS		36	0.317125	0.64715564	0.9120735	0.9961611	1.0	1918	tags=25%, list=18%, signal=31%	
HP_CARIOUS_TEETH	HP_CARIOUS_TEETH		91	0.28156364	0.64640784	0.96954316	0.99642587	1.0	2598	tags=25%, list=25%, signal=33%	
HP_APLASIA_HYPOPLASIA_OF_THE_VERTEBRAE	HP_APLASIA_HYPOPLASIA_OF_THE_VERTEBRAE		23	0.3308885	0.64580476	0.90738255	0.99658376	1.0	2468	tags=26%, list=24%, signal=34%	
GOBP_POSTSYNAPTIC_DENSITY_ORGANIZATION	GOBP_POSTSYNAPTIC_DENSITY_ORGANIZATION		18	0.34495106	0.6457063	0.90384614	0.99640733	1.0	2660	tags=28%, list=25%, signal=37%	
GOBP_NEGATIVE_REGULATION_OF_NF_KAPPAB_TRANSCRIPTION_FACTOR_ACTIVITY	GOBP_NEGATIVE_REGULATION_OF_NF_KAPPAB_TRANSCRIPTION_FACTOR_ACTIVITY		28	0.32127216	0.64494234	0.9029126	0.9966744	1.0	1097	tags=11%, list=11%, signal=12%	
GOMF_PHOSPHOLIPID_TRANSFER_ACTIVITY	GOMF_PHOSPHOLIPID_TRANSFER_ACTIVITY		24	0.33017248	0.6448171	0.9100968	0.9965128	1.0	2104	tags=21%, list=20%, signal=26%	
GOBP_LEUKOCYTE_DEGRANULATION	GOBP_LEUKOCYTE_DEGRANULATION		47	0.29837337	0.64462954	0.9308996	0.99638677	1.0	921	tags=13%, list=9%, signal=14%	
HP_HYPERCALCEMIA	HP_HYPERCALCEMIA		47	0.3045283	0.6443928	0.93048126	0.9962997	1.0	1602	tags=21%, list=15%, signal=25%	
HP_PANCREATIC_CYSTS	HP_PANCREATIC_CYSTS		27	0.32487983	0.64425224	0.904325	0.9961477	1.0	1150	tags=15%, list=11%, signal=17%	
GOMF_PROTEIN_DISULFIDE_REDUCTASE_ACTIVITY	GOMF_PROTEIN_DISULFIDE_REDUCTASE_ACTIVITY		24	0.32840502	0.64371324	0.9182058	0.9962548	1.0	2223	tags=33%, list=21%, signal=42%	
GOBP_NEGATIVE_REGULATION_OF_NUCLEOCYTOPLASMIC_TRANSPORT	GOBP_NEGATIVE_REGULATION_OF_NUCLEOCYTOPLASMIC_TRANSPORT		23	0.32461175	0.64330643	0.8987161	0.99627	1.0	1692	tags=22%, list=16%, signal=26%	
HP_AGGRESSIVE_BEHAVIOR	HP_AGGRESSIVE_BEHAVIOR		180	0.26335996	0.6432836	0.993865	0.99604374	1.0	1611	tags=14%, list=15%, signal=16%	
GOBP_REGULATION_OF_MICROTUBULE_CYTOSKELETON_ORGANIZATION	GOBP_REGULATION_OF_MICROTUBULE_CYTOSKELETON_ORGANIZATION		114	0.2774193	0.6432726	0.9807692	0.99580824	1.0	2069	tags=18%, list=20%, signal=22%	
HP_ABNORMAL_CORNEAL_THICKNESS	HP_ABNORMAL_CORNEAL_THICKNESS		54	0.2997995	0.64276445	0.9589947	0.99589986	1.0	2577	tags=26%, list=25%, signal=34%	
HP_ABNORMALITY_OF_THE_GLABELLA	HP_ABNORMALITY_OF_THE_GLABELLA		17	0.33985108	0.64262587	0.9084507	0.99574435	1.0	2846	tags=35%, list=27%, signal=48%	
GOMF_RNA_EXONUCLEASE_ACTIVITY_PRODUCING_5_PHOSPHOMONOESTERS	GOMF_RNA_EXONUCLEASE_ACTIVITY_PRODUCING_5_PHOSPHOMONOESTERS		31	0.31577784	0.6426075	0.9294606	0.9955154	1.0	2896	tags=35%, list=28%, signal=49%	
GOBP_MITOCHONDRIAL_RIBOSOME_ASSEMBLY	GOBP_MITOCHONDRIAL_RIBOSOME_ASSEMBLY		22	0.32696328	0.6424345	0.9084605	0.99537605	1.0	4259	tags=32%, list=41%, signal=54%	
GOMF_ATPASE_REGULATOR_ACTIVITY	GOMF_ATPASE_REGULATOR_ACTIVITY		35	0.3058515	0.64224535	0.93368703	0.9952531	1.0	2405	tags=26%, list=23%, signal=33%	
HP_EXTRACTABLE_NUCLEAR_ANTIGEN_POSITIVITY	HP_EXTRACTABLE_NUCLEAR_ANTIGEN_POSITIVITY		20	0.32926965	0.6417512	0.9089655	0.99533385	1.0	980	tags=15%, list=9%, signal=17%	
GOMF_UBIQUITIN_BINDING	GOMF_UBIQUITIN_BINDING		85	0.28280845	0.6416214	0.96843433	0.99517316	1.0	2481	tags=20%, list=24%, signal=26%	
HP_ECTOPIA_LENTIS	HP_ECTOPIA_LENTIS		21	0.33294088	0.64159787	0.8990182	0.9949493	1.0	3039	tags=43%, list=29%, signal=60%	
HP_ABNORMAL_NASAL_MUCOSA_MORPHOLOGY	HP_ABNORMAL_NASAL_MUCOSA_MORPHOLOGY		33	0.31442922	0.64145076	0.9178808	0.99480313	1.0	1680	tags=21%, list=16%, signal=25%	
HP_SPINAL_CORD_LESION	HP_SPINAL_CORD_LESION		32	0.31211823	0.6412848	0.909465	0.9946653	1.0	581	tags=6%, list=6%, signal=7%	
HP_PAIN_IN_HEAD_AND_NECK_REGION	HP_PAIN_IN_HEAD_AND_NECK_REGION		22	0.3301402	0.641189	0.90215826	0.9944858	1.0	2033	tags=32%, list=19%, signal=39%	
GOBP_NEGATIVE_REGULATION_OF_RESPONSE_TO_CYTOKINE_STIMULUS	GOBP_NEGATIVE_REGULATION_OF_RESPONSE_TO_CYTOKINE_STIMULUS		59	0.29518455	0.64095104	0.95411605	0.9943912	1.0	878	tags=10%, list=8%, signal=11%	
HP_SHORT_TOE	HP_SHORT_TOE		68	0.28858694	0.6407086	0.9604743	0.9942999	1.0	2411	tags=34%, list=23%, signal=44%	
HP_MALNUTRITION	HP_MALNUTRITION		19	0.3382061	0.6406875	0.8946629	0.9940732	1.0	1024	tags=16%, list=10%, signal=17%	
GOBP_REGULATION_OF_T_CELL_DIFFERENTIATION_IN_THYMUS	GOBP_REGULATION_OF_T_CELL_DIFFERENTIATION_IN_THYMUS		17	0.34065604	0.640614	0.8993197	0.99388236	1.0	1118	tags=24%, list=11%, signal=26%	
GOBP_REGULATION_OF_ATTACHMENT_OF_SPINDLE_MICROTUBULES_TO_KINETOCHORE	GOBP_REGULATION_OF_ATTACHMENT_OF_SPINDLE_MICROTUBULES_TO_KINETOCHORE		19	0.33264682	0.6404269	0.9107392	0.99376726	1.0	1825	tags=26%, list=17%, signal=32%	
GOMF_MYOSIN_BINDING	GOMF_MYOSIN_BINDING		30	0.32390636	0.640148	0.91928864	0.99369276	1.0	1945	tags=17%, list=19%, signal=20%	
HP_ABNORMAL_INTERMAMILLARY_DISTANCE	HP_ABNORMAL_INTERMAMILLARY_DISTANCE		85	0.28291675	0.6396704	0.96305734	0.9937572	1.0	1719	tags=20%, list=16%, signal=24%	
GOMF_PHOSPHOTRANSFERASE_ACTIVITY_PHOSPHATE_GROUP_AS_ACCEPTOR	GOMF_PHOSPHOTRANSFERASE_ACTIVITY_PHOSPHATE_GROUP_AS_ACCEPTOR		23	0.32429612	0.6394148	0.9120879	0.9936824	1.0	1193	tags=17%, list=11%, signal=20%	
HP_HOFFMANN_SIGN	HP_HOFFMANN_SIGN		32	0.3146384	0.638587	0.91156465	0.9939757	1.0	1438	tags=13%, list=14%, signal=14%	
HP_PROPORTIONATE_SHORT_STATURE	HP_PROPORTIONATE_SHORT_STATURE		99	0.27465397	0.6382666	0.9800266	0.9939261	1.0	2063	tags=21%, list=20%, signal=26%	
HP_ANTERIORLY_PLACED_ANUS	HP_ANTERIORLY_PLACED_ANUS		33	0.3130037	0.63790625	0.9103079	0.99391	1.0	3122	tags=30%, list=30%, signal=43%	
HP_HYPOPLASIA_OF_THE_PONS	HP_HYPOPLASIA_OF_THE_PONS		55	0.2959728	0.63772887	0.9491741	0.9937821	1.0	2720	tags=29%, list=26%, signal=39%	
GOMF_ACETYLTRANSFERASE_ACTIVITY	GOMF_ACETYLTRANSFERASE_ACTIVITY		69	0.28653616	0.6366874	0.956743	0.9941813	1.0	2036	tags=17%, list=19%, signal=21%	
GOMF_ADENYLYLTRANSFERASE_ACTIVITY	GOMF_ADENYLYLTRANSFERASE_ACTIVITY		18	0.32795882	0.6361422	0.90436006	0.9942801	1.0	4327	tags=50%, list=41%, signal=85%	
HP_SKIN_DIMPLE	HP_SKIN_DIMPLE		79	0.279911	0.6349526	0.969697	0.9947801	1.0	3430	tags=39%, list=33%, signal=58%	
HP_PES_VALGUS	HP_PES_VALGUS		27	0.32012752	0.6348257	0.9308437	0.9946209	1.0	819	tags=11%, list=8%, signal=12%	
GOMF_ACID_THIOL_LIGASE_ACTIVITY	GOMF_ACID_THIOL_LIGASE_ACTIVITY		18	0.33313504	0.63424015	0.89488244	0.9947313	1.0	2824	tags=22%, list=27%, signal=30%	
GOBP_STEROID_BIOSYNTHETIC_PROCESS	GOBP_STEROID_BIOSYNTHETIC_PROCESS		77	0.27777374	0.6341768	0.96870923	0.9945295	1.0	1935	tags=21%, list=19%, signal=25%	
GOBP_NEGATIVE_REGULATION_OF_NOTCH_SIGNALING_PATHWAY	GOBP_NEGATIVE_REGULATION_OF_NOTCH_SIGNALING_PATHWAY		18	0.33309665	0.6336615	0.90998596	0.99460185	1.0	371	tags=6%, list=4%, signal=6%	
HP_CONGENITAL_HIP_DISLOCATION	HP_CONGENITAL_HIP_DISLOCATION		47	0.2978906	0.6336124	0.9347258	0.99439305	1.0	3660	tags=34%, list=35%, signal=52%	
GOBP_REGULATION_OF_SODIUM_ION_TRANSMEMBRANE_TRANSPORT	GOBP_REGULATION_OF_SODIUM_ION_TRANSMEMBRANE_TRANSPORT		16	0.3360208	0.63252693	0.9104895	0.994799	1.0	2067	tags=31%, list=20%, signal=39%	
HP_POSTAXIAL_FOOT_POLYDACTYLY	HP_POSTAXIAL_FOOT_POLYDACTYLY		41	0.29881048	0.63160944	0.94496644	0.9951212	1.0	320	tags=5%, list=3%, signal=5%	
GOMF_ALCOHOL_DEHYDROGENASE_NADPPLUS_ACTIVITY	GOMF_ALCOHOL_DEHYDROGENASE_NADPPLUS_ACTIVITY		19	0.32468778	0.6314463	0.91358024	0.99496734	1.0	2797	tags=26%, list=27%, signal=36%	
GOBP_MEMBRANE_FUSION	GOBP_MEMBRANE_FUSION		110	0.2698517	0.630608	0.9814815	0.99523145	1.0	1520	tags=14%, list=15%, signal=16%	
HP_ABNORMAL_DUODENUM_MORPHOLOGY	HP_ABNORMAL_DUODENUM_MORPHOLOGY		51	0.29253995	0.6303057	0.9569892	0.9951656	1.0	1745	tags=24%, list=17%, signal=28%	
GOBP_REGULATION_OF_TRIGLYCERIDE_METABOLIC_PROCESS	GOBP_REGULATION_OF_TRIGLYCERIDE_METABOLIC_PROCESS		25	0.3164097	0.62997055	0.9162088	0.99511796	1.0	2342	tags=32%, list=22%, signal=41%	
HP_HYPERLORDOSIS	HP_HYPERLORDOSIS		126	0.26357636	0.62856245	0.99008673	0.99571145	1.0	1993	tags=17%, list=19%, signal=21%	
HP_ABNORMAL_SEPTUM_PELLUCIDUM_MORPHOLOGY	HP_ABNORMAL_SEPTUM_PELLUCIDUM_MORPHOLOGY		55	0.28702077	0.62829804	0.95778364	0.99562234	1.0	3133	tags=38%, list=30%, signal=54%	
HP_CYSTIC_LIVER_DISEASE	HP_CYSTIC_LIVER_DISEASE		30	0.31779414	0.6281988	0.9244506	0.99543756	1.0	3427	tags=50%, list=33%, signal=74%	
HP_ABNORMAL_SHAPE_OF_THE_PALPEBRAL_FISSURE	HP_ABNORMAL_SHAPE_OF_THE_PALPEBRAL_FISSURE		46	0.2949466	0.6281978	0.9325397	0.99519885	1.0	2495	tags=33%, list=24%, signal=43%	
GOBP_POSITIVE_REGULATION_OF_EPITHELIAL_TO_MESENCHYMAL_TRANSITION	GOBP_POSITIVE_REGULATION_OF_EPITHELIAL_TO_MESENCHYMAL_TRANSITION		26	0.31922168	0.62746036	0.929972	0.9953828	1.0	2103	tags=23%, list=20%, signal=29%	
GOMF_LIGASE_ACTIVITY_FORMING_CARBON_SULFUR_BONDS	GOMF_LIGASE_ACTIVITY_FORMING_CARBON_SULFUR_BONDS		26	0.31492952	0.6273511	0.9293629	0.99520856	1.0	4402	tags=46%, list=42%, signal=80%	
GOBP_REGULATION_OF_FATTY_ACID_OXIDATION	GOBP_REGULATION_OF_FATTY_ACID_OXIDATION		15	0.34043774	0.62724346	0.9073034	0.99503404	1.0	317	tags=7%, list=3%, signal=7%	
GOBP_CGAS_STING_SIGNALING_PATHWAY	GOBP_CGAS_STING_SIGNALING_PATHWAY		19	0.32955363	0.62680054	0.91655076	0.9950467	1.0	3007	tags=26%, list=29%, signal=37%	
HP_EEG_WITH_ABNORMALLY_SLOW_FREQUENCIES	HP_EEG_WITH_ABNORMALLY_SLOW_FREQUENCIES		41	0.29652047	0.6247219	0.942743	0.99597555	1.0	2984	tags=29%, list=29%, signal=41%	
GOBP_POSITIVE_REGULATION_OF_GLUCONEOGENESIS	GOBP_POSITIVE_REGULATION_OF_GLUCONEOGENESIS		15	0.34041163	0.62421817	0.9034483	0.99604	1.0	3586	tags=47%, list=34%, signal=71%	
HP_BROAD_FOREHEAD	HP_BROAD_FOREHEAD		114	0.26337826	0.6239315	0.9823899	0.99596244	1.0	2411	tags=22%, list=23%, signal=28%	
HP_DUPLICATION_INVOLVING_BONES_OF_THE_FEET	HP_DUPLICATION_INVOLVING_BONES_OF_THE_FEET		77	0.27932015	0.62378585	0.98079383	0.9958018	1.0	3427	tags=34%, list=33%, signal=50%	
GOMF_DISULFIDE_OXIDOREDUCTASE_ACTIVITY	GOMF_DISULFIDE_OXIDOREDUCTASE_ACTIVITY		28	0.30770063	0.6236061	0.91928864	0.99566585	1.0	2223	tags=36%, list=21%, signal=45%	
GOBP_BILE_ACID_METABOLIC_PROCESS	GOBP_BILE_ACID_METABOLIC_PROCESS		21	0.31805012	0.6223094	0.9109875	0.99610084	1.0	1096	tags=10%, list=10%, signal=11%	
GOBP_VESICLE_CARGO_LOADING	GOBP_VESICLE_CARGO_LOADING		28	0.30834797	0.62216955	0.9260809	0.99593234	1.0	3166	tags=32%, list=30%, signal=46%	
HP_CUPPED_EAR	HP_CUPPED_EAR		49	0.2949363	0.6216959	0.9592391	0.9959486	1.0	791	tags=12%, list=8%, signal=13%	
GOBP_VESICLE_TETHERING	GOBP_VESICLE_TETHERING		28	0.31104	0.6214209	0.9424364	0.99585754	1.0	1498	tags=11%, list=14%, signal=12%	
GOBP_RNA_DECAPPING	GOBP_RNA_DECAPPING		23	0.3192605	0.6201817	0.9236016	0.99630934	1.0	1769	tags=22%, list=17%, signal=26%	
HP_BROAD_THUMB	HP_BROAD_THUMB		46	0.2946223	0.6198243	0.94675326	0.99626464	1.0	2212	tags=15%, list=21%, signal=19%	
GOBP_VESICLE_TARGETING	GOBP_VESICLE_TARGETING		53	0.2851001	0.61958736	0.9599466	0.9961524	1.0	3166	tags=21%, list=30%, signal=30%	
GOBP_PHOSPHATIDYLSERINE_METABOLIC_PROCESS	GOBP_PHOSPHATIDYLSERINE_METABOLIC_PROCESS		15	0.33419576	0.61869156	0.90909094	0.9964025	1.0	1191	tags=13%, list=11%, signal=15%	
HP_ABNORMAL_RENAL_INSTERSTITIAL_MORPHOLOGY	HP_ABNORMAL_RENAL_INSTERSTITIAL_MORPHOLOGY		41	0.2953342	0.6179982	0.94980186	0.99653095	1.0	4210	tags=49%, list=40%, signal=81%	
HP_DIFFUSE_MESANGIAL_SCLEROSIS	HP_DIFFUSE_MESANGIAL_SCLEROSIS		25	0.3175835	0.6175356	0.92739725	0.99653715	1.0	2950	tags=32%, list=28%, signal=44%	
HP_LOWER_LIMB_HYPERTONIA	HP_LOWER_LIMB_HYPERTONIA		28	0.3067671	0.616867	0.9478738	0.9966412	1.0	1991	tags=14%, list=19%, signal=18%	
GOMF_NON_MEMBRANE_SPANNING_PROTEIN_TYROSINE_KINASE_ACTIVITY	GOMF_NON_MEMBRANE_SPANNING_PROTEIN_TYROSINE_KINASE_ACTIVITY		25	0.31321034	0.616553	0.93508285	0.99656385	1.0	2085	tags=28%, list=20%, signal=35%	
GOBP_REGULATION_OF_PROTEIN_SERINE_THREONINE_KINASE_ACTIVITY	GOBP_REGULATION_OF_PROTEIN_SERINE_THREONINE_KINASE_ACTIVITY		71	0.27733988	0.616197	0.96981627	0.99650735	1.0	2258	tags=25%, list=22%, signal=32%	
GOBP_CELLULAR_COMPONENT_ASSEMBLY_INVOLVED_IN_MORPHOGENESIS	GOBP_CELLULAR_COMPONENT_ASSEMBLY_INVOLVED_IN_MORPHOGENESIS		50	0.2856818	0.61494046	0.95710456	0.99690616	1.0	2588	tags=24%, list=25%, signal=32%	
HP_MULTICYSTIC_KIDNEY_DYSPLASIA	HP_MULTICYSTIC_KIDNEY_DYSPLASIA		55	0.2811422	0.6148834	0.96816975	0.9966988	1.0	551	tags=7%, list=5%, signal=8%	
HP_ABNORMAL_BLADDER_MORPHOLOGY	HP_ABNORMAL_BLADDER_MORPHOLOGY		33	0.298481	0.6144835	0.93842036	0.99668324	1.0	4127	tags=55%, list=40%, signal=90%	
HP_MALE_PSEUDOHERMAPHRODITISM	HP_MALE_PSEUDOHERMAPHRODITISM		18	0.32764614	0.614413	0.9085948	0.9964772	1.0	2031	tags=33%, list=19%, signal=41%	
GOMF_N_METHYLTRANSFERASE_ACTIVITY	GOMF_N_METHYLTRANSFERASE_ACTIVITY		69	0.27790782	0.6134005	0.9611399	0.996746	1.0	3756	tags=28%, list=36%, signal=43%	
GOBP_RUFFLE_ASSEMBLY	GOBP_RUFFLE_ASSEMBLY		29	0.3015565	0.61266446	0.92686355	0.99688804	1.0	1510	tags=17%, list=14%, signal=20%	
GOBP_NEPHRON_EPITHELIUM_DEVELOPMENT	GOBP_NEPHRON_EPITHELIUM_DEVELOPMENT		39	0.29581138	0.6124002	0.93457943	0.9967757	1.0	1701	tags=18%, list=16%, signal=21%	
HP_NEVUS_FLAMMEUS	HP_NEVUS_FLAMMEUS		33	0.30240947	0.61230683	0.937583	0.99658537	1.0	1559	tags=15%, list=15%, signal=18%	
GOBP_CELLULAR_RESPONSE_TO_GAMMA_RADIATION	GOBP_CELLULAR_RESPONSE_TO_GAMMA_RADIATION		20	0.3176718	0.612243	0.92391306	0.99638057	1.0	2121	tags=40%, list=20%, signal=50%	
GOBP_DENDRITIC_SPINE_MORPHOGENESIS	GOBP_DENDRITIC_SPINE_MORPHOGENESIS		28	0.30093008	0.6117206	0.9429348	0.99640614	1.0	2156	tags=32%, list=21%, signal=40%	
GOBP_AMP_METABOLIC_PROCESS	GOBP_AMP_METABOLIC_PROCESS		15	0.33006245	0.6107782	0.90821916	0.9966425	1.0	1382	tags=27%, list=13%, signal=31%	
GOBP_PHOSPHATIDYLINOSITOL_DEPHOSPHORYLATION	GOBP_PHOSPHATIDYLINOSITOL_DEPHOSPHORYLATION		17	0.32468808	0.60996705	0.9281609	0.9968096	1.0	1616	tags=18%, list=15%, signal=21%	
GOCC_CILIARY_TRANSITION_ZONE	GOCC_CILIARY_TRANSITION_ZONE		50	0.28101924	0.60948634	0.9677871	0.99681634	1.0	272	tags=4%, list=3%, signal=4%	
GOMF_HISTONE_MODIFYING_ACTIVITY	GOMF_HISTONE_MODIFYING_ACTIVITY		151	0.25039423	0.60874724	0.99382716	0.9969414	1.0	2893	tags=23%, list=28%, signal=31%	
GOBP_MAINTENANCE_OF_PROTEIN_LOCATION_IN_NUCLEUS	GOBP_MAINTENANCE_OF_PROTEIN_LOCATION_IN_NUCLEUS		19	0.321285	0.6085102	0.9353933	0.9968173	1.0	2396	tags=16%, list=23%, signal=20%	
GOBP_CARTILAGE_DEVELOPMENT_INVOLVED_IN_ENDOCHONDRAL_BONE_MORPHOGENESIS	GOBP_CARTILAGE_DEVELOPMENT_INVOLVED_IN_ENDOCHONDRAL_BONE_MORPHOGENESIS		16	0.32894433	0.60790884	0.9233983	0.99687374	1.0	2146	tags=31%, list=21%, signal=39%	
HP_TYPE_1_MUSCLE_FIBER_PREDOMINANCE	HP_TYPE_1_MUSCLE_FIBER_PREDOMINANCE		30	0.2984577	0.6074524	0.9443691	0.99685836	1.0	1858	tags=17%, list=18%, signal=20%	
GOBP_CORONARY_VASCULATURE_DEVELOPMENT	GOBP_CORONARY_VASCULATURE_DEVELOPMENT		22	0.3128626	0.6067408	0.9360223	0.9969708	1.0	3087	tags=41%, list=30%, signal=58%	
HP_NEPHROCALCINOSIS	HP_NEPHROCALCINOSIS		51	0.28365505	0.60637987	0.9587217	0.9969053	1.0	3439	tags=31%, list=33%, signal=47%	
HP_PROTUBERANT_ABDOMEN	HP_PROTUBERANT_ABDOMEN		30	0.29295242	0.6051747	0.9403794	0.99723804	1.0	1920	tags=23%, list=18%, signal=29%	
GOBP_ENDOSOMAL_TRANSPORT	GOBP_ENDOSOMAL_TRANSPORT		223	0.24315785	0.6042415	0.9976581	0.9974457	1.0	1635	tags=10%, list=16%, signal=12%	
HP_INCREASED_MUSCLE_LIPID_CONTENT	HP_INCREASED_MUSCLE_LIPID_CONTENT		21	0.31292036	0.60334516	0.9312242	0.99764234	1.0	944	tags=10%, list=9%, signal=10%	
HP_APLASIA_HYPOPLASIA_OF_THE_OPTIC_NERVE	HP_APLASIA_HYPOPLASIA_OF_THE_OPTIC_NERVE		72	0.26695138	0.6030725	0.98108447	0.99753505	1.0	2846	tags=29%, list=27%, signal=40%	
GOBP_PROTEIN_LOCALIZATION_TO_MICROTUBULE_ORGANIZING_CENTER	GOBP_PROTEIN_LOCALIZATION_TO_MICROTUBULE_ORGANIZING_CENTER		29	0.29816797	0.6028401	0.9478738	0.99740976	1.0	2208	tags=21%, list=21%, signal=26%	
HP_CONGENITAL_HEPATIC_FIBROSIS	HP_CONGENITAL_HEPATIC_FIBROSIS		27	0.3040867	0.6027907	0.93986017	0.99719614	1.0	642	tags=7%, list=6%, signal=8%	
HP_ABNORMAL_FALLOPIAN_TUBE_MORPHOLOGY	HP_ABNORMAL_FALLOPIAN_TUBE_MORPHOLOGY		19	0.3147972	0.60187775	0.9229711	0.99738044	1.0	4292	tags=58%, list=41%, signal=98%	
HP_DYSCHROMATOPSIA	HP_DYSCHROMATOPSIA		27	0.30340677	0.60102105	0.9394773	0.99754405	1.0	1464	tags=15%, list=14%, signal=17%	
HP_CHIARI_MALFORMATION	HP_CHIARI_MALFORMATION		68	0.27057615	0.60099524	0.9761273	0.9973192	1.0	2468	tags=29%, list=24%, signal=38%	
HP_HIP_DYSPLASIA	HP_HIP_DYSPLASIA		150	0.24800856	0.6003764	1.0	0.99736065	1.0	1876	tags=17%, list=18%, signal=21%	
HP_ABNORMALITY_OF_THE_PYLORUS	HP_ABNORMALITY_OF_THE_PYLORUS		66	0.27327138	0.600332	0.9785235	0.99714535	1.0	1869	tags=17%, list=18%, signal=20%	
GOBP_NEGATIVE_REGULATION_OF_HIPPO_SIGNALING	GOBP_NEGATIVE_REGULATION_OF_HIPPO_SIGNALING		19	0.31299192	0.59951204	0.9442815	0.9972832	1.0	2903	tags=26%, list=28%, signal=36%	
GOBP_PROTEIN_AUTOUBIQUITINATION	GOBP_PROTEIN_AUTOUBIQUITINATION		55	0.27426487	0.59935915	0.96505374	0.997115	1.0	1346	tags=9%, list=13%, signal=10%	
HP_POOR_APPETITE	HP_POOR_APPETITE		38	0.2916984	0.59898907	0.96361184	0.9970406	1.0	1865	tags=21%, list=18%, signal=26%	
GOMF_MODIFIED_AMINO_ACID_TRANSMEMBRANE_TRANSPORTER_ACTIVITY	GOMF_MODIFIED_AMINO_ACID_TRANSMEMBRANE_TRANSPORTER_ACTIVITY		20	0.3034896	0.598379	0.925	0.99707276	1.0	3540	tags=35%, list=34%, signal=53%	
GOBP_ORGANELLE_FUSION	GOBP_ORGANELLE_FUSION		118	0.2531618	0.59807223	0.9948454	0.99698126	1.0	520	tags=5%, list=5%, signal=5%	
HP_ABNORMAL_SERUM_BILE_ACID_CONCENTRATION	HP_ABNORMAL_SERUM_BILE_ACID_CONCENTRATION		15	0.3191767	0.59768224	0.9178886	0.99692005	1.0	4324	tags=60%, list=41%, signal=102%	
GOCC_POSTSYNAPTIC_SPECIALIZATION_MEMBRANE	GOCC_POSTSYNAPTIC_SPECIALIZATION_MEMBRANE		27	0.29709998	0.5974793	0.92442644	0.9967726	1.0	2296	tags=19%, list=22%, signal=24%	
GOMF_UBIQUITIN_LIKE_PROTEIN_LIGASE_ACTIVITY	GOMF_UBIQUITIN_LIKE_PROTEIN_LIGASE_ACTIVITY		243	0.23849703	0.5969517	1.0	0.99676734	1.0	3346	tags=28%, list=32%, signal=40%	
GOCC_MRNA_CLEAVAGE_FACTOR_COMPLEX	GOCC_MRNA_CLEAVAGE_FACTOR_COMPLEX		20	0.30629227	0.5969319	0.9366197	0.99653894	1.0	3699	tags=60%, list=35%, signal=93%	
GOBP_REGULATION_OF_ACTIN_NUCLEATION	GOBP_REGULATION_OF_ACTIN_NUCLEATION		21	0.31364977	0.59684336	0.94166666	0.99634075	1.0	2702	tags=43%, list=26%, signal=58%	
GOMF_ATPASE_ACTIVATOR_ACTIVITY	GOMF_ATPASE_ACTIVATOR_ACTIVITY		20	0.30360696	0.59570915	0.92967653	0.99658483	1.0	3311	tags=40%, list=32%, signal=58%	
HP_ABNORMAL_FOVEAL_MORPHOLOGY	HP_ABNORMAL_FOVEAL_MORPHOLOGY		22	0.30329055	0.59520423	0.9392713	0.99656993	1.0	2015	tags=27%, list=19%, signal=34%	
GOBP_MESODERM_MORPHOGENESIS	GOBP_MESODERM_MORPHOGENESIS		26	0.30404338	0.59254646	0.9440559	0.99747306	1.0	3021	tags=50%, list=29%, signal=70%	
GOBP_REGULATION_OF_NEURON_MIGRATION	GOBP_REGULATION_OF_NEURON_MIGRATION		21	0.30501696	0.5924951	0.9453781	0.9972568	1.0	348	tags=5%, list=3%, signal=5%	
HP_ABNORMAL_HAND_BONE_OSSIFICATION	HP_ABNORMAL_HAND_BONE_OSSIFICATION		25	0.29821208	0.59137064	0.9518072	0.99750125	1.0	3609	tags=48%, list=35%, signal=73%	
HP_LONG_HALLUX	HP_LONG_HALLUX		16	0.31274906	0.5903903	0.93039775	0.99766934	1.0	2959	tags=38%, list=28%, signal=52%	
GOCC_EXTRINSIC_COMPONENT_OF_ORGANELLE_MEMBRANE	GOCC_EXTRINSIC_COMPONENT_OF_ORGANELLE_MEMBRANE		17	0.31388676	0.59037954	0.93250686	0.9974386	1.0	2784	tags=29%, list=27%, signal=40%	
GOBP_TRABECULA_MORPHOGENESIS	GOBP_TRABECULA_MORPHOGENESIS		21	0.30111173	0.5883508	0.93631434	0.9980359	1.0	1892	tags=33%, list=18%, signal=41%	
HP_X_LINKED_INHERITANCE	HP_X_LINKED_INHERITANCE		124	0.24679472	0.58745146	0.99382716	0.99816877	1.0	2521	tags=26%, list=24%, signal=34%	
HP_WIDE_ANTERIOR_FONTANEL	HP_WIDE_ANTERIOR_FONTANEL		53	0.27253205	0.58694255	0.96879065	0.99814147	1.0	1612	tags=9%, list=15%, signal=11%	
HP_NASAL_CONGESTION	HP_NASAL_CONGESTION		21	0.29993942	0.58539134	0.9411765	0.99852765	1.0	4469	tags=52%, list=43%, signal=91%	
HP_SLENDER_BUILD	HP_SLENDER_BUILD		18	0.30393052	0.5836591	0.9388336	0.9989957	1.0	3506	tags=28%, list=34%, signal=42%	
GOMF_HISTONE_ACETYLTRANSFERASE_ACTIVITY	GOMF_HISTONE_ACETYLTRANSFERASE_ACTIVITY		33	0.28435028	0.58287823	0.96143615	0.99905795	1.0	3621	tags=30%, list=35%, signal=46%	
HP_DECREASED_TOTAL_B_CELL_COUNT	HP_DECREASED_TOTAL_B_CELL_COUNT		37	0.28139314	0.5827701	0.973262	0.99886125	1.0	2569	tags=27%, list=25%, signal=36%	
HP_FUNCTIONAL_ABNORMALITY_OF_MALE_INTERNAL_GENITALIA	HP_FUNCTIONAL_ABNORMALITY_OF_MALE_INTERNAL_GENITALIA		132	0.2473731	0.5827026	0.997546	0.9986505	1.0	1993	tags=20%, list=19%, signal=24%	
GOBP_RNA_SURVEILLANCE	GOBP_RNA_SURVEILLANCE		26	0.29213026	0.58264565	0.9464525	0.99843544	1.0	2566	tags=19%, list=25%, signal=25%	
HP_TURRICEPHALY	HP_TURRICEPHALY		29	0.28841886	0.5815944	0.9460189	0.9986028	1.0	1612	tags=14%, list=15%, signal=16%	
HP_AUTOIMMUNE_HEMOLYTIC_ANEMIA	HP_AUTOIMMUNE_HEMOLYTIC_ANEMIA		31	0.28082407	0.57964504	0.9706275	0.99909353	1.0	2253	tags=26%, list=22%, signal=33%	
HP_AQUEDUCTAL_STENOSIS	HP_AQUEDUCTAL_STENOSIS		18	0.30564076	0.57859993	0.9328671	0.9992387	1.0	2950	tags=39%, list=28%, signal=54%	
HP_ABNORMAL_PANCREAS_MORPHOLOGY	HP_ABNORMAL_PANCREAS_MORPHOLOGY		55	0.2679191	0.5776423	0.98558325	0.9993664	1.0	2219	tags=22%, list=21%, signal=28%	
HP_ABNORMAL_INNER_EAR_MORPHOLOGY	HP_ABNORMAL_INNER_EAR_MORPHOLOGY		42	0.27227855	0.5759281	0.9787234	0.9997425	1.0	2312	tags=24%, list=22%, signal=30%	
HP_ABNORMAL_VAGINA_MORPHOLOGY	HP_ABNORMAL_VAGINA_MORPHOLOGY		68	0.25694305	0.57514936	0.9921156	0.999789	1.0	2031	tags=18%, list=19%, signal=22%	
GOBP_POSITIVE_REGULATION_OF_INSULIN_SECRETION	GOBP_POSITIVE_REGULATION_OF_INSULIN_SECRETION		38	0.27666897	0.5744525	0.9712329	0.99980795	1.0	1935	tags=21%, list=19%, signal=26%	
HP_RESPIRATORY_FAILURE_REQUIRING_ASSISTED_VENTILATION	HP_RESPIRATORY_FAILURE_REQUIRING_ASSISTED_VENTILATION		24	0.2889508	0.5729035	0.95244956	1.0	1.0	3187	tags=38%, list=31%, signal=54%	
GOBP_ANOIKIS	GOBP_ANOIKIS		20	0.29899165	0.57256204	0.9542203	0.99998975	1.0	2132	tags=25%, list=20%, signal=31%	
GOBP_POLYSACCHARIDE_BIOSYNTHETIC_PROCESS	GOBP_POLYSACCHARIDE_BIOSYNTHETIC_PROCESS		25	0.2904032	0.5724931	0.95494187	0.9997801	1.0	3844	tags=40%, list=37%, signal=63%	
GOBP_SOMITE_DEVELOPMENT	GOBP_SOMITE_DEVELOPMENT		26	0.28354254	0.5721768	0.96143615	0.99965465	1.0	3224	tags=42%, list=31%, signal=61%	
GOMF_PHOSPHATIDYLINOSITOL_BISPHOSPHATE_PHOSPHATASE_ACTIVITY	GOMF_PHOSPHATIDYLINOSITOL_BISPHOSPHATE_PHOSPHATASE_ACTIVITY		17	0.30442703	0.5717543	0.92898554	0.9995554	1.0	3452	tags=35%, list=33%, signal=53%	
GOBP_MITOCHONDRIAL_FISSION	GOBP_MITOCHONDRIAL_FISSION		28	0.28252771	0.5716444	0.9533955	0.9993542	1.0	1831	tags=14%, list=18%, signal=17%	
GOBP_REGULATION_OF_MITOCHONDRIAL_FISSION	GOBP_REGULATION_OF_MITOCHONDRIAL_FISSION		18	0.30167714	0.5714521	0.93926555	0.9991805	1.0	1831	tags=17%, list=18%, signal=20%	
GOBP_NEUTRAL_LIPID_BIOSYNTHETIC_PROCESS	GOBP_NEUTRAL_LIPID_BIOSYNTHETIC_PROCESS		28	0.28223076	0.5710762	0.951417	0.9990736	1.0	2724	tags=21%, list=26%, signal=29%	
HP_LARGE_FACE	HP_LARGE_FACE		167	0.23420276	0.57049274	0.998779	0.9990357	1.0	2495	tags=19%, list=24%, signal=24%	
HP_ABNORMAL_EPIPHYSIS_MORPHOLOGY	HP_ABNORMAL_EPIPHYSIS_MORPHOLOGY		176	0.23147993	0.56808984	0.998776	0.9996295	1.0	1642	tags=13%, list=16%, signal=15%	
HP_ABNORMAL_PREPUTIUM_MORPHOLOGY	HP_ABNORMAL_PREPUTIUM_MORPHOLOGY		29	0.28274095	0.56350595	0.97111416	1.0	1.0	3104	tags=41%, list=30%, signal=59%	
GOBP_PEROXISOME_ORGANIZATION	GOBP_PEROXISOME_ORGANIZATION		22	0.2914403	0.5622832	0.954918	1.0	1.0	4329	tags=36%, list=41%, signal=62%	
HP_ABNORMAL_TOTAL_B_CELL_COUNT	HP_ABNORMAL_TOTAL_B_CELL_COUNT		46	0.26456353	0.5600765	0.9838493	1.0	1.0	2569	tags=26%, list=25%, signal=34%	
GOBP_SOMITOGENESIS	GOBP_SOMITOGENESIS		22	0.28609022	0.5580436	0.95718235	1.0	1.0	3224	tags=41%, list=31%, signal=59%	
GOBP_INTERLEUKIN_1_MEDIATED_SIGNALING_PATHWAY	GOBP_INTERLEUKIN_1_MEDIATED_SIGNALING_PATHWAY		23	0.29027057	0.5576895	0.9609484	1.0	1.0	2147	tags=22%, list=21%, signal=27%	
HP_FOCAL_IMPAIRED_AWARENESS_SEIZURE	HP_FOCAL_IMPAIRED_AWARENESS_SEIZURE		64	0.25239834	0.5571192	0.992268	1.0	1.0	1883	tags=17%, list=18%, signal=21%	
HP_OLIGOZOOSPERMIA	HP_OLIGOZOOSPERMIA		22	0.2877869	0.55680835	0.9699864	1.0	1.0	1612	tags=14%, list=15%, signal=16%	
GOBP_ERYTHROCYTE_MATURATION	GOBP_ERYTHROCYTE_MATURATION		15	0.30029657	0.55395985	0.94329184	1.0	1.0	3146	tags=33%, list=30%, signal=48%	
GOMF_N_ACETYLTRANSFERASE_ACTIVITY	GOMF_N_ACETYLTRANSFERASE_ACTIVITY		50	0.25914842	0.55390817	0.9869961	1.0	1.0	1447	tags=14%, list=14%, signal=16%	
HP_GAZE_EVOKED_NYSTAGMUS	HP_GAZE_EVOKED_NYSTAGMUS		33	0.274338	0.5535108	0.9771198	1.0	1.0	3051	tags=30%, list=29%, signal=43%	
GOBP_RECEPTOR_CLUSTERING	GOBP_RECEPTOR_CLUSTERING		29	0.2743015	0.5524208	0.97699594	1.0	1.0	1082	tags=10%, list=10%, signal=12%	
GOMF_AMINOACYLTRANSFERASE_ACTIVITY	GOMF_AMINOACYLTRANSFERASE_ACTIVITY		313	0.21509416	0.5523844	1.0	1.0	1.0	2914	tags=21%, list=28%, signal=29%	
HP_REDUCED_FORCED_VITAL_CAPACITY	HP_REDUCED_FORCED_VITAL_CAPACITY		16	0.2939809	0.5516833	0.9591549	1.0	1.0	1924	tags=19%, list=18%, signal=23%	
GOBP_POSITIVE_REGULATION_OF_ORGANELLE_ASSEMBLY	GOBP_POSITIVE_REGULATION_OF_ORGANELLE_ASSEMBLY		66	0.25175875	0.5507211	0.9909209	1.0	1.0	2367	tags=21%, list=23%, signal=27%	
GOCC_DNA_REPAIR_COMPLEX	GOCC_DNA_REPAIR_COMPLEX		20	0.28780872	0.5497356	0.9533239	1.0	1.0	3394	tags=45%, list=33%, signal=67%	
HP_ABNORMAL_MALE_GERM_CELL_MORPHOLOGY	HP_ABNORMAL_MALE_GERM_CELL_MORPHOLOGY		17	0.29157373	0.54966307	0.94467497	1.0	1.0	1553	tags=18%, list=15%, signal=21%	
GOCC_MYOSIN_COMPLEX	GOCC_MYOSIN_COMPLEX		17	0.28949615	0.5486621	0.94225353	1.0	1.0	1733	tags=18%, list=17%, signal=21%	
HP_ABNORMAL_LUNG_LOBATION	HP_ABNORMAL_LUNG_LOBATION		22	0.28564206	0.54792464	0.9570042	1.0	1.0	1745	tags=23%, list=17%, signal=27%	
GOMF_DNA_POLYMERASE_ACTIVITY	GOMF_DNA_POLYMERASE_ACTIVITY		23	0.2828618	0.5478691	0.95669824	1.0	1.0	1801	tags=13%, list=17%, signal=16%	
GOBP_CYTOPLASMIC_TRANSLATIONAL_INITIATION	GOBP_CYTOPLASMIC_TRANSLATIONAL_INITIATION		37	0.2605861	0.5464669	0.9868594	1.0	1.0	3151	tags=46%, list=30%, signal=66%	
GOBP_OLEFINIC_COMPOUND_METABOLIC_PROCESS	GOBP_OLEFINIC_COMPOUND_METABOLIC_PROCESS		57	0.25186336	0.5453972	0.981982	1.0	1.0	1834	tags=23%, list=18%, signal=28%	
HP_ABNORMAL_MUSCLE_FIBER_TYPE_DISTRIBUTION	HP_ABNORMAL_MUSCLE_FIBER_TYPE_DISTRIBUTION		43	0.25772458	0.5449453	0.9896641	1.0	1.0	1937	tags=14%, list=19%, signal=17%	
HP_ABNORMALITY_OF_THE_INNER_EAR	HP_ABNORMALITY_OF_THE_INNER_EAR		52	0.2482583	0.5422481	0.992228	1.0	1.0	2312	tags=21%, list=22%, signal=27%	
GOBP_LIPID_OXIDATION	GOBP_LIPID_OXIDATION		67	0.24643925	0.5420963	0.99740934	1.0	1.0	2024	tags=13%, list=19%, signal=17%	
HP_HIP_SUBLUXATION	HP_HIP_SUBLUXATION		19	0.28230307	0.54113454	0.9578652	1.0	1.0	4164	tags=37%, list=40%, signal=61%	
HP_BEAKING_OF_VERTEBRAL_BODIES	HP_BEAKING_OF_VERTEBRAL_BODIES		19	0.2771757	0.54104865	0.96694213	1.0	1.0	2688	tags=26%, list=26%, signal=35%	
HP_ABNORMAL_PONS_MORPHOLOGY	HP_ABNORMAL_PONS_MORPHOLOGY		75	0.24116018	0.54088295	0.9947984	1.0	1.0	3504	tags=37%, list=34%, signal=56%	
HP_KETOSIS	HP_KETOSIS		42	0.2576653	0.5407113	0.9881735	1.0	1.0	1939	tags=21%, list=19%, signal=26%	
HP_X_LINKED_RECESSIVE_INHERITANCE	HP_X_LINKED_RECESSIVE_INHERITANCE		90	0.23566215	0.5404698	0.9975217	1.0	1.0	3141	tags=31%, list=30%, signal=44%	
HP_ABNORMAL_FULL_FIELD_ELECTRORETINOGRAM	HP_ABNORMAL_FULL_FIELD_ELECTRORETINOGRAM		64	0.24551693	0.54009324	0.9974227	1.0	1.0	2577	tags=20%, list=25%, signal=27%	
GOBP_RETROGRADE_TRANSPORT_ENDOSOME_TO_GOLGI	GOBP_RETROGRADE_TRANSPORT_ENDOSOME_TO_GOLGI		77	0.23794433	0.53979164	0.9922581	1.0	1.0	1520	tags=10%, list=15%, signal=12%	
GOMF_ALCOHOL_DEHYDROGENASE_NAD_P_PLUS_ACTIVITY	GOMF_ALCOHOL_DEHYDROGENASE_NAD_P_PLUS_ACTIVITY		24	0.27025825	0.5391192	0.9737569	1.0	1.0	2797	tags=21%, list=27%, signal=28%	
GOMF_HISTONE_H3_METHYLTRANSFERASE_ACTIVITY	GOMF_HISTONE_H3_METHYLTRANSFERASE_ACTIVITY		31	0.26324013	0.53831303	0.97840756	1.0	1.0	3919	tags=32%, list=38%, signal=51%	
HP_ABNORMALITY_OF_THE_CALCANEUS	HP_ABNORMALITY_OF_THE_CALCANEUS		16	0.28750882	0.5366707	0.96153843	1.0	1.0	2174	tags=25%, list=21%, signal=32%	
GOBP_GLYCEROPHOSPHOLIPID_CATABOLIC_PROCESS	GOBP_GLYCEROPHOSPHOLIPID_CATABOLIC_PROCESS		21	0.28177178	0.5351844	0.98044693	1.0	1.0	2725	tags=38%, list=26%, signal=51%	
GOBP_QUINONE_BIOSYNTHETIC_PROCESS	GOBP_QUINONE_BIOSYNTHETIC_PROCESS		17	0.28755265	0.53514874	0.96657383	1.0	1.0	2784	tags=29%, list=27%, signal=40%	
HP_PHOTOPSIA	HP_PHOTOPSIA		45	0.25681287	0.5337317	0.98271275	1.0	1.0	2577	tags=24%, list=25%, signal=32%	
GOBP_MEMBRANE_FISSION	GOBP_MEMBRANE_FISSION		37	0.256771	0.5335355	0.9832258	1.0	1.0	1498	tags=11%, list=14%, signal=13%	
GOBP_LATE_ENDOSOME_TO_VACUOLE_TRANSPORT_VIA_MULTIVESICULAR_BODY_SORTING_PATHWAY	GOBP_LATE_ENDOSOME_TO_VACUOLE_TRANSPORT_VIA_MULTIVESICULAR_BODY_SORTING_PATHWAY		19	0.281578	0.53261995	0.96879435	1.0	1.0	1262	tags=11%, list=12%, signal=12%	
HP_SPINAL_CANAL_STENOSIS	HP_SPINAL_CANAL_STENOSIS		19	0.28311282	0.53252727	0.97171146	1.0	1.0	3410	tags=32%, list=33%, signal=47%	
HP_REDUNDANT_NECK_SKIN	HP_REDUNDANT_NECK_SKIN		19	0.27725804	0.5304481	0.96948683	1.0	1.0	3430	tags=32%, list=33%, signal=47%	
HP_STATUS_EPILEPTICUS_WITH_PROMINENT_MOTOR_SYMPTOMS	HP_STATUS_EPILEPTICUS_WITH_PROMINENT_MOTOR_SYMPTOMS		20	0.27841112	0.5301301	0.9656121	1.0	1.0	3932	tags=35%, list=38%, signal=56%	
GOCC_CASPASE_COMPLEX	GOCC_CASPASE_COMPLEX		15	0.28894535	0.52983725	0.9639769	1.0	1.0	2497	tags=13%, list=24%, signal=17%	
GOMF_LIPID_TRANSFER_ACTIVITY	GOMF_LIPID_TRANSFER_ACTIVITY		42	0.25421003	0.52568245	0.9809524	1.0	1.0	1187	tags=10%, list=11%, signal=11%	
GOBP_MONOCARBOXYLIC_ACID_CATABOLIC_PROCESS	GOBP_MONOCARBOXYLIC_ACID_CATABOLIC_PROCESS		77	0.2326734	0.5256415	0.99737185	1.0	1.0	1609	tags=8%, list=15%, signal=9%	
GOBP_NEGATIVE_REGULATION_OF_ERBB_SIGNALING_PATHWAY	GOBP_NEGATIVE_REGULATION_OF_ERBB_SIGNALING_PATHWAY		23	0.26957324	0.5255441	0.9706294	1.0	1.0	1520	tags=17%, list=15%, signal=20%	
GOBP_MICROTUBULE_BUNDLE_FORMATION	GOBP_MICROTUBULE_BUNDLE_FORMATION		46	0.246497	0.52549815	0.99469495	1.0	1.0	4044	tags=41%, list=39%, signal=67%	
HP_AMBLYOPIA	HP_AMBLYOPIA		60	0.23708282	0.523823	0.99608356	1.0	1.0	2287	tags=20%, list=22%, signal=25%	
HP_LEIOMYOSARCOMA	HP_LEIOMYOSARCOMA		16	0.2868867	0.5220366	0.9731259	1.0	1.0	1745	tags=19%, list=17%, signal=22%	
GOMF_PHOSPHATIDYLINOSITOL_PHOSPHATE_PHOSPHATASE_ACTIVITY	GOMF_PHOSPHATIDYLINOSITOL_PHOSPHATE_PHOSPHATASE_ACTIVITY		19	0.27271995	0.5213306	0.9722222	1.0	1.0	2309	tags=21%, list=22%, signal=27%	
HP_POLYSPLENIA	HP_POLYSPLENIA		23	0.26518074	0.5205569	0.9687075	1.0	1.0	4301	tags=48%, list=41%, signal=81%	
GOBP_NADPLUS_METABOLIC_PROCESS	GOBP_NADPLUS_METABOLIC_PROCESS		22	0.2668431	0.5197308	0.97605634	1.0	1.0	1987	tags=14%, list=19%, signal=17%	
GOBP_INTRACELLULAR_ZINC_ION_HOMEOSTASIS	GOBP_INTRACELLULAR_ZINC_ION_HOMEOSTASIS		15	0.2733714	0.5174145	0.96712327	1.0	1.0	4011	tags=40%, list=38%, signal=65%	
HP_APLASIA_HYPOPLASIA_INVOLVING_THE_VERTEBRAL_COLUMN	HP_APLASIA_HYPOPLASIA_INVOLVING_THE_VERTEBRAL_COLUMN		44	0.24187174	0.51740694	0.987984	1.0	1.0	3893	tags=39%, list=37%, signal=61%	
GOBP_REGULATION_OF_CENTRIOLE_REPLICATION	GOBP_REGULATION_OF_CENTRIOLE_REPLICATION		21	0.26661956	0.5135708	0.9794521	1.0	1.0	3080	tags=33%, list=29%, signal=47%	
GOBP_NUCLEOTIDE_SUGAR_BIOSYNTHETIC_PROCESS	GOBP_NUCLEOTIDE_SUGAR_BIOSYNTHETIC_PROCESS		24	0.25991437	0.51321507	0.9671897	1.0	1.0	3520	tags=29%, list=34%, signal=44%	
HP_MOTOR_REGRESSION	HP_MOTOR_REGRESSION		16	0.27584785	0.5096979	0.9679219	1.0	1.0	1969	tags=19%, list=19%, signal=23%	
GOCC_RETROMER_COMPLEX	GOCC_RETROMER_COMPLEX		17	0.2671022	0.50691617	0.977433	1.0	1.0	2730	tags=24%, list=26%, signal=32%	
HP_ABNORMAL_ATRIAL_ARRANGEMENT	HP_ABNORMAL_ATRIAL_ARRANGEMENT		16	0.26921403	0.5065831	0.9728571	1.0	1.0	4301	tags=50%, list=41%, signal=85%	
HP_PREAXIAL_HAND_POLYDACTYLY	HP_PREAXIAL_HAND_POLYDACTYLY		36	0.24387528	0.5050533	0.99052775	1.0	1.0	3890	tags=53%, list=37%, signal=84%	
GOCC_TRANS_GOLGI_NETWORK_TRANSPORT_VESICLE_MEMBRANE	GOCC_TRANS_GOLGI_NETWORK_TRANSPORT_VESICLE_MEMBRANE		17	0.26192862	0.5002864	0.98783785	1.0	1.0	2736	tags=18%, list=26%, signal=24%	
GOBP_REGULATION_OF_GLUCONEOGENESIS	GOBP_REGULATION_OF_GLUCONEOGENESIS		31	0.24798875	0.50006485	0.9873949	1.0	1.0	2146	tags=23%, list=21%, signal=28%	
HP_ABNORMAL_CIRCULATING_VITAMIN_B12_CONCENTRATION	HP_ABNORMAL_CIRCULATING_VITAMIN_B12_CONCENTRATION		17	0.26095018	0.49718374	0.9833565	1.0	1.0	3172	tags=35%, list=30%, signal=51%	
HP_SEVERELY_REDUCED_VISUAL_ACUITY	HP_SEVERELY_REDUCED_VISUAL_ACUITY		17	0.26459673	0.49682212	0.9839142	1.0	1.0	1464	tags=12%, list=14%, signal=14%	
HP_THICKENED_CALVARIA	HP_THICKENED_CALVARIA		33	0.2439375	0.49597073	0.99454296	1.0	1.0	2884	tags=27%, list=28%, signal=38%	
GOBP_REGULATION_OF_RESPONSE_TO_NUTRIENT_LEVELS	GOBP_REGULATION_OF_RESPONSE_TO_NUTRIENT_LEVELS		15	0.27000678	0.494643	0.97266185	1.0	1.0	2530	tags=27%, list=24%, signal=35%	
HP_DECREASED_TOTAL_T_CELL_COUNT	HP_DECREASED_TOTAL_T_CELL_COUNT		39	0.2376639	0.49319848	0.9986111	1.0	1.0	2520	tags=21%, list=24%, signal=27%	
HP_ABNORMALITY_OF_VITAMIN_B12_METABOLISM	HP_ABNORMALITY_OF_VITAMIN_B12_METABOLISM		22	0.25511506	0.49258587	0.9772423	1.0	1.0	4465	tags=59%, list=43%, signal=103%	
GOBP_SULFUR_COMPOUND_CATABOLIC_PROCESS	GOBP_SULFUR_COMPOUND_CATABOLIC_PROCESS		18	0.261354	0.49186477	0.9735376	1.0	1.0	451	tags=6%, list=4%, signal=6%	
HP_METAPHYSEAL_DYSPLASIA	HP_METAPHYSEAL_DYSPLASIA		23	0.25392076	0.49041376	0.977931	1.0	1.0	3410	tags=43%, list=33%, signal=64%	
HP_PROXIMAL_HYPERREFLEXIA	HP_PROXIMAL_HYPERREFLEXIA		15	0.26381284	0.4861053	0.97544336	1.0	1.0	2432	tags=20%, list=23%, signal=26%	
GOCC_CENTRIOLAR_SATELLITE	GOCC_CENTRIOLAR_SATELLITE		61	0.2192555	0.48525113	0.9986962	1.0	1.0	2590	tags=21%, list=25%, signal=28%	
GOBP_PHOSPHATIDYLGLYCEROL_METABOLIC_PROCESS	GOBP_PHOSPHATIDYLGLYCEROL_METABOLIC_PROCESS		16	0.2608902	0.48520407	0.97322625	1.0	1.0	505	tags=6%, list=5%, signal=7%	
HP_OPEN_BITE	HP_OPEN_BITE		35	0.23664731	0.48417073	0.9959294	1.0	1.0	2613	tags=26%, list=25%, signal=34%	
GOMF_4_IRON_4_SULFUR_CLUSTER_BINDING	GOMF_4_IRON_4_SULFUR_CLUSTER_BINDING		41	0.23144041	0.4829619	0.9919571	1.0	1.0	4355	tags=34%, list=42%, signal=58%	
GOMF_MODIFICATION_DEPENDENT_PROTEIN_BINDING	GOMF_MODIFICATION_DEPENDENT_PROTEIN_BINDING		58	0.2173388	0.4791698	0.99609375	1.0	1.0	3069	tags=21%, list=29%, signal=29%	
GOBP_SENSORY_PERCEPTION_OF_LIGHT_STIMULUS	GOBP_SENSORY_PERCEPTION_OF_LIGHT_STIMULUS		54	0.21651171	0.47838193	0.9986877	1.0	1.0	2235	tags=17%, list=21%, signal=21%	
GOBP_NEGATIVE_REGULATION_OF_FIBROBLAST_PROLIFERATION	GOBP_NEGATIVE_REGULATION_OF_FIBROBLAST_PROLIFERATION		18	0.25158444	0.4779116	0.9913669	1.0	1.0	2759	tags=28%, list=26%, signal=38%	
HP_LIPOMA	HP_LIPOMA		19	0.2473598	0.47503096	0.9846583	1.0	1.0	3378	tags=26%, list=32%, signal=39%	
HP_BLADDER_NEOPLASM	HP_BLADDER_NEOPLASM		17	0.25546446	0.47099662	0.98224044	1.0	1.0	3209	tags=29%, list=31%, signal=42%	
HP_NEOPLASM_OF_THE_EAR	HP_NEOPLASM_OF_THE_EAR		18	0.24691984	0.47074276	0.9903714	1.0	1.0	4180	tags=33%, list=40%, signal=55%	
HP_CHOLANGITIS	HP_CHOLANGITIS		16	0.25202173	0.47043502	0.9887955	1.0	1.0	4043	tags=38%, list=39%, signal=61%	
HP_RECURRENT_MYCOBACTERIAL_INFECTIONS	HP_RECURRENT_MYCOBACTERIAL_INFECTIONS		26	0.23425463	0.47027376	0.992126	1.0	1.0	1596	tags=12%, list=15%, signal=14%	
GOBP_INTRACELLULAR_LIPID_TRANSPORT	GOBP_INTRACELLULAR_LIPID_TRANSPORT		34	0.23140578	0.4700087	0.99450547	0.9999782	1.0	991	tags=6%, list=9%, signal=6%	
GOCC_AP_TYPE_MEMBRANE_COAT_ADAPTOR_COMPLEX	GOCC_AP_TYPE_MEMBRANE_COAT_ADAPTOR_COMPLEX		31	0.23228629	0.46929413	0.992053	0.99982417	1.0	3237	tags=26%, list=31%, signal=37%	
HP_LONG_TOE	HP_LONG_TOE		27	0.23274666	0.46837488	0.99170125	0.999681	1.0	2959	tags=26%, list=28%, signal=36%	
GOBP_ESTABLISHMENT_OF_PROTEIN_LOCALIZATION_TO_PEROXISOME	GOBP_ESTABLISHMENT_OF_PROTEIN_LOCALIZATION_TO_PEROXISOME		15	0.24880686	0.46396905	0.9885551	0.9998677	1.0	4329	tags=33%, list=41%, signal=57%	
GOMF_DEACYLASE_ACTIVITY	GOMF_DEACYLASE_ACTIVITY		44	0.21664244	0.46245474	0.99730456	0.9997821	1.0	3025	tags=25%, list=29%, signal=35%	
GOMF_PRENYLTRANSFERASE_ACTIVITY	GOMF_PRENYLTRANSFERASE_ACTIVITY		16	0.24634752	0.4617888	0.9915493	0.99961036	1.0	4217	tags=56%, list=40%, signal=94%	
GOBP_INTRA_GOLGI_VESICLE_MEDIATED_TRANSPORT	GOBP_INTRA_GOLGI_VESICLE_MEDIATED_TRANSPORT		23	0.2331244	0.45999014	0.9959294	0.99954516	1.0	2052	tags=9%, list=20%, signal=11%	
GOBP_QUINONE_METABOLIC_PROCESS	GOBP_QUINONE_METABOLIC_PROCESS		20	0.2419368	0.45980763	0.98899585	0.99933285	1.0	2784	tags=25%, list=27%, signal=34%	
GOBP_FATTY_ACID_BETA_OXIDATION	GOBP_FATTY_ACID_BETA_OXIDATION		49	0.21337797	0.4587187	0.9972184	0.99920136	1.0	1439	tags=6%, list=14%, signal=7%	
HP_ABNORMAL_TOTAL_T_CELL_COUNT	HP_ABNORMAL_TOTAL_T_CELL_COUNT		52	0.21334647	0.4566806	0.997264	0.99914175	1.0	3417	tags=31%, list=33%, signal=46%	
GOBP_REGULATION_OF_VASCULAR_ENDOTHELIAL_GROWTH_FACTOR_RECEPTOR_SIGNALING_PATHWAY	GOBP_REGULATION_OF_VASCULAR_ENDOTHELIAL_GROWTH_FACTOR_RECEPTOR_SIGNALING_PATHWAY		16	0.24609089	0.4560152	0.9903448	0.99896485	1.0	2305	tags=31%, list=22%, signal=40%	
GOMF_LYSINE_N_METHYLTRANSFERASE_ACTIVITY	GOMF_LYSINE_N_METHYLTRANSFERASE_ACTIVITY		43	0.21290588	0.45052618	1.0	0.9991786	1.0	3919	tags=28%, list=38%, signal=44%	
HP_VILLOUS_ATROPHY	HP_VILLOUS_ATROPHY		16	0.23880447	0.44859475	0.9877217	0.9990949	1.0	2142	tags=19%, list=21%, signal=24%	
GOCC_COPII_VESICLE_COAT	GOCC_COPII_VESICLE_COAT		15	0.23292989	0.43018916	0.99444443	1.0	1.0	2983	tags=27%, list=29%, signal=37%	
GOMF_S_ADENOSYL_L_METHIONINE_BINDING	GOMF_S_ADENOSYL_L_METHIONINE_BINDING		15	0.22343881	0.41330886	0.99255955	1.0	1.0	1178	tags=7%, list=11%, signal=8%	
GOBP_BIOLOGICAL_PROCESS_INVOLVED_IN_INTRASPECIES_INTERACTION_BETWEEN_ORGANISMS	GOBP_BIOLOGICAL_PROCESS_INVOLVED_IN_INTRASPECIES_INTERACTION_BETWEEN_ORGANISMS		21	0.21421972	0.4120811	0.99448276	1.0	1.0	939	tags=5%, list=9%, signal=5%	
HP_ABNORMAL_VENA_CAVA_MORPHOLOGY	HP_ABNORMAL_VENA_CAVA_MORPHOLOGY		37	0.19662444	0.40451625	0.9960733	1.0	1.0	4301	tags=38%, list=41%, signal=64%	
HP_SINUS_TACHYCARDIA	HP_SINUS_TACHYCARDIA		20	0.21094638	0.40200508	0.99859154	1.0	1.0	1532	tags=10%, list=15%, signal=12%	
GOMF_K63_LINKED_POLYUBIQUITIN_MODIFICATION_DEPENDENT_PROTEIN_BINDING	GOMF_K63_LINKED_POLYUBIQUITIN_MODIFICATION_DEPENDENT_PROTEIN_BINDING		19	0.20968623	0.39580086	0.99723756	1.0	1.0	2347	tags=16%, list=22%, signal=20%	
GOMF_OXIDOREDUCTASE_ACTIVITY_ACTING_ON_THE_CH_CH_GROUP_OF_DONORS	GOMF_OXIDOREDUCTASE_ACTIVITY_ACTING_ON_THE_CH_CH_GROUP_OF_DONORS		42	0.18886526	0.3949427	1.0	1.0	1.0	1965	tags=12%, list=19%, signal=15%	
GOBP_GPI_ANCHOR_METABOLIC_PROCESS	GOBP_GPI_ANCHOR_METABOLIC_PROCESS		23	0.2009147	0.39099166	0.9986376	0.9999532	1.0	3879	tags=35%, list=37%, signal=55%	
GOBP_RIBOSOME_DISASSEMBLY	GOBP_RIBOSOME_DISASSEMBLY		33	0.18998727	0.38453647	0.99737185	0.9998802	1.0	1457	tags=9%, list=14%, signal=11%	
HP_RECURRENT_ASPIRATION_PNEUMONIA	HP_RECURRENT_ASPIRATION_PNEUMONIA		18	0.18441495	0.34926638	1.0	1.0	1.0	3879	tags=39%, list=37%, signal=62%	
GOBP_HEPARIN_PROTEOGLYCAN_METABOLIC_PROCESS	GOBP_HEPARIN_PROTEOGLYCAN_METABOLIC_PROCESS		15	0.18098554	0.34422657	0.9986014	1.0	1.0	1990	tags=13%, list=19%, signal=16%	
HP_ABNORMALITY_OF_URINE_CATECHOLAMINE_LEVEL	HP_ABNORMALITY_OF_URINE_CATECHOLAMINE_LEVEL		16	0.17810808	0.3303915	1.0	0.99988085	1.0	3939	tags=25%, list=38%, signal=40%	
